ISO-10303-21;
HEADER;
FILE_DESCRIPTION (( 'STEP AP203' ),
    '1' );
FILE_NAME ('cutting shaft hanger.STEP',
    '2026-06-02T08:32:07',
    ( '' ),
    ( '' ),
    'SwSTEP 2.0',
    'SolidWorks 2024',
    '' );
FILE_SCHEMA (( 'CONFIG_CONTROL_DESIGN' ));
ENDSEC;

DATA;
#1 = CARTESIAN_POINT ( 'NONE',  ( -47.91666666666667140, 9.999999999999991118, 20.62499999999999645 ) ) ;
#2 = ORIENTED_EDGE ( 'NONE', *, *, #2295, .F. ) ;
#3 = VECTOR ( 'NONE', #3306, 1000.000000000000000 ) ;
#4 = VECTOR ( 'NONE', #2874, 1000.000000000000000 ) ;
#5 = AXIS2_PLACEMENT_3D ( 'NONE', #979, #1224, #168 ) ;
#6 = DIRECTION ( 'NONE',  ( 1.000000000000000000, -0.000000000000000000, -0.000000000000000000 ) ) ;
#7 = ORIENTED_EDGE ( 'NONE', *, *, #1113, .F. ) ;
#8 = VERTEX_POINT ( 'NONE', #2328 ) ;
#9 = CIRCLE ( 'NONE', #2684, 13.99999999999999822 ) ;
#10 = FACE_BOUND ( 'NONE', #2872, .T. ) ;
#11 = AXIS2_PLACEMENT_3D ( 'NONE', #1869, #1852, #2120 ) ;
#12 = FACE_OUTER_BOUND ( 'NONE', #759, .T. ) ;
#13 = CARTESIAN_POINT ( 'NONE',  ( -39.99999999999998579, -20.50000000000001776, 55.00000000000001421 ) ) ;
#14 = AXIS2_PLACEMENT_3D ( 'NONE', #3240, #949, #465 ) ;
#15 = CARTESIAN_POINT ( 'NONE',  ( 28.68202450526665004, 125.7848090106283223, 59.50128376324449420 ) ) ;
#16 = EDGE_CURVE ( 'NONE', #2630, #2266, #821, .T. ) ;
#17 = DIRECTION ( 'NONE',  ( 0.7071067811865455743, 0.7071067811865495711, -0.000000000000000000 ) ) ;
#18 = ORIENTED_EDGE ( 'NONE', *, *, #2818, .T. ) ;
#19 = CARTESIAN_POINT ( 'NONE',  ( -62.83333333333330728, -15.00000000000001421, 41.25000000000000000 ) ) ;
#20 = EDGE_CURVE ( 'NONE', #1508, #892, #323, .T. ) ;
#21 = ORIENTED_EDGE ( 'NONE', *, *, #3289, .T. ) ;
#22 = COORDINATED_UNIVERSAL_TIME_OFFSET ( 1, 0, .AHEAD. ) ;
#23 = EDGE_CURVE ( 'NONE', #468, #353, #975, .T. ) ;
#24 = DIRECTION ( 'NONE',  ( -2.454725278939251986E-16, 1.000000000000000000, 1.412361382570359924E-32 ) ) ;
#25 = EDGE_LOOP ( 'NONE', ( #2482, #2217, #3001, #238 ) ) ;
#26 = VERTEX_POINT ( 'NONE', #3127 ) ;
#27 = DIRECTION ( 'NONE',  ( -3.469446951953614189E-16, -1.000000000000000000, 0.000000000000000000 ) ) ;
#28 = DIRECTION ( 'NONE',  ( 0.000000000000000000, 0.000000000000000000, -1.000000000000000000 ) ) ;
#29 = CARTESIAN_POINT ( 'NONE',  ( 4.249999999999979572, 47.50000000000000000, 13.74999999999999822 ) ) ;
#30 = CARTESIAN_POINT ( 'NONE',  ( 28.05034784826396077, 126.3688990308461086, 61.41647405860678077 ) ) ;
#31 = AXIS2_PLACEMENT_3D ( 'NONE', #378, #1163, #3139 ) ;
#32 = DIRECTION ( 'NONE',  ( 0.000000000000000000, 0.000000000000000000, -1.000000000000000000 ) ) ;
#33 = ORIENTED_EDGE ( 'NONE', *, *, #1378, .T. ) ;
#34 = CARTESIAN_POINT ( 'NONE',  ( -62.13591196227348235, 15.44472221513671784, 60.00000000000001421 ) ) ;
#35 = VERTEX_POINT ( 'NONE', #1270 ) ;
#36 = PERSON_AND_ORGANIZATION ( #940, #2074 ) ;
#37 = CARTESIAN_POINT ( 'NONE',  ( -7.928932188134521830, 127.4018678657926955, 65.00000000000000000 ) ) ;
#38 = ORIENTED_EDGE ( 'NONE', *, *, #1626, .T. ) ;
#39 = AXIS2_PLACEMENT_3D ( 'NONE', #2981, #1921, #686 ) ;
#40 = DIRECTION ( 'NONE',  ( -1.000000000000000000, -1.786765180256111307E-16, 6.938893903907225912E-17 ) ) ;
#41 = CARTESIAN_POINT ( 'NONE',  ( -50.91666666666666430, 9.999999999999991118, 34.37500000000000000 ) ) ;
#42 = PLANE ( 'NONE',  #2312 ) ;
#43 = CARTESIAN_POINT ( 'NONE',  ( 27.56076279645210292, 126.6980072391337444, 58.33866936886919774 ) ) ;
#44 = ADVANCED_FACE ( 'NONE', ( #2102 ), #1081, .T. ) ;
#45 = CIRCLE ( 'NONE', #1170, 13.99999999999999822 ) ;
#46 = PLANE ( 'NONE',  #1327 ) ;
#47 = ORIENTED_EDGE ( 'NONE', *, *, #1562, .F. ) ;
#48 = CARTESIAN_POINT ( 'NONE',  ( -9.999999999999991118, -23.50000000000001421, 55.00000000000000711 ) ) ;
#49 = EDGE_CURVE ( 'NONE', #1217, #2921, #2606, .T. ) ;
#50 = ORIENTED_EDGE ( 'NONE', *, *, #2930, .F. ) ;
#51 = ADVANCED_FACE ( 'NONE', ( #1018 ), #774, .F. ) ;
#52 = ORIENTED_EDGE ( 'NONE', *, *, #1557, .T. ) ;
#53 = PLANE ( 'NONE',  #966 ) ;
#54 = AXIS2_PLACEMENT_3D ( 'NONE', #68, #341, #1389 ) ;
#55 = ORIENTED_EDGE ( 'NONE', *, *, #1413, .T. ) ;
#56 = CARTESIAN_POINT ( 'NONE',  ( -4.999999999999998224, 9.999999999999998224, 65.00000000000000000 ) ) ;
#57 = AXIS2_PLACEMENT_3D ( 'NONE', #779, #2784, #491 ) ;
#58 = DIRECTION ( 'NONE',  ( 4.336808689942019585E-17, -1.000000000000000000, -0.000000000000000000 ) ) ;
#59 = AXIS2_PLACEMENT_3D ( 'NONE', #2086, #564, #1579 ) ;
#60 = ADVANCED_FACE ( 'NONE', ( #1519 ), #3314, .F. ) ;
#61 = ORIENTED_EDGE ( 'NONE', *, *, #1863, .T. ) ;
#62 = EDGE_CURVE ( 'NONE', #1070, #1439, #1245, .T. ) ;
#63 = DIRECTION ( 'NONE',  ( -2.220446049250313081E-16, 1.000000000000000000, -6.938893903907225912E-17 ) ) ;
#64 = DIRECTION ( 'NONE',  ( -2.454725278939251986E-16, 1.000000000000000000, 1.412361382570359924E-32 ) ) ;
#65 = ORIENTED_EDGE ( 'NONE', *, *, #477, .T. ) ;
#66 = DIRECTION ( 'NONE',  ( -0.7071067811865513475, 0.7071067811865437980, 0.000000000000000000 ) ) ;
#67 = VERTEX_POINT ( 'NONE', #866 ) ;
#68 = CARTESIAN_POINT ( 'NONE',  ( 14.99999999999999289, 40.00000000000000000, 32.49999999999997868 ) ) ;
#69 = ORIENTED_EDGE ( 'NONE', *, *, #955, .F. ) ;
#70 = DIRECTION ( 'NONE',  ( -0.000000000000000000, 0.7071067811865437980, 0.7071067811865513475 ) ) ;
#71 = CARTESIAN_POINT ( 'NONE',  ( -61.33333333333331439, -15.00000000000001421, 41.25000000000000000 ) ) ;
#72 = DIRECTION ( 'NONE',  ( -2.454725278939251986E-16, 1.000000000000000000, 1.412361382570359924E-32 ) ) ;
#73 = LINE ( 'NONE', #836, #3150 ) ;
#74 = LINE ( 'NONE', #2550, #1394 ) ;
#75 = DIRECTION ( 'NONE',  ( 2.220446049250313081E-16, -1.000000000000000000, 6.938893903907225912E-17 ) ) ;
#76 = VERTEX_POINT ( 'NONE', #1899 ) ;
#77 = CARTESIAN_POINT ( 'NONE',  ( -37.46974431900385838, -15.00000000000001066, 34.99999999999999289 ) ) ;
#78 = ORIENTED_EDGE ( 'NONE', *, *, #2856, .T. ) ;
#79 = ORIENTED_EDGE ( 'NONE', *, *, #2256, .F. ) ;
#80 = EDGE_CURVE ( 'NONE', #2274, #607, #896, .T. ) ;
#81 = DIRECTION ( 'NONE',  ( -0.000000000000000000, 1.000000000000000000, -0.000000000000000000 ) ) ;
#82 = VERTEX_POINT ( 'NONE', #2117 ) ;
#83 = FACE_BOUND ( 'NONE', #2769, .T. ) ;
#84 = ADVANCED_FACE ( 'NONE', ( #1640 ), #2928, .F. ) ;
#85 = CARTESIAN_POINT ( 'NONE',  ( -39.99999999999999289, -7.000000000000017764, 15.00000000000000355 ) ) ;
#86 = VECTOR ( 'NONE', #1034, 1000.000000000000000 ) ;
#87 = CARTESIAN_POINT ( 'NONE',  ( -9.999999999999991118, -20.50000000000001066, 55.00000000000001421 ) ) ;
#88 = AXIS2_PLACEMENT_3D ( 'NONE', #2975, #1707, #678 ) ;
#89 = CARTESIAN_POINT ( 'NONE',  ( -62.13591196227348235, 15.44472221513671784, 60.00000000000001421 ) ) ;
#90 = LINE ( 'NONE', #2318, #2469 ) ;
#91 = CARTESIAN_POINT ( 'NONE',  ( 14.99999999999999289, 40.00000000000000000, 32.49999999999997868 ) ) ;
#92 = EDGE_LOOP ( 'NONE', ( #287, #1174 ) ) ;
#93 = AXIS2_PLACEMENT_3D ( 'NONE', #791, #2549, #2061 ) ;
#94 = CARTESIAN_POINT ( 'NONE',  ( -47.91666666666665719, -15.00000000000001066, 48.12500000000000000 ) ) ;
#95 = ORIENTED_EDGE ( 'NONE', *, *, #109, .F. ) ;
#96 = AXIS2_PLACEMENT_3D ( 'NONE', #2501, #1758, #2299 ) ;
#97 = ORIENTED_EDGE ( 'NONE', *, *, #1277, .T. ) ;
#98 = EDGE_CURVE ( 'NONE', #2377, #2066, #1662, .T. ) ;
#99 = FACE_OUTER_BOUND ( 'NONE', #2333, .T. ) ;
#100 = ORIENTED_EDGE ( 'NONE', *, *, #291, .F. ) ;
#101 = CYLINDRICAL_SURFACE ( 'NONE', #1486, 4.999999999999997335 ) ;
#102 = CARTESIAN_POINT ( 'NONE',  ( -9.999999999999994671, -5.500000000000014211, 15.00000000000000355 ) ) ;
#103 = DIRECTION ( 'NONE',  ( -1.387778780781445360E-14, 1.000000000000000000, 0.000000000000000000 ) ) ;
#104 = AXIS2_PLACEMENT_3D ( 'NONE', #2204, #679, #2508 ) ;
#105 = DIRECTION ( 'NONE',  ( 0.000000000000000000, 0.000000000000000000, -1.000000000000000000 ) ) ;
#106 = CIRCLE ( 'NONE', #1820, 1.500000000000001332 ) ;
#107 = CARTESIAN_POINT ( 'NONE',  ( -12.75000000000001776, 60.00000000000000711, 24.99999999999977263 ) ) ;
#108 = CYLINDRICAL_SURFACE ( 'NONE', #542, 13.99999999999999822 ) ;
#109 = EDGE_CURVE ( 'NONE', #2145, #253, #2134, .T. ) ;
#110 = ORIENTED_EDGE ( 'NONE', *, *, #123, .F. ) ;
#111 = LINE ( 'NONE', #2192, #2392 ) ;
#112 = CIRCLE ( 'NONE', #1990, 1.500000000000001332 ) ;
#113 = EDGE_LOOP ( 'NONE', ( #827, #2235 ) ) ;
#114 = AXIS2_PLACEMENT_3D ( 'NONE', #2511, #2977, #3223 ) ;
#115 = PLANE ( 'NONE',  #547 ) ;
#116 = VERTEX_POINT ( 'NONE', #1412 ) ;
#117 = ADVANCED_FACE ( 'NONE', ( #1165 ), #847, .F. ) ;
#118 = CARTESIAN_POINT ( 'NONE',  ( 27.00000000000000000, 85.10186786579268414, 60.00000000000000000 ) ) ;
#119 = ORIENTED_EDGE ( 'NONE', *, *, #662, .F. ) ;
#120 = CARTESIAN_POINT ( 'NONE',  ( -17.75000000000002132, 87.07106781186537603, 54.99999999999999289 ) ) ;
#121 = CARTESIAN_POINT ( 'NONE',  ( 30.00000000000000000, 10.00000000000000000, 55.00000000000000000 ) ) ;
#122 = DIRECTION ( 'NONE',  ( -1.000000000000000000, -4.336808689942018352E-17, -0.000000000000000000 ) ) ;
#123 = EDGE_CURVE ( 'NONE', #1159, #3032, #2946, .T. ) ;
#124 = CARTESIAN_POINT ( 'NONE',  ( 25.29749245346620157, 127.3938370498178045, 59.53297187412624680 ) ) ;
#125 = CARTESIAN_POINT ( 'NONE',  ( -62.83333333333330728, 9.999999999999991118, 41.25000000000000000 ) ) ;
#126 = DIRECTION ( 'NONE',  ( 1.000000000000000000, 0.000000000000000000, 0.000000000000000000 ) ) ;
#127 = EDGE_LOOP ( 'NONE', ( #2836, #2121, #1489, #2095, #2950, #1079, #1022, #52, #2124, #3288, #1402, #2237, #2343 ) ) ;
#128 = LINE ( 'NONE', #671, #359 ) ;
#129 = EDGE_LOOP ( 'NONE', ( #2961, #229, #535, #1280 ) ) ;
#130 = ADVANCED_FACE ( 'NONE', ( #2913 ), #2442, .F. ) ;
#131 = CARTESIAN_POINT ( 'NONE',  ( -89.99999999999991473, 4.999999999999984013, 55.00000000000000000 ) ) ;
#132 = EDGE_LOOP ( 'NONE', ( #3291, #2108 ) ) ;
#133 = CARTESIAN_POINT ( 'NONE',  ( -38.83333333333332860, -15.00000000000001066, 20.62499999999999645 ) ) ;
#134 = VERTEX_POINT ( 'NONE', #87 ) ;
#135 = DIRECTION ( 'NONE',  ( -2.454725278939251986E-16, 1.000000000000000000, 1.412361382570359924E-32 ) ) ;
#136 = CARTESIAN_POINT ( 'NONE',  ( -107.8518678657915331, -1.200000000000022160, 55.00000000000000000 ) ) ;
#137 = DIRECTION ( 'NONE',  ( 1.000000000000000000, -0.000000000000000000, -0.000000000000000000 ) ) ;
#138 = CARTESIAN_POINT ( 'NONE',  ( -49.41666666666667140, 9.999999999999991118, 6.874999999999999112 ) ) ;
#139 = DIRECTION ( 'NONE',  ( 0.000000000000000000, 0.000000000000000000, 1.000000000000000000 ) ) ;
#140 = EDGE_LOOP ( 'NONE', ( #2701, #1010, #2968, #1726 ) ) ;
#141 = FACE_BOUND ( 'NONE', #113, .T. ) ;
#142 = CIRCLE ( 'NONE', #3304, 1.500000000000001332 ) ;
#143 = ORIENTED_EDGE ( 'NONE', *, *, #1534, .F. ) ;
#144 = CARTESIAN_POINT ( 'NONE',  ( -17.75000000000001421, 22.50000000000000711, 41.25000000000000000 ) ) ;
#145 = LOCAL_TIME ( 10, 32, 7.000000000000000000, #2587 ) ;
#146 = ORIENTED_EDGE ( 'NONE', *, *, #2757, .F. ) ;
#147 = LOCAL_TIME ( 10, 32, 7.000000000000000000, #340 ) ;
#148 = AXIS2_PLACEMENT_3D ( 'NONE', #2484, #2177, #2412 ) ;
#149 = DIRECTION ( 'NONE',  ( 0.000000000000000000, 0.000000000000000000, -1.000000000000000000 ) ) ;
#150 = ORIENTED_EDGE ( 'NONE', *, *, #1829, .F. ) ;
#151 = EDGE_CURVE ( 'NONE', #2053, #226, #327, .T. ) ;
#152 = CARTESIAN_POINT ( 'NONE',  ( 1.750000000000013767, 108.4018678657927239, 63.00000000000000000 ) ) ;
#153 = DIRECTION ( 'NONE',  ( -0.000000000000000000, -0.000000000000000000, 1.000000000000000000 ) ) ;
#154 = CARTESIAN_POINT ( 'NONE',  ( -37.45901801825652200, -12.83322174650074565, 33.75549643620274054 ) ) ;
#155 = CARTESIAN_POINT ( 'NONE',  ( 25.30835669992663739, 127.3924050287162686, 60.46318749478189147 ) ) ;
#156 = ADVANCED_FACE ( 'NONE', ( #1112 ), #2371, .F. ) ;
#157 = FACE_OUTER_BOUND ( 'NONE', #1742, .T. ) ;
#158 = ORIENTED_EDGE ( 'NONE', *, *, #506, .F. ) ;
#159 = AXIS2_PLACEMENT_3D ( 'NONE', #89, #668, #1678 ) ;
#160 = CARTESIAN_POINT ( 'NONE',  ( -57.92893218813453160, -30.00000000000000355, 25.85786437626882162 ) ) ;
#161 = ADVANCED_FACE ( 'NONE', ( #1361 ), #1865, .F. ) ;
#162 = ORIENTED_EDGE ( 'NONE', *, *, #942, .F. ) ;
#163 = VECTOR ( 'NONE', #2119, 1000.000000000000000 ) ;
#164 = CARTESIAN_POINT ( 'NONE',  ( -49.41666666666666430, 9.999999999999991118, 48.12500000000000000 ) ) ;
#165 = AXIS2_PLACEMENT_3D ( 'NONE', #1774, #1836, #3081 ) ;
#166 = EDGE_LOOP ( 'NONE', ( #2617, #1872 ) ) ;
#167 = AXIS2_PLACEMENT_3D ( 'NONE', #1234, #449, #209 ) ;
#168 = DIRECTION ( 'NONE',  ( -1.000000000000000000, 0.000000000000000000, 0.000000000000000000 ) ) ;
#169 = VERTEX_POINT ( 'NONE', #614 ) ;
#170 = FACE_OUTER_BOUND ( 'NONE', #129, .T. ) ;
#171 = FACE_OUTER_BOUND ( 'NONE', #1745, .T. ) ;
#172 = DIRECTION ( 'NONE',  ( 0.000000000000000000, -1.000000000000000000, 0.000000000000000000 ) ) ;
#173 = CARTESIAN_POINT ( 'NONE',  ( -50.91666666666665719, -15.00000000000001066, 48.12500000000000000 ) ) ;
#174 = DIRECTION ( 'NONE',  ( -1.000000000000000000, 0.000000000000000000, 0.000000000000000000 ) ) ;
#175 = ORIENTED_EDGE ( 'NONE', *, *, #722, .F. ) ;
#176 = DIRECTION ( 'NONE',  ( -2.454725278939251986E-16, 1.000000000000000000, 1.412361382570359924E-32 ) ) ;
#177 = ORIENTED_EDGE ( 'NONE', *, *, #1557, .F. ) ;
#178 = CYLINDRICAL_SURFACE ( 'NONE', #309, 4.999999999999997335 ) ;
#179 = EDGE_LOOP ( 'NONE', ( #1581, #2637, #3013, #2521 ) ) ;
#180 = CYLINDRICAL_SURFACE ( 'NONE', #1928, 1.500000000000001332 ) ;
#181 = ADVANCED_FACE ( 'NONE', ( #1611 ), #835, .F. ) ;
#182 = ORIENTED_EDGE ( 'NONE', *, *, #715, .T. ) ;
#183 = DIRECTION ( 'NONE',  ( -0.000000000000000000, -0.000000000000000000, -1.000000000000000000 ) ) ;
#184 = DIRECTION ( 'NONE',  ( -1.000000000000000000, 0.000000000000000000, 0.000000000000000000 ) ) ;
#185 = DIRECTION ( 'NONE',  ( 1.000000000000000000, 4.336808689942018969E-17, 0.000000000000000000 ) ) ;
#186 = DIRECTION ( 'NONE',  ( 4.336808689942018969E-17, -1.000000000000000000, 0.000000000000000000 ) ) ;
#187 = ADVANCED_FACE ( 'NONE', ( #379 ), #598, .T. ) ;
#188 = DIRECTION ( 'NONE',  ( -1.000000000000000000, -2.454725278939251986E-16, 0.000000000000000000 ) ) ;
#189 = DIRECTION ( 'NONE',  ( -0.000000000000000000, -0.000000000000000000, -1.000000000000000000 ) ) ;
#190 = ORIENTED_EDGE ( 'NONE', *, *, #733, .F. ) ;
#191 = EDGE_CURVE ( 'NONE', #520, #2551, #328, .T. ) ;
#192 = DIRECTION ( 'NONE',  ( -0.7071067811865513475, 0.7071067811865437980, -0.000000000000000000 ) ) ;
#193 = EDGE_LOOP ( 'NONE', ( #2909, #175, #2315, #518 ) ) ;
#194 = CARTESIAN_POINT ( 'NONE',  ( 7.000000000000011546, 9.999999999999998224, 55.00000000000000000 ) ) ;
#195 = ORIENTED_EDGE ( 'NONE', *, *, #689, .F. ) ;
#196 = VECTOR ( 'NONE', #1139, 1000.000000000000000 ) ;
#197 = DIRECTION ( 'NONE',  ( -1.000000000000000000, -2.955188886704707001E-17, -0.000000000000000000 ) ) ;
#198 = AXIS2_PLACEMENT_3D ( 'NONE', #1410, #2100, #878 ) ;
#199 = DIRECTION ( 'NONE',  ( -1.000000000000000000, -2.955188886704707001E-17, 0.000000000000000000 ) ) ;
#200 = EDGE_CURVE ( 'NONE', #353, #3259, #2423, .T. ) ;
#201 = EDGE_LOOP ( 'NONE', ( #1042, #558, #781, #1547 ) ) ;
#202 = VECTOR ( 'NONE', #197, 1000.000000000000000 ) ;
#203 = DIRECTION ( 'NONE',  ( 0.000000000000000000, 1.000000000000000000, 0.000000000000000000 ) ) ;
#204 = DIRECTION ( 'NONE',  ( -0.000000000000000000, -0.000000000000000000, 1.000000000000000000 ) ) ;
#205 = VERTEX_POINT ( 'NONE', #984 ) ;
#206 = VERTEX_POINT ( 'NONE', #929 ) ;
#207 = DIRECTION ( 'NONE',  ( 1.000000000000000000, 0.000000000000000000, 0.000000000000000000 ) ) ;
#208 = DIRECTION ( 'NONE',  ( 0.000000000000000000, -1.000000000000000000, 0.000000000000000000 ) ) ;
#209 = DIRECTION ( 'NONE',  ( 1.786765180256111307E-16, -1.000000000000000000, 6.938893903907225912E-17 ) ) ;
#210 = ORIENTED_EDGE ( 'NONE', *, *, #2245, .T. ) ;
#211 = LINE ( 'NONE', #2281, #2512 ) ;
#212 = ORIENTED_EDGE ( 'NONE', *, *, #2059, .F. ) ;
#213 = CARTESIAN_POINT ( 'NONE',  ( 8.500000000000012434, 39.99999999999999289, 55.00000000000000000 ) ) ;
#214 = FACE_OUTER_BOUND ( 'NONE', #508, .T. ) ;
#215 = CIRCLE ( 'NONE', #2094, 1.500000000000004885 ) ;
#216 = EDGE_LOOP ( 'NONE', ( #1099, #467 ) ) ;
#217 = APPLICATION_PROTOCOL_DEFINITION ( 'international standard', 'config_control_design', 1994, #1150 ) ;
#218 = AXIS2_PLACEMENT_3D ( 'NONE', #85, #2691, #3157 ) ;
#219 = EDGE_CURVE ( 'NONE', #2551, #520, #867, .T. ) ;
#220 = VECTOR ( 'NONE', #1917, 1000.000000000000000 ) ;
#221 = CYLINDRICAL_SURFACE ( 'NONE', #2260, 1.500000000000004885 ) ;
#222 = EDGE_LOOP ( 'NONE', ( #1629, #731, #1853, #816 ) ) ;
#223 = CYLINDRICAL_SURFACE ( 'NONE', #599, 5.000000000000000000 ) ;
#224 = CARTESIAN_POINT ( 'NONE',  ( 26.78327980920696660, 127.0744583299954513, 61.74001687098564162 ) ) ;
#225 = DIRECTION ( 'NONE',  ( 0.7071067811865495711, -0.7071067811865455743, 0.000000000000000000 ) ) ;
#226 = VERTEX_POINT ( 'NONE', #2257 ) ;
#227 = EDGE_CURVE ( 'NONE', #372, #1208, #725, .T. ) ;
#228 = DIRECTION ( 'NONE',  ( 1.040834085586084257E-16, -1.000000000000000000, 0.000000000000000000 ) ) ;
#229 = ORIENTED_EDGE ( 'NONE', *, *, #1748, .F. ) ;
#230 = DIRECTION ( 'NONE',  ( 2.220446049250313081E-16, -1.000000000000000000, 6.938893903907224680E-17 ) ) ;
#231 = ADVANCED_FACE ( 'NONE', ( #699 ), #1694, .T. ) ;
#232 = CARTESIAN_POINT ( 'NONE',  ( -14.20728534805973808, 63.37334882935098790, 60.00000000000001421 ) ) ;
#233 = ORIENTED_EDGE ( 'NONE', *, *, #1064, .F. ) ;
#234 = FACE_OUTER_BOUND ( 'NONE', #1977, .T. ) ;
#235 = ORIENTED_EDGE ( 'NONE', *, *, #2157, .F. ) ;
#236 = CARTESIAN_POINT ( 'NONE',  ( 27.92893218813452094, 89.99999999999992895, 55.00000000000000000 ) ) ;
#237 = ORIENTED_EDGE ( 'NONE', *, *, #1495, .F. ) ;
#238 = ORIENTED_EDGE ( 'NONE', *, *, #2280, .T. ) ;
#239 = CARTESIAN_POINT ( 'NONE',  ( -39.03730028068554248, -12.52871728152751096, 32.87996089635742436 ) ) ;
#240 = CARTESIAN_POINT ( 'NONE',  ( -122.4018678657915302, -24.99999999999999645, 65.00000000000000000 ) ) ;
#241 = CARTESIAN_POINT ( 'NONE',  ( -10.00000000000000178, -15.00000000000000000, 29.99999999999998934 ) ) ;
#242 = DIRECTION ( 'NONE',  ( -1.000000000000000000, 0.000000000000000000, 0.000000000000000000 ) ) ;
#243 = EDGE_CURVE ( 'NONE', #892, #2053, #2774, .T. ) ;
#244 = DIRECTION ( 'NONE',  ( -4.336808689942018352E-17, -1.000000000000000000, -0.000000000000000000 ) ) ;
#245 = VERTEX_POINT ( 'NONE', #3029 ) ;
#246 = CARTESIAN_POINT ( 'NONE',  ( 4.249999999999979572, 47.50000000000000000, 41.25000000000000000 ) ) ;
#247 = DIRECTION ( 'NONE',  ( 0.000000000000000000, 0.000000000000000000, -1.000000000000000000 ) ) ;
#248 = ORIENTED_EDGE ( 'NONE', *, *, #2635, .F. ) ;
#249 = AXIS2_PLACEMENT_3D ( 'NONE', #2132, #2168, #1128 ) ;
#250 = CARTESIAN_POINT ( 'NONE',  ( 30.00000000000000000, 10.00000000000000000, 65.00000000000000000 ) ) ;
#251 = ADVANCED_FACE ( 'NONE', ( #1712 ), #1948, .F. ) ;
#252 = AXIS2_PLACEMENT_3D ( 'NONE', #505, #1790, #3264 ) ;
#253 = VERTEX_POINT ( 'NONE', #1986 ) ;
#254 = DIRECTION ( 'NONE',  ( 1.000000000000000000, 0.000000000000000000, 0.000000000000000000 ) ) ;
#255 = CIRCLE ( 'NONE', #2831, 1.500000000000001332 ) ;
#256 = DIRECTION ( 'NONE',  ( -1.000000000000000000, 0.000000000000000000, 0.000000000000000000 ) ) ;
#257 = FACE_OUTER_BOUND ( 'NONE', #1729, .T. ) ;
#258 = CARTESIAN_POINT ( 'NONE',  ( 27.23325272530539110, 126.8826437255326738, 61.75000000000002132 ) ) ;
#259 = EDGE_CURVE ( 'NONE', #1060, #2868, #2532, .T. ) ;
#260 = CARTESIAN_POINT ( 'NONE',  ( 8.500000000000007105, 39.99999999999999289, 15.00000000000000000 ) ) ;
#261 = EDGE_LOOP ( 'NONE', ( #1906, #283, #351, #1290 ) ) ;
#262 = ADVANCED_FACE ( 'NONE', ( #1498 ), #1196, .F. ) ;
#263 = CARTESIAN_POINT ( 'NONE',  ( -39.99999999999999289, -5.500000000000018652, 15.00000000000000355 ) ) ;
#264 = DIRECTION ( 'NONE',  ( 4.336808689942019585E-17, -1.000000000000000000, -0.000000000000000000 ) ) ;
#265 = ORIENTED_EDGE ( 'NONE', *, *, #3289, .F. ) ;
#266 = AXIS2_PLACEMENT_3D ( 'NONE', #1795, #769, #2822 ) ;
#267 = APPROVAL_STATUS ( 'not_yet_approved' ) ;
#268 = VECTOR ( 'NONE', #1473, 1000.000000000000000 ) ;
#269 =( BOUNDED_CURVE ( )  B_SPLINE_CURVE ( 3, ( #1645, #415, #160, #2679 ),
 .UNSPECIFIED., .F., .T. ) 
 B_SPLINE_CURVE_WITH_KNOTS ( ( 4, 4 ),
 ( -8.881784197001252323E-16, 1.570796326794896114 ),
 .UNSPECIFIED. ) 
 CURVE ( )  GEOMETRIC_REPRESENTATION_ITEM ( )  RATIONAL_B_SPLINE_CURVE ( ( 1.000000000000000000, 0.8047378541243649375, 0.8047378541243649375, 1.000000000000000000 ) ) 
 REPRESENTATION_ITEM ( '' )  );
#270 = CARTESIAN_POINT ( 'NONE',  ( -127.4018678657919992, 7.928932188134493408, 55.00000000000000000 ) ) ;
#271 = ORIENTED_EDGE ( 'NONE', *, *, #1006, .F. ) ;
#272 = VERTEX_POINT ( 'NONE', #2220 ) ;
#273 = AXIS2_PLACEMENT_3D ( 'NONE', #125, #870, #2479 ) ;
#274 = CARTESIAN_POINT ( 'NONE',  ( -9.999999999999991118, -22.00000000000001421, 55.00000000000000711 ) ) ;
#275 = VECTOR ( 'NONE', #1098, 1000.000000000000000 ) ;
#276 = CARTESIAN_POINT ( 'NONE',  ( 30.00000000000000000, 127.4018678657926955, 55.00000000000000000 ) ) ;
#277 = CIRCLE ( 'NONE', #2148, 1.750000000000003553 ) ;
#278 = DIRECTION ( 'NONE',  ( 2.463512628606117579E-16, -1.000000000000000000, 0.000000000000000000 ) ) ;
#279 = CARTESIAN_POINT ( 'NONE',  ( 27.45915267371313817, 126.7619456691437847, 61.70292155358472996 ) ) ;
#280 = FACE_BOUND ( 'NONE', #2809, .T. ) ;
#281 = ORIENTED_EDGE ( 'NONE', *, *, #651, .F. ) ;
#282 = DIRECTION ( 'NONE',  ( -1.000000000000000000, -2.454725278939251986E-16, 0.000000000000000000 ) ) ;
#283 = ORIENTED_EDGE ( 'NONE', *, *, #2256, .T. ) ;
#284 = PERSON_AND_ORGANIZATION ( #940, #2074 ) ;
#285 = EDGE_CURVE ( 'NONE', #2331, #2413, #2743, .T. ) ;
#286 = DIRECTION ( 'NONE',  ( -1.040834085586084257E-16, 1.000000000000000000, 0.000000000000000000 ) ) ;
#287 = ORIENTED_EDGE ( 'NONE', *, *, #1315, .T. ) ;
#288 = CARTESIAN_POINT ( 'NONE',  ( 30.00000000000000000, 10.00000000000000000, 0.000000000000000000 ) ) ;
#289 = CARTESIAN_POINT ( 'NONE',  ( -55.00000000000000711, 9.999999999999991118, 120.4603887858909985 ) ) ;
#290 = CARTESIAN_POINT ( 'NONE',  ( -89.99999999999992895, 7.928932188134507619, 55.00000000000000000 ) ) ;
#291 = EDGE_CURVE ( 'NONE', #546, #2759, #2474, .T. ) ;
#292 = DIRECTION ( 'NONE',  ( 0.000000000000000000, 1.000000000000000000, 0.000000000000000000 ) ) ;
#293 = DIRECTION ( 'NONE',  ( -0.000000000000000000, -0.000000000000000000, 1.000000000000000000 ) ) ;
#294 = ADVANCED_FACE ( 'NONE', ( #3254 ), #1230, .T. ) ;
#295 = ORIENTED_EDGE ( 'NONE', *, *, #2189, .T. ) ;
#296 = CARTESIAN_POINT ( 'NONE',  ( -49.41666666666667140, 9.999999999999991118, 6.874999999999999112 ) ) ;
#297 = ORIENTED_EDGE ( 'NONE', *, *, #853, .T. ) ;
#298 = DATE_AND_TIME ( #2030, #1275 ) ;
#299 = EDGE_CURVE ( 'NONE', #2759, #748, #3276, .T. ) ;
#300 = DIRECTION ( 'NONE',  ( 0.7071067811865503483, 0.000000000000000000, 0.7071067811865447972 ) ) ;
#301 = ORIENTED_EDGE ( 'NONE', *, *, #1054, .T. ) ;
#302 = CIRCLE ( 'NONE', #1481, 1.500000000000001332 ) ;
#303 = ADVANCED_FACE ( 'NONE', ( #737 ), #223, .F. ) ;
#304 = CYLINDRICAL_SURFACE ( 'NONE', #2450, 5.000000000000004441 ) ;
#305 = AXIS2_PLACEMENT_3D ( 'NONE', #2305, #2557, #254 ) ;
#306 = FACE_OUTER_BOUND ( 'NONE', #2050, .T. ) ;
#307 = CARTESIAN_POINT ( 'NONE',  ( -93.28396567354106139, 44.11790219225105147, 60.00000000000001421 ) ) ;
#308 = CARTESIAN_POINT ( 'NONE',  ( 1.750000000000013767, 108.4018678657927239, 63.00000000000000000 ) ) ;
#309 = AXIS2_PLACEMENT_3D ( 'NONE', #1776, #3002, #2534 ) ;
#310 = FACE_OUTER_BOUND ( 'NONE', #25, .T. ) ;
#311 = EDGE_LOOP ( 'NONE', ( #338, #2161, #69, #1032 ) ) ;
#312 = LINE ( 'NONE', #1871, #1272 ) ;
#313 = EDGE_LOOP ( 'NONE', ( #2816, #1939 ) ) ;
#314 = VERTEX_POINT ( 'NONE', #1932 ) ;
#315 = DATE_TIME_ROLE ( 'classification_date' ) ;
#316 = B_SPLINE_CURVE_WITH_KNOTS ( 'NONE', 3,
 ( #2964, #411, #1428, #2457, #154, #1181, #2205, #498, #1516, #2276, #752, #2542, #239, #3292, #999, #2017, #3044, #1767 ),
 .UNSPECIFIED., .F., .F.,
 ( 4, 2, 2, 2, 2, 2, 2, 2, 4 ),
 ( 0.001804487315464788641, 0.002292408850525878145, 0.002780330385586967865, 0.003268251920648057585, 0.003756173455709147305, 0.004244094990770237025, 0.004732016525831326745, 0.005219938060892416465, 0.005707859595953506185 ),
 .UNSPECIFIED. ) ;
#317 = DIRECTION ( 'NONE',  ( 0.000000000000000000, 0.000000000000000000, 1.000000000000000000 ) ) ;
#318 = AXIS2_PLACEMENT_3D ( 'NONE', #2923, #1634, #891 ) ;
#319 = ORIENTED_EDGE ( 'NONE', *, *, #997, .T. ) ;
#320 = AXIS2_PLACEMENT_3D ( 'NONE', #2917, #946, #1463 ) ;
#321 = CARTESIAN_POINT ( 'NONE',  ( -38.83333333333332860, 9.999999999999994671, 48.12499999999999289 ) ) ;
#322 = CIRCLE ( 'NONE', #2954, 2.499999999999998668 ) ;
#323 = CIRCLE ( 'NONE', #165, 5.000000000000000888 ) ;
#324 = CARTESIAN_POINT ( 'NONE',  ( 30.00000000000000000, 60.00000000000000711, 24.99999999999977263 ) ) ;
#325 = CC_DESIGN_DATE_AND_TIME_ASSIGNMENT ( #298, #315, ( #3142 ) ) ;
#326 = VECTOR ( 'NONE', #1518, 1000.000000000000000 ) ;
#327 = LINE ( 'NONE', #1149, #220 ) ;
#328 = CIRCLE ( 'NONE', #658, 1.499999999999998668 ) ;
#329 = CARTESIAN_POINT ( 'NONE',  ( 7.000000000000009770, 39.99999999999999289, 55.00000000000000000 ) ) ;
#330 = VECTOR ( 'NONE', #3225, 1000.000000000000000 ) ;
#331 = CARTESIAN_POINT ( 'NONE',  ( -127.4018678657920276, 10.00000000000000533, 55.00000000000000000 ) ) ;
#332 = EDGE_CURVE ( 'NONE', #206, #806, #316, .T. ) ;
#333 = CARTESIAN_POINT ( 'NONE',  ( -7.928932188134521830, 122.4018678657926813, 55.00000000000000000 ) ) ;
#334 = ORIENTED_EDGE ( 'NONE', *, *, #2464, .F. ) ;
#335 = CARTESIAN_POINT ( 'NONE',  ( -93.85186786579154727, -1.200000000000020606, 63.00000000000000000 ) ) ;
#336 = ORIENTED_EDGE ( 'NONE', *, *, #2071, .T. ) ;
#337 = PRODUCT ( 'cutting shaft hanger', 'cutting shaft hanger', '', ( #509 ) ) ;
#338 = ORIENTED_EDGE ( 'NONE', *, *, #1037, .F. ) ;
#339 = ADVANCED_FACE ( 'NONE', ( #2793 ), #618, .F. ) ;
#340 = COORDINATED_UNIVERSAL_TIME_OFFSET ( 1, 0, .AHEAD. ) ;
#341 = DIRECTION ( 'NONE',  ( 2.220446049250313081E-16, -1.000000000000000000, 6.938893903907225912E-17 ) ) ;
#342 = ORIENTED_EDGE ( 'NONE', *, *, #2930, .T. ) ;
#343 = CARTESIAN_POINT ( 'NONE',  ( -12.75000000000001599, 89.99999999999991473, 55.00000000000000000 ) ) ;
#344 = B_SPLINE_CURVE_WITH_KNOTS ( 'NONE', 3,
 ( #652, #2424, #2188, #868, #1399, #2459, #2914, #1901, #1665, #2674, #3207, #124, #1950, #1151, #2171, #155, #2693, #397, #2208, #1770, #3312, #2002, #1447, #1750, #1255, #224, #2744, #2513 ),
 .UNSPECIFIED., .F., .F.,
 ( 4, 2, 2, 2, 2, 2, 2, 2, 2, 2, 2, 2, 2, 4 ),
 ( 0.01151537206817010439, 0.01186396222785080987, 0.01221255238753151534, 0.01290973270689293323, 0.01325832286657365085, 0.01360691302625436847, 0.01430409334561582625, 0.01465268350529655428, 0.01500127366497728230, 0.01534986382465801033, 0.01569845398433874009, 0.01639563430370020655, 0.01674422446338093631, 0.01709281462306166954 ),
 .UNSPECIFIED. ) ;
#345 = LINE ( 'NONE', #121, #1660 ) ;
#346 = DIRECTION ( 'NONE',  ( 1.000000000000000000, 1.040834085586084257E-16, 0.000000000000000000 ) ) ;
#347 = CARTESIAN_POINT ( 'NONE',  ( -39.99999999999998579, -22.00000000000002132, 55.00000000000001421 ) ) ;
#348 = EDGE_CURVE ( 'NONE', #353, #2630, #1451, .T. ) ;
#349 = CARTESIAN_POINT ( 'NONE',  ( -17.75000000000001421, 10.00000000000000000, 0.000000000000000000 ) ) ;
#350 = CARTESIAN_POINT ( 'NONE',  ( -16.68215908221264598, 60.89847509519804447, 60.00000000000001421 ) ) ;
#351 = ORIENTED_EDGE ( 'NONE', *, *, #2840, .F. ) ;
#352 = CARTESIAN_POINT ( 'NONE',  ( -62.13591196227348235, 15.44472221513671784, 60.00000000000001421 ) ) ;
#353 = VERTEX_POINT ( 'NONE', #1711 ) ;
#354 = CARTESIAN_POINT ( 'NONE',  ( -45.35533905932731358, 92.04652880646531798, 60.00000000000001421 ) ) ;
#355 = ORIENTED_EDGE ( 'NONE', *, *, #1841, .T. ) ;
#356 = CARTESIAN_POINT ( 'NONE',  ( -60.00000000000000711, 7.928932188134514725, 24.99999999999981171 ) ) ;
#357 = ADVANCED_FACE ( 'NONE', ( #2374 ), #1964, .F. ) ;
#358 = CARTESIAN_POINT ( 'NONE',  ( -63.37334882934994340, 14.20728534806025145, 60.00000000000001421 ) ) ;
#359 = VECTOR ( 'NONE', #2446, 1000.000000000000000 ) ;
#360 = DIRECTION ( 'NONE',  ( -1.000000000000000000, 0.000000000000000000, 0.000000000000000000 ) ) ;
#361 = AXIS2_PLACEMENT_3D ( 'NONE', #2505, #1743, #1980 ) ;
#362 = CARTESIAN_POINT ( 'NONE',  ( -38.83333333333333570, 9.999999999999994671, 34.37499999999999289 ) ) ;
#363 = CARTESIAN_POINT ( 'NONE',  ( 7.000000000000011546, 9.999999999999998224, 15.00000000000000000 ) ) ;
#364 = PLANE ( 'NONE',  #2151 ) ;
#365 = ORIENTED_EDGE ( 'NONE', *, *, #1341, .F. ) ;
#366 = VECTOR ( 'NONE', #17, 1000.000000000000114 ) ;
#367 = DIRECTION ( 'NONE',  ( -1.000000000000000000, 0.000000000000000000, 0.000000000000000000 ) ) ;
#368 = EDGE_CURVE ( 'NONE', #2695, #2297, #3145, .T. ) ;
#369 = EDGE_LOOP ( 'NONE', ( #900, #2323, #923, #1309 ) ) ;
#370 = CARTESIAN_POINT ( 'NONE',  ( -17.75000000000001421, 55.00000000000000711, 0.000000000000000000 ) ) ;
#371 = EDGE_CURVE ( 'NONE', #2131, #1608, #1117, .T. ) ;
#372 = VERTEX_POINT ( 'NONE', #2900 ) ;
#373 = DIRECTION ( 'NONE',  ( -1.000000000000000000, 0.000000000000000000, 0.000000000000000000 ) ) ;
#374 = ADVANCED_FACE ( 'NONE', ( #1137 ), #364, .T. ) ;
#375 = ORIENTED_EDGE ( 'NONE', *, *, #98, .F. ) ;
#376 = DIRECTION ( 'NONE',  ( -1.000000000000000000, -0.000000000000000000, -0.000000000000000000 ) ) ;
#377 = AXIS2_PLACEMENT_3D ( 'NONE', #2650, #1408, #373 ) ;
#378 = CARTESIAN_POINT ( 'NONE',  ( -122.4018678657915302, -24.99999999999999645, 55.00000000000000000 ) ) ;
#379 = FACE_OUTER_BOUND ( 'NONE', #2263, .T. ) ;
#380 = ORIENTED_EDGE ( 'NONE', *, *, #2724, .T. ) ;
#381 = DIRECTION ( 'NONE',  ( 1.000000000000000000, 0.000000000000000000, 0.000000000000000000 ) ) ;
#382 = AXIS2_PLACEMENT_3D ( 'NONE', #2494, #189, #1331 ) ;
#383 = DIRECTION ( 'NONE',  ( -2.454725278939251986E-16, 1.000000000000000000, 1.412361382570359924E-32 ) ) ;
#384 = FACE_BOUND ( 'NONE', #2823, .T. ) ;
#385 = EDGE_LOOP ( 'NONE', ( #2956, #1992 ) ) ;
#386 = FACE_BOUND ( 'NONE', #1685, .T. ) ;
#387 = CIRCLE ( 'NONE', #1077, 1.500000000000001332 ) ;
#388 = VERTEX_POINT ( 'NONE', #2676 ) ;
#389 = CYLINDRICAL_SURFACE ( 'NONE', #1074, 1.499999999999998668 ) ;
#390 = EDGE_LOOP ( 'NONE', ( #1267, #1142, #65, #2269 ) ) ;
#391 = CARTESIAN_POINT ( 'NONE',  ( 7.900000000000000355, 108.4018678657931360, 65.00000000000000000 ) ) ;
#392 = ORIENTED_EDGE ( 'NONE', *, *, #1141, .F. ) ;
#393 = CARTESIAN_POINT ( 'NONE',  ( -55.00000000000000711, 9.999999999999991118, 27.07106781186523392 ) ) ;
#394 = ADVANCED_FACE ( 'NONE', ( #3130 ), #2490, .T. ) ;
#395 = CARTESIAN_POINT ( 'NONE',  ( -40.33333333333332860, -15.00000000000001066, 48.12499999999999289 ) ) ;
#396 = CARTESIAN_POINT ( 'NONE',  ( -170.0000000000000000, 45.99999999999998579, 41.25000000000000000 ) ) ;
#397 = CARTESIAN_POINT ( 'NONE',  ( 25.43346240820092063, 127.3832511181116303, 60.78868394237332495 ) ) ;
#398 = DIRECTION ( 'NONE',  ( -2.454725278939251986E-16, 1.000000000000000000, 1.412361382570359924E-32 ) ) ;
#399 = ORIENTED_EDGE ( 'NONE', *, *, #1730, .T. ) ;
#400 = FACE_BOUND ( 'NONE', #433, .T. ) ;
#401 = EDGE_LOOP ( 'NONE', ( #3253, #1187 ) ) ;
#402 =( BOUNDED_CURVE ( )  B_SPLINE_CURVE ( 3, ( #2638, #356, #1078, #393 ),
 .UNSPECIFIED., .F., .F. ) 
 B_SPLINE_CURVE_WITH_KNOTS ( ( 4, 4 ),
 ( 4.198236104582917770E-16, 1.570796326794895892 ),
 .UNSPECIFIED. ) 
 CURVE ( )  GEOMETRIC_REPRESENTATION_ITEM ( )  RATIONAL_B_SPLINE_CURVE ( ( 1.000000000000000000, 0.8047378541243652705, 0.8047378541243652705, 1.000000000000000000 ) ) 
 REPRESENTATION_ITEM ( '' )  );
#403 = DIRECTION ( 'NONE',  ( -1.000000000000000000, -0.000000000000000000, -0.000000000000000000 ) ) ;
#404 = ADVANCED_FACE ( 'NONE', ( #2389 ), #3178, .F. ) ;
#405 = ORIENTED_EDGE ( 'NONE', *, *, #2849, .T. ) ;
#406 = DIRECTION ( 'NONE',  ( -0.000000000000000000, 0.000000000000000000, -1.000000000000000000 ) ) ;
#407 = EDGE_LOOP ( 'NONE', ( #2852, #1328 ) ) ;
#408 = FACE_OUTER_BOUND ( 'NONE', #1994, .T. ) ;
#409 = DIRECTION ( 'NONE',  ( -1.000000000000000000, 0.000000000000000000, 0.000000000000000000 ) ) ;
#410 = ADVANCED_FACE ( 'NONE', ( #1401 ), #108, .F. ) ;
#411 = CARTESIAN_POINT ( 'NONE',  ( -37.33333333333332860, -13.22412631029390084, 34.26715995239164414 ) ) ;
#412 = CARTESIAN_POINT ( 'NONE',  ( -40.00000000000000000, -15.00000000000000000, 32.49999999999998579 ) ) ;
#413 = DIRECTION ( 'NONE',  ( 0.000000000000000000, 0.000000000000000000, -1.000000000000000000 ) ) ;
#414 = ORIENTED_EDGE ( 'NONE', *, *, #1495, .T. ) ;
#415 = CARTESIAN_POINT ( 'NONE',  ( -60.00000000000000711, -27.92893218813452094, 24.99999999999977973 ) ) ;
#416 = AXIS2_PLACEMENT_3D ( 'NONE', #2075, #1585, #2902 ) ;
#417 = VERTEX_POINT ( 'NONE', #2428 ) ;
#418 = CARTESIAN_POINT ( 'NONE',  ( -92.04652880646460744, 45.35533905932752674, 60.00000000000001421 ) ) ;
#419 = CC_DESIGN_APPROVAL ( #571, ( #2882 ) ) ;
#420 = ORIENTED_EDGE ( 'NONE', *, *, #1524, .T. ) ;
#421 = AXIS2_PLACEMENT_3D ( 'NONE', #2897, #1596, #3116 ) ;
#422 = DIRECTION ( 'NONE',  ( 0.000000000000000000, -1.000000000000000000, 0.000000000000000000 ) ) ;
#423 = ORIENTED_EDGE ( 'NONE', *, *, #2775, .F. ) ;
#424 = FACE_OUTER_BOUND ( 'NONE', #222, .T. ) ;
#425 = CARTESIAN_POINT ( 'NONE',  ( -12.75000000000001776, 60.00000000000000711, -127.2792206135786017 ) ) ;
#426 = CARTESIAN_POINT ( 'NONE',  ( -122.4018678657915302, -24.99999999999999645, 55.00000000000000000 ) ) ;
#427 = DIRECTION ( 'NONE',  ( -2.454725278939251986E-16, 1.000000000000000000, 1.412361382570359924E-32 ) ) ;
#428 = DIRECTION ( 'NONE',  ( 1.786765180256111307E-16, -1.000000000000000000, 6.938893903907225912E-17 ) ) ;
#429 = AXIS2_PLACEMENT_3D ( 'NONE', #2994, #1710, #2976 ) ;
#430 = ORIENTED_EDGE ( 'NONE', *, *, #3266, .F. ) ;
#431 = VECTOR ( 'NONE', #1080, 1000.000000000000000 ) ;
#432 = LINE ( 'NONE', #1453, #196 ) ;
#433 = EDGE_LOOP ( 'NONE', ( #319, #569 ) ) ;
#434 = VECTOR ( 'NONE', #2636, 1000.000000000000000 ) ;
#435 = ADVANCED_FACE ( 'NONE', ( #2646, #884, #1598, #384, #1903 ), #633, .F. ) ;
#436 = CARTESIAN_POINT ( 'NONE',  ( -37.33333333333333570, 9.999999999999994671, 34.37499999999999289 ) ) ;
#437 = ORIENTED_EDGE ( 'NONE', *, *, #2905, .F. ) ;
#438 = AXIS2_PLACEMENT_3D ( 'NONE', #2056, #2339, #1302 ) ;
#439 = AXIS2_PLACEMENT_3D ( 'NONE', #426, #2705, #207 ) ;
#440 = DIRECTION ( 'NONE',  ( -1.000000000000000000, 0.000000000000000000, 0.000000000000000000 ) ) ;
#441 = VECTOR ( 'NONE', #2239, 1000.000000000000000 ) ;
#442 = EDGE_CURVE ( 'NONE', #2445, #2021, #1602, .T. ) ;
#443 = VERTEX_POINT ( 'NONE', #2742 ) ;
#444 = CARTESIAN_POINT ( 'NONE',  ( -170.0000000000000000, 48.99999999999998579, 41.25000000000000000 ) ) ;
#445 = DIRECTION ( 'NONE',  ( 0.000000000000000000, 0.000000000000000000, -1.000000000000000000 ) ) ;
#446 = DIRECTION ( 'NONE',  ( 1.000000000000000000, 0.000000000000000000, 0.000000000000000000 ) ) ;
#447 = DIRECTION ( 'NONE',  ( -0.000000000000000000, -0.000000000000000000, -1.000000000000000000 ) ) ;
#448 = DIRECTION ( 'NONE',  ( -2.454725278939251986E-16, 1.000000000000000000, 1.412361382570359924E-32 ) ) ;
#449 = DIRECTION ( 'NONE',  ( 1.000000000000000000, 1.786765180256111307E-16, -6.938893903907225912E-17 ) ) ;
#450 = ORIENTED_EDGE ( 'NONE', *, *, #1315, .F. ) ;
#451 = DIRECTION ( 'NONE',  ( 0.000000000000000000, 0.000000000000000000, -1.000000000000000000 ) ) ;
#452 = ORIENTED_EDGE ( 'NONE', *, *, #2706, .T. ) ;
#453 = EDGE_CURVE ( 'NONE', #1068, #1159, #871, .T. ) ;
#454 = CARTESIAN_POINT ( 'NONE',  ( 4.249999999999979572, 22.50000000000001066, 13.74999999999999822 ) ) ;
#455 = ORIENTED_EDGE ( 'NONE', *, *, #1432, .T. ) ;
#456 = UNCERTAINTY_MEASURE_WITH_UNIT (LENGTH_MEASURE( 1.000000000000000082E-05 ), #2806, 'distance_accuracy_value', 'NONE');
#457 = CARTESIAN_POINT ( 'NONE',  ( -47.91666666666666430, 9.999999999999991118, 34.37500000000000000 ) ) ;
#458 = DIRECTION ( 'NONE',  ( -2.955188886704707001E-17, 1.000000000000000000, 0.000000000000000000 ) ) ;
#459 = VERTEX_POINT ( 'NONE', #350 ) ;
#460 = DIRECTION ( 'NONE',  ( 1.040834085586084257E-16, -1.000000000000000000, 0.000000000000000000 ) ) ;
#461 = CARTESIAN_POINT ( 'NONE',  ( -38.83333333333333570, 9.999999999999994671, 6.874999999999999112 ) ) ;
#462 = EDGE_LOOP ( 'NONE', ( #3227, #2182, #1780, #3302 ) ) ;
#463 = CARTESIAN_POINT ( 'NONE',  ( -82.92893218813448186, -30.00000000000000355, 54.99999999999999289 ) ) ;
#464 = ADVANCED_FACE ( 'NONE', ( #1364 ), #3163, .F. ) ;
#465 = DIRECTION ( 'NONE',  ( 0.000000000000000000, 0.000000000000000000, -1.000000000000000000 ) ) ;
#466 = DIRECTION ( 'NONE',  ( 0.000000000000000000, 0.000000000000000000, 1.000000000000000000 ) ) ;
#467 = ORIENTED_EDGE ( 'NONE', *, *, #2785, .T. ) ;
#468 = VERTEX_POINT ( 'NONE', #2644 ) ;
#469 = EDGE_CURVE ( 'NONE', #76, #1952, #2624, .T. ) ;
#470 = DIRECTION ( 'NONE',  ( 4.336808689942019585E-17, -1.000000000000000000, -0.000000000000000000 ) ) ;
#471 = CIRCLE ( 'NONE', #88, 1.499999999999997780 ) ;
#472 = EDGE_CURVE ( 'NONE', #1937, #443, #2966, .T. ) ;
#473 = DIRECTION ( 'NONE',  ( -2.454725278939251986E-16, 1.000000000000000000, 1.412361382570359924E-32 ) ) ;
#474 = ORIENTED_EDGE ( 'NONE', *, *, #219, .T. ) ;
#475 = AXIS2_PLACEMENT_3D ( 'NONE', #744, #230, #1261 ) ;
#476 = DIRECTION ( 'NONE',  ( 0.000000000000000000, 0.000000000000000000, 1.000000000000000000 ) ) ;
#477 = EDGE_CURVE ( 'NONE', #2266, #1320, #3056, .T. ) ;
#478 = CARTESIAN_POINT ( 'NONE',  ( 22.00000000000001421, 10.00000000000000000, 55.00000000000000711 ) ) ;
#479 = VERTEX_POINT ( 'NONE', #3159 ) ;
#480 = DIRECTION ( 'NONE',  ( 1.000000000000000000, 0.000000000000000000, 0.000000000000000000 ) ) ;
#481 = LINE ( 'NONE', #738, #1982 ) ;
#482 = DIRECTION ( 'NONE',  ( -1.000000000000000000, 0.000000000000000000, 0.000000000000000000 ) ) ;
#483 = EDGE_CURVE ( 'NONE', #2099, #1551, #2317, .T. ) ;
#484 = ORIENTED_EDGE ( 'NONE', *, *, #3092, .F. ) ;
#485 = CIRCLE ( 'NONE', #701, 1.500000000000001332 ) ;
#486 = CARTESIAN_POINT ( 'NONE',  ( -47.91666666666665719, -15.00000000000001066, 34.37500000000000000 ) ) ;
#487 = CIRCLE ( 'NONE', #3055, 1.499999999999999556 ) ;
#488 = EDGE_LOOP ( 'NONE', ( #1706, #1459, #1756, #455 ) ) ;
#489 = LINE ( 'NONE', #1808, #202 ) ;
#490 = VECTOR ( 'NONE', #2804, 1000.000000000000000 ) ;
#491 = DIRECTION ( 'NONE',  ( -1.000000000000000000, 0.000000000000000000, 0.000000000000000000 ) ) ;
#492 = AXIS2_PLACEMENT_3D ( 'NONE', #3230, #2194, #1683 ) ;
#493 = ORIENTED_EDGE ( 'NONE', *, *, #49, .T. ) ;
#494 = CARTESIAN_POINT ( 'NONE',  ( 0.000000000000000000, 0.000000000000000000, 0.000000000000000000 ) ) ;
#495 = FACE_OUTER_BOUND ( 'NONE', #2449, .T. ) ;
#496 = VERTEX_POINT ( 'NONE', #1918 ) ;
#497 = EDGE_LOOP ( 'NONE', ( #3210, #2228, #1603, #399 ) ) ;
#498 = CARTESIAN_POINT ( 'NONE',  ( -37.94532561414263938, -12.58480754346946284, 33.15548315913886057 ) ) ;
#499 = ADVANCED_FACE ( 'NONE', ( #2655 ), #1379, .T. ) ;
#500 = FACE_OUTER_BOUND ( 'NONE', #3284, .T. ) ;
#501 = CYLINDRICAL_SURFACE ( 'NONE', #1295, 4.999999999999997335 ) ;
#502 = DIRECTION ( 'NONE',  ( -0.000000000000000000, -0.000000000000000000, -1.000000000000000000 ) ) ;
#503 = CARTESIAN_POINT ( 'NONE',  ( -4.399999999999970157, 108.4018678657931360, 55.00000000000000000 ) ) ;
#504 = ORIENTED_EDGE ( 'NONE', *, *, #1649, .T. ) ;
#505 = CARTESIAN_POINT ( 'NONE',  ( -38.83333333333332860, -15.00000000000001066, 34.37499999999999289 ) ) ;
#506 = EDGE_CURVE ( 'NONE', #2350, #2921, #2036, .T. ) ;
#507 = DIRECTION ( 'NONE',  ( -1.000000000000000000, -2.955188886704707001E-17, -0.000000000000000000 ) ) ;
#508 = EDGE_LOOP ( 'NONE', ( #718, #1433, #2906, #2683 ) ) ;
#509 = MECHANICAL_CONTEXT ( 'NONE', #935, 'mechanical' ) ;
#510 = CARTESIAN_POINT ( 'NONE',  ( -121.8518678657915331, -1.200000000000022160, 63.00000000000000000 ) ) ;
#511 = VERTEX_POINT ( 'NONE', #1134 ) ;
#512 = VERTEX_POINT ( 'NONE', #3190 ) ;
#513 = CYLINDRICAL_SURFACE ( 'NONE', #2125, 1.750000000000008438 ) ;
#514 = EDGE_CURVE ( 'NONE', #2413, #877, #593, .T. ) ;
#515 = DIRECTION ( 'NONE',  ( 1.000000000000000000, -2.775557561562891351E-15, 0.000000000000000000 ) ) ;
#516 = EDGE_CURVE ( 'NONE', #3259, #2062, #2307, .T. ) ;
#517 = CARTESIAN_POINT ( 'NONE',  ( -125.9374017717247938, 11.46446609406724626, 55.00000000000000000 ) ) ;
#518 = ORIENTED_EDGE ( 'NONE', *, *, #661, .F. ) ;
#519 = CARTESIAN_POINT ( 'NONE',  ( -17.75000000000001421, 55.00000000000000711, 120.4603887858909985 ) ) ;
#520 = VERTEX_POINT ( 'NONE', #1414 ) ;
#521 = CARTESIAN_POINT ( 'NONE',  ( 24.99999999999999645, 122.4018678657926813, 55.00000000000000000 ) ) ;
#522 = CIRCLE ( 'NONE', #416, 1.500000000000003109 ) ;
#523 = CARTESIAN_POINT ( 'NONE',  ( -38.83333333333332149, -15.00000000000001066, 48.12499999999999289 ) ) ;
#524 = ORIENTED_EDGE ( 'NONE', *, *, #1799, .T. ) ;
#525 = EDGE_CURVE ( 'NONE', #76, #2663, #3176, .T. ) ;
#526 = PERSON_AND_ORGANIZATION ( #940, #2074 ) ;
#527 = ORIENTED_EDGE ( 'NONE', *, *, #2014, .T. ) ;
#528 = DIRECTION ( 'NONE',  ( -0.7071067811865454633, -0.7071067811865495711, 0.000000000000000000 ) ) ;
#529 = AXIS2_PLACEMENT_3D ( 'NONE', #905, #1923, #638 ) ;
#530 = VERTEX_POINT ( 'NONE', #1115 ) ;
#531 = LINE ( 'NONE', #1061, #2986 ) ;
#532 = CIRCLE ( 'NONE', #1972, 1.500000000000001332 ) ;
#533 = CYLINDRICAL_SURFACE ( 'NONE', #3285, 1.499999999999997780 ) ;
#534 = CARTESIAN_POINT ( 'NONE',  ( -40.33333333333332860, 9.999999999999994671, 48.12499999999999289 ) ) ;
#535 = ORIENTED_EDGE ( 'NONE', *, *, #2221, .F. ) ;
#536 = DIRECTION ( 'NONE',  ( 1.000000000000000000, 0.000000000000000000, 0.000000000000000000 ) ) ;
#537 = EDGE_LOOP ( 'NONE', ( #100, #3034, #1542, #2032 ) ) ;
#538 = DIRECTION ( 'NONE',  ( -0.7071067811865454633, -0.7071067811865495711, 0.000000000000000000 ) ) ;
#539 = EDGE_CURVE ( 'NONE', #1966, #245, #1555, .T. ) ;
#540 = ORIENTED_EDGE ( 'NONE', *, *, #200, .T. ) ;
#541 = CIRCLE ( 'NONE', #1388, 1.750000000000008438 ) ;
#542 = AXIS2_PLACEMENT_3D ( 'NONE', #584, #698, #2160 ) ;
#543 = AXIS2_PLACEMENT_3D ( 'NONE', #1279, #2388, #2300 ) ;
#544 = ADVANCED_FACE ( 'NONE', ( #1183 ), #1167, .T. ) ;
#545 = PLANE ( 'NONE',  #2787 ) ;
#546 = VERTEX_POINT ( 'NONE', #2947 ) ;
#547 = AXIS2_PLACEMENT_3D ( 'NONE', #888, #2983, #2730 ) ;
#548 = DIRECTION ( 'NONE',  ( 0.000000000000000000, 0.000000000000000000, 1.000000000000000000 ) ) ;
#549 = EDGE_CURVE ( 'NONE', #1439, #1070, #344, .T. ) ;
#550 = LINE ( 'NONE', #1834, #1837 ) ;
#551 = CARTESIAN_POINT ( 'NONE',  ( 4.249999999999979572, 22.50000000000001066, 13.74999999999999822 ) ) ;
#552 = ORIENTED_EDGE ( 'NONE', *, *, #2944, .F. ) ;
#553 = PRODUCT_DEFINITION_SHAPE ( 'NONE', 'NONE',  #3052 ) ;
#554 = CARTESIAN_POINT ( 'NONE',  ( -107.8518678657915331, -1.200000000000022160, 63.00000000000000000 ) ) ;
#555 = ORIENTED_EDGE ( 'NONE', *, *, #2507, .F. ) ;
#556 = FACE_OUTER_BOUND ( 'NONE', #1296, .T. ) ;
#557 = ADVANCED_FACE ( 'NONE', ( #1714 ), #1000, .F. ) ;
#558 = ORIENTED_EDGE ( 'NONE', *, *, #661, .T. ) ;
#559 = EDGE_LOOP ( 'NONE', ( #3038, #1236 ) ) ;
#560 = CARTESIAN_POINT ( 'NONE',  ( 30.00000000000000000, 82.92893218813446765, 55.00000000000000000 ) ) ;
#561 = VERTEX_POINT ( 'NONE', #683 ) ;
#562 = DIRECTION ( 'NONE',  ( -1.000000000000000000, -1.040834085586084257E-16, 0.000000000000000000 ) ) ;
#563 = DIRECTION ( 'NONE',  ( 0.000000000000000000, 0.7071067811865512365, -0.7071067811865437980 ) ) ;
#564 = DIRECTION ( 'NONE',  ( 4.336808689942018969E-17, -1.000000000000000000, 0.000000000000000000 ) ) ;
#565 = DIRECTION ( 'NONE',  ( 0.000000000000000000, -0.000000000000000000, 1.000000000000000000 ) ) ;
#566 = FACE_BOUND ( 'NONE', #1587, .T. ) ;
#567 = ORIENTED_EDGE ( 'NONE', *, *, #796, .F. ) ;
#568 = CARTESIAN_POINT ( 'NONE',  ( 14.99999999999999645, 40.00000000000000000, 34.99999999999997868 ) ) ;
#569 = ORIENTED_EDGE ( 'NONE', *, *, #2042, .T. ) ;
#570 = SHAPE_DEFINITION_REPRESENTATION ( #553, #1337 ) ;
#571 = APPROVAL ( #267, 'UNSPECIFIED' ) ;
#572 = DIRECTION ( 'NONE',  ( 4.336808689942018969E-17, -1.000000000000000000, 0.000000000000000000 ) ) ;
#573 = ORIENTED_EDGE ( 'NONE', *, *, #1614, .T. ) ;
#574 = AXIS2_PLACEMENT_3D ( 'NONE', #2162, #1201, #886 ) ;
#575 = CARTESIAN_POINT ( 'NONE',  ( 8.500000000000012434, 39.99999999999999289, 55.00000000000000000 ) ) ;
#576 = ADVANCED_FACE ( 'NONE', ( #1989 ), #1016, .F. ) ;
#577 = AXIS2_PLACEMENT_3D ( 'NONE', #944, #135, #1226 ) ;
#578 = LINE ( 'NONE', #289, #431 ) ;
#579 = DIRECTION ( 'NONE',  ( 0.000000000000000000, 0.000000000000000000, -1.000000000000000000 ) ) ;
#580 = CIRCLE ( 'NONE', #691, 1.500000000000003109 ) ;
#581 = DIRECTION ( 'NONE',  ( 0.000000000000000000, 0.000000000000000000, 1.000000000000000000 ) ) ;
#582 = ADVANCED_FACE ( 'NONE', ( #500 ), #721, .T. ) ;
#583 = DIRECTION ( 'NONE',  ( -1.000000000000000000, -1.786765180256111307E-16, 6.938893903907225912E-17 ) ) ;
#584 = CARTESIAN_POINT ( 'NONE',  ( -107.8518678657915331, -1.200000000000022160, 63.00000000000000000 ) ) ;
#585 = ORIENTED_EDGE ( 'NONE', *, *, #1546, .T. ) ;
#586 = PLANE ( 'NONE',  #3040 ) ;
#587 = EDGE_LOOP ( 'NONE', ( #1033, #1731, #1404, #1530 ) ) ;
#588 = VERTEX_POINT ( 'NONE', #173 ) ;
#589 = APPROVAL_DATE_TIME ( #2366, #2458 ) ;
#590 = LINE ( 'NONE', #1652, #860 ) ;
#591 = AXIS2_PLACEMENT_3D ( 'NONE', #1529, #814, #300 ) ;
#592 = ORIENTED_EDGE ( 'NONE', *, *, #1614, .F. ) ;
#593 = CIRCLE ( 'NONE', #706, 13.99999999999999112 ) ;
#594 = CYLINDRICAL_SURFACE ( 'NONE', #745, 1.500000000000001332 ) ;
#595 = AXIS2_PLACEMENT_3D ( 'NONE', #3301, #583, #602 ) ;
#596 = CYLINDRICAL_SURFACE ( 'NONE', #2270, 6.150000000000003020 ) ;
#597 = CIRCLE ( 'NONE', #1826, 1.499999999999999556 ) ;
#598 = CYLINDRICAL_SURFACE ( 'NONE', #2851, 4.999999999999999112 ) ;
#599 = AXIS2_PLACEMENT_3D ( 'NONE', #2527, #3206, #912 ) ;
#600 = CARTESIAN_POINT ( 'NONE',  ( 7.000000000000009770, 39.99999999999999289, 15.00000000000000000 ) ) ;
#601 = AXIS2_PLACEMENT_3D ( 'NONE', #1501, #2529, #1198 ) ;
#602 = DIRECTION ( 'NONE',  ( 0.000000000000000000, -1.000000000000000000, 0.000000000000000000 ) ) ;
#603 = DIRECTION ( 'NONE',  ( 0.000000000000000000, 0.000000000000000000, -1.000000000000000000 ) ) ;
#604 = VERTEX_POINT ( 'NONE', #753 ) ;
#605 = CYLINDRICAL_SURFACE ( 'NONE', #1164, 1.500000000000001332 ) ;
#606 = EDGE_LOOP ( 'NONE', ( #2485, #1322 ) ) ;
#607 = VERTEX_POINT ( 'NONE', #2259 ) ;
#608 = ADVANCED_FACE ( 'NONE', ( #2997 ), #1517, .F. ) ;
#609 = DIRECTION ( 'NONE',  ( 4.336808689942018969E-17, -1.000000000000000000, 0.000000000000000000 ) ) ;
#610 = ORIENTED_EDGE ( 'NONE', *, *, #1583, .T. ) ;
#611 = DIRECTION ( 'NONE',  ( 0.000000000000000000, -0.7071067811865509034, 0.7071067811865440200 ) ) ;
#612 = DIRECTION ( 'NONE',  ( -1.000000000000000000, 0.000000000000000000, 0.000000000000000000 ) ) ;
#613 = ADVANCED_FACE ( 'NONE', ( #3030 ), #2777, .T. ) ;
#614 = CARTESIAN_POINT ( 'NONE',  ( 14.99999999999999645, 10.00000000000000711, 29.99999999999998934 ) ) ;
#615 = EDGE_CURVE ( 'NONE', #2099, #1608, #481, .T. ) ;
#616 = CARTESIAN_POINT ( 'NONE',  ( 1.750000000000013767, 108.4018678657927239, 55.00000000000000000 ) ) ;
#617 = CARTESIAN_POINT ( 'NONE',  ( -170.0000000000000000, 47.49999999999998579, 41.25000000000000000 ) ) ;
#618 = CYLINDRICAL_SURFACE ( 'NONE', #2314, 2.499999999999998668 ) ;
#619 = ORIENTED_EDGE ( 'NONE', *, *, #1534, .T. ) ;
#620 = CARTESIAN_POINT ( 'NONE',  ( -40.33333333333332860, -15.00000000000001066, 48.12499999999999289 ) ) ;
#621 = CARTESIAN_POINT ( 'NONE',  ( 14.99999999999999289, 40.00000000000000000, 29.99999999999998224 ) ) ;
#622 = EDGE_LOOP ( 'NONE', ( #841, #2178, #3083, #392, #2231 ) ) ;
#623 = CYLINDRICAL_SURFACE ( 'NONE', #808, 1.750000000000001554 ) ;
#624 = EDGE_CURVE ( 'NONE', #468, #806, #2019, .T. ) ;
#625 = ORIENTED_EDGE ( 'NONE', *, *, #1349, .F. ) ;
#626 = CARTESIAN_POINT ( 'NONE',  ( -40.33333333333332860, -15.00000000000001066, 20.62499999999999645 ) ) ;
#627 = CARTESIAN_POINT ( 'NONE',  ( -37.33333333333332860, -15.00000000000001066, 20.62499999999999645 ) ) ;
#628 = CIRCLE ( 'NONE', #1105, 1.500000000000004885 ) ;
#629 = CARTESIAN_POINT ( 'NONE',  ( 27.45496995390136163, 126.7594903488547260, 58.30639857803547699 ) ) ;
#630 = CC_DESIGN_APPROVAL ( #3152, ( #3052 ) ) ;
#631 = CARTESIAN_POINT ( 'NONE',  ( -12.75000000000001599, 55.00000000000000711, 0.000000000000000000 ) ) ;
#632 = CARTESIAN_POINT ( 'NONE',  ( 7.000000000000009770, 39.99999999999999289, 15.00000000000000000 ) ) ;
#633 = PLANE ( 'NONE',  #2206 ) ;
#634 = ORIENTED_EDGE ( 'NONE', *, *, #549, .F. ) ;
#635 = VECTOR ( 'NONE', #3068, 999.9999999999998863 ) ;
#636 = LINE ( 'NONE', #3228, #845 ) ;
#637 = ORIENTED_EDGE ( 'NONE', *, *, #2568, .F. ) ;
#638 = DIRECTION ( 'NONE',  ( -1.000000000000000000, 0.000000000000000000, -0.000000000000000000 ) ) ;
#639 = ORIENTED_EDGE ( 'NONE', *, *, #1552, .F. ) ;
#640 = ADVANCED_FACE ( 'NONE', ( #2543 ), #2291, .F. ) ;
#641 = DIRECTION ( 'NONE',  ( 0.000000000000000000, 1.000000000000000000, 0.000000000000000000 ) ) ;
#642 = ORIENTED_EDGE ( 'NONE', *, *, #123, .T. ) ;
#643 = DIRECTION ( 'NONE',  ( 2.463512628606117579E-16, -1.000000000000000000, 0.000000000000000000 ) ) ;
#644 = EDGE_CURVE ( 'NONE', #2747, #964, #1021, .T. ) ;
#645 = VECTOR ( 'NONE', #2667, 1000.000000000000000 ) ;
#646 = VERTEX_POINT ( 'NONE', #2796 ) ;
#647 = DIRECTION ( 'NONE',  ( 0.000000000000000000, -1.000000000000000000, 0.000000000000000000 ) ) ;
#648 = CARTESIAN_POINT ( 'NONE',  ( -127.4018678657920276, 10.00000000000000533, 55.00000000000000000 ) ) ;
#649 = VECTOR ( 'NONE', #3248, 1000.000000000000000 ) ;
#650 = CIRCLE ( 'NONE', #811, 2.499999999999998668 ) ;
#651 = EDGE_CURVE ( 'NONE', #2274, #116, #2896, .T. ) ;
#652 = CARTESIAN_POINT ( 'NONE',  ( 27.00000000000009237, 126.9844435607486446, 58.24999999999965894 ) ) ;
#653 = CIRCLE ( 'NONE', #1559, 1.500000000000001332 ) ;
#654 = CARTESIAN_POINT ( 'NONE',  ( 22.00000000000001421, 40.00000000000000000, 55.00000000000000711 ) ) ;
#655 = ORIENTED_EDGE ( 'NONE', *, *, #2127, .T. ) ;
#656 = FACE_OUTER_BOUND ( 'NONE', #2859, .T. ) ;
#657 = ORIENTED_EDGE ( 'NONE', *, *, #3095, .T. ) ;
#658 = AXIS2_PLACEMENT_3D ( 'NONE', #1397, #880, #2386 ) ;
#659 = CARTESIAN_POINT ( 'NONE',  ( -39.99999999999999289, -5.500000000000018652, 15.00000000000000355 ) ) ;
#660 = ORIENTED_EDGE ( 'NONE', *, *, #62, .T. ) ;
#661 = EDGE_CURVE ( 'NONE', #253, #67, #1969, .T. ) ;
#662 = EDGE_CURVE ( 'NONE', #1084, #2747, #3256, .T. ) ;
#663 = DIRECTION ( 'NONE',  ( 0.000000000000000000, 0.000000000000000000, 1.000000000000000000 ) ) ;
#664 = EDGE_LOOP ( 'NONE', ( #1052, #3246, #18, #1616 ) ) ;
#665 = FACE_OUTER_BOUND ( 'NONE', #1565, .T. ) ;
#666 = CARTESIAN_POINT ( 'NONE',  ( -47.91666666666666430, -15.00000000000001066, 20.62499999999999645 ) ) ;
#667 = CARTESIAN_POINT ( 'NONE',  ( -107.8518678657915331, -1.200000000000022160, 55.00000000000000000 ) ) ;
#668 = DIRECTION ( 'NONE',  ( -0.7071067811865513475, 0.7071067811865437980, 0.000000000000000000 ) ) ;
#669 = DIRECTION ( 'NONE',  ( -2.454725278939251986E-16, 1.000000000000000000, 1.412361382570359924E-32 ) ) ;
#670 = EDGE_LOOP ( 'NONE', ( #1632, #2786, #450, #2904 ) ) ;
#671 = CARTESIAN_POINT ( 'NONE',  ( -40.33333333333332860, -15.00000000000001066, 20.62499999999999645 ) ) ;
#672 = ORIENTED_EDGE ( 'NONE', *, *, #858, .T. ) ;
#673 = B_SPLINE_CURVE_WITH_KNOTS ( 'NONE', 3,
 ( #77, #1321, #855, #3132, #1823, #840, #2345, #2854, #2376, #1069 ),
 .UNSPECIFIED., .F., .F.,
 ( 4, 2, 2, 2, 4 ),
 ( 0.000000000000000000, 0.0004511218288661971603, 0.0009022436577323943207, 0.001353365486598591535, 0.001804487315464788641 ),
 .UNSPECIFIED. ) ;
#674 = FACE_OUTER_BOUND ( 'NONE', #1783, .T. ) ;
#675 = ORIENTED_EDGE ( 'NONE', *, *, #3218, .F. ) ;
#676 = DIRECTION ( 'NONE',  ( -1.000000000000000000, 0.000000000000000000, 0.000000000000000000 ) ) ;
#677 = EDGE_LOOP ( 'NONE', ( #2461, #1455 ) ) ;
#678 = DIRECTION ( 'NONE',  ( 1.000000000000000000, 0.000000000000000000, 0.000000000000000000 ) ) ;
#679 = DIRECTION ( 'NONE',  ( -0.000000000000000000, -0.000000000000000000, -1.000000000000000000 ) ) ;
#680 = DIRECTION ( 'NONE',  ( -0.000000000000000000, -0.000000000000000000, -1.000000000000000000 ) ) ;
#681 = EDGE_CURVE ( 'NONE', #2275, #2736, #2788, .T. ) ;
#682 = CIRCLE ( 'NONE', #1005, 1.500000000000001332 ) ;
#683 = CARTESIAN_POINT ( 'NONE',  ( -50.91666666666666430, -15.00000000000001066, 20.62499999999999645 ) ) ;
#684 = DIRECTION ( 'NONE',  ( -1.000000000000000000, 0.000000000000000000, 0.000000000000000000 ) ) ;
#685 = VERTEX_POINT ( 'NONE', #1567 ) ;
#686 = DIRECTION ( 'NONE',  ( 1.000000000000000000, 0.000000000000000000, 0.000000000000000000 ) ) ;
#687 = VECTOR ( 'NONE', #2652, 1000.000000000000000 ) ;
#688 = ORIENTED_EDGE ( 'NONE', *, *, #1064, .T. ) ;
#689 = EDGE_CURVE ( 'NONE', #2021, #604, #785, .T. ) ;
#690 = CARTESIAN_POINT ( 'NONE',  ( 30.00000000000000000, 55.00000000000000711, 27.07106781186524458 ) ) ;
#691 = AXIS2_PLACEMENT_3D ( 'NONE', #194, #1203, #2007 ) ;
#692 = ORIENTED_EDGE ( 'NONE', *, *, #2330, .T. ) ;
#693 = VECTOR ( 'NONE', #1778, 1000.000000000000000 ) ;
#694 = CARTESIAN_POINT ( 'NONE',  ( -4.999999999999998224, 9.999999999999998224, 0.000000000000000000 ) ) ;
#695 = ORIENTED_EDGE ( 'NONE', *, *, #2080, .F. ) ;
#696 = CARTESIAN_POINT ( 'NONE',  ( -40.33333333333333570, 9.999999999999994671, 34.37499999999999289 ) ) ;
#697 = DIRECTION ( 'NONE',  ( -2.454725278939251986E-16, 1.000000000000000000, 1.412361382570359924E-32 ) ) ;
#698 = DIRECTION ( 'NONE',  ( -0.000000000000000000, -0.000000000000000000, -1.000000000000000000 ) ) ;
#699 = FACE_OUTER_BOUND ( 'NONE', #2487, .T. ) ;
#700 = EDGE_CURVE ( 'NONE', #520, #530, #819, .T. ) ;
#701 = AXIS2_PLACEMENT_3D ( 'NONE', #2370, #2559, #256 ) ;
#702 = DIRECTION ( 'NONE',  ( -0.000000000000000000, -1.000000000000000000, -0.000000000000000000 ) ) ;
#703 = CARTESIAN_POINT ( 'NONE',  ( -49.41666666666665719, -15.00000000000001066, 48.12500000000000000 ) ) ;
#704 = AXIS2_PLACEMENT_3D ( 'NONE', #1370, #1343, #641 ) ;
#705 = ORIENTED_EDGE ( 'NONE', *, *, #1176, .F. ) ;
#706 = AXIS2_PLACEMENT_3D ( 'NONE', #616, #2158, #2443 ) ;
#707 = LINE ( 'NONE', #1719, #1804 ) ;
#708 = ORIENTED_EDGE ( 'NONE', *, *, #1103, .T. ) ;
#709 = CIRCLE ( 'NONE', #1024, 1.499999999999997780 ) ;
#710 = LINE ( 'NONE', #486, #1375 ) ;
#711 = ORIENTED_EDGE ( 'NONE', *, *, #1646, .T. ) ;
#712 = AXIS2_PLACEMENT_3D ( 'NONE', #1849, #72, #1348 ) ;
#713 = CARTESIAN_POINT ( 'NONE',  ( 8.500000000000007105, 39.99999999999999289, 15.00000000000000000 ) ) ;
#714 = ORIENTED_EDGE ( 'NONE', *, *, #1238, .F. ) ;
#715 = EDGE_CURVE ( 'NONE', #1846, #3238, #2862, .T. ) ;
#716 = CARTESIAN_POINT ( 'NONE',  ( 24.99999999999999645, 55.00000000000000711, 55.00000000000000000 ) ) ;
#717 = CARTESIAN_POINT ( 'NONE',  ( 7.000000000000011546, 9.999999999999998224, 15.00000000000000000 ) ) ;
#718 = ORIENTED_EDGE ( 'NONE', *, *, #1413, .F. ) ;
#719 = DIRECTION ( 'NONE',  ( -0.7071067811865509034, 0.000000000000000000, -0.7071067811865440200 ) ) ;
#720 = AXIS2_PLACEMENT_3D ( 'NONE', #2912, #1111, #647 ) ;
#721 = PLANE ( 'NONE',  #2047 ) ;
#722 = EDGE_CURVE ( 'NONE', #2193, #1283, #578, .T. ) ;
#723 = FACE_BOUND ( 'NONE', #1252, .T. ) ;
#724 = ORIENTED_EDGE ( 'NONE', *, *, #1801, .T. ) ;
#725 =( BOUNDED_CURVE ( )  B_SPLINE_CURVE ( 3, ( #2760, #3239, #1445, #463 ),
 .UNSPECIFIED., .F., .T. ) 
 B_SPLINE_CURVE_WITH_KNOTS ( ( 4, 4 ),
 ( 0.000000000000000000, 1.570796326794896558 ),
 .UNSPECIFIED. ) 
 CURVE ( )  GEOMETRIC_REPRESENTATION_ITEM ( )  RATIONAL_B_SPLINE_CURVE ( ( 1.000000000000000000, 0.8047378541243649375, 0.8047378541243649375, 1.000000000000000000 ) ) 
 REPRESENTATION_ITEM ( '' )  );
#726 = CARTESIAN_POINT ( 'NONE',  ( -11.46446609406726935, 125.9374017717254048, 55.00000000000000000 ) ) ;
#727 = ORIENTED_EDGE ( 'NONE', *, *, #2042, .F. ) ;
#728 = DIRECTION ( 'NONE',  ( 2.463512628606117579E-16, -1.000000000000000000, 0.000000000000000000 ) ) ;
#729 = EDGE_CURVE ( 'NONE', #3086, #3220, #2253, .T. ) ;
#730 = CARTESIAN_POINT ( 'NONE',  ( -37.33333333333332149, -15.00000000000001066, 48.12499999999999289 ) ) ;
#731 = ORIENTED_EDGE ( 'NONE', *, *, #756, .T. ) ;
#732 = CARTESIAN_POINT ( 'NONE',  ( -101.7018678657915416, -1.200000000000022160, 63.00000000000000000 ) ) ;
#733 = EDGE_CURVE ( 'NONE', #512, #1891, #650, .T. ) ;
#734 = FACE_BOUND ( 'NONE', #166, .T. ) ;
#735 = ORIENTED_EDGE ( 'NONE', *, *, #2221, .T. ) ;
#736 = VERTEX_POINT ( 'NONE', #41 ) ;
#737 = FACE_OUTER_BOUND ( 'NONE', #3171, .T. ) ;
#738 = CARTESIAN_POINT ( 'NONE',  ( -17.75000000000001421, 10.00000000000000000, 0.000000000000000000 ) ) ;
#739 = DIRECTION ( 'NONE',  ( 1.000000000000000000, 0.000000000000000000, 0.000000000000000000 ) ) ;
#740 = EDGE_LOOP ( 'NONE', ( #1650, #1274, #21, #727 ) ) ;
#741 = CARTESIAN_POINT ( 'NONE',  ( 30.00000000000000000, 57.92893218813453160, 25.85786437626883938 ) ) ;
#742 = EDGE_LOOP ( 'NONE', ( #2972, #3017 ) ) ;
#743 = AXIS2_PLACEMENT_3D ( 'NONE', #3165, #2696, #367 ) ;
#744 = CARTESIAN_POINT ( 'NONE',  ( 14.99999999999999289, 40.00000000000000000, 32.49999999999997868 ) ) ;
#745 = AXIS2_PLACEMENT_3D ( 'NONE', #2910, #3155, #1593 ) ;
#746 = CYLINDRICAL_SURFACE ( 'NONE', #2790, 1.500000000000001332 ) ;
#747 = EDGE_CURVE ( 'NONE', #1952, #76, #1656, .T. ) ;
#748 = VERTEX_POINT ( 'NONE', #1048 ) ;
#749 = SECURITY_CLASSIFICATION_LEVEL ( 'unclassified' ) ;
#750 = CARTESIAN_POINT ( 'NONE',  ( -4.399999999999970157, 108.4018678657931360, 65.00000000000000000 ) ) ;
#751 = EDGE_LOOP ( 'NONE', ( #3003, #1418 ) ) ;
#752 = CARTESIAN_POINT ( 'NONE',  ( -38.54486806978673030, -12.53119144436928600, 32.89392365361360504 ) ) ;
#753 = CARTESIAN_POINT ( 'NONE',  ( 4.249999999999979572, 21.00000000000000355, 41.25000000000000000 ) ) ;
#754 = CARTESIAN_POINT ( 'NONE',  ( -16.68215908221264598, 60.89847509519804447, 60.00000000000001421 ) ) ;
#755 = EDGE_LOOP ( 'NONE', ( #2471, #2199 ) ) ;
#756 = EDGE_CURVE ( 'NONE', #2651, #2165, #3126, .T. ) ;
#757 = FACE_OUTER_BOUND ( 'NONE', #193, .T. ) ;
#758 = CIRCLE ( 'NONE', #2088, 1.500000000000001332 ) ;
#759 = EDGE_LOOP ( 'NONE', ( #1484, #1228, #2005, #1409 ) ) ;
#760 = CARTESIAN_POINT ( 'NONE',  ( -127.4018678657920276, 10.00000000000000533, 65.00000000000000000 ) ) ;
#761 = VECTOR ( 'NONE', #2209, 1000.000000000000000 ) ;
#762 = FACE_OUTER_BOUND ( 'NONE', #664, .T. ) ;
#763 = CIRCLE ( 'NONE', #438, 1.750000000000001554 ) ;
#764 = ADVANCED_FACE ( 'NONE', ( #2085 ), #533, .F. ) ;
#765 = VERTEX_POINT ( 'NONE', #2353 ) ;
#766 = VECTOR ( 'NONE', #447, 1000.000000000000000 ) ;
#767 = DATE_AND_TIME ( #2286, #145 ) ;
#768 = EDGE_CURVE ( 'NONE', #272, #253, #550, .T. ) ;
#769 = DIRECTION ( 'NONE',  ( -0.7071067811865512365, 5.451709925985359235E-17, -0.7071067811865439090 ) ) ;
#770 = ORIENTED_EDGE ( 'NONE', *, *, #1507, .T. ) ;
#771 = DIRECTION ( 'NONE',  ( 1.000000000000000000, 0.000000000000000000, 0.000000000000000000 ) ) ;
#772 = CYLINDRICAL_SURFACE ( 'NONE', #2139, 1.750000000000003553 ) ;
#773 = CARTESIAN_POINT ( 'NONE',  ( -107.8518678657915331, -1.200000000000022160, 63.00000000000000000 ) ) ;
#774 = CYLINDRICAL_SURFACE ( 'NONE', #2629, 1.500000000000001332 ) ;
#775 = DIRECTION ( 'NONE',  ( 1.000000000000000000, 0.000000000000000000, 0.000000000000000000 ) ) ;
#776 = ADVANCED_FACE ( 'NONE', ( #3111 ), #3064, .T. ) ;
#777 = ORIENTED_EDGE ( 'NONE', *, *, #1073, .T. ) ;
#778 = FACE_BOUND ( 'NONE', #1435, .T. ) ;
#779 = CARTESIAN_POINT ( 'NONE',  ( 1.750000000000015543, 108.4018678657931360, 65.00000000000000000 ) ) ;
#780 = ORIENTED_EDGE ( 'NONE', *, *, #2327, .F. ) ;
#781 = ORIENTED_EDGE ( 'NONE', *, *, #1520, .F. ) ;
#782 = FACE_OUTER_BOUND ( 'NONE', #1720, .T. ) ;
#783 = ORIENTED_EDGE ( 'NONE', *, *, #2829, .T. ) ;
#784 = CARTESIAN_POINT ( 'NONE',  ( -17.75000000000001421, 22.50000000000000711, 13.74999999999999822 ) ) ;
#785 = LINE ( 'NONE', #2591, #1443 ) ;
#786 = CARTESIAN_POINT ( 'NONE',  ( -17.75000000000001421, 21.00000000000000000, 41.25000000000000000 ) ) ;
#787 = CARTESIAN_POINT ( 'NONE',  ( 27.86582854611306814, 126.5061019073878725, 61.53658840428303023 ) ) ;
#788 = ADVANCED_FACE ( 'NONE', ( #12 ), #2101, .F. ) ;
#789 = DIRECTION ( 'NONE',  ( -2.454725278939251986E-16, 1.000000000000000000, 1.412361382570359924E-32 ) ) ;
#790 = ORIENTED_EDGE ( 'NONE', *, *, #2749, .T. ) ;
#791 = CARTESIAN_POINT ( 'NONE',  ( -15.44472221513619026, 62.13591196227451263, 60.00000000000001421 ) ) ;
#792 = ADVANCED_FACE ( 'NONE', ( #306 ), #772, .F. ) ;
#793 = CIRCLE ( 'NONE', #39, 1.500000000000003109 ) ;
#794 = ORIENTED_EDGE ( 'NONE', *, *, #2880, .T. ) ;
#795 = CALENDAR_DATE ( 2026, 2, 6 ) ;
#796 = EDGE_CURVE ( 'NONE', #561, #914, #485, .T. ) ;
#797 = DIRECTION ( 'NONE',  ( -0.000000000000000000, -0.000000000000000000, -1.000000000000000000 ) ) ;
#798 = AXIS2_PLACEMENT_3D ( 'NONE', #2832, #823, #1305 ) ;
#799 = ORIENTED_EDGE ( 'NONE', *, *, #2537, .F. ) ;
#800 = DIRECTION ( 'NONE',  ( -1.000000000000000000, -0.000000000000000000, -0.000000000000000000 ) ) ;
#801 = CARTESIAN_POINT ( 'NONE',  ( -39.99999999999999289, -8.500000000000015987, 15.00000000000000355 ) ) ;
#802 = DIRECTION ( 'NONE',  ( -0.000000000000000000, -1.000000000000000000, -0.000000000000000000 ) ) ;
#803 = EDGE_CURVE ( 'NONE', #2695, #314, #2135, .T. ) ;
#804 = CARTESIAN_POINT ( 'NONE',  ( 28.36370602808580799, 126.1069139347219590, 58.88205000831234770 ) ) ;
#805 = FACE_OUTER_BOUND ( 'NONE', #3088, .T. ) ;
#806 = VERTEX_POINT ( 'NONE', #2055 ) ;
#807 = DIRECTION ( 'NONE',  ( 2.463512628606117579E-16, -1.000000000000000000, 0.000000000000000000 ) ) ;
#808 = AXIS2_PLACEMENT_3D ( 'NONE', #1124, #1143, #663 ) ;
#809 = ORIENTED_EDGE ( 'NONE', *, *, #1492, .T. ) ;
#810 = AXIS2_PLACEMENT_3D ( 'NONE', #632, #2915, #2979 ) ;
#811 = AXIS2_PLACEMENT_3D ( 'NONE', #2811, #1316, #1594 ) ;
#812 =( NAMED_UNIT ( * ) SI_UNIT ( $, .STERADIAN. ) SOLID_ANGLE_UNIT ( ) );
#813 = AXIS2_PLACEMENT_3D ( 'NONE', #1886, #139, #2190 ) ;
#814 = DIRECTION ( 'NONE',  ( -0.7071067811865437980, -2.089634101476011322E-17, 0.7071067811865512365 ) ) ;
#815 = ADVANCED_FACE ( 'NONE', ( #3079 ), #2578, .F. ) ;
#816 = ORIENTED_EDGE ( 'NONE', *, *, #2288, .F. ) ;
#817 = AXIS2_PLACEMENT_3D ( 'NONE', #2456, #3174, #2169 ) ;
#818 = CARTESIAN_POINT ( 'NONE',  ( -125.9374017717247938, 11.46446609406724626, 55.00000000000000000 ) ) ;
#819 = LINE ( 'NONE', #801, #4 ) ;
#820 = CARTESIAN_POINT ( 'NONE',  ( -170.0000000000000000, 23.99999999999999289, 41.25000000000000000 ) ) ;
#821 = LINE ( 'NONE', #2355, #2415 ) ;
#822 = EDGE_CURVE ( 'NONE', #2782, #3244, #2694, .T. ) ;
#823 = DIRECTION ( 'NONE',  ( 2.654126918244514854E-16, -1.000000000000000000, 6.938893903907225912E-17 ) ) ;
#824 = ORIENTED_EDGE ( 'NONE', *, *, #1030, .T. ) ;
#825 = CC_DESIGN_PERSON_AND_ORGANIZATION_ASSIGNMENT ( #284, #2334, ( #2882 ) ) ;
#826 = CARTESIAN_POINT ( 'NONE',  ( -49.41666666666665719, -15.00000000000001066, 34.37500000000000000 ) ) ;
#827 = ORIENTED_EDGE ( 'NONE', *, *, #2840, .T. ) ;
#828 = ORIENTED_EDGE ( 'NONE', *, *, #2321, .F. ) ;
#829 = ADVANCED_FACE ( 'NONE', ( #2927 ), #596, .F. ) ;
#830 = DIRECTION ( 'NONE',  ( 0.000000000000000000, -1.000000000000000000, 0.000000000000000000 ) ) ;
#831 = ORIENTED_EDGE ( 'NONE', *, *, #2789, .F. ) ;
#832 = CARTESIAN_POINT ( 'NONE',  ( -89.99999999999991473, -30.00000000000000000, 55.00000000000000000 ) ) ;
#833 = EDGE_CURVE ( 'NONE', #854, #1426, #1883, .T. ) ;
#834 = CARTESIAN_POINT ( 'NONE',  ( -15.44472221513619026, 62.13591196227451263, 60.00000000000001421 ) ) ;
#835 = CYLINDRICAL_SURFACE ( 'NONE', #2795, 1.500000000000001332 ) ;
#836 = CARTESIAN_POINT ( 'NONE',  ( -47.91666666666665719, -15.00000000000001066, 48.12500000000000000 ) ) ;
#837 = CARTESIAN_POINT ( 'NONE',  ( -10.00000000000000000, -30.00000000000000000, 0.000000000000000000 ) ) ;
#838 = CARTESIAN_POINT ( 'NONE',  ( -10.00000000000000000, -30.00000000000000000, 55.00000000000000000 ) ) ;
#839 = EDGE_LOOP ( 'NONE', ( #1365, #1469, #639, #3134 ) ) ;
#840 = CARTESIAN_POINT ( 'NONE',  ( -37.38942021792978210, -13.97502543653327756, 34.78516612569158895 ) ) ;
#841 = ORIENTED_EDGE ( 'NONE', *, *, #16, .F. ) ;
#842 = AXIS2_PLACEMENT_3D ( 'NONE', #936, #3194, #1417 ) ;
#843 = CARTESIAN_POINT ( 'NONE',  ( -38.83333333333332149, -15.00000000000001066, 48.12499999999999289 ) ) ;
#844 = ORIENTED_EDGE ( 'NONE', *, *, #219, .F. ) ;
#845 = VECTOR ( 'NONE', #2462, 1000.000000000000000 ) ;
#846 = CARTESIAN_POINT ( 'NONE',  ( -38.83333333333332860, -15.00000000000001066, 20.62499999999999645 ) ) ;
#847 = CYLINDRICAL_SURFACE ( 'NONE', #2418, 1.500000000000004885 ) ;
#848 = CIRCLE ( 'NONE', #2990, 1.500000000000001332 ) ;
#849 = CARTESIAN_POINT ( 'NONE',  ( -55.00000000000000711, -30.00000000000000000, 55.00000000000000000 ) ) ;
#850 =( BOUNDED_CURVE ( )  B_SPLINE_CURVE ( 3, ( #343, #2873, #120, #2420 ),
 .UNSPECIFIED., .F., .T. ) 
 B_SPLINE_CURVE_WITH_KNOTS ( ( 4, 4 ),
 ( 0.000000000000000000, 1.570796326794898556 ),
 .UNSPECIFIED. ) 
 CURVE ( )  GEOMETRIC_REPRESENTATION_ITEM ( )  RATIONAL_B_SPLINE_CURVE ( ( 1.000000000000000000, 0.8047378541243644934, 0.8047378541243644934, 1.000000000000000000 ) ) 
 REPRESENTATION_ITEM ( '' )  );
#851 = DIRECTION ( 'NONE',  ( 0.7071067811865455743, 0.7071067811865495711, -0.000000000000000000 ) ) ;
#852 = DIRECTION ( 'NONE',  ( 0.000000000000000000, 0.000000000000000000, -1.000000000000000000 ) ) ;
#853 = EDGE_CURVE ( 'NONE', #2207, #1014, #1246, .T. ) ;
#854 = VERTEX_POINT ( 'NONE', #864 ) ;
#855 = CARTESIAN_POINT ( 'NONE',  ( -37.46318199315139452, -14.69767581915646382, 34.98618280142442671 ) ) ;
#856 = VERTEX_POINT ( 'NONE', #395 ) ;
#857 = ORIENTED_EDGE ( 'NONE', *, *, #2685, .T. ) ;
#858 = EDGE_CURVE ( 'NONE', #459, #1985, #277, .T. ) ;
#859 = CARTESIAN_POINT ( 'NONE',  ( 27.00000000000000000, 85.10186786579268414, 61.75000000000000000 ) ) ;
#860 = VECTOR ( 'NONE', #2688, 1000.000000000000000 ) ;
#861 = ORIENTED_EDGE ( 'NONE', *, *, #883, .F. ) ;
#862 = FACE_OUTER_BOUND ( 'NONE', #1766, .T. ) ;
#863 = CIRCLE ( 'NONE', #1713, 1.500000000000004885 ) ;
#864 = CARTESIAN_POINT ( 'NONE',  ( -37.33333333333332860, -15.00000000000001066, 20.62499999999999645 ) ) ;
#865 = AXIS2_PLACEMENT_3D ( 'NONE', #2798, #1786, #1216 ) ;
#866 = CARTESIAN_POINT ( 'NONE',  ( -60.00000000000000711, 4.999999999999990230, 0.000000000000000000 ) ) ;
#867 = CIRCLE ( 'NONE', #114, 1.499999999999998668 ) ;
#868 = CARTESIAN_POINT ( 'NONE',  ( 26.56688690460271829, 127.1513934441491926, 58.30088711691747250 ) ) ;
#869 = VECTOR ( 'NONE', #1732, 1000.000000000000000 ) ;
#870 = DIRECTION ( 'NONE',  ( 2.463512628606117579E-16, -1.000000000000000000, 0.000000000000000000 ) ) ;
#871 = LINE ( 'NONE', #1887, #2577 ) ;
#872 = ORIENTED_EDGE ( 'NONE', *, *, #1474, .T. ) ;
#873 = DIRECTION ( 'NONE',  ( -1.000000000000000000, 0.000000000000000000, 0.000000000000000000 ) ) ;
#874 = LINE ( 'NONE', #2661, #2720 ) ;
#875 = EDGE_LOOP ( 'NONE', ( #824, #2437 ) ) ;
#876 = CARTESIAN_POINT ( 'NONE',  ( -55.00000000000000711, 9.999999999999991118, 27.07106781186523392 ) ) ;
#877 = VERTEX_POINT ( 'NONE', #2116 ) ;
#878 = DIRECTION ( 'NONE',  ( 0.000000000000000000, 0.000000000000000000, -1.000000000000000000 ) ) ;
#879 = PLANE ( 'NONE',  #218 ) ;
#880 = DIRECTION ( 'NONE',  ( -1.000000000000000000, -1.786765180256111307E-16, 6.938893903907225912E-17 ) ) ;
#881 = CARTESIAN_POINT ( 'NONE',  ( -107.8518678657915331, -1.200000000000022160, 65.00000000000000000 ) ) ;
#882 = DIRECTION ( 'NONE',  ( -1.000000000000000000, -1.040834085586084257E-16, 0.000000000000000000 ) ) ;
#883 = EDGE_CURVE ( 'NONE', #1344, #1084, #2261, .T. ) ;
#884 = FACE_BOUND ( 'NONE', #2195, .T. ) ;
#885 = VERTEX_POINT ( 'NONE', #102 ) ;
#886 = DIRECTION ( 'NONE',  ( 1.000000000000000000, 0.000000000000000000, 0.000000000000000000 ) ) ;
#887 = ORIENTED_EDGE ( 'NONE', *, *, #893, .T. ) ;
#888 = CARTESIAN_POINT ( 'NONE',  ( -107.8518678657915331, -1.200000000000022160, 63.00000000000000000 ) ) ;
#889 = ORIENTED_EDGE ( 'NONE', *, *, #2905, .T. ) ;
#890 = EDGE_CURVE ( 'NONE', #854, #3072, #1897, .T. ) ;
#891 = DIRECTION ( 'NONE',  ( 0.000000000000000000, 1.000000000000000000, 0.000000000000000000 ) ) ;
#892 = VERTEX_POINT ( 'NONE', #1395 ) ;
#893 = EDGE_CURVE ( 'NONE', #1929, #1217, #995, .T. ) ;
#894 = DIRECTION ( 'NONE',  ( -1.000000000000000000, 0.000000000000000000, 0.000000000000000000 ) ) ;
#895 = AXIS2_PLACEMENT_3D ( 'NONE', #1813, #2034, #771 ) ;
#896 = LINE ( 'NONE', #396, #1605 ) ;
#897 = DIRECTION ( 'NONE',  ( -1.000000000000000000, 0.000000000000000000, 0.000000000000000000 ) ) ;
#898 = EDGE_CURVE ( 'NONE', #2282, #1382, #1676, .T. ) ;
#899 = DIRECTION ( 'NONE',  ( -1.000000000000000000, -2.454725278939251986E-16, 0.000000000000000000 ) ) ;
#900 = ORIENTED_EDGE ( 'NONE', *, *, #16, .T. ) ;
#901 = VECTOR ( 'NONE', #2698, 1000.000000000000000 ) ;
#902 = CARTESIAN_POINT ( 'NONE',  ( -4.999999999999998224, 9.999999999999998224, 0.000000000000000000 ) ) ;
#903 = EDGE_CURVE ( 'NONE', #964, #1344, #1610, .T. ) ;
#904 = VERTEX_POINT ( 'NONE', #2963 ) ;
#905 = CARTESIAN_POINT ( 'NONE',  ( 0.000000000000000000, 0.000000000000000000, 0.000000000000000000 ) ) ;
#906 = ORIENTED_EDGE ( 'NONE', *, *, #756, .F. ) ;
#907 = CYLINDRICAL_SURFACE ( 'NONE', #54, 2.499999999999998668 ) ;
#908 = ORIENTED_EDGE ( 'NONE', *, *, #1357, .T. ) ;
#909 = LINE ( 'NONE', #1960, #2611 ) ;
#910 = VECTOR ( 'NONE', #1575, 1000.000000000000000 ) ;
#911 = DIRECTION ( 'NONE',  ( 0.000000000000000000, 0.000000000000000000, -1.000000000000000000 ) ) ;
#912 = DIRECTION ( 'NONE',  ( -1.000000000000000000, 0.000000000000000000, 0.000000000000000000 ) ) ;
#913 = AXIS2_PLACEMENT_3D ( 'NONE', #2569, #2899, #2137 ) ;
#914 = VERTEX_POINT ( 'NONE', #666 ) ;
#915 = DIRECTION ( 'NONE',  ( 0.000000000000000000, 0.000000000000000000, -1.000000000000000000 ) ) ;
#916 = AXIS2_PLACEMENT_3D ( 'NONE', #2262, #1483, #3294 ) ;
#917 = PLANE ( 'NONE',  #1235 ) ;
#918 = ORIENTED_EDGE ( 'NONE', *, *, #2006, .T. ) ;
#919 = CARTESIAN_POINT ( 'NONE',  ( -49.41666666666666430, 9.999999999999991118, 34.37500000000000000 ) ) ;
#920 = ORIENTED_EDGE ( 'NONE', *, *, #1626, .F. ) ;
#921 = AXIS2_PLACEMENT_3D ( 'NONE', #3175, #1595, #2672 ) ;
#922 = DIRECTION ( 'NONE',  ( -2.454725278939251986E-16, 1.000000000000000000, 1.412361382570359924E-32 ) ) ;
#923 = ORIENTED_EDGE ( 'NONE', *, *, #23, .T. ) ;
#924 = PLANE ( 'NONE',  #1182 ) ;
#925 = ADVANCED_FACE ( 'NONE', ( #2704 ), #1146, .F. ) ;
#926 = ORIENTED_EDGE ( 'NONE', *, *, #1341, .T. ) ;
#927 = CYLINDRICAL_SURFACE ( 'NONE', #3042, 5.000000000000000888 ) ;
#928 = PLANE ( 'NONE',  #1554 ) ;
#929 = CARTESIAN_POINT ( 'NONE',  ( -37.33333333333332860, -13.34640543058464068, 34.37499999999999289 ) ) ;
#930 = EDGE_CURVE ( 'NONE', #417, #1979, #2893, .T. ) ;
#931 = ORIENTED_EDGE ( 'NONE', *, *, #2183, .F. ) ;
#932 = DIRECTION ( 'NONE',  ( 2.463512628606117579E-16, -1.000000000000000000, 0.000000000000000000 ) ) ;
#933 = DIRECTION ( 'NONE',  ( 1.000000000000000000, 1.040834085586084257E-16, 0.000000000000000000 ) ) ;
#934 = ORIENTED_EDGE ( 'NONE', *, *, #2245, .F. ) ;
#935 = APPLICATION_CONTEXT ( 'configuration controlled 3d designs of mechanical parts and assemblies' ) ;
#936 = CARTESIAN_POINT ( 'NONE',  ( -17.75000000000001421, 10.00000000000000000, 120.4603887858909985 ) ) ;
#937 = ORIENTED_EDGE ( 'NONE', *, *, #1387, .F. ) ;
#938 = DIRECTION ( 'NONE',  ( 0.000000000000000000, -1.000000000000000000, 0.000000000000000000 ) ) ;
#939 = ORIENTED_EDGE ( 'NONE', *, *, #2685, .F. ) ;
#940 = PERSON ( 'UNSPECIFIED', 'UNSPECIFIED', 'UNSPECIFIED', ('UNSPECIFIED'), ('UNSPECIFIED'), ('UNSPECIFIED') ) ;
#941 = DIRECTION ( 'NONE',  ( -0.000000000000000000, -0.000000000000000000, 1.000000000000000000 ) ) ;
#942 = EDGE_CURVE ( 'NONE', #1306, #1159, #345, .T. ) ;
#943 = ORIENTED_EDGE ( 'NONE', *, *, #285, .T. ) ;
#944 = CARTESIAN_POINT ( 'NONE',  ( -49.41666666666665719, -15.00000000000001066, 48.12500000000000000 ) ) ;
#945 = FACE_OUTER_BOUND ( 'NONE', #1922, .T. ) ;
#946 = DIRECTION ( 'NONE',  ( -0.7071067811865513475, 0.7071067811865437980, -0.000000000000000000 ) ) ;
#947 = CARTESIAN_POINT ( 'NONE',  ( -39.99999999999999289, -7.000000000000017764, 15.00000000000000355 ) ) ;
#948 = CIRCLE ( 'NONE', #895, 1.500000000000001332 ) ;
#949 = DIRECTION ( 'NONE',  ( -1.000000000000000000, -0.000000000000000000, -0.000000000000000000 ) ) ;
#950 = DIRECTION ( 'NONE',  ( -2.454725278939251986E-16, 1.000000000000000000, 1.412361382570359924E-32 ) ) ;
#951 = EDGE_LOOP ( 'NONE', ( #872, #887 ) ) ;
#952 = CARTESIAN_POINT ( 'NONE',  ( 8.500000000000010658, 9.999999999999998224, 15.00000000000000000 ) ) ;
#953 = ORIENTED_EDGE ( 'NONE', *, *, #768, .F. ) ;
#954 = DIRECTION ( 'NONE',  ( 0.000000000000000000, 0.000000000000000000, -1.000000000000000000 ) ) ;
#955 = EDGE_CURVE ( 'NONE', #685, #2709, #1360, .T. ) ;
#956 = AXIS2_PLACEMENT_3D ( 'NONE', #1487, #989, #2296 ) ;
#957 = ORIENTED_EDGE ( 'NONE', *, *, #2537, .T. ) ;
#958 = CIRCLE ( 'NONE', #96, 1.500000000000001332 ) ;
#959 = CARTESIAN_POINT ( 'NONE',  ( -40.33333333333333570, 9.999999999999994671, 20.62499999999999645 ) ) ;
#960 = ORIENTED_EDGE ( 'NONE', *, *, #3161, .F. ) ;
#961 = CYLINDRICAL_SURFACE ( 'NONE', #1913, 1.500000000000003109 ) ;
#962 = ADVANCED_FACE ( 'NONE', ( #2385 ), #879, .T. ) ;
#963 = CARTESIAN_POINT ( 'NONE',  ( -39.99999999999998579, -8.500000000000017764, 55.00000000000000000 ) ) ;
#964 = VERTEX_POINT ( 'NONE', #2653 ) ;
#965 = DIRECTION ( 'NONE',  ( -2.454725278939251986E-16, 1.000000000000000000, 1.412361382570359924E-32 ) ) ;
#966 = AXIS2_PLACEMENT_3D ( 'NONE', #1845, #2082, #286 ) ;
#967 = CARTESIAN_POINT ( 'NONE',  ( -40.00000000000000000, -15.00000000000001066, 33.43219095841792665 ) ) ;
#968 = DIRECTION ( 'NONE',  ( -0.7071067811865513475, 0.7071067811865437980, -0.000000000000000000 ) ) ;
#969 = CIRCLE ( 'NONE', #1651, 1.500000000000001332 ) ;
#970 = EDGE_LOOP ( 'NONE', ( #2092, #1894, #953, #1355 ) ) ;
#971 = ADVANCED_FACE ( 'NONE', ( #1896 ), #2945, .F. ) ;
#972 = AXIS2_PLACEMENT_3D ( 'NONE', #3046, #1233, #208 ) ;
#973 = CIRCLE ( 'NONE', #1503, 13.99999999999999822 ) ;
#974 = CARTESIAN_POINT ( 'NONE',  ( -55.00000000000000711, -30.00000000000000000, 0.000000000000000000 ) ) ;
#975 = CIRCLE ( 'NONE', #2200, 1.500000000000001332 ) ;
#976 = ORIENTED_EDGE ( 'NONE', *, *, #2439, .T. ) ;
#977 = AXIS2_PLACEMENT_3D ( 'NONE', #1380, #398, #1697 ) ;
#978 = CARTESIAN_POINT ( 'NONE',  ( -17.75000000000001421, 21.00000000000000000, 13.74999999999999822 ) ) ;
#979 = CARTESIAN_POINT ( 'NONE',  ( 1.750000000000013767, 108.4018678657927239, 55.00000000000000000 ) ) ;
#980 = ORIENTED_EDGE ( 'NONE', *, *, #2028, .F. ) ;
#981 = CARTESIAN_POINT ( 'NONE',  ( -61.33333333333331439, 9.999999999999991118, 41.25000000000000000 ) ) ;
#982 = DIRECTION ( 'NONE',  ( 0.000000000000000000, 0.000000000000000000, -1.000000000000000000 ) ) ;
#983 = ORIENTED_EDGE ( 'NONE', *, *, #3156, .T. ) ;
#984 = CARTESIAN_POINT ( 'NONE',  ( -10.00000000000000000, -30.00000000000000000, 0.000000000000000000 ) ) ;
#985 = DIRECTION ( 'NONE',  ( -2.454725278939251986E-16, 1.000000000000000000, 1.412361382570359924E-32 ) ) ;
#986 = LINE ( 'NONE', #517, #1824 ) ;
#987 = VERTEX_POINT ( 'NONE', #3237 ) ;
#988 = ADVANCED_FACE ( 'NONE', ( #945 ), #221, .F. ) ;
#989 = DIRECTION ( 'NONE',  ( 2.463512628606117579E-16, -1.000000000000000000, 0.000000000000000000 ) ) ;
#990 = ORIENTED_EDGE ( 'NONE', *, *, #1256, .F. ) ;
#991 = CARTESIAN_POINT ( 'NONE',  ( -9.999999999999998224, 9.999999999999998224, 55.00000000000000000 ) ) ;
#992 = PLANE ( 'NONE',  #2579 ) ;
#993 = ORIENTED_EDGE ( 'NONE', *, *, #930, .F. ) ;
#994 = PERSON_AND_ORGANIZATION ( #940, #2074 ) ;
#995 = CIRCLE ( 'NONE', #2425, 1.500000000000001332 ) ;
#996 = CYLINDRICAL_SURFACE ( 'NONE', #429, 1.500000000000001332 ) ;
#997 = EDGE_CURVE ( 'NONE', #2167, #1752, #387, .T. ) ;
#998 = ORIENTED_EDGE ( 'NONE', *, *, #722, .T. ) ;
#999 = CARTESIAN_POINT ( 'NONE',  ( -39.50722320016572553, -12.55410156583026371, 33.02511881223435353 ) ) ;
#1000 = CYLINDRICAL_SURFACE ( 'NONE', #1339, 1.500000000000001332 ) ;
#1001 = PLANE ( 'NONE',  #167 ) ;
#1002 = ORIENTED_EDGE ( 'NONE', *, *, #1172, .T. ) ;
#1003 = CYLINDRICAL_SURFACE ( 'NONE', #1859, 1.500000000000001332 ) ;
#1004 = ORIENTED_EDGE ( 'NONE', *, *, #2127, .F. ) ;
#1005 = AXIS2_PLACEMENT_3D ( 'NONE', #274, #40, #3000 ) ;
#1006 = EDGE_CURVE ( 'NONE', #1072, #1382, #1242, .T. ) ;
#1007 = DIRECTION ( 'NONE',  ( -4.336808689942018969E-17, 1.000000000000000000, 0.000000000000000000 ) ) ;
#1008 = CIRCLE ( 'NONE', #1166, 1.500000000000001332 ) ;
#1009 = DIRECTION ( 'NONE',  ( 4.336808689942019585E-17, -1.000000000000000000, -0.000000000000000000 ) ) ;
#1010 = ORIENTED_EDGE ( 'NONE', *, *, #729, .T. ) ;
#1011 = CIRCLE ( 'NONE', #956, 1.500000000000001332 ) ;
#1012 = COORDINATED_UNIVERSAL_TIME_OFFSET ( 1, 0, .AHEAD. ) ;
#1013 = LINE ( 'NONE', #2335, #910 ) ;
#1014 = VERTEX_POINT ( 'NONE', #2273 ) ;
#1015 = DIRECTION ( 'NONE',  ( 0.000000000000000000, 1.000000000000000000, 0.000000000000000000 ) ) ;
#1016 = CYLINDRICAL_SURFACE ( 'NONE', #972, 1.500000000000003109 ) ;
#1017 = CYLINDRICAL_SURFACE ( 'NONE', #3166, 1.500000000000001332 ) ;
#1018 = FACE_OUTER_BOUND ( 'NONE', #2163, .T. ) ;
#1019 = DIRECTION ( 'NONE',  ( -0.000000000000000000, -0.000000000000000000, 1.000000000000000000 ) ) ;
#1020 = VECTOR ( 'NONE', #1298, 1000.000000000000000 ) ;
#1021 = CIRCLE ( 'NONE', #2907, 5.000000000000004441 ) ;
#1022 = ORIENTED_EDGE ( 'NONE', *, *, #2076, .T. ) ;
#1023 = DIRECTION ( 'NONE',  ( 0.000000000000000000, 0.000000000000000000, 1.000000000000000000 ) ) ;
#1024 = AXIS2_PLACEMENT_3D ( 'NONE', #2451, #1458, #422 ) ;
#1025 = CLOSED_SHELL ( 'NONE', ( #3300, #1485, #2745, #3224, #608, #1347, #557, #3197, #3085, #1735, #3202, #130, #988, #339, #156, #1419, #3187, #251, #2393, #1675, #161, #464, #2686, #1311, #1093, #2298, #262, #404, #1043, #925, #829, #2395, #2603, #435, #1454, #84, #1833, #815, #1461, #410, #2140, #60, #3260, #1308, #44, #2992, #499, #792, #2664, #2179, #2365, #1244, #1757, #374, #764, #1690, #2110, #962, #576, #1773, #788, #1942, #2891, #544, #1293, #2544, #640, #357, #3023, #2780, #1368, #2306, #117, #1231, #51, #1988, #181, #3173, #1254, #776, #303, #3100, #187, #3189, #1654, #2500, #394, #2916, #231, #294, #2230, #1925, #1148, #971, #1704, #1684, #2149, #2492, #3059, #1867, #2768, #1882, #582, #1842, #2641, #1062, #2426, #3027, #1721, #2251, #613 ) ) ;
#1026 = FACE_OUTER_BOUND ( 'NONE', #537, .T. ) ;
#1027 = CIRCLE ( 'NONE', #273, 1.499999999999994449 ) ;
#1028 = EDGE_LOOP ( 'NONE', ( #1177, #1793, #1956, #1251 ) ) ;
#1029 = VECTOR ( 'NONE', #2996, 1000.000000000000000 ) ;
#1030 = EDGE_CURVE ( 'NONE', #2779, #1846, #1981, .T. ) ;
#1031 = CARTESIAN_POINT ( 'NONE',  ( -9.999999999999991118, -22.00000000000001421, 55.00000000000000711 ) ) ;
#1032 = ORIENTED_EDGE ( 'NONE', *, *, #2609, .T. ) ;
#1033 = ORIENTED_EDGE ( 'NONE', *, *, #715, .F. ) ;
#1034 = DIRECTION ( 'NONE',  ( -2.454725278939251986E-16, 1.000000000000000000, 1.412361382570359924E-32 ) ) ;
#1035 = DIRECTION ( 'NONE',  ( 0.000000000000000000, 0.000000000000000000, -1.000000000000000000 ) ) ;
#1036 = LINE ( 'NONE', #2828, #2202 ) ;
#1037 = EDGE_CURVE ( 'NONE', #1202, #3077, #1444, .T. ) ;
#1038 = CARTESIAN_POINT ( 'NONE',  ( 28.73571180334200648, 125.7254257101430852, 60.25527484632893049 ) ) ;
#1039 = CARTESIAN_POINT ( 'NONE',  ( 0.000000000000000000, 0.000000000000000000, 65.00000000000000000 ) ) ;
#1040 = VERTEX_POINT ( 'NONE', #963 ) ;
#1041 = LINE ( 'NONE', #2267, #2565 ) ;
#1042 = ORIENTED_EDGE ( 'NONE', *, *, #768, .T. ) ;
#1043 = ADVANCED_FACE ( 'NONE', ( #734, #1180, #2525 ), #928, .F. ) ;
#1044 = DIRECTION ( 'NONE',  ( -1.000000000000000000, -0.000000000000000000, -0.000000000000000000 ) ) ;
#1045 = ORIENTED_EDGE ( 'NONE', *, *, #1967, .T. ) ;
#1046 = ORIENTED_EDGE ( 'NONE', *, *, #2643, .T. ) ;
#1047 = CARTESIAN_POINT ( 'NONE',  ( 4.249999999999979572, 47.50000000000000000, 13.74999999999999822 ) ) ;
#1048 = CARTESIAN_POINT ( 'NONE',  ( 23.50000000000001421, 10.00000000000000000, 55.00000000000000711 ) ) ;
#1049 = DIRECTION ( 'NONE',  ( -1.000000000000000000, -1.040834085586084257E-16, 0.000000000000000000 ) ) ;
#1050 = CARTESIAN_POINT ( 'NONE',  ( 28.74996254170462251, 125.7090994783361140, 59.87263925860338531 ) ) ;
#1051 = CYLINDRICAL_SURFACE ( 'NONE', #2940, 1.499999999999997780 ) ;
#1052 = ORIENTED_EDGE ( 'NONE', *, *, #2870, .F. ) ;
#1053 = CARTESIAN_POINT ( 'NONE',  ( -127.4018678657919992, 7.928932188134493408, 65.00000000000000000 ) ) ;
#1054 = EDGE_CURVE ( 'NONE', #748, #1924, #2196, .T. ) ;
#1055 = CIRCLE ( 'NONE', #305, 1.500000000000001332 ) ;
#1056 = ORIENTED_EDGE ( 'NONE', *, *, #2464, .T. ) ;
#1057 = AXIS2_PLACEMENT_3D ( 'NONE', #1895, #376, #3124 ) ;
#1058 = CARTESIAN_POINT ( 'NONE',  ( -50.91666666666666430, -15.00000000000001066, 6.874999999999999112 ) ) ;
#1059 = CIRCLE ( 'NONE', #798, 2.499999999999998668 ) ;
#1060 = VERTEX_POINT ( 'NONE', #2015 ) ;
#1061 = CARTESIAN_POINT ( 'NONE',  ( -47.91666666666666430, -15.00000000000001066, 6.874999999999999112 ) ) ;
#1062 = ADVANCED_FACE ( 'NONE', ( #171 ), #996, .F. ) ;
#1063 = DIRECTION ( 'NONE',  ( -1.000000000000000000, -1.786765180256111307E-16, 6.938893903907225912E-17 ) ) ;
#1064 = EDGE_CURVE ( 'NONE', #588, #1386, #1728, .T. ) ;
#1065 = FACE_OUTER_BOUND ( 'NONE', #1862, .T. ) ;
#1066 = ORIENTED_EDGE ( 'NONE', *, *, #2712, .F. ) ;
#1067 = DIRECTION ( 'NONE',  ( 2.463512628606117579E-16, -1.000000000000000000, 0.000000000000000000 ) ) ;
#1068 = VERTEX_POINT ( 'NONE', #2476 ) ;
#1069 = CARTESIAN_POINT ( 'NONE',  ( -37.33333333333332860, -13.34640543058464068, 34.37499999999999289 ) ) ;
#1070 = VERTEX_POINT ( 'NONE', #3012 ) ;
#1071 = AXIS2_PLACEMENT_3D ( 'NONE', #1947, #2219, #2254 ) ;
#1072 = VERTEX_POINT ( 'NONE', #750 ) ;
#1073 = EDGE_CURVE ( 'NONE', #1266, #2970, #487, .T. ) ;
#1074 = AXIS2_PLACEMENT_3D ( 'NONE', #1385, #2713, #1405 ) ;
#1075 = CARTESIAN_POINT ( 'NONE',  ( 7.000000000000009770, 39.99999999999999289, 55.00000000000000000 ) ) ;
#1076 = ORIENTED_EDGE ( 'NONE', *, *, #2003, .T. ) ;
#1077 = AXIS2_PLACEMENT_3D ( 'NONE', #461, #1250, #3222 ) ;
#1078 = CARTESIAN_POINT ( 'NONE',  ( -57.92893218813454581, 9.999999999999987566, 25.85786437626885004 ) ) ;
#1079 = ORIENTED_EDGE ( 'NONE', *, *, #1304, .T. ) ;
#1080 = DIRECTION ( 'NONE',  ( -0.000000000000000000, -0.000000000000000000, 1.000000000000000000 ) ) ;
#1081 = PLANE ( 'NONE',  #1240 ) ;
#1082 = CARTESIAN_POINT ( 'NONE',  ( -47.91666666666667140, 9.999999999999991118, 6.874999999999999112 ) ) ;
#1083 = DIRECTION ( 'NONE',  ( 1.000000000000000000, 1.040834085586084257E-16, 0.000000000000000000 ) ) ;
#1084 = VERTEX_POINT ( 'NONE', #2741 ) ;
#1085 = CARTESIAN_POINT ( 'NONE',  ( -92.04652880646460744, 45.35533905932752674, 60.00000000000001421 ) ) ;
#1086 = VERTEX_POINT ( 'NONE', #1477 ) ;
#1087 = EDGE_CURVE ( 'NONE', #2282, #3249, #2467, .T. ) ;
#1088 = AXIS2_PLACEMENT_3D ( 'NONE', #1578, #2604, #1549 ) ;
#1089 = ORIENTED_EDGE ( 'NONE', *, *, #453, .T. ) ;
#1090 = LINE ( 'NONE', #2889, #1873 ) ;
#1091 = ORIENTED_EDGE ( 'NONE', *, *, #1492, .F. ) ;
#1092 = FACE_BOUND ( 'NONE', #2566, .T. ) ;
#1093 = ADVANCED_FACE ( 'NONE', ( #495 ), #1513, .F. ) ;
#1094 = DIRECTION ( 'NONE',  ( 7.709882115452476934E-17, 1.000000000000000000, 0.000000000000000000 ) ) ;
#1095 = CARTESIAN_POINT ( 'NONE',  ( -40.00000000000000000, -15.00000000000000000, 32.49999999999998579 ) ) ;
#1096 = DIRECTION ( 'NONE',  ( 4.336808689942019585E-17, -1.000000000000000000, -0.000000000000000000 ) ) ;
#1097 = LINE ( 'NONE', #1779, #2252 ) ;
#1098 = DIRECTION ( 'NONE',  ( -0.000000000000000000, -0.000000000000000000, -1.000000000000000000 ) ) ;
#1099 = ORIENTED_EDGE ( 'NONE', *, *, #516, .T. ) ;
#1100 = DIRECTION ( 'NONE',  ( 0.000000000000000000, 0.000000000000000000, -1.000000000000000000 ) ) ;
#1101 = EDGE_CURVE ( 'NONE', #67, #2193, #2522, .T. ) ;
#1102 = VERTEX_POINT ( 'NONE', #1691 ) ;
#1103 = EDGE_CURVE ( 'NONE', #1551, #685, #2721, .T. ) ;
#1104 = ORIENTED_EDGE ( 'NONE', *, *, #469, .F. ) ;
#1105 = AXIS2_PLACEMENT_3D ( 'NONE', #784, #800, #451 ) ;
#1106 = FACE_OUTER_BOUND ( 'NONE', #1723, .T. ) ;
#1107 = ORIENTED_EDGE ( 'NONE', *, *, #2049, .T. ) ;
#1108 = AXIS2_PLACEMENT_3D ( 'NONE', #152, #1441, #2201 ) ;
#1109 = CARTESIAN_POINT ( 'NONE',  ( -49.41666666666666430, -15.00000000000001066, 20.62499999999999645 ) ) ;
#1110 = AXIS2_PLACEMENT_3D ( 'NONE', #454, #1259, #228 ) ;
#1111 = DIRECTION ( 'NONE',  ( -1.000000000000000000, -1.786765180256111307E-16, 6.938893903907225912E-17 ) ) ;
#1112 = FACE_OUTER_BOUND ( 'NONE', #622, .T. ) ;
#1113 = EDGE_CURVE ( 'NONE', #2942, #2782, #1227, .T. ) ;
#1114 = VECTOR ( 'NONE', #2584, 999.9999999999998863 ) ;
#1115 = CARTESIAN_POINT ( 'NONE',  ( -9.999999999999994671, -8.500000000000010658, 15.00000000000000178 ) ) ;
#1116 = DIRECTION ( 'NONE',  ( 0.000000000000000000, 1.000000000000000000, 0.000000000000000000 ) ) ;
#1117 = LINE ( 'NONE', #2932, #275 ) ;
#1118 = VERTEX_POINT ( 'NONE', #2064 ) ;
#1119 = DIRECTION ( 'NONE',  ( -0.7071067811865437980, -0.7071067811865513475, 0.000000000000000000 ) ) ;
#1120 = ORIENTED_EDGE ( 'NONE', *, *, #151, .T. ) ;
#1121 = DIRECTION ( 'NONE',  ( 2.463512628606117579E-16, -1.000000000000000000, 0.000000000000000000 ) ) ;
#1122 = AXIS2_PLACEMENT_3D ( 'NONE', #2827, #1285, #1035 ) ;
#1123 = EDGE_LOOP ( 'NONE', ( #1229, #655 ) ) ;
#1124 = CARTESIAN_POINT ( 'NONE',  ( 27.00000000000000000, 85.10186786579268414, 60.00000000000000000 ) ) ;
#1125 = AXIS2_PLACEMENT_3D ( 'NONE', #1589, #2287, #3105 ) ;
#1126 = VERTEX_POINT ( 'NONE', #1312 ) ;
#1127 = AXIS2_PLACEMENT_3D ( 'NONE', #2173, #3192, #2628 ) ;
#1128 = DIRECTION ( 'NONE',  ( -1.000000000000000000, 0.000000000000000000, 0.000000000000000000 ) ) ;
#1129 = CIRCLE ( 'NONE', #2090, 1.500000000000001332 ) ;
#1130 = EDGE_CURVE ( 'NONE', #2377, #1752, #2098, .T. ) ;
#1131 = CARTESIAN_POINT ( 'NONE',  ( 30.00000000000000000, 60.00000000000000711, 24.99999999999977263 ) ) ;
#1132 = CIRCLE ( 'NONE', #916, 5.000000000000000888 ) ;
#1133 = CARTESIAN_POINT ( 'NONE',  ( -9.999999999999998224, 9.999999999999998224, 65.00000000000000000 ) ) ;
#1134 = CARTESIAN_POINT ( 'NONE',  ( -17.75000000000001421, 82.92893218813445344, 54.99999999999999289 ) ) ;
#1135 = EDGE_CURVE ( 'NONE', #2689, #1060, #2553, .T. ) ;
#1136 = CARTESIAN_POINT ( 'NONE',  ( 15.00000000000000000, 10.00000000000000711, 32.49999999999998579 ) ) ;
#1137 = FACE_OUTER_BOUND ( 'NONE', #1535, .T. ) ;
#1138 = ORIENTED_EDGE ( 'NONE', *, *, #1934, .F. ) ;
#1139 = DIRECTION ( 'NONE',  ( -1.000000000000000000, -2.463512628606117579E-16, 0.000000000000000000 ) ) ;
#1140 = DIRECTION ( 'NONE',  ( 0.000000000000000000, -0.7071067811865437980, -0.7071067811865513475 ) ) ;
#1141 = EDGE_CURVE ( 'NONE', #1320, #1891, #1545, .T. ) ;
#1142 = ORIENTED_EDGE ( 'NONE', *, *, #2984, .T. ) ;
#1143 = DIRECTION ( 'NONE',  ( -0.000000000000000000, 1.000000000000000000, -0.000000000000000000 ) ) ;
#1144 = EDGE_LOOP ( 'NONE', ( #1391, #2466, #2526, #235 ) ) ;
#1145 = DIRECTION ( 'NONE',  ( 1.000000000000000000, 0.000000000000000000, 0.000000000000000000 ) ) ;
#1146 = CYLINDRICAL_SURFACE ( 'NONE', #817, 6.149999999999985256 ) ;
#1147 = EDGE_LOOP ( 'NONE', ( #1812, #1831 ) ) ;
#1148 = ADVANCED_FACE ( 'NONE', ( #2858 ), #2573, .T. ) ;
#1149 = CARTESIAN_POINT ( 'NONE',  ( 30.00000000000000000, 46.46446609406761752, 18.53553390593277328 ) ) ;
#1150 = APPLICATION_CONTEXT ( 'configuration controlled 3d designs of mechanical parts and assemblies' ) ;
#1151 = CARTESIAN_POINT ( 'NONE',  ( 25.25000381595830135, 127.3956137636153869, 60.11625312482721739 ) ) ;
#1152 = CARTESIAN_POINT ( 'NONE',  ( -62.83333333333330728, -15.00000000000001421, 41.25000000000000000 ) ) ;
#1153 = DIRECTION ( 'NONE',  ( -1.000000000000000000, 4.336808689942018969E-17, 0.000000000000000000 ) ) ;
#1154 = ORIENTED_EDGE ( 'NONE', *, *, #2346, .T. ) ;
#1155 = DIRECTION ( 'NONE',  ( -1.000000000000000000, 0.000000000000000000, 0.000000000000000000 ) ) ;
#1156 = AXIS2_PLACEMENT_3D ( 'NONE', #846, #1864, #612 ) ;
#1157 = ORIENTED_EDGE ( 'NONE', *, *, #644, .T. ) ;
#1158 = DIRECTION ( 'NONE',  ( 1.000000000000000000, 0.000000000000000000, 0.000000000000000000 ) ) ;
#1159 = VERTEX_POINT ( 'NONE', #250 ) ;
#1160 = CYLINDRICAL_SURFACE ( 'NONE', #318, 1.500000000000004885 ) ;
#1161 = EDGE_LOOP ( 'NONE', ( #195, #295, #918, #2431 ) ) ;
#1162 = CARTESIAN_POINT ( 'NONE',  ( 4.249999999999979572, 47.50000000000000000, 41.25000000000000000 ) ) ;
#1163 = DIRECTION ( 'NONE',  ( -0.000000000000000000, -0.000000000000000000, -1.000000000000000000 ) ) ;
#1164 = AXIS2_PLACEMENT_3D ( 'NONE', #826, #2883, #2631 ) ;
#1165 = FACE_OUTER_BOUND ( 'NONE', #1161, .T. ) ;
#1166 = AXIS2_PLACEMENT_3D ( 'NONE', #1162, #1424, #2991 ) ;
#1167 = PLANE ( 'NONE',  #1289 ) ;
#1168 = CARTESIAN_POINT ( 'NONE',  ( 4.249999999999979572, 24.00000000000001421, 13.74999999999999822 ) ) ;
#1169 = ORIENTED_EDGE ( 'NONE', *, *, #2327, .T. ) ;
#1170 = AXIS2_PLACEMENT_3D ( 'NONE', #554, #2372, #2118 ) ;
#1171 = EDGE_LOOP ( 'NONE', ( #1225, #2861, #688, #1004 ) ) ;
#1172 = EDGE_CURVE ( 'NONE', #134, #2663, #969, .T. ) ;
#1173 = CARTESIAN_POINT ( 'NONE',  ( -93.85186786579154727, -1.200000000000020606, 55.00000000000000000 ) ) ;
#1174 = ORIENTED_EDGE ( 'NONE', *, *, #1663, .T. ) ;
#1175 = CARTESIAN_POINT ( 'NONE',  ( 24.99999999999999645, 60.00000000000000711, 0.000000000000000000 ) ) ;
#1176 = EDGE_CURVE ( 'NONE', #1423, #1068, #1013, .T. ) ;
#1177 = ORIENTED_EDGE ( 'NONE', *, *, #191, .T. ) ;
#1178 = DIRECTION ( 'NONE',  ( 1.000000000000000000, 1.040834085586084257E-16, 0.000000000000000000 ) ) ;
#1179 = AXIS2_PLACEMENT_3D ( 'NONE', #1999, #982, #2234 ) ;
#1180 = FACE_BOUND ( 'NONE', #3269, .T. ) ;
#1181 = CARTESIAN_POINT ( 'NONE',  ( -37.60901158328387339, -12.70212532808480965, 33.49547541070873535 ) ) ;
#1182 = AXIS2_PLACEMENT_3D ( 'NONE', #3022, #458, #199 ) ;
#1183 = FACE_OUTER_BOUND ( 'NONE', #390, .T. ) ;
#1184 = CIRCLE ( 'NONE', #492, 1.500000000000001332 ) ;
#1185 = CARTESIAN_POINT ( 'NONE',  ( -17.75000000000001776, 57.92893218813452449, 25.85786437626882517 ) ) ;
#1186 = VECTOR ( 'NONE', #1747, 1000.000000000000000 ) ;
#1187 = ORIENTED_EDGE ( 'NONE', *, *, #1256, .T. ) ;
#1188 = FACE_OUTER_BOUND ( 'NONE', #1789, .T. ) ;
#1189 = ORIENTED_EDGE ( 'NONE', *, *, #151, .F. ) ;
#1190 = LINE ( 'NONE', #621, #1505 ) ;
#1191 = EDGE_LOOP ( 'NONE', ( #2887, #1573, #2081, #1682 ) ) ;
#1192 = FACE_OUTER_BOUND ( 'NONE', #1493, .T. ) ;
#1193 = ORIENTED_EDGE ( 'NONE', *, *, #1524, .F. ) ;
#1194 = DIRECTION ( 'NONE',  ( 0.000000000000000000, 0.000000000000000000, 1.000000000000000000 ) ) ;
#1195 = CARTESIAN_POINT ( 'NONE',  ( 0.000000000000000000, 0.000000000000000000, 55.00000000000000000 ) ) ;
#1196 = CYLINDRICAL_SURFACE ( 'NONE', #2203, 6.150000000000003020 ) ;
#1197 = EDGE_CURVE ( 'NONE', #226, #1202, #2797, .T. ) ;
#1198 = DIRECTION ( 'NONE',  ( 7.709882115452476934E-17, 1.000000000000000000, 0.000000000000000000 ) ) ;
#1199 = CARTESIAN_POINT ( 'NONE',  ( -17.75000000000001421, 55.00000000000000711, 27.07106781186525168 ) ) ;
#1200 = VERTEX_POINT ( 'NONE', #37 ) ;
#1201 = DIRECTION ( 'NONE',  ( 2.463512628606117579E-16, -1.000000000000000000, 0.000000000000000000 ) ) ;
#1202 = VERTEX_POINT ( 'NONE', #1782 ) ;
#1203 = DIRECTION ( 'NONE',  ( 4.336808689942018969E-17, -1.000000000000000000, 0.000000000000000000 ) ) ;
#1204 = ORIENTED_EDGE ( 'NONE', *, *, #1037, .T. ) ;
#1205 = EDGE_CURVE ( 'NONE', #2396, #2651, #2949, .T. ) ;
#1206 = EDGE_CURVE ( 'NONE', #3131, #1014, #2349, .T. ) ;
#1207 = LINE ( 'NONE', #694, #2735 ) ;
#1208 = VERTEX_POINT ( 'NONE', #3075 ) ;
#1209 = DIRECTION ( 'NONE',  ( 1.000000000000000000, 1.040834085586084257E-16, 0.000000000000000000 ) ) ;
#1210 = DIRECTION ( 'NONE',  ( 0.000000000000000000, 0.000000000000000000, 1.000000000000000000 ) ) ;
#1211 = ORIENTED_EDGE ( 'NONE', *, *, #2922, .F. ) ;
#1212 = DIRECTION ( 'NONE',  ( 1.000000000000000000, 0.000000000000000000, 0.000000000000000000 ) ) ;
#1213 = ORIENTED_EDGE ( 'NONE', *, *, #1206, .F. ) ;
#1214 = AXIS2_PLACEMENT_3D ( 'NONE', #34, #1572, #1366 ) ;
#1215 = CARTESIAN_POINT ( 'NONE',  ( -60.00000000000000711, 4.999999999999990230, -127.2792206135786017 ) ) ;
#1216 = DIRECTION ( 'NONE',  ( 0.000000000000000000, -1.000000000000000000, 0.000000000000000000 ) ) ;
#1217 = VERTEX_POINT ( 'NONE', #1058 ) ;
#1218 = CARTESIAN_POINT ( 'NONE',  ( -122.4018678657919992, 7.928932188134563575, 55.00000000000000000 ) ) ;
#1219 = ORIENTED_EDGE ( 'NONE', *, *, #2010, .T. ) ;
#1220 = CARTESIAN_POINT ( 'NONE',  ( -105.1654000269627289, -30.00000000000000355, 77.23646783882850286 ) ) ;
#1221 = AXIS2_PLACEMENT_3D ( 'NONE', #1319, #581, #2058 ) ;
#1222 = ORIENTED_EDGE ( 'NONE', *, *, #1357, .F. ) ;
#1223 = DIRECTION ( 'NONE',  ( 1.000000000000000000, 0.000000000000000000, 0.000000000000000000 ) ) ;
#1224 = DIRECTION ( 'NONE',  ( 0.000000000000000000, 0.000000000000000000, -1.000000000000000000 ) ) ;
#1225 = ORIENTED_EDGE ( 'NONE', *, *, #2441, .F. ) ;
#1226 = DIRECTION ( 'NONE',  ( -1.000000000000000000, 0.000000000000000000, 0.000000000000000000 ) ) ;
#1227 = LINE ( 'NONE', #3273, #2356 ) ;
#1228 = ORIENTED_EDGE ( 'NONE', *, *, #747, .T. ) ;
#1229 = ORIENTED_EDGE ( 'NONE', *, *, #2597, .T. ) ;
#1230 = CYLINDRICAL_SURFACE ( 'NONE', #2959, 4.999999999999997335 ) ;
#1231 = ADVANCED_FACE ( 'NONE', ( #2838 ), #53, .F. ) ;
#1232 = AXIS2_PLACEMENT_3D ( 'NONE', #354, #2436, #2166 ) ;
#1233 = DIRECTION ( 'NONE',  ( 1.000000000000000000, 1.786765180256111061E-16, -6.938893903907225912E-17 ) ) ;
#1234 = CARTESIAN_POINT ( 'NONE',  ( -39.99999999999998579, -22.00000000000002132, 55.00000000000001421 ) ) ;
#1235 = AXIS2_PLACEMENT_3D ( 'NONE', #1152, #383, #2172 ) ;
#1236 = ORIENTED_EDGE ( 'NONE', *, *, #2433, .T. ) ;
#1237 = CIRCLE ( 'NONE', #59, 1.500000000000001332 ) ;
#1238 = EDGE_CURVE ( 'NONE', #914, #1644, #1830, .T. ) ;
#1239 = DIRECTION ( 'NONE',  ( 2.463512628606117579E-16, -1.000000000000000000, 0.000000000000000000 ) ) ;
#1240 = AXIS2_PLACEMENT_3D ( 'NONE', #2580, #2087, #565 ) ;
#1241 = ORIENTED_EDGE ( 'NONE', *, *, #3233, .T. ) ;
#1242 = CIRCLE ( 'NONE', #2895, 6.149999999999985256 ) ;
#1243 = DIRECTION ( 'NONE',  ( -2.454725278939251986E-16, 1.000000000000000000, 1.412361382570359924E-32 ) ) ;
#1244 = ADVANCED_FACE ( 'NONE', ( #782 ), #545, .T. ) ;
#1245 = B_SPLINE_CURVE_WITH_KNOTS ( 'NONE', 3,
 ( #1318, #258, #279, #787, #30, #2311, #3067, #2340, #1787, #1038, #1303, #1050, #2813, #15, #2070, #3097, #804, #1817, #2848, #43, #629, #3188, #2875, #1377 ),
 .UNSPECIFIED., .F., .F.,
 ( 4, 2, 2, 2, 2, 2, 2, 2, 2, 2, 2, 4 ),
 ( 0.005424275011047532784, 0.006185662143187856295, 0.006947049275328180673, 0.007708436407468504184, 0.008089129973538659868, 0.008469823539608813817, 0.008850517105678969501, 0.009231210671749125185, 0.009992597803889457370, 0.01075398493602978955, 0.01113467850209994697, 0.01151537206817010439 ),
 .UNSPECIFIED. ) ;
#1246 = CIRCLE ( 'NONE', #1664, 13.99999999999999822 ) ;
#1247 = DIRECTION ( 'NONE',  ( 0.000000000000000000, 0.000000000000000000, 1.000000000000000000 ) ) ;
#1248 = ORIENTED_EDGE ( 'NONE', *, *, #1333, .F. ) ;
#1249 = DATE_AND_TIME ( #795, #1429 ) ;
#1250 = DIRECTION ( 'NONE',  ( 2.463512628606117579E-16, -1.000000000000000000, 0.000000000000000000 ) ) ;
#1251 = ORIENTED_EDGE ( 'NONE', *, *, #700, .F. ) ;
#1252 = EDGE_LOOP ( 'NONE', ( #2, #1248 ) ) ;
#1253 = CARTESIAN_POINT ( 'NONE',  ( -122.4018678657919992, 7.928932188134563575, 55.00000000000000000 ) ) ;
#1254 = ADVANCED_FACE ( 'NONE', ( #3060 ), #3122, .T. ) ;
#1255 = CARTESIAN_POINT ( 'NONE',  ( 26.56686992350503473, 127.1514054397992197, 61.69912468325530597 ) ) ;
#1256 = EDGE_CURVE ( 'NONE', #2601, #417, #541, .T. ) ;
#1257 = DIRECTION ( 'NONE',  ( -2.454725278939251986E-16, 1.000000000000000000, 1.412361382570359924E-32 ) ) ;
#1258 = ORIENTED_EDGE ( 'NONE', *, *, #2216, .T. ) ;
#1259 = DIRECTION ( 'NONE',  ( -1.000000000000000000, -1.040834085586084257E-16, 0.000000000000000000 ) ) ;
#1260 = ORIENTED_EDGE ( 'NONE', *, *, #2384, .T. ) ;
#1261 = DIRECTION ( 'NONE',  ( -6.938893903907225912E-17, -6.938893903907225912E-17, -1.000000000000000000 ) ) ;
#1262 = CARTESIAN_POINT ( 'NONE',  ( -107.8518678657915331, -1.200000000000022160, 55.00000000000000000 ) ) ;
#1263 = ORIENTED_EDGE ( 'NONE', *, *, #1898, .F. ) ;
#1264 = APPROVAL_ROLE ( '' ) ;
#1265 = CARTESIAN_POINT ( 'NONE',  ( 30.00000000000000000, 87.07106781186536182, 55.00000000000000000 ) ) ;
#1266 = VERTEX_POINT ( 'NONE', #2588 ) ;
#1267 = ORIENTED_EDGE ( 'NONE', *, *, #624, .F. ) ;
#1268 = CARTESIAN_POINT ( 'NONE',  ( -38.83333333333332860, -15.00000000000001066, 34.37499999999999289 ) ) ;
#1269 = CARTESIAN_POINT ( 'NONE',  ( -49.41666666666665719, -15.00000000000001066, 48.12500000000000000 ) ) ;
#1270 = CARTESIAN_POINT ( 'NONE',  ( -12.24999999999997868, 108.4018678657927239, 63.00000000000000000 ) ) ;
#1271 = PRODUCT_RELATED_PRODUCT_CATEGORY ( 'detail', '', ( #337 ) ) ;
#1272 = VECTOR ( 'NONE', #2596, 1000.000000000000000 ) ;
#1273 = DIRECTION ( 'NONE',  ( -1.000000000000000000, 0.000000000000000000, 0.000000000000000000 ) ) ;
#1274 = ORIENTED_EDGE ( 'NONE', *, *, #1763, .F. ) ;
#1275 = LOCAL_TIME ( 10, 32, 7.000000000000000000, #1012 ) ;
#1276 = FACE_OUTER_BOUND ( 'NONE', #751, .T. ) ;
#1277 = EDGE_CURVE ( 'NONE', #1891, #512, #2839, .T. ) ;
#1278 = AXIS2_PLACEMENT_3D ( 'NONE', #3025, #1674, #460 ) ;
#1279 = CARTESIAN_POINT ( 'NONE',  ( 24.99999999999999645, 46.46446609406761752, 18.53553390593277328 ) ) ;
#1280 = ORIENTED_EDGE ( 'NONE', *, *, #243, .F. ) ;
#1281 = EDGE_CURVE ( 'NONE', #1126, #496, #3004, .T. ) ;
#1282 = DIRECTION ( 'NONE',  ( 1.000000000000000000, 1.786765180256111061E-16, -6.938893903907225912E-17 ) ) ;
#1283 = VERTEX_POINT ( 'NONE', #876 ) ;
#1284 = CARTESIAN_POINT ( 'NONE',  ( -62.13591196227348235, 15.44472221513671784, 60.00000000000001421 ) ) ;
#1285 = DIRECTION ( 'NONE',  ( -2.220446049250313081E-16, 1.000000000000000000, -6.938893903907225912E-17 ) ) ;
#1286 = CARTESIAN_POINT ( 'NONE',  ( -87.07106781186539024, 9.999999999999984013, 55.00000000000000000 ) ) ;
#1287 = ORIENTED_EDGE ( 'NONE', *, *, #2153, .T. ) ;
#1288 = CARTESIAN_POINT ( 'NONE',  ( 5.500000000000010658, 39.99999999999999289, 15.00000000000000000 ) ) ;
#1289 = AXIS2_PLACEMENT_3D ( 'NONE', #1430, #1362, #1641 ) ;
#1290 = ORIENTED_EDGE ( 'NONE', *, *, #3233, .F. ) ;
#1291 = CARTESIAN_POINT ( 'NONE',  ( -125.9374017717247938, 11.46446609406724626, 65.00000000000000000 ) ) ;
#1292 = CIRCLE ( 'NONE', #595, 1.500000000000003109 ) ;
#1293 = ADVANCED_FACE ( 'NONE', ( #2616 ), #907, .F. ) ;
#1294 = LINE ( 'NONE', #837, #1987 ) ;
#1295 = AXIS2_PLACEMENT_3D ( 'NONE', #1771, #466, #739 ) ;
#1296 = EDGE_LOOP ( 'NONE', ( #2289, #355 ) ) ;
#1297 = APPROVAL_ROLE ( '' ) ;
#1298 = DIRECTION ( 'NONE',  ( -0.000000000000000000, -0.000000000000000000, -1.000000000000000000 ) ) ;
#1299 = ORIENTED_EDGE ( 'NONE', *, *, #2378, .T. ) ;
#1300 = LINE ( 'NONE', #2324, #2341 ) ;
#1301 = DIRECTION ( 'NONE',  ( 0.000000000000000000, -1.000000000000000000, -0.000000000000000000 ) ) ;
#1302 = DIRECTION ( 'NONE',  ( 0.000000000000000000, 0.000000000000000000, 1.000000000000000000 ) ) ;
#1303 = CARTESIAN_POINT ( 'NONE',  ( 28.75003730630248100, 125.7090147032545389, 60.12632926172482684 ) ) ;
#1304 = EDGE_CURVE ( 'NONE', #1306, #2765, #1090, .T. ) ;
#1305 = DIRECTION ( 'NONE',  ( 1.000000000000000000, 0.000000000000000000, 0.000000000000000000 ) ) ;
#1306 = VERTEX_POINT ( 'NONE', #2181 ) ;
#1307 = FACE_OUTER_BOUND ( 'NONE', #2210, .T. ) ;
#1308 = ADVANCED_FACE ( 'NONE', ( #99 ), #623, .F. ) ;
#1309 = ORIENTED_EDGE ( 'NONE', *, *, #348, .T. ) ;
#1310 = DIRECTION ( 'NONE',  ( 1.000000000000000000, 0.000000000000000000, 0.000000000000000000 ) ) ;
#1311 = ADVANCED_FACE ( 'NONE', ( #1106 ), #2417, .F. ) ;
#1312 = CARTESIAN_POINT ( 'NONE',  ( -47.91666666666665719, -15.00000000000001066, 34.37500000000000000 ) ) ;
#1313 = EDGE_LOOP ( 'NONE', ( #2729, #1045, #1591, #2008, #1324, #1667 ) ) ;
#1314 = CARTESIAN_POINT ( 'NONE',  ( -50.91666666666666430, -15.00000000000001066, 20.62499999999999645 ) ) ;
#1315 = EDGE_CURVE ( 'NONE', #2083, #604, #1926, .T. ) ;
#1316 = DIRECTION ( 'NONE',  ( -1.000000000000000000, 4.336808689942018969E-17, 0.000000000000000000 ) ) ;
#1317 = CARTESIAN_POINT ( 'NONE',  ( 5.500000000000007994, 9.999999999999998224, 55.00000000000000000 ) ) ;
#1318 = CARTESIAN_POINT ( 'NONE',  ( 27.00000000000025224, 126.9844435607488151, 61.75000000000078870 ) ) ;
#1319 = CARTESIAN_POINT ( 'NONE',  ( -7.928932188134521830, 122.4018678657926813, 65.00000000000000000 ) ) ;
#1320 = VERTEX_POINT ( 'NONE', #1356 ) ;
#1321 = CARTESIAN_POINT ( 'NONE',  ( -37.46974431900386548, -14.84757111601863144, 34.99999999999999289 ) ) ;
#1322 = ORIENTED_EDGE ( 'NONE', *, *, #2814, .F. ) ;
#1323 = CIRCLE ( 'NONE', #1633, 1.750000000000008438 ) ;
#1324 = ORIENTED_EDGE ( 'NONE', *, *, #23, .F. ) ;
#1325 = CIRCLE ( 'NONE', #1057, 1.500000000000004885 ) ;
#1326 = CARTESIAN_POINT ( 'NONE',  ( -40.00000000000000000, -15.00000000000000000, 29.99999999999998934 ) ) ;
#1327 = AXIS2_PLACEMENT_3D ( 'NONE', #1039, #1334, #1819 ) ;
#1328 = ORIENTED_EDGE ( 'NONE', *, *, #1975, .T. ) ;
#1329 = CARTESIAN_POINT ( 'NONE',  ( -39.99999999999998579, -5.500000000000011546, 55.00000000000000000 ) ) ;
#1330 = DIRECTION ( 'NONE',  ( -0.7071067811865513475, 0.7071067811865437980, -0.000000000000000000 ) ) ;
#1331 = DIRECTION ( 'NONE',  ( 1.000000000000000000, 0.000000000000000000, 0.000000000000000000 ) ) ;
#1332 = EDGE_LOOP ( 'NONE', ( #2452, #2285, #1211, #2410 ) ) ;
#1333 = EDGE_CURVE ( 'NONE', #2936, #987, #2677, .T. ) ;
#1334 = DIRECTION ( 'NONE',  ( 0.000000000000000000, 0.000000000000000000, 1.000000000000000000 ) ) ;
#1335 = ORIENTED_EDGE ( 'NONE', *, *, #2888, .T. ) ;
#1336 = CYLINDRICAL_SURFACE ( 'NONE', #1214, 1.750000000000008438 ) ;
#1337 = ADVANCED_BREP_SHAPE_REPRESENTATION ( 'cutting shaft hanger', ( #3281, #3093 ), #2662 ) ;
#1338 = AXIS2_PLACEMENT_3D ( 'NONE', #118, #81, #317 ) ;
#1339 = AXIS2_PLACEMENT_3D ( 'NONE', #1268, #448, #2478 ) ;
#1340 = ORIENTED_EDGE ( 'NONE', *, *, #2352, .F. ) ;
#1341 = EDGE_CURVE ( 'NONE', #1437, #3048, #1601, .T. ) ;
#1342 = AXIS2_PLACEMENT_3D ( 'NONE', #2920, #2682, #1436 ) ;
#1343 = DIRECTION ( 'NONE',  ( -1.000000000000000000, -1.040834085586084257E-16, 0.000000000000000000 ) ) ;
#1344 = VERTEX_POINT ( 'NONE', #2381 ) ;
#1345 = CARTESIAN_POINT ( 'NONE',  ( -121.8518678657915331, -1.200000000000022160, 63.00000000000000000 ) ) ;
#1346 = DIRECTION ( 'NONE',  ( -0.7071067811865435759, -0.7071067811865515695, 0.000000000000000000 ) ) ;
#1347 = ADVANCED_FACE ( 'NONE', ( #3201 ), #2129, .F. ) ;
#1348 = DIRECTION ( 'NONE',  ( -1.000000000000000000, 0.000000000000000000, 0.000000000000000000 ) ) ;
#1349 = EDGE_CURVE ( 'NONE', #1202, #2709, #1893, .T. ) ;
#1350 = PLANE ( 'NONE',  #3311 ) ;
#1351 = LINE ( 'NONE', #331, #490 ) ;
#1352 = DIRECTION ( 'NONE',  ( -0.000000000000000000, -1.000000000000000000, -0.000000000000000000 ) ) ;
#1353 = ORIENTED_EDGE ( 'NONE', *, *, #483, .F. ) ;
#1354 = CARTESIAN_POINT ( 'NONE',  ( -17.75000000000001421, 46.00000000000000000, 13.74999999999999822 ) ) ;
#1355 = ORIENTED_EDGE ( 'NONE', *, *, #3232, .T. ) ;
#1356 = CARTESIAN_POINT ( 'NONE',  ( -40.00000000000000000, -15.00000000000000000, 29.99999999999998934 ) ) ;
#1357 = EDGE_CURVE ( 'NONE', #26, #1070, #3153, .T. ) ;
#1358 = EDGE_LOOP ( 'NONE', ( #78, #1154, #1814, #980 ) ) ;
#1359 = DIRECTION ( 'NONE',  ( 4.336808689942018969E-17, -1.000000000000000000, 0.000000000000000000 ) ) ;
#1360 = LINE ( 'NONE', #1131, #2687 ) ;
#1361 = FACE_OUTER_BOUND ( 'NONE', #2830, .T. ) ;
#1362 = DIRECTION ( 'NONE',  ( 1.000000000000000000, 0.000000000000000000, 0.000000000000000000 ) ) ;
#1363 = LINE ( 'NONE', #2284, #163 ) ;
#1364 = FACE_OUTER_BOUND ( 'NONE', #1191, .T. ) ;
#1365 = ORIENTED_EDGE ( 'NONE', *, *, #2622, .T. ) ;
#1366 = DIRECTION ( 'NONE',  ( -0.7071067811865454633, -0.7071067811865495711, 0.000000000000000000 ) ) ;
#1367 = ORIENTED_EDGE ( 'NONE', *, *, #903, .F. ) ;
#1368 = ADVANCED_FACE ( 'NONE', ( #3170 ), #1160, .F. ) ;
#1369 = AXIS2_PLACEMENT_3D ( 'NONE', #2362, #1617, #873 ) ;
#1370 = CARTESIAN_POINT ( 'NONE',  ( 4.249999999999979572, 22.50000000000001066, 41.25000000000000000 ) ) ;
#1371 = ORIENTED_EDGE ( 'NONE', *, *, #796, .T. ) ;
#1372 = AXIS2_PLACEMENT_3D ( 'NONE', #2218, #1178, #203 ) ;
#1373 = DIRECTION ( 'NONE',  ( -2.454725278939251986E-16, 1.000000000000000000, 1.412361382570359924E-32 ) ) ;
#1374 = EDGE_CURVE ( 'NONE', #856, #1475, #758, .T. ) ;
#1375 = VECTOR ( 'NONE', #1537, 1000.000000000000000 ) ;
#1376 = DIRECTION ( 'NONE',  ( -2.454725278939251986E-16, 1.000000000000000000, 1.412361382570359924E-32 ) ) ;
#1377 = CARTESIAN_POINT ( 'NONE',  ( 27.00000000000009237, 126.9844435607486446, 58.24999999999965894 ) ) ;
#1378 = EDGE_CURVE ( 'NONE', #511, #2131, #590, .T. ) ;
#1379 = PLANE ( 'NONE',  #159 ) ;
#1380 = CARTESIAN_POINT ( 'NONE',  ( -38.83333333333332860, -15.00000000000001066, 6.874999999999999112 ) ) ;
#1381 = DIRECTION ( 'NONE',  ( 0.000000000000000000, -1.000000000000000000, -0.000000000000000000 ) ) ;
#1382 = VERTEX_POINT ( 'NONE', #391 ) ;
#1383 = FACE_BOUND ( 'NONE', #216, .T. ) ;
#1384 = ORIENTED_EDGE ( 'NONE', *, *, #2935, .F. ) ;
#1385 = CARTESIAN_POINT ( 'NONE',  ( -39.99999999999999289, -7.000000000000017764, 15.00000000000000355 ) ) ;
#1386 = VERTEX_POINT ( 'NONE', #1927 ) ;
#1387 = EDGE_CURVE ( 'NONE', #546, #1924, #2908, .T. ) ;
#1388 = AXIS2_PLACEMENT_3D ( 'NONE', #2871, #1564, #528 ) ;
#1389 = DIRECTION ( 'NONE',  ( 0.000000000000000000, 0.000000000000000000, -1.000000000000000000 ) ) ;
#1390 = VECTOR ( 'NONE', #507, 1000.000000000000000 ) ;
#1391 = ORIENTED_EDGE ( 'NONE', *, *, #3035, .F. ) ;
#1392 = VECTOR ( 'NONE', #2037, 1000.000000000000000 ) ;
#1393 = FACE_OUTER_BOUND ( 'NONE', #1909, .T. ) ;
#1394 = VECTOR ( 'NONE', #1511, 1000.000000000000000 ) ;
#1395 = CARTESIAN_POINT ( 'NONE',  ( 30.00000000000001776, 55.00000000000000711, 0.000000000000000000 ) ) ;
#1396 = AXIS2_PLACEMENT_3D ( 'NONE', #2778, #225, #2998 ) ;
#1397 = CARTESIAN_POINT ( 'NONE',  ( -39.99999999999999289, -7.000000000000017764, 15.00000000000000355 ) ) ;
#1398 = AXIS2_PLACEMENT_3D ( 'NONE', #947, #1479, #172 ) ;
#1399 = CARTESIAN_POINT ( 'NONE',  ( 26.45993611204974982, 127.1852362365195859, 58.33154838314492707 ) ) ;
#1400 = CYLINDRICAL_SURFACE ( 'NONE', #2039, 1.500000000000001332 ) ;
#1401 = FACE_OUTER_BOUND ( 'NONE', #1599, .T. ) ;
#1402 = ORIENTED_EDGE ( 'NONE', *, *, #1520, .T. ) ;
#1403 = FACE_BOUND ( 'NONE', #1147, .T. ) ;
#1404 = ORIENTED_EDGE ( 'NONE', *, *, #2599, .T. ) ;
#1405 = DIRECTION ( 'NONE',  ( 0.000000000000000000, -1.000000000000000000, 0.000000000000000000 ) ) ;
#1406 = ORIENTED_EDGE ( 'NONE', *, *, #2829, .F. ) ;
#1407 = EDGE_CURVE ( 'NONE', #2601, #1118, #2958, .T. ) ;
#1408 = DIRECTION ( 'NONE',  ( -2.454725278939251986E-16, 1.000000000000000000, 1.412361382570359924E-32 ) ) ;
#1409 = ORIENTED_EDGE ( 'NONE', *, *, #1172, .F. ) ;
#1410 = CARTESIAN_POINT ( 'NONE',  ( -40.00000000000000000, -15.00000000000000000, 32.49999999999998579 ) ) ;
#1411 = DIRECTION ( 'NONE',  ( 1.000000000000000000, 0.000000000000000000, 0.000000000000000000 ) ) ;
#1412 = CARTESIAN_POINT ( 'NONE',  ( -17.75000000000001421, 49.00000000000000000, 41.25000000000000000 ) ) ;
#1413 = EDGE_CURVE ( 'NONE', #914, #561, #1446, .T. ) ;
#1414 = CARTESIAN_POINT ( 'NONE',  ( -39.99999999999999289, -8.500000000000015987, 15.00000000000000355 ) ) ;
#1415 = CARTESIAN_POINT ( 'NONE',  ( 1.750000000000015543, 108.4018678657931360, 63.00000000000000000 ) ) ;
#1416 = ORIENTED_EDGE ( 'NONE', *, *, #1934, .T. ) ;
#1417 = DIRECTION ( 'NONE',  ( 1.000000000000000000, 2.463512628606117579E-16, 0.000000000000000000 ) ) ;
#1418 = ORIENTED_EDGE ( 'NONE', *, *, #803, .F. ) ;
#1419 = ADVANCED_FACE ( 'NONE', ( #2734 ), #2486, .F. ) ;
#1420 = DIRECTION ( 'NONE',  ( 0.000000000000000000, 0.000000000000000000, -1.000000000000000000 ) ) ;
#1421 = ORIENTED_EDGE ( 'NONE', *, *, #2288, .T. ) ;
#1422 = CARTESIAN_POINT ( 'NONE',  ( -17.75000000000001421, 22.50000000000000711, 13.74999999999999822 ) ) ;
#1423 = VERTEX_POINT ( 'NONE', #3037 ) ;
#1424 = DIRECTION ( 'NONE',  ( -1.000000000000000000, -1.040834085586084257E-16, 0.000000000000000000 ) ) ;
#1425 = CARTESIAN_POINT ( 'NONE',  ( -49.41666666666666430, -15.00000000000001066, 6.874999999999999112 ) ) ;
#1426 = VERTEX_POINT ( 'NONE', #3267 ) ;
#1427 = VECTOR ( 'NONE', #3078, 1000.000000000000000 ) ;
#1428 = CARTESIAN_POINT ( 'NONE',  ( -37.34511262010604327, -13.11136157344414244, 34.14587343149033671 ) ) ;
#1429 = LOCAL_TIME ( 10, 32, 7.000000000000000000, #22 ) ;
#1430 = CARTESIAN_POINT ( 'NONE',  ( -40.00000000000000000, -15.00000000000000000, 32.49999999999998579 ) ) ;
#1431 = DIRECTION ( 'NONE',  ( 2.654126918244514854E-16, -1.000000000000000000, 6.938893903907225912E-17 ) ) ;
#1432 = EDGE_CURVE ( 'NONE', #877, #2413, #2843, .T. ) ;
#1433 = ORIENTED_EDGE ( 'NONE', *, *, #1238, .T. ) ;
#1434 = DIRECTION ( 'NONE',  ( -1.000000000000000000, 0.000000000000000000, 0.000000000000000000 ) ) ;
#1435 = EDGE_LOOP ( 'NONE', ( #2304, #2226 ) ) ;
#1436 = DIRECTION ( 'NONE',  ( -1.000000000000000000, 0.000000000000000000, 0.000000000000000000 ) ) ;
#1437 = VERTEX_POINT ( 'NONE', #3287 ) ;
#1438 = DIRECTION ( 'NONE',  ( 1.000000000000000000, 1.786765180256111061E-16, -6.938893903907225912E-17 ) ) ;
#1439 = VERTEX_POINT ( 'NONE', #1957 ) ;
#1440 = EDGE_CURVE ( 'NONE', #2633, #3231, #863, .T. ) ;
#1441 = DIRECTION ( 'NONE',  ( 0.000000000000000000, 0.000000000000000000, -1.000000000000000000 ) ) ;
#1442 = AXIS2_PLACEMENT_3D ( 'NONE', #3087, #1044, #2031 ) ;
#1443 = VECTOR ( 'NONE', #1785, 1000.000000000000000 ) ;
#1444 = LINE ( 'NONE', #1744, #3262 ) ;
#1445 = CARTESIAN_POINT ( 'NONE',  ( -87.07106781186539024, -30.00000000000000355, 55.00000000000000000 ) ) ;
#1446 = CIRCLE ( 'NONE', #2310, 1.500000000000001332 ) ;
#1447 = CARTESIAN_POINT ( 'NONE',  ( 26.14389092522541347, 127.2741789136143353, 61.54303309775856690 ) ) ;
#1448 = CIRCLE ( 'NONE', #813, 5.000000000000004441 ) ;
#1449 = EDGE_CURVE ( 'NONE', #885, #530, #709, .T. ) ;
#1450 = PLANE ( 'NONE',  #2581 ) ;
#1451 = CIRCLE ( 'NONE', #11, 1.500000000000001332 ) ;
#1452 = ORIENTED_EDGE ( 'NONE', *, *, #1637, .F. ) ;
#1453 = CARTESIAN_POINT ( 'NONE',  ( -17.75000000000001421, 10.00000000000000000, 54.99999999999999289 ) ) ;
#1454 = ADVANCED_FACE ( 'NONE', ( #2700 ), #924, .F. ) ;
#1455 = ORIENTED_EDGE ( 'NONE', *, *, #1799, .F. ) ;
#1456 = PLANE ( 'NONE',  #148 ) ;
#1457 = ORIENTED_EDGE ( 'NONE', *, *, #453, .F. ) ;
#1458 = DIRECTION ( 'NONE',  ( -1.000000000000000000, -1.786765180256111307E-16, 6.938893903907225912E-17 ) ) ;
#1459 = ORIENTED_EDGE ( 'NONE', *, *, #2643, .F. ) ;
#1460 = DIRECTION ( 'NONE',  ( -2.454725278939251986E-16, 1.000000000000000000, 1.412361382570359924E-32 ) ) ;
#1461 = ADVANCED_FACE ( 'NONE', ( #1192 ), #992, .F. ) ;
#1462 = CARTESIAN_POINT ( 'NONE',  ( -50.91666666666665719, -15.00000000000001066, 48.12500000000000000 ) ) ;
#1463 = DIRECTION ( 'NONE',  ( -0.7071067811865435759, -0.7071067811865515695, 0.000000000000000000 ) ) ;
#1464 = CARTESIAN_POINT ( 'NONE',  ( 22.00000000000001421, 40.00000000000000000, 55.00000000000000711 ) ) ;
#1465 = DIRECTION ( 'NONE',  ( -1.000000000000000000, -2.454725278939251986E-16, 0.000000000000000000 ) ) ;
#1466 = DIRECTION ( 'NONE',  ( 1.000000000000000000, -0.000000000000000000, -0.000000000000000000 ) ) ;
#1467 = ORIENTED_EDGE ( 'NONE', *, *, #853, .F. ) ;
#1468 = LINE ( 'NONE', #288, #1536 ) ;
#1469 = ORIENTED_EDGE ( 'NONE', *, *, #1135, .T. ) ;
#1470 = CARTESIAN_POINT ( 'NONE',  ( 15.75000000000000711, 108.4018678657927239, 63.00000000000000000 ) ) ;
#1471 = ORIENTED_EDGE ( 'NONE', *, *, #2003, .F. ) ;
#1472 = FACE_BOUND ( 'NONE', #3193, .T. ) ;
#1473 = DIRECTION ( 'NONE',  ( 4.336808689942019585E-17, -1.000000000000000000, -0.000000000000000000 ) ) ;
#1474 = EDGE_CURVE ( 'NONE', #1217, #1929, #106, .T. ) ;
#1475 = VERTEX_POINT ( 'NONE', #730 ) ;
#1476 = CYLINDRICAL_SURFACE ( 'NONE', #361, 1.500000000000001332 ) ;
#1477 = CARTESIAN_POINT ( 'NONE',  ( -64.33333333333331439, 9.999999999999991118, 41.25000000000000000 ) ) ;
#1478 = ORIENTED_EDGE ( 'NONE', *, *, #3305, .T. ) ;
#1479 = DIRECTION ( 'NONE',  ( 1.000000000000000000, 1.786765180256111061E-16, -6.938893903907225912E-17 ) ) ;
#1480 = EDGE_CURVE ( 'NONE', #2246, #2678, #3058, .T. ) ;
#1481 = AXIS2_PLACEMENT_3D ( 'NONE', #1047, #562, #1015 ) ;
#1482 = DIRECTION ( 'NONE',  ( -0.000000000000000000, -0.000000000000000000, -1.000000000000000000 ) ) ;
#1483 = DIRECTION ( 'NONE',  ( -0.000000000000000000, -0.000000000000000000, -1.000000000000000000 ) ) ;
#1484 = ORIENTED_EDGE ( 'NONE', *, *, #1892, .F. ) ;
#1485 = ADVANCED_FACE ( 'NONE', ( #214 ), #180, .F. ) ;
#1486 = AXIS2_PLACEMENT_3D ( 'NONE', #1657, #70, #611 ) ;
#1487 = CARTESIAN_POINT ( 'NONE',  ( -38.83333333333333570, 9.999999999999994671, 20.62499999999999645 ) ) ;
#1488 = CIRCLE ( 'NONE', #2613, 1.499999999999997780 ) ;
#1489 = ORIENTED_EDGE ( 'NONE', *, *, #1562, .T. ) ;
#1490 = PLANE ( 'NONE',  #475 ) ;
#1491 = DIRECTION ( 'NONE',  ( 0.000000000000000000, 0.000000000000000000, -1.000000000000000000 ) ) ;
#1492 = EDGE_CURVE ( 'NONE', #3032, #2765, #1207, .T. ) ;
#1493 = EDGE_LOOP ( 'NONE', ( #2060, #2570, #1089, #162, #2025, #2106, #1120 ) ) ;
#1494 = CARTESIAN_POINT ( 'NONE',  ( -49.41666666666666430, -15.00000000000001066, 6.874999999999999112 ) ) ;
#1495 = EDGE_CURVE ( 'NONE', #205, #1737, #1741, .T. ) ;
#1496 = DIRECTION ( 'NONE',  ( 4.336808689942018969E-17, -1.000000000000000000, 0.000000000000000000 ) ) ;
#1497 = ORIENTED_EDGE ( 'NONE', *, *, #332, .T. ) ;
#1498 = FACE_OUTER_BOUND ( 'NONE', #1358, .T. ) ;
#1499 = VECTOR ( 'NONE', #797, 1000.000000000000000 ) ;
#1500 = VECTOR ( 'NONE', #3205, 1000.000000000000000 ) ;
#1501 = CARTESIAN_POINT ( 'NONE',  ( -60.00000000000000000, 60.00000000000000711, -127.2792206135786017 ) ) ;
#1502 = CYLINDRICAL_SURFACE ( 'NONE', #2416, 1.500000000000001332 ) ;
#1503 = AXIS2_PLACEMENT_3D ( 'NONE', #1262, #247, #2878 ) ;
#1504 = ORIENTED_EDGE ( 'NONE', *, *, #890, .T. ) ;
#1505 = VECTOR ( 'NONE', #1890, 1000.000000000000000 ) ;
#1506 = FACE_OUTER_BOUND ( 'NONE', #3024, .T. ) ;
#1507 = EDGE_CURVE ( 'NONE', #2633, #1102, #2767, .T. ) ;
#1508 = VERTEX_POINT ( 'NONE', #1175 ) ;
#1509 = FACE_OUTER_BOUND ( 'NONE', #2447, .T. ) ;
#1510 = AXIS2_PLACEMENT_3D ( 'NONE', #1095, #137, #579 ) ;
#1511 = DIRECTION ( 'NONE',  ( 1.000000000000000000, 0.000000000000000000, 0.000000000000000000 ) ) ;
#1512 = ORIENTED_EDGE ( 'NONE', *, *, #1580, .F. ) ;
#1513 = CYLINDRICAL_SURFACE ( 'NONE', #104, 13.99999999999999112 ) ;
#1514 = ORIENTED_EDGE ( 'NONE', *, *, #2071, .F. ) ;
#1515 = ORIENTED_EDGE ( 'NONE', *, *, #2470, .T. ) ;
#1516 = CARTESIAN_POINT ( 'NONE',  ( -38.08376053152716167, -12.56387988856178417, 33.06547904237165625 ) ) ;
#1517 = CYLINDRICAL_SURFACE ( 'NONE', #2733, 1.500000000000001332 ) ;
#1518 = DIRECTION ( 'NONE',  ( 1.000000000000000000, 1.786765180256111061E-16, -6.938893903907225912E-17 ) ) ;
#1519 = FACE_OUTER_BOUND ( 'NONE', #488, .T. ) ;
#1520 = EDGE_CURVE ( 'NONE', #2678, #67, #3006, .T. ) ;
#1521 = CARTESIAN_POINT ( 'NONE',  ( -40.00000000000000000, -15.00000000000001066, 34.99999999999999289 ) ) ;
#1522 = VERTEX_POINT ( 'NONE', #1944 ) ;
#1523 = DIRECTION ( 'NONE',  ( 1.000000000000000000, 0.000000000000000000, 0.000000000000000000 ) ) ;
#1524 = EDGE_CURVE ( 'NONE', #2736, #1200, #2973, .T. ) ;
#1525 = LINE ( 'NONE', #1541, #3007 ) ;
#1526 = VERTEX_POINT ( 'NONE', #959 ) ;
#1527 = DIRECTION ( 'NONE',  ( -2.454725278939251986E-16, 1.000000000000000000, 1.412361382570359924E-32 ) ) ;
#1528 =( BOUNDED_CURVE ( )  B_SPLINE_CURVE ( 3, ( #1199, #1185, #2427, #107 ),
 .UNSPECIFIED., .F., .F. ) 
 B_SPLINE_CURVE_WITH_KNOTS ( ( 4, 4 ),
 ( 4.712388980384688786, 6.283185307179586232 ),
 .UNSPECIFIED. ) 
 CURVE ( )  GEOMETRIC_REPRESENTATION_ITEM ( )  RATIONAL_B_SPLINE_CURVE ( ( 1.000000000000000000, 0.8047378541243648264, 0.8047378541243648264, 1.000000000000000000 ) ) 
 REPRESENTATION_ITEM ( '' )  );
#1529 = CARTESIAN_POINT ( 'NONE',  ( -105.1654000269627431, -25.00000000000000000, 77.23646783882850286 ) ) ;
#1530 = ORIENTED_EDGE ( 'NONE', *, *, #1791, .F. ) ;
#1531 = DIRECTION ( 'NONE',  ( -0.7071067811865454633, -0.7071067811865495711, 0.000000000000000000 ) ) ;
#1532 = CARTESIAN_POINT ( 'NONE',  ( 7.000000000000009770, 39.99999999999999289, 15.00000000000000000 ) ) ;
#1533 = CARTESIAN_POINT ( 'NONE',  ( 20.50000000000001066, 10.00000000000000000, 55.00000000000000711 ) ) ;
#1534 = EDGE_CURVE ( 'NONE', #2463, #2970, #1978, .T. ) ;
#1535 = EDGE_LOOP ( 'NONE', ( #1219, #1655 ) ) ;
#1536 = VECTOR ( 'NONE', #27, 1000.000000000000000 ) ;
#1537 = DIRECTION ( 'NONE',  ( -2.454725278939251986E-16, 1.000000000000000000, 1.412361382570359924E-32 ) ) ;
#1538 = ORIENTED_EDGE ( 'NONE', *, *, #890, .F. ) ;
#1539 = FACE_BOUND ( 'NONE', #606, .T. ) ;
#1540 = CIRCLE ( 'NONE', #93, 1.750000000000003553 ) ;
#1541 = CARTESIAN_POINT ( 'NONE',  ( -9.999999999999998224, 127.4018678657926955, 55.00000000000000000 ) ) ;
#1542 = ORIENTED_EDGE ( 'NONE', *, *, #3018, .T. ) ;
#1543 = VECTOR ( 'NONE', #3051, 1000.000000000000000 ) ;
#1544 = CALENDAR_DATE ( 2026, 2, 6 ) ;
#1545 = LINE ( 'NONE', #1326, #2407 ) ;
#1546 = EDGE_CURVE ( 'NONE', #1382, #1072, #3160, .T. ) ;
#1547 = ORIENTED_EDGE ( 'NONE', *, *, #2757, .T. ) ;
#1548 = CARTESIAN_POINT ( 'NONE',  ( -44.11790219225085252, 93.28396567354178615, 60.00000000000001421 ) ) ;
#1549 = DIRECTION ( 'NONE',  ( 0.000000000000000000, -1.000000000000000000, 0.000000000000000000 ) ) ;
#1550 = CARTESIAN_POINT ( 'NONE',  ( -38.83333333333333570, 9.999999999999994671, 6.874999999999999112 ) ) ;
#1551 = VERTEX_POINT ( 'NONE', #3144 ) ;
#1552 = EDGE_CURVE ( 'NONE', #1084, #1060, #1351, .T. ) ;
#1553 = DIRECTION ( 'NONE',  ( -2.454725278939251986E-16, 1.000000000000000000, 1.412361382570359924E-32 ) ) ;
#1554 = AXIS2_PLACEMENT_3D ( 'NONE', #1195, #1210, #2772 ) ;
#1555 = CIRCLE ( 'NONE', #2411, 6.150000000000003020 ) ;
#1556 = ORIENTED_EDGE ( 'NONE', *, *, #472, .F. ) ;
#1557 = EDGE_CURVE ( 'NONE', #1937, #205, #1294, .T. ) ;
#1558 = DIRECTION ( 'NONE',  ( -2.454725278939251986E-16, 1.000000000000000000, 1.412361382570359924E-32 ) ) ;
#1559 = AXIS2_PLACEMENT_3D ( 'NONE', #2465, #922, #1940 ) ;
#1560 = ORIENTED_EDGE ( 'NONE', *, *, #2483, .F. ) ;
#1561 = AXIS2_PLACEMENT_3D ( 'NONE', #1253, #680, #1965 ) ;
#1562 = EDGE_CURVE ( 'NONE', #1551, #1508, #74, .T. ) ;
#1563 = PERSON_AND_ORGANIZATION ( #940, #2074 ) ;
#1564 = DIRECTION ( 'NONE',  ( -0.7071067811865513475, 0.7071067811865437980, 0.000000000000000000 ) ) ;
#1565 = EDGE_LOOP ( 'NONE', ( #1514, #2360, #212, #2933 ) ) ;
#1566 = DIRECTION ( 'NONE',  ( -2.454725278939251986E-16, 1.000000000000000000, 1.412361382570359924E-32 ) ) ;
#1567 = CARTESIAN_POINT ( 'NONE',  ( -12.75000000000001776, 60.00000000000000711, 24.99999999999977263 ) ) ;
#1568 = CARTESIAN_POINT ( 'NONE',  ( -114.0018678657915387, -1.200000000000021494, 65.00000000000000000 ) ) ;
#1569 = DIRECTION ( 'NONE',  ( -2.454725278939251986E-16, 1.000000000000000000, 1.412361382570359924E-32 ) ) ;
#1570 = CARTESIAN_POINT ( 'NONE',  ( 14.99999999999999289, 40.00000000000000000, 32.49999999999997868 ) ) ;
#1571 = EDGE_LOOP ( 'NONE', ( #3263, #3101, #2595, #3184 ) ) ;
#1572 = DIRECTION ( 'NONE',  ( -0.7071067811865513475, 0.7071067811865437980, -0.000000000000000000 ) ) ;
#1573 = ORIENTED_EDGE ( 'NONE', *, *, #1580, .T. ) ;
#1574 = EDGE_CURVE ( 'NONE', #3231, #1761, #90, .T. ) ;
#1575 = DIRECTION ( 'NONE',  ( 0.000000000000000000, 0.000000000000000000, 1.000000000000000000 ) ) ;
#1576 = EDGE_LOOP ( 'NONE', ( #1746, #2901, #1718, #2752 ) ) ;
#1577 = DIRECTION ( 'NONE',  ( 1.000000000000000000, 0.000000000000000000, 0.000000000000000000 ) ) ;
#1578 = CARTESIAN_POINT ( 'NONE',  ( -39.99999999999998579, -22.00000000000002132, 55.00000000000001421 ) ) ;
#1579 = DIRECTION ( 'NONE',  ( 1.000000000000000000, 0.000000000000000000, 0.000000000000000000 ) ) ;
#1580 = EDGE_CURVE ( 'NONE', #1985, #2936, #3053, .T. ) ;
#1581 = ORIENTED_EDGE ( 'NONE', *, *, #259, .F. ) ;
#1582 = CARTESIAN_POINT ( 'NONE',  ( -49.41666666666665719, -15.00000000000001066, 34.37500000000000000 ) ) ;
#1583 = EDGE_CURVE ( 'NONE', #904, #2275, #1363, .T. ) ;
#1584 = ORIENTED_EDGE ( 'NONE', *, *, #1693, .T. ) ;
#1585 = DIRECTION ( 'NONE',  ( -1.000000000000000000, -1.786765180256111307E-16, 6.938893903907225912E-17 ) ) ;
#1586 = CIRCLE ( 'NONE', #574, 1.499999999999994449 ) ;
#1587 = EDGE_LOOP ( 'NONE', ( #585, #2375 ) ) ;
#1588 = VECTOR ( 'NONE', #1209, 1000.000000000000000 ) ;
#1589 = CARTESIAN_POINT ( 'NONE',  ( -10.00000000000000178, -15.00000000000000000, 32.49999999999998579 ) ) ;
#1590 = AXIS2_PLACEMENT_3D ( 'NONE', #144, #403, #1420 ) ;
#1591 = ORIENTED_EDGE ( 'NONE', *, *, #516, .F. ) ;
#1592 = EDGE_CURVE ( 'NONE', #1437, #1974, #1097, .T. ) ;
#1593 = DIRECTION ( 'NONE',  ( -1.000000000000000000, 0.000000000000000000, 0.000000000000000000 ) ) ;
#1594 = DIRECTION ( 'NONE',  ( 0.000000000000000000, -1.000000000000000000, 0.000000000000000000 ) ) ;
#1595 = DIRECTION ( 'NONE',  ( 4.336808689942019585E-17, -1.000000000000000000, -0.000000000000000000 ) ) ;
#1596 = DIRECTION ( 'NONE',  ( 4.336808689942019585E-17, -1.000000000000000000, -0.000000000000000000 ) ) ;
#1597 = DIRECTION ( 'NONE',  ( -0.7071067811865513475, 0.7071067811865437980, -0.000000000000000000 ) ) ;
#1598 = FACE_BOUND ( 'NONE', #2191, .T. ) ;
#1599 = EDGE_LOOP ( 'NONE', ( #831, #150, #1888, #711 ) ) ;
#1600 = DIRECTION ( 'NONE',  ( 1.000000000000000000, 0.000000000000000000, 0.000000000000000000 ) ) ;
#1601 = CIRCLE ( 'NONE', #1768, 1.500000000000003109 ) ;
#1602 = CIRCLE ( 'NONE', #1127, 1.500000000000001332 ) ;
#1603 = ORIENTED_EDGE ( 'NONE', *, *, #2080, .T. ) ;
#1604 = VECTOR ( 'NONE', #1597, 1000.000000000000000 ) ;
#1605 = VECTOR ( 'NONE', #2621, 1000.000000000000000 ) ;
#1606 = CARTESIAN_POINT ( 'NONE',  ( -60.89847509519702839, 16.68215908221318600, 60.00000000000001421 ) ) ;
#1607 = VECTOR ( 'NONE', #965, 1000.000000000000000 ) ;
#1608 = VERTEX_POINT ( 'NONE', #349 ) ;
#1609 = FACE_OUTER_BOUND ( 'NONE', #1144, .T. ) ;
#1610 = LINE ( 'NONE', #2186, #1500 ) ;
#1611 = FACE_OUTER_BOUND ( 'NONE', #2541, .T. ) ;
#1612 = DIRECTION ( 'NONE',  ( 2.463512628606117579E-16, -1.000000000000000000, 0.000000000000000000 ) ) ;
#1613 = DIRECTION ( 'NONE',  ( 0.000000000000000000, 0.000000000000000000, -1.000000000000000000 ) ) ;
#1614 = EDGE_CURVE ( 'NONE', #116, #2274, #1129, .T. ) ;
#1615 = DIRECTION ( 'NONE',  ( 4.336808689942018969E-17, -1.000000000000000000, 0.000000000000000000 ) ) ;
#1616 = ORIENTED_EDGE ( 'NONE', *, *, #3095, .F. ) ;
#1617 = DIRECTION ( 'NONE',  ( 0.000000000000000000, 0.000000000000000000, -1.000000000000000000 ) ) ;
#1618 = ORIENTED_EDGE ( 'NONE', *, *, #898, .T. ) ;
#1619 = EDGE_CURVE ( 'NONE', #1208, #1344, #2048, .T. ) ;
#1620 = DIRECTION ( 'NONE',  ( -0.000000000000000000, 1.000000000000000000, -0.000000000000000000 ) ) ;
#1621 = ORIENTED_EDGE ( 'NONE', *, *, #2059, .T. ) ;
#1622 = DIRECTION ( 'NONE',  ( 1.000000000000000000, 0.000000000000000000, 0.000000000000000000 ) ) ;
#1623 = DIRECTION ( 'NONE',  ( -0.000000000000000000, -0.000000000000000000, 1.000000000000000000 ) ) ;
#1624 = DIRECTION ( 'NONE',  ( 1.000000000000000000, 1.040834085586084257E-16, 0.000000000000000000 ) ) ;
#1625 = DIRECTION ( 'NONE',  ( 0.000000000000000000, -1.000000000000000000, 0.000000000000000000 ) ) ;
#1626 = EDGE_CURVE ( 'NONE', #2868, #2275, #1525, .T. ) ;
#1627 = DIRECTION ( 'NONE',  ( 0.000000000000000000, 0.000000000000000000, -1.000000000000000000 ) ) ;
#1628 = DIRECTION ( 'NONE',  ( 0.000000000000000000, 0.000000000000000000, 1.000000000000000000 ) ) ;
#1629 = ORIENTED_EDGE ( 'NONE', *, *, #1205, .T. ) ;
#1630 = DIRECTION ( 'NONE',  ( 2.463512628606117579E-16, -1.000000000000000000, 0.000000000000000000 ) ) ;
#1631 = FACE_OUTER_BOUND ( 'NONE', #2750, .T. ) ;
#1632 = ORIENTED_EDGE ( 'NONE', *, *, #442, .T. ) ;
#1633 = AXIS2_PLACEMENT_3D ( 'NONE', #352, #66, #2107 ) ;
#1634 = DIRECTION ( 'NONE',  ( 1.000000000000000000, 1.040834085586084257E-16, 0.000000000000000000 ) ) ;
#1635 = ORIENTED_EDGE ( 'NONE', *, *, #2153, .F. ) ;
#1636 = CARTESIAN_POINT ( 'NONE',  ( 24.99999999999999645, 127.4018678657926955, 55.00000000000000000 ) ) ;
#1637 = EDGE_CURVE ( 'NONE', #496, #1126, #3214, .T. ) ;
#1638 = AXIS2_PLACEMENT_3D ( 'NONE', #3036, #728, #1523 ) ;
#1639 = CARTESIAN_POINT ( 'NONE',  ( -107.8518678657915331, -1.200000000000022160, 55.00000000000000000 ) ) ;
#1640 = FACE_OUTER_BOUND ( 'NONE', #839, .T. ) ;
#1641 = DIRECTION ( 'NONE',  ( 0.000000000000000000, 0.000000000000000000, -1.000000000000000000 ) ) ;
#1642 = FACE_OUTER_BOUND ( 'NONE', #2065, .T. ) ;
#1643 = DIRECTION ( 'NONE',  ( -4.336808689942018969E-17, -1.000000000000000000, 0.000000000000000000 ) ) ;
#1644 = VERTEX_POINT ( 'NONE', #1 ) ;
#1645 = CARTESIAN_POINT ( 'NONE',  ( -60.00000000000000711, -24.99999999999999645, 24.99999999999977263 ) ) ;
#1646 = EDGE_CURVE ( 'NONE', #1014, #2207, #973, .T. ) ;
#1647 = EDGE_LOOP ( 'NONE', ( #452, #2212, #2884, #939 ) ) ;
#1648 = LINE ( 'NONE', #659, #901 ) ;
#1649 = EDGE_CURVE ( 'NONE', #2942, #1040, #1292, .T. ) ;
#1650 = ORIENTED_EDGE ( 'NONE', *, *, #1130, .F. ) ;
#1651 = AXIS2_PLACEMENT_3D ( 'NONE', #1031, #2322, #830 ) ;
#1652 = CARTESIAN_POINT ( 'NONE',  ( -17.75000000000001421, 10.00000000000000000, 54.99999999999999289 ) ) ;
#1653 = CIRCLE ( 'NONE', #2523, 13.99999999999999112 ) ;
#1654 = ADVANCED_FACE ( 'NONE', ( #2645 ), #2104, .T. ) ;
#1655 = ORIENTED_EDGE ( 'NONE', *, *, #291, .T. ) ;
#1656 = CIRCLE ( 'NONE', #1821, 1.500000000000001332 ) ;
#1657 = CARTESIAN_POINT ( 'NONE',  ( -12.75000000000001599, 79.19466048701310967, 51.26572829887861360 ) ) ;
#1658 = VECTOR ( 'NONE', #1466, 1000.000000000000000 ) ;
#1659 = CARTESIAN_POINT ( 'NONE',  ( -62.83333333333330728, -15.00000000000001421, 41.25000000000000000 ) ) ;
#1660 = VECTOR ( 'NONE', #3186, 1000.000000000000000 ) ;
#1661 = CARTESIAN_POINT ( 'NONE',  ( -170.0000000000000000, 47.49999999999998579, 41.25000000000000000 ) ) ;
#1662 = CIRCLE ( 'NONE', #712, 1.500000000000001332 ) ;
#1663 = EDGE_CURVE ( 'NONE', #604, #2083, #2847, .T. ) ;
#1664 = AXIS2_PLACEMENT_3D ( 'NONE', #1639, #911, #894 ) ;
#1665 = CARTESIAN_POINT ( 'NONE',  ( 25.62175368755207217, 127.3635002020320428, 58.91534843520075526 ) ) ;
#1666 = CARTESIAN_POINT ( 'NONE',  ( -10.00000000000000000, -30.00000000000000000, 65.00000000000000000 ) ) ;
#1667 = ORIENTED_EDGE ( 'NONE', *, *, #624, .T. ) ;
#1668 = FACE_BOUND ( 'NONE', #1123, .T. ) ;
#1669 = ORIENTED_EDGE ( 'NONE', *, *, #2749, .F. ) ;
#1670 = FACE_BOUND ( 'NONE', #742, .T. ) ;
#1671 = ORIENTED_EDGE ( 'NONE', *, *, #348, .F. ) ;
#1672 = DIRECTION ( 'NONE',  ( -1.000000000000000000, -0.000000000000000000, -0.000000000000000000 ) ) ;
#1673 = ORIENTED_EDGE ( 'NONE', *, *, #2076, .F. ) ;
#1674 = DIRECTION ( 'NONE',  ( -1.000000000000000000, -1.040834085586084257E-16, 0.000000000000000000 ) ) ;
#1675 = ADVANCED_FACE ( 'NONE', ( #1026 ), #746, .F. ) ;
#1676 = LINE ( 'NONE', #2133, #3110 ) ;
#1677 = DIRECTION ( 'NONE',  ( 0.7071067811865437980, 1.741966485226073558E-16, -0.7071067811865512365 ) ) ;
#1678 = DIRECTION ( 'NONE',  ( -0.7071067811865437980, -0.7071067811865513475, 0.000000000000000000 ) ) ;
#1679 = CARTESIAN_POINT ( 'NONE',  ( 1.750000000000013767, 108.4018678657927239, 63.00000000000000000 ) ) ;
#1680 = EDGE_LOOP ( 'NONE', ( #1515, #610, #920, #2539 ) ) ;
#1681 = CARTESIAN_POINT ( 'NONE',  ( 23.50000000000001421, 40.00000000000000000, 55.00000000000000711 ) ) ;
#1682 = ORIENTED_EDGE ( 'NONE', *, *, #1900, .F. ) ;
#1683 = DIRECTION ( 'NONE',  ( 1.000000000000000000, 0.000000000000000000, 0.000000000000000000 ) ) ;
#1684 = ADVANCED_FACE ( 'NONE', ( #762 ), #1760, .F. ) ;
#1685 = EDGE_LOOP ( 'NONE', ( #1258, #1056 ) ) ;
#1686 = CARTESIAN_POINT ( 'NONE',  ( -39.99999999999998579, -22.00000000000002132, 55.00000000000001421 ) ) ;
#1687 = EDGE_LOOP ( 'NONE', ( #1471, #248, #2985, #95 ) ) ;
#1688 = LINE ( 'NONE', #444, #1588 ) ;
#1689 = AXIS2_PLACEMENT_3D ( 'NONE', #2835, #1100, #2332 ) ;
#1690 = ADVANCED_FACE ( 'NONE', ( #3129 ), #2460, .T. ) ;
#1691 = CARTESIAN_POINT ( 'NONE',  ( 4.249999999999979572, 21.00000000000000355, 13.74999999999999822 ) ) ;
#1692 = CIRCLE ( 'NONE', #2184, 1.499999999999997780 ) ;
#1693 = EDGE_CURVE ( 'NONE', #479, #2165, #2681, .T. ) ;
#1694 = CYLINDRICAL_SURFACE ( 'NONE', #439, 5.000000000000004441 ) ;
#1695 = CIRCLE ( 'NONE', #1221, 5.000000000000000000 ) ;
#1696 = DIRECTION ( 'NONE',  ( 0.000000000000000000, 0.000000000000000000, 1.000000000000000000 ) ) ;
#1697 = DIRECTION ( 'NONE',  ( -1.000000000000000000, 0.000000000000000000, 0.000000000000000000 ) ) ;
#1698 = EDGE_LOOP ( 'NONE', ( #2241, #3274, #1340, #1193 ) ) ;
#1699 = AXIS2_PLACEMENT_3D ( 'NONE', #1788, #2751, #1273 ) ;
#1700 = CARTESIAN_POINT ( 'NONE',  ( -38.83333333333332860, -15.00000000000001066, 20.62499999999999645 ) ) ;
#1701 = ORIENTED_EDGE ( 'NONE', *, *, #1440, .F. ) ;
#1702 = CARTESIAN_POINT ( 'NONE',  ( -17.75000000000001421, 10.00000000000000000, 54.99999999999999289 ) ) ;
#1703 = EDGE_LOOP ( 'NONE', ( #1560, #3199, #619, #1958 ) ) ;
#1704 = ADVANCED_FACE ( 'NONE', ( #1902 ), #917, .T. ) ;
#1705 = CARTESIAN_POINT ( 'NONE',  ( -49.41666666666666430, -15.00000000000001066, 6.874999999999999112 ) ) ;
#1706 = ORIENTED_EDGE ( 'NONE', *, *, #285, .F. ) ;
#1707 = DIRECTION ( 'NONE',  ( 4.336808689942018969E-17, -1.000000000000000000, 0.000000000000000000 ) ) ;
#1708 = VECTOR ( 'NONE', #204, 1000.000000000000000 ) ;
#1709 = AXIS2_PLACEMENT_3D ( 'NONE', #2277, #3293, #188 ) ;
#1710 = DIRECTION ( 'NONE',  ( -2.454725278939251986E-16, 1.000000000000000000, 1.412361382570359924E-32 ) ) ;
#1711 = CARTESIAN_POINT ( 'NONE',  ( -40.33333333333332860, -15.00000000000001066, 34.37499999999999289 ) ) ;
#1712 = FACE_OUTER_BOUND ( 'NONE', #1028, .T. ) ;
#1713 = AXIS2_PLACEMENT_3D ( 'NONE', #1422, #1672, #1491 ) ;
#1714 = FACE_OUTER_BOUND ( 'NONE', #1313, .T. ) ;
#1715 = AXIS2_PLACEMENT_3D ( 'NONE', #1550, #278, #2326 ) ;
#1716 = LINE ( 'NONE', #2278, #326 ) ;
#1717 = AXIS2_PLACEMENT_3D ( 'NONE', #648, #2403, #103 ) ;
#1718 = ORIENTED_EDGE ( 'NONE', *, *, #930, .T. ) ;
#1719 = CARTESIAN_POINT ( 'NONE',  ( -40.00000000000000000, -15.00000000000001066, 32.49999999999998579 ) ) ;
#1720 = EDGE_LOOP ( 'NONE', ( #1260, #926 ) ) ;
#1721 = ADVANCED_FACE ( 'NONE', ( #157 ), #2948, .T. ) ;
#1722 = LINE ( 'NONE', #1220, #635 ) ;
#1723 = EDGE_LOOP ( 'NONE', ( #2924, #2999, #1920, #1222 ) ) ;
#1724 = DIRECTION ( 'NONE',  ( -1.000000000000000000, 0.000000000000000000, 0.000000000000000000 ) ) ;
#1725 = EDGE_CURVE ( 'NONE', #2331, #35, #1653, .T. ) ;
#1726 = ORIENTED_EDGE ( 'NONE', *, *, #539, .F. ) ;
#1727 = FACE_OUTER_BOUND ( 'NONE', #1647, .T. ) ;
#1728 = LINE ( 'NONE', #1462, #2732 ) ;
#1729 = EDGE_LOOP ( 'NONE', ( #1822, #1669, #783, #334 ) ) ;
#1730 = EDGE_CURVE ( 'NONE', #169, #2297, #322, .T. ) ;
#1731 = ORIENTED_EDGE ( 'NONE', *, *, #1030, .F. ) ;
#1732 = DIRECTION ( 'NONE',  ( 0.000000000000000000, -0.000000000000000000, 1.000000000000000000 ) ) ;
#1733 = DIRECTION ( 'NONE',  ( -1.000000000000000000, 0.000000000000000000, 0.000000000000000000 ) ) ;
#1734 = EDGE_LOOP ( 'NONE', ( #672, #2255 ) ) ;
#1735 = ADVANCED_FACE ( 'NONE', ( #1919 ), #1400, .F. ) ;
#1736 = LINE ( 'NONE', #2244, #3250 ) ;
#1737 = VERTEX_POINT ( 'NONE', #1666 ) ;
#1738 = EDGE_CURVE ( 'NONE', #2731, #685, #1528, .T. ) ;
#1739 = CARTESIAN_POINT ( 'NONE',  ( -17.75000000000001421, 10.00000000000000000, 0.000000000000000000 ) ) ;
#1740 =( BOUNDED_CURVE ( )  B_SPLINE_CURVE ( 3, ( #2354, #1286, #290, #2309 ),
 .UNSPECIFIED., .F., .F. ) 
 B_SPLINE_CURVE_WITH_KNOTS ( ( 4, 4 ),
 ( 1.570796326794896336, 3.141592653589793116 ),
 .UNSPECIFIED. ) 
 CURVE ( )  GEOMETRIC_REPRESENTATION_ITEM ( )  RATIONAL_B_SPLINE_CURVE ( ( 1.000000000000000000, 0.8047378541243649375, 0.8047378541243649375, 1.000000000000000000 ) ) 
 REPRESENTATION_ITEM ( '' )  );
#1741 = LINE ( 'NONE', #2268, #2414 ) ;
#1742 = EDGE_LOOP ( 'NONE', ( #1371, #55 ) ) ;
#1743 = DIRECTION ( 'NONE',  ( -2.454725278939251986E-16, 1.000000000000000000, 1.412361382570359924E-32 ) ) ;
#1744 = CARTESIAN_POINT ( 'NONE',  ( -17.75000000000000355, 89.99999999999991473, 55.00000000000000000 ) ) ;
#1745 = EDGE_LOOP ( 'NONE', ( #79, #1452, #1241, #2111 ) ) ;
#1746 = ORIENTED_EDGE ( 'NONE', *, *, #1407, .F. ) ;
#1747 = DIRECTION ( 'NONE',  ( 4.336808689942019585E-17, -1.000000000000000000, -0.000000000000000000 ) ) ;
#1748 = EDGE_CURVE ( 'NONE', #2709, #1508, #2159, .T. ) ;
#1749 = CIRCLE ( 'NONE', #3090, 1.500000000000001332 ) ;
#1750 = CARTESIAN_POINT ( 'NONE',  ( 26.45990963945910224, 127.1852389776236265, 61.66842616696794721 ) ) ;
#1751 = DIRECTION ( 'NONE',  ( 0.000000000000000000, 0.000000000000000000, -1.000000000000000000 ) ) ;
#1752 = VERTEX_POINT ( 'NONE', #3191 ) ;
#1753 = AXIS2_PLACEMENT_3D ( 'NONE', #1109, #1373, #2926 ) ;
#1754 = CARTESIAN_POINT ( 'NONE',  ( 7.900000000000000355, 108.4018678657931360, 63.00000000000000000 ) ) ;
#1755 = VECTOR ( 'NONE', #2089, 1000.000000000000000 ) ;
#1756 = ORIENTED_EDGE ( 'NONE', *, *, #3161, .T. ) ;
#1757 = ADVANCED_FACE ( 'NONE', ( #1642 ), #1951, .F. ) ;
#1758 = DIRECTION ( 'NONE',  ( 2.463512628606117579E-16, -1.000000000000000000, 0.000000000000000000 ) ) ;
#1759 = CC_DESIGN_DATE_AND_TIME_ASSIGNMENT ( #2821, #3104, ( #3052 ) ) ;
#1760 = CYLINDRICAL_SURFACE ( 'NONE', #1772, 1.500000000000001332 ) ;
#1761 = VERTEX_POINT ( 'NONE', #1168 ) ;
#1762 = PERSON_AND_ORGANIZATION ( #940, #2074 ) ;
#1763 = EDGE_CURVE ( 'NONE', #2066, #2377, #3271, .T. ) ;
#1764 = DIRECTION ( 'NONE',  ( 1.000000000000000000, 0.000000000000000000, 0.000000000000000000 ) ) ;
#1765 = ORIENTED_EDGE ( 'NONE', *, *, #2572, .F. ) ;
#1766 = EDGE_LOOP ( 'NONE', ( #3076, #2808, #1671, #540, #2301 ) ) ;
#1767 = CARTESIAN_POINT ( 'NONE',  ( -40.00000000000000000, -12.68029742918540670, 33.43219095841792665 ) ) ;
#1768 = AXIS2_PLACEMENT_3D ( 'NONE', #2367, #609, #3183 ) ;
#1769 = VECTOR ( 'NONE', #2308, 1000.000000000000000 ) ;
#1770 = CARTESIAN_POINT ( 'NONE',  ( 25.62163343343146238, 127.3635137093290552, 61.08447672080066582 ) ) ;
#1771 = CARTESIAN_POINT ( 'NONE',  ( -55.00000000000000711, -25.00000000000000000, -127.2792206135786017 ) ) ;
#1772 = AXIS2_PLACEMENT_3D ( 'NONE', #523, #64, #2627 ) ;
#1773 = ADVANCED_FACE ( 'NONE', ( #2675 ), #1450, .T. ) ;
#1774 = CARTESIAN_POINT ( 'NONE',  ( 24.99999999999999645, 55.00000000000000711, 0.000000000000000000 ) ) ;
#1775 = AXIS2_PLACEMENT_3D ( 'NONE', #418, #2432, #1955 ) ;
#1776 = CARTESIAN_POINT ( 'NONE',  ( -55.00000000000000711, 4.999999999999990230, -127.2792206135786017 ) ) ;
#1777 = ORIENTED_EDGE ( 'NONE', *, *, #2470, .F. ) ;
#1778 = DIRECTION ( 'NONE',  ( -1.387778780781445518E-14, 1.000000000000000000, -0.000000000000000000 ) ) ;
#1779 = CARTESIAN_POINT ( 'NONE',  ( 5.500000000000007105, 39.99999999999999289, 55.00000000000000000 ) ) ;
#1780 = ORIENTED_EDGE ( 'NONE', *, *, #1574, .T. ) ;
#1781 = PERSON_AND_ORGANIZATION ( #940, #2074 ) ;
#1782 = CARTESIAN_POINT ( 'NONE',  ( 24.99999999999999289, 89.99999999999991473, 55.00000000000000000 ) ) ;
#1783 = EDGE_LOOP ( 'NONE', ( #931, #474, #2714, #3242 ) ) ;
#1784 = DIRECTION ( 'NONE',  ( 0.000000000000000000, -1.412361382570359924E-32, 1.000000000000000000 ) ) ;
#1785 = DIRECTION ( 'NONE',  ( 1.000000000000000000, 1.040834085586084257E-16, 0.000000000000000000 ) ) ;
#1786 = DIRECTION ( 'NONE',  ( -1.000000000000000000, -1.040834085586084257E-16, 0.000000000000000000 ) ) ;
#1787 = CARTESIAN_POINT ( 'NONE',  ( 28.68240928526333633, 125.7843878255531820, 60.49735270009188781 ) ) ;
#1788 = CARTESIAN_POINT ( 'NONE',  ( -107.8518678657915331, -1.200000000000022160, 63.00000000000000000 ) ) ;
#1789 = EDGE_LOOP ( 'NONE', ( #790, #1504 ) ) ;
#1790 = DIRECTION ( 'NONE',  ( -2.454725278939251986E-16, 1.000000000000000000, 1.412361382570359924E-32 ) ) ;
#1791 = EDGE_CURVE ( 'NONE', #3238, #1086, #1027, .T. ) ;
#1792 = CARTESIAN_POINT ( 'NONE',  ( 22.00000000000001421, 40.00000000000000000, 55.00000000000000711 ) ) ;
#1793 = ORIENTED_EDGE ( 'NONE', *, *, #2183, .T. ) ;
#1794 = APPROVAL_STATUS ( 'not_yet_approved' ) ;
#1795 = CARTESIAN_POINT ( 'NONE',  ( -60.00000000000000000, 60.00000000000000711, 24.99999999999977263 ) ) ;
#1796 = EDGE_LOOP ( 'NONE', ( #3043, #2174 ) ) ;
#1797 = ORIENTED_EDGE ( 'NONE', *, *, #1449, .T. ) ;
#1798 = LINE ( 'NONE', #2748, #86 ) ;
#1799 = EDGE_CURVE ( 'NONE', #3249, #2282, #2363, .T. ) ;
#1800 = CARTESIAN_POINT ( 'NONE',  ( -107.8518678657915331, -1.200000000000022160, 63.00000000000000000 ) ) ;
#1801 = EDGE_CURVE ( 'NONE', #2533, #2689, #1448, .T. ) ;
#1802 = LINE ( 'NONE', #2863, #3010 ) ;
#1803 = VERTEX_POINT ( 'NONE', #2656 ) ;
#1804 = VECTOR ( 'NONE', #1784, 1000.000000000000000 ) ;
#1805 = FACE_OUTER_BOUND ( 'NONE', #369, .T. ) ;
#1806 = ORIENTED_EDGE ( 'NONE', *, *, #2737, .T. ) ;
#1807 = CIRCLE ( 'NONE', #198, 2.499999999999998668 ) ;
#1808 = CARTESIAN_POINT ( 'NONE',  ( -127.4018678657914734, -30.00000000000000355, 65.00000000000000000 ) ) ;
#1809 = ORIENTED_EDGE ( 'NONE', *, *, #1725, .T. ) ;
#1810 = APPROVAL_DATE_TIME ( #1249, #571 ) ;
#1811 = CARTESIAN_POINT ( 'NONE',  ( -47.91666666666666430, -15.00000000000001066, 20.62499999999999645 ) ) ;
#1812 = ORIENTED_EDGE ( 'NONE', *, *, #2853, .T. ) ;
#1813 = CARTESIAN_POINT ( 'NONE',  ( -49.41666666666667140, 9.999999999999991118, 20.62499999999999645 ) ) ;
#1814 = ORIENTED_EDGE ( 'NONE', *, *, #2724, .F. ) ;
#1815 = DIRECTION ( 'NONE',  ( 1.000000000000000000, 1.040834085586084257E-16, 0.000000000000000000 ) ) ;
#1816 = DIRECTION ( 'NONE',  ( -2.454725278939251986E-16, 1.000000000000000000, 1.412361382570359924E-32 ) ) ;
#1817 = CARTESIAN_POINT ( 'NONE',  ( 28.04965526997747105, 126.3694221944147102, 58.58305605997959731 ) ) ;
#1818 = AXIS2_PLACEMENT_3D ( 'NONE', #478, #1496, #1962 ) ;
#1819 = DIRECTION ( 'NONE',  ( 1.000000000000000000, 0.000000000000000000, -0.000000000000000000 ) ) ;
#1820 = AXIS2_PLACEMENT_3D ( 'NONE', #1705, #473, #2754 ) ;
#1821 = AXIS2_PLACEMENT_3D ( 'NONE', #2620, #1063, #2845 ) ;
#1822 = ORIENTED_EDGE ( 'NONE', *, *, #833, .F. ) ;
#1823 = CARTESIAN_POINT ( 'NONE',  ( -37.42393255454229717, -14.25597751506307453, 34.89144049051411400 ) ) ;
#1824 = VECTOR ( 'NONE', #2762, 1000.000000000000000 ) ;
#1825 = EDGE_CURVE ( 'NONE', #2970, #1266, #597, .T. ) ;
#1826 = AXIS2_PLACEMENT_3D ( 'NONE', #363, #2405, #3313 ) ;
#1827 = ORIENTED_EDGE ( 'NONE', *, *, #2352, .T. ) ;
#1828 = CARTESIAN_POINT ( 'NONE',  ( 30.00000000000000000, 127.4018678657926955, 55.00000000000000000 ) ) ;
#1829 = EDGE_CURVE ( 'NONE', #3131, #2647, #9, .T. ) ;
#1830 = LINE ( 'NONE', #1811, #3 ) ;
#1831 = ORIENTED_EDGE ( 'NONE', *, *, #1791, .T. ) ;
#1832 = CARTESIAN_POINT ( 'NONE',  ( 24.99999999999999645, 122.4018678657926813, 65.00000000000000000 ) ) ;
#1833 = ADVANCED_FACE ( 'NONE', ( #723, #3016, #3065 ), #2812, .F. ) ;
#1834 = CARTESIAN_POINT ( 'NONE',  ( -60.00000000000000711, 9.999999999999991118, 24.99999999999977263 ) ) ;
#1835 = LINE ( 'NONE', #3080, #3113 ) ;
#1836 = DIRECTION ( 'NONE',  ( 0.000000000000000000, 0.000000000000000000, -1.000000000000000000 ) ) ;
#1837 = VECTOR ( 'NONE', #1094, 1000.000000000000000 ) ;
#1838 = FACE_OUTER_BOUND ( 'NONE', #2727, .T. ) ;
#1839 = EDGE_LOOP ( 'NONE', ( #1945, #2763 ) ) ;
#1840 = FACE_OUTER_BOUND ( 'NONE', #1734, .T. ) ;
#1841 = EDGE_CURVE ( 'NONE', #2711, #588, #2903, .T. ) ;
#1842 = ADVANCED_FACE ( 'NONE', ( #2292 ), #1502, .F. ) ;
#1843 = EDGE_LOOP ( 'NONE', ( #828, #524, #1618, #271 ) ) ;
#1844 = CALENDAR_DATE ( 2026, 2, 6 ) ;
#1845 = CARTESIAN_POINT ( 'NONE',  ( 4.249999999999979572, 22.50000000000001066, 41.25000000000000000 ) ) ;
#1846 = VERTEX_POINT ( 'NONE', #1991 ) ;
#1847 = PLANE ( 'NONE',  #2394 ) ;
#1848 = DIRECTION ( 'NONE',  ( -1.000000000000000000, 0.000000000000000000, 0.000000000000000000 ) ) ;
#1849 = CARTESIAN_POINT ( 'NONE',  ( -38.83333333333332860, -15.00000000000001066, 6.874999999999999112 ) ) ;
#1850 = CARTESIAN_POINT ( 'NONE',  ( -17.75000000000001421, 24.00000000000001066, 41.25000000000000000 ) ) ;
#1851 = CARTESIAN_POINT ( 'NONE',  ( -17.75000000000001421, 47.50000000000000000, 41.25000000000000000 ) ) ;
#1852 = DIRECTION ( 'NONE',  ( -2.454725278939251986E-16, 1.000000000000000000, 1.412361382570359924E-32 ) ) ;
#1853 = ORIENTED_EDGE ( 'NONE', *, *, #1693, .F. ) ;
#1854 = FACE_OUTER_BOUND ( 'NONE', #261, .T. ) ;
#1855 = CIRCLE ( 'NONE', #2290, 1.750000000000008438 ) ;
#1856 = ORIENTED_EDGE ( 'NONE', *, *, #2264, .F. ) ;
#1857 = AXIS2_PLACEMENT_3D ( 'NONE', #1494, #1527, #2571 ) ;
#1858 = DIRECTION ( 'NONE',  ( -2.454725278939251986E-16, 1.000000000000000000, 1.412361382570359924E-32 ) ) ;
#1859 = AXIS2_PLACEMENT_3D ( 'NONE', #3297, #1993, #2517 ) ;
#1860 = EDGE_LOOP ( 'NONE', ( #1104, #1870 ) ) ;
#1861 = FACE_BOUND ( 'NONE', #2364, .T. ) ;
#1862 = EDGE_LOOP ( 'NONE', ( #1584, #889 ) ) ;
#1863 = EDGE_CURVE ( 'NONE', #1761, #1102, #1877, .T. ) ;
#1864 = DIRECTION ( 'NONE',  ( -2.454725278939251986E-16, 1.000000000000000000, 1.412361382570359924E-32 ) ) ;
#1865 = CYLINDRICAL_SURFACE ( 'NONE', #921, 1.500000000000003109 ) ;
#1866 = DIRECTION ( 'NONE',  ( 4.336808689942018969E-17, -1.000000000000000000, 0.000000000000000000 ) ) ;
#1867 = ADVANCED_FACE ( 'NONE', ( #257 ), #2240, .F. ) ;
#1868 = CARTESIAN_POINT ( 'NONE',  ( -127.4018678657914734, -30.00000000000000355, 55.00000000000000000 ) ) ;
#1869 = CARTESIAN_POINT ( 'NONE',  ( -38.83333333333332860, -15.00000000000001066, 34.37499999999999289 ) ) ;
#1870 = ORIENTED_EDGE ( 'NONE', *, *, #747, .F. ) ;
#1871 = CARTESIAN_POINT ( 'NONE',  ( -39.99999999999998579, -8.500000000000017764, 55.00000000000000000 ) ) ;
#1872 = ORIENTED_EDGE ( 'NONE', *, *, #514, .F. ) ;
#1873 = VECTOR ( 'NONE', #2941, 1000.000000000000000 ) ;
#1874 = AXIS2_PLACEMENT_3D ( 'NONE', #138, #1612, #381 ) ;
#1875 = ORIENTED_EDGE ( 'NONE', *, *, #3232, .F. ) ;
#1876 = VECTOR ( 'NONE', #3219, 1000.000000000000000 ) ;
#1877 = CIRCLE ( 'NONE', #865, 1.500000000000004885 ) ;
#1878 = DIRECTION ( 'NONE',  ( -1.000000000000000000, 0.000000000000000000, 0.000000000000000000 ) ) ;
#1879 = AXIS2_PLACEMENT_3D ( 'NONE', #1464, #186, #1212 ) ;
#1880 = EDGE_LOOP ( 'NONE', ( #1538, #3089, #2680, #1406 ) ) ;
#1881 = CARTESIAN_POINT ( 'NONE',  ( 7.000000000000009770, 39.99999999999999289, 15.00000000000000000 ) ) ;
#1882 = ADVANCED_FACE ( 'NONE', ( #1970 ), #1017, .F. ) ;
#1883 = LINE ( 'NONE', #627, #3283 ) ;
#1884 = CARTESIAN_POINT ( 'NONE',  ( -170.0000000000000000, 22.49999999999998934, 41.25000000000000000 ) ) ;
#1885 = DIRECTION ( 'NONE',  ( 1.000000000000000000, 0.000000000000000000, 0.000000000000000000 ) ) ;
#1886 = CARTESIAN_POINT ( 'NONE',  ( -122.4018678657919992, 7.928932188134563575, 65.00000000000000000 ) ) ;
#1887 = CARTESIAN_POINT ( 'NONE',  ( 30.00000000000000000, 10.00000000000000000, 65.00000000000000000 ) ) ;
#1888 = ORIENTED_EDGE ( 'NONE', *, *, #1206, .T. ) ;
#1889 = PLANE ( 'NONE',  #842 ) ;
#1890 = DIRECTION ( 'NONE',  ( 2.220446049250313081E-16, -1.000000000000000000, 6.938893903907225912E-17 ) ) ;
#1891 = VERTEX_POINT ( 'NONE', #241 ) ;
#1892 = EDGE_CURVE ( 'NONE', #1952, #134, #1716, .T. ) ;
#1893 = LINE ( 'NONE', #1911, #3209 ) ;
#1894 = ORIENTED_EDGE ( 'NONE', *, *, #109, .T. ) ;
#1895 = CARTESIAN_POINT ( 'NONE',  ( -17.75000000000001421, 47.50000000000000000, 13.74999999999999822 ) ) ;
#1896 = FACE_OUTER_BOUND ( 'NONE', #587, .T. ) ;
#1897 = CIRCLE ( 'NONE', #1156, 1.500000000000001332 ) ;
#1898 = EDGE_CURVE ( 'NONE', #2630, #512, #3047, .T. ) ;
#1899 = CARTESIAN_POINT ( 'NONE',  ( -39.99999999999998579, -23.50000000000002132, 55.00000000000001421 ) ) ;
#1900 = EDGE_CURVE ( 'NONE', #459, #987, #3241, .T. ) ;
#1901 = CARTESIAN_POINT ( 'NONE',  ( 25.69637036129291374, 127.3538584186199358, 58.82670960987643127 ) ) ;
#1902 = FACE_OUTER_BOUND ( 'NONE', #875, .T. ) ;
#1903 = FACE_OUTER_BOUND ( 'NONE', #2368, .T. ) ;
#1904 = EDGE_LOOP ( 'NONE', ( #1621, #657 ) ) ;
#1905 = CARTESIAN_POINT ( 'NONE',  ( -107.8518678657915331, -1.200000000000022160, 63.00000000000000000 ) ) ;
#1906 = ORIENTED_EDGE ( 'NONE', *, *, #1281, .F. ) ;
#1907 = EDGE_CURVE ( 'NONE', #2868, #2533, #986, .T. ) ;
#1908 = PLANE ( 'NONE',  #529 ) ;
#1909 = EDGE_LOOP ( 'NONE', ( #714, #567, #1335, #1856 ) ) ;
#1910 = CIRCLE ( 'NONE', #1689, 13.99999999999999112 ) ;
#1911 = CARTESIAN_POINT ( 'NONE',  ( 24.99999999999999645, 60.00000000000000711, 24.99999999999977263 ) ) ;
#1912 = ORIENTED_EDGE ( 'NONE', *, *, #227, .T. ) ;
#1913 = AXIS2_PLACEMENT_3D ( 'NONE', #2719, #2756, #2472 ) ;
#1914 = CYLINDRICAL_SURFACE ( 'NONE', #249, 1.500000000000001332 ) ;
#1915 = AXIS2_PLACEMENT_3D ( 'NONE', #1570, #63, #32 ) ;
#1916 = DIRECTION ( 'NONE',  ( -2.454725278939251986E-16, 1.000000000000000000, 1.412361382570359924E-32 ) ) ;
#1917 = DIRECTION ( 'NONE',  ( -0.000000000000000000, 0.7071067811865437980, 0.7071067811865513475 ) ) ;
#1918 = CARTESIAN_POINT ( 'NONE',  ( -50.91666666666665719, -15.00000000000001066, 34.37500000000000000 ) ) ;
#1919 = FACE_OUTER_BOUND ( 'NONE', #3117, .T. ) ;
#1920 = ORIENTED_EDGE ( 'NONE', *, *, #549, .T. ) ;
#1921 = DIRECTION ( 'NONE',  ( 4.336808689942018969E-17, -1.000000000000000000, 0.000000000000000000 ) ) ;
#1922 = EDGE_LOOP ( 'NONE', ( #342, #770, #1954, #2152 ) ) ;
#1923 = DIRECTION ( 'NONE',  ( 0.000000000000000000, 0.000000000000000000, -1.000000000000000000 ) ) ;
#1924 = VERTEX_POINT ( 'NONE', #1533 ) ;
#1925 = ADVANCED_FACE ( 'NONE', ( #2223 ), #501, .T. ) ;
#1926 = CIRCLE ( 'NONE', #704, 1.500000000000004885 ) ;
#1927 = CARTESIAN_POINT ( 'NONE',  ( -50.91666666666666430, 9.999999999999991118, 48.12500000000000000 ) ) ;
#1928 = AXIS2_PLACEMENT_3D ( 'NONE', #2215, #3234, #440 ) ;
#1929 = VERTEX_POINT ( 'NONE', #2545 ) ;
#1930 = FACE_BOUND ( 'NONE', #677, .T. ) ;
#1931 = CARTESIAN_POINT ( 'NONE',  ( -15.44472221513619026, 62.13591196227451263, 60.00000000000001421 ) ) ;
#1932 = CARTESIAN_POINT ( 'NONE',  ( 14.99999999999999289, 40.00000000000000000, 29.99999999999998224 ) ) ;
#1933 = AXIS2_PLACEMENT_3D ( 'NONE', #2657, #1381, #603 ) ;
#1934 = EDGE_CURVE ( 'NONE', #765, #1423, #1132, .T. ) ;
#1935 = DIRECTION ( 'NONE',  ( -1.000000000000000000, -1.786765180256111307E-16, 6.938893903907225912E-17 ) ) ;
#1936 = CARTESIAN_POINT ( 'NONE',  ( 4.249999999999979572, 47.50000000000000000, 13.74999999999999822 ) ) ;
#1937 = VERTEX_POINT ( 'NONE', #2746 ) ;
#1938 = FACE_BOUND ( 'NONE', #755, .T. ) ;
#1939 = ORIENTED_EDGE ( 'NONE', *, *, #506, .T. ) ;
#1940 = DIRECTION ( 'NONE',  ( -1.000000000000000000, 0.000000000000000000, 0.000000000000000000 ) ) ;
#1941 = ORIENTED_EDGE ( 'NONE', *, *, #2585, .T. ) ;
#1942 = ADVANCED_FACE ( 'NONE', ( #2514 ), #1001, .T. ) ;
#1943 = EDGE_CURVE ( 'NONE', #443, #3032, #2632, .T. ) ;
#1944 = CARTESIAN_POINT ( 'NONE',  ( -50.91666666666667140, 9.999999999999991118, 20.62499999999999645 ) ) ;
#1945 = ORIENTED_EDGE ( 'NONE', *, *, #3255, .T. ) ;
#1946 = CYLINDRICAL_SURFACE ( 'NONE', #577, 1.500000000000001332 ) ;
#1947 = CARTESIAN_POINT ( 'NONE',  ( -62.83333333333330728, -15.00000000000001421, 41.25000000000000000 ) ) ;
#1948 = CYLINDRICAL_SURFACE ( 'NONE', #1398, 1.499999999999998668 ) ;
#1949 = ORIENTED_EDGE ( 'NONE', *, *, #651, .T. ) ;
#1950 = CARTESIAN_POINT ( 'NONE',  ( 25.24999237091311244, 127.3956143365842451, 59.76766612191053696 ) ) ;
#1951 = CYLINDRICAL_SURFACE ( 'NONE', #2473, 1.500000000000001332 ) ;
#1952 = VERTEX_POINT ( 'NONE', #13 ) ;
#1953 = CARTESIAN_POINT ( 'NONE',  ( -38.83333333333333570, 9.999999999999994671, 34.37499999999999289 ) ) ;
#1954 = ORIENTED_EDGE ( 'NONE', *, *, #1863, .F. ) ;
#1955 = DIRECTION ( 'NONE',  ( -0.7071067811865454633, -0.7071067811865495711, 0.000000000000000000 ) ) ;
#1956 = ORIENTED_EDGE ( 'NONE', *, *, #2421, .F. ) ;
#1957 = CARTESIAN_POINT ( 'NONE',  ( 27.00000000000009237, 126.9844435607486446, 58.24999999999965894 ) ) ;
#1958 = ORIENTED_EDGE ( 'NONE', *, *, #1825, .T. ) ;
#1959 = CC_DESIGN_PERSON_AND_ORGANIZATION_ASSIGNMENT ( #1563, #2302, ( #337 ) ) ;
#1960 = CARTESIAN_POINT ( 'NONE',  ( -60.00000000000000000, -25.00000000000000000, 24.99999999999976907 ) ) ;
#1961 = VECTOR ( 'NONE', #2351, 1000.000000000000000 ) ;
#1962 = DIRECTION ( 'NONE',  ( 1.000000000000000000, 0.000000000000000000, 0.000000000000000000 ) ) ;
#1963 = VECTOR ( 'NONE', #183, 1000.000000000000000 ) ;
#1964 = PLANE ( 'NONE',  #1933 ) ;
#1965 = DIRECTION ( 'NONE',  ( 1.000000000000000000, 1.734723475976805517E-15, 0.000000000000000000 ) ) ;
#1966 = VERTEX_POINT ( 'NONE', #1568 ) ;
#1967 = EDGE_CURVE ( 'NONE', #206, #2062, #1036, .T. ) ;
#1968 = VECTOR ( 'NONE', #470, 1000.000000000000000 ) ;
#1969 = LINE ( 'NONE', #1215, #441 ) ;
#1970 = FACE_OUTER_BOUND ( 'NONE', #740, .T. ) ;
#1971 = ORIENTED_EDGE ( 'NONE', *, *, #1378, .F. ) ;
#1972 = AXIS2_PLACEMENT_3D ( 'NONE', #19, #1243, #2783 ) ;
#1973 = DIRECTION ( 'NONE',  ( -1.000000000000000000, 0.000000000000000000, 0.000000000000000000 ) ) ;
#1974 = VERTEX_POINT ( 'NONE', #1317 ) ;
#1975 = EDGE_CURVE ( 'NONE', #646, #26, #763, .T. ) ;
#1976 = CARTESIAN_POINT ( 'NONE',  ( 24.99999999999999645, 60.00000000000000711, 24.99999999999977263 ) ) ;
#1977 = EDGE_LOOP ( 'NONE', ( #2974, #2016, #1066, #2382 ) ) ;
#1978 = LINE ( 'NONE', #713, #268 ) ;
#1979 = VERTEX_POINT ( 'NONE', #307 ) ;
#1980 = DIRECTION ( 'NONE',  ( -1.000000000000000000, 0.000000000000000000, 0.000000000000000000 ) ) ;
#1981 = CIRCLE ( 'NONE', #1071, 1.500000000000001332 ) ;
#1982 = VECTOR ( 'NONE', #702, 1000.000000000000000 ) ;
#1983 = ORIENTED_EDGE ( 'NONE', *, *, #3156, .F. ) ;
#1984 = DIRECTION ( 'NONE',  ( 1.000000000000000000, 1.040834085586084257E-16, 0.000000000000000000 ) ) ;
#1985 = VERTEX_POINT ( 'NONE', #2592 ) ;
#1986 = CARTESIAN_POINT ( 'NONE',  ( -60.00000000000000711, 4.999999999999991118, 24.99999999999977263 ) ) ;
#1987 = VECTOR ( 'NONE', #2538, 1000.000000000000000 ) ;
#1988 = ADVANCED_FACE ( 'NONE', ( #1065 ), #42, .F. ) ;
#1989 = FACE_OUTER_BOUND ( 'NONE', #2499, .T. ) ;
#1990 = AXIS2_PLACEMENT_3D ( 'NONE', #164, #1121, #1158 ) ;
#1991 = CARTESIAN_POINT ( 'NONE',  ( -61.33333333333331439, -15.00000000000001421, 41.25000000000000000 ) ) ;
#1992 = ORIENTED_EDGE ( 'NONE', *, *, #1649, .F. ) ;
#1993 = DIRECTION ( 'NONE',  ( -2.454725278939251986E-16, 1.000000000000000000, 1.412361382570359924E-32 ) ) ;
#1994 = EDGE_LOOP ( 'NONE', ( #2598, #2495, #3121, #233 ) ) ;
#1995 = LINE ( 'NONE', #3021, #1114 ) ;
#1996 = CARTESIAN_POINT ( 'NONE',  ( 30.00000000000000000, 10.00000000000000000, 55.00000000000000000 ) ) ;
#1997 = ORIENTED_EDGE ( 'NONE', *, *, #2483, .T. ) ;
#1998 = CARTESIAN_POINT ( 'NONE',  ( -4.399999999999970157, 108.4018678657931360, 63.00000000000000000 ) ) ;
#1999 = CARTESIAN_POINT ( 'NONE',  ( -55.00000000000000711, 4.999999999999990230, 0.000000000000000000 ) ) ;
#2000 = ORIENTED_EDGE ( 'NONE', *, *, #3035, .T. ) ;
#2001 = CARTESIAN_POINT ( 'NONE',  ( 23.50000000000001421, 40.00000000000000000, 55.00000000000000711 ) ) ;
#2002 = CARTESIAN_POINT ( 'NONE',  ( 25.94695775125505222, 127.3142922712495704, 61.41703569658876205 ) ) ;
#2003 = EDGE_CURVE ( 'NONE', #3119, #2145, #1740, .T. ) ;
#2004 = DIRECTION ( 'NONE',  ( -1.000000000000000000, 0.000000000000000000, 0.000000000000000000 ) ) ;
#2005 = ORIENTED_EDGE ( 'NONE', *, *, #525, .T. ) ;
#2006 = EDGE_CURVE ( 'NONE', #2445, #2083, #3096, .T. ) ;
#2007 = DIRECTION ( 'NONE',  ( 1.000000000000000000, 0.000000000000000000, 0.000000000000000000 ) ) ;
#2008 = ORIENTED_EDGE ( 'NONE', *, *, #200, .F. ) ;
#2009 = CARTESIAN_POINT ( 'NONE',  ( -12.75000000000001776, 60.00000000000000711, 24.99999999999977263 ) ) ;
#2010 = EDGE_CURVE ( 'NONE', #2759, #546, #1237, .T. ) ;
#2011 = CARTESIAN_POINT ( 'NONE',  ( -170.0000000000000000, 20.99999999999998224, 13.74999999999999822 ) ) ;
#2012 = ORIENTED_EDGE ( 'NONE', *, *, #1205, .F. ) ;
#2013 = APPROVAL_DATE_TIME ( #767, #3152 ) ;
#2014 = EDGE_CURVE ( 'NONE', #1423, #226, #1835, .T. ) ;
#2015 = CARTESIAN_POINT ( 'NONE',  ( -127.4018678657919992, 7.928932188134493408, 55.00000000000000000 ) ) ;
#2016 = ORIENTED_EDGE ( 'NONE', *, *, #2935, .T. ) ;
#2017 = CARTESIAN_POINT ( 'NONE',  ( -39.78019636072071563, -12.59840642467490390, 33.20036934269968754 ) ) ;
#2018 = CIRCLE ( 'NONE', #743, 1.500000000000001332 ) ;
#2019 = LINE ( 'NONE', #967, #1392 ) ;
#2020 = CARTESIAN_POINT ( 'NONE',  ( -38.83333333333332860, -15.00000000000001066, 20.62499999999999645 ) ) ;
#2021 = VERTEX_POINT ( 'NONE', #786 ) ;
#2022 = LOCAL_TIME ( 10, 32, 7.000000000000000000, #2320 ) ;
#2023 = DIRECTION ( 'NONE',  ( 1.000000000000000000, 1.040834085586084257E-16, 0.000000000000000000 ) ) ;
#2024 = AXIS2_PLACEMENT_3D ( 'NONE', #2764, #3245, #2043 ) ;
#2025 = ORIENTED_EDGE ( 'NONE', *, *, #2952, .F. ) ;
#2026 = DIRECTION ( 'NONE',  ( -1.000000000000000000, -4.336808689942018969E-17, 0.000000000000000000 ) ) ;
#2027 = DIRECTION ( 'NONE',  ( -1.000000000000000000, -1.040834085586084257E-16, 0.000000000000000000 ) ) ;
#2028 = EDGE_CURVE ( 'NONE', #3220, #245, #1802, .T. ) ;
#2029 = VERTEX_POINT ( 'NONE', #534 ) ;
#2030 = CALENDAR_DATE ( 2026, 2, 6 ) ;
#2031 = DIRECTION ( 'NONE',  ( 0.000000000000000000, 0.000000000000000000, -1.000000000000000000 ) ) ;
#2032 = ORIENTED_EDGE ( 'NONE', *, *, #299, .F. ) ;
#2033 = ORIENTED_EDGE ( 'NONE', *, *, #1943, .T. ) ;
#2034 = DIRECTION ( 'NONE',  ( 2.463512628606117579E-16, -1.000000000000000000, 0.000000000000000000 ) ) ;
#2035 = AXIS2_PLACEMENT_3D ( 'NONE', #133, #2112, #2150 ) ;
#2036 = CIRCLE ( 'NONE', #1874, 1.500000000000001332 ) ;
#2037 = DIRECTION ( 'NONE',  ( -2.454725278939251986E-16, 1.000000000000000000, 1.412361382570359924E-32 ) ) ;
#2038 = DIRECTION ( 'NONE',  ( -2.454725278939251986E-16, 1.000000000000000000, 1.412361382570359924E-32 ) ) ;
#2039 = AXIS2_PLACEMENT_3D ( 'NONE', #617, #933, #3162 ) ;
#2040 = DIRECTION ( 'NONE',  ( -1.000000000000000000, 0.000000000000000000, 0.000000000000000000 ) ) ;
#2041 = AXIS2_PLACEMENT_3D ( 'NONE', #308, #502, #2040 ) ;
#2042 = EDGE_CURVE ( 'NONE', #1752, #2167, #2739, .T. ) ;
#2043 = DIRECTION ( 'NONE',  ( -0.7071067811865415775, -0.7071067811865534569, 0.000000000000000000 ) ) ;
#2044 = AXIS2_PLACEMENT_3D ( 'NONE', #2156, #2894, #2642 ) ;
#2045 = ORIENTED_EDGE ( 'NONE', *, *, #955, .T. ) ;
#2046 = DIRECTION ( 'NONE',  ( -1.000000000000000000, -2.463512628606117086E-16, 0.000000000000000000 ) ) ;
#2047 = AXIS2_PLACEMENT_3D ( 'NONE', #2725, #427, #1465 ) ;
#2048 = LINE ( 'NONE', #1868, #1390 ) ;
#2049 = EDGE_CURVE ( 'NONE', #1102, #1761, #215, .T. ) ;
#2050 = EDGE_LOOP ( 'NONE', ( #1512, #3103, #2073, #2866 ) ) ;
#2051 =( NAMED_UNIT ( * ) PLANE_ANGLE_UNIT ( ) SI_UNIT ( $, .RADIAN. ) );
#2052 = ORIENTED_EDGE ( 'NONE', *, *, #2421, .T. ) ;
#2053 = VERTEX_POINT ( 'NONE', #690 ) ;
#2054 = CARTESIAN_POINT ( 'NONE',  ( -40.00000000000000000, -15.00000000000000000, 32.49999999999998579 ) ) ;
#2055 = CARTESIAN_POINT ( 'NONE',  ( -40.00000000000000000, -12.68029742918540670, 33.43219095841792665 ) ) ;
#2056 = CARTESIAN_POINT ( 'NONE',  ( 27.00000000000000000, 85.10186786579268414, 60.00000000000000000 ) ) ;
#2057 = CARTESIAN_POINT ( 'NONE',  ( -38.83333333333332860, -15.00000000000001066, 34.37499999999999289 ) ) ;
#2058 = DIRECTION ( 'NONE',  ( 1.000000000000000000, 0.000000000000000000, 0.000000000000000000 ) ) ;
#2059 = EDGE_CURVE ( 'NONE', #2029, #8, #1184, .T. ) ;
#2060 = ORIENTED_EDGE ( 'NONE', *, *, #2014, .F. ) ;
#2061 = DIRECTION ( 'NONE',  ( -0.7071067811865435759, -0.7071067811865515695, 0.000000000000000000 ) ) ;
#2062 = VERTEX_POINT ( 'NONE', #436 ) ;
#2063 = LINE ( 'NONE', #1828, #2344 ) ;
#2064 = CARTESIAN_POINT ( 'NONE',  ( -90.80909193938815349, 46.59277592640398780, 60.00000000000001421 ) ) ;
#2065 = EDGE_LOOP ( 'NONE', ( #937, #3123, #2586, #301 ) ) ;
#2066 = VERTEX_POINT ( 'NONE', #3215 ) ;
#2067 = DIRECTION ( 'NONE',  ( 0.000000000000000000, 0.000000000000000000, -1.000000000000000000 ) ) ;
#2068 = DIRECTION ( 'NONE',  ( -1.000000000000000000, 0.000000000000000000, 0.000000000000000000 ) ) ;
#2069 = DIRECTION ( 'NONE',  ( -1.040834085586084257E-16, 1.000000000000000000, 0.000000000000000000 ) ) ;
#2070 = CARTESIAN_POINT ( 'NONE',  ( 28.64256269160299695, 125.8277360742802102, 59.38499907161317992 ) ) ;
#2071 = EDGE_CURVE ( 'NONE', #1475, #856, #653, .T. ) ;
#2072 = CARTESIAN_POINT ( 'NONE',  ( -38.83333333333333570, 9.999999999999994671, 20.62499999999999645 ) ) ;
#2073 = ORIENTED_EDGE ( 'NONE', *, *, #1900, .T. ) ;
#2074 = ORGANIZATION ( 'UNSPECIFIED', 'UNSPECIFIED', '' ) ;
#2075 = CARTESIAN_POINT ( 'NONE',  ( -39.99999999999998579, -7.000000000000015099, 55.00000000000000000 ) ) ;
#2076 = EDGE_CURVE ( 'NONE', #2765, #1937, #2957, .T. ) ;
#2077 = VECTOR ( 'NONE', #1019, 1000.000000000000000 ) ;
#2078 = EDGE_LOOP ( 'NONE', ( #3295, #2574, #423, #146 ) ) ;
#2079 = PERSON_AND_ORGANIZATION_ROLE ( 'creator' ) ;
#2080 = EDGE_CURVE ( 'NONE', #314, #169, #1190, .T. ) ;
#2081 = ORIENTED_EDGE ( 'NONE', *, *, #1333, .T. ) ;
#2082 = DIRECTION ( 'NONE',  ( 1.000000000000000000, 1.040834085586084257E-16, -0.000000000000000000 ) ) ;
#2083 = VERTEX_POINT ( 'NONE', #2955 ) ;
#2084 = CARTESIAN_POINT ( 'NONE',  ( 24.99999999999999645, 127.4018678657926955, 65.00000000000000000 ) ) ;
#2085 = FACE_OUTER_BOUND ( 'NONE', #1703, .T. ) ;
#2086 = CARTESIAN_POINT ( 'NONE',  ( 22.00000000000001421, 40.00000000000000000, 55.00000000000000711 ) ) ;
#2087 = DIRECTION ( 'NONE',  ( 0.000000000000000000, 1.000000000000000000, 0.000000000000000000 ) ) ;
#2088 = AXIS2_PLACEMENT_3D ( 'NONE', #843, #1858, #1878 ) ;
#2089 = DIRECTION ( 'NONE',  ( 4.336808689942019585E-17, -1.000000000000000000, -0.000000000000000000 ) ) ;
#2090 = AXIS2_PLACEMENT_3D ( 'NONE', #1851, #2373, #1613 ) ;
#2091 = AXIS2_PLACEMENT_3D ( 'NONE', #1800, #2338, #2068 ) ;
#2092 = ORIENTED_EDGE ( 'NONE', *, *, #3074, .F. ) ;
#2093 = CARTESIAN_POINT ( 'NONE',  ( 24.99999999999999645, 60.00000000000000711, 24.99999999999977263 ) ) ;
#2094 = AXIS2_PLACEMENT_3D ( 'NONE', #551, #1049, #938 ) ;
#2095 = ORIENTED_EDGE ( 'NONE', *, *, #20, .T. ) ;
#2096 = VECTOR ( 'NONE', #1569, 1000.000000000000000 ) ;
#2097 = ORIENTED_EDGE ( 'NONE', *, *, #2849, .F. ) ;
#2098 = LINE ( 'NONE', #2303, #2576 ) ;
#2099 = VERTEX_POINT ( 'NONE', #370 ) ;
#2100 = DIRECTION ( 'NONE',  ( 1.000000000000000000, 0.000000000000000000, 0.000000000000000000 ) ) ;
#2101 = CYLINDRICAL_SURFACE ( 'NONE', #1088, 1.500000000000001332 ) ;
#2102 = FACE_OUTER_BOUND ( 'NONE', #407, .T. ) ;
#2103 = DIRECTION ( 'NONE',  ( 1.000000000000000000, 0.000000000000000000, 0.000000000000000000 ) ) ;
#2104 = CYLINDRICAL_SURFACE ( 'NONE', #543, 5.000000000000001776 ) ;
#2105 = CARTESIAN_POINT ( 'NONE',  ( 14.99999999999999289, 40.00000000000000000, 34.99999999999997868 ) ) ;
#2106 = ORIENTED_EDGE ( 'NONE', *, *, #243, .T. ) ;
#2107 = DIRECTION ( 'NONE',  ( -0.7071067811865454633, -0.7071067811865495711, 0.000000000000000000 ) ) ;
#2108 = ORIENTED_EDGE ( 'NONE', *, *, #3266, .T. ) ;
#2109 = VERTEX_POINT ( 'NONE', #2971 ) ;
#2110 = ADVANCED_FACE ( 'NONE', ( #674 ), #389, .F. ) ;
#2111 = ORIENTED_EDGE ( 'NONE', *, *, #2528, .F. ) ;
#2112 = DIRECTION ( 'NONE',  ( -2.454725278939251986E-16, 1.000000000000000000, 1.412361382570359924E-32 ) ) ;
#2113 = EDGE_LOOP ( 'NONE', ( #61, #1107 ) ) ;
#2114 = FACE_OUTER_BOUND ( 'NONE', #3020, .T. ) ;
#2115 = EDGE_CURVE ( 'NONE', #1118, #1979, #3217, .T. ) ;
#2116 = CARTESIAN_POINT ( 'NONE',  ( -12.24999999999997868, 108.4018678657927239, 55.00000000000000000 ) ) ;
#2117 = CARTESIAN_POINT ( 'NONE',  ( 8.500000000000014211, 9.999999999999998224, 55.00000000000000000 ) ) ;
#2118 = DIRECTION ( 'NONE',  ( -1.000000000000000000, 0.000000000000000000, 0.000000000000000000 ) ) ;
#2119 = DIRECTION ( 'NONE',  ( -0.000000000000000000, -0.000000000000000000, -1.000000000000000000 ) ) ;
#2120 = DIRECTION ( 'NONE',  ( -1.000000000000000000, 0.000000000000000000, 0.000000000000000000 ) ) ;
#2121 = ORIENTED_EDGE ( 'NONE', *, *, #483, .T. ) ;
#2122 = PLANE ( 'NONE',  #2993 ) ;
#2123 = AXIS2_PLACEMENT_3D ( 'NONE', #919, #1630, #2969 ) ;
#2124 = ORIENTED_EDGE ( 'NONE', *, *, #2944, .T. ) ;
#2125 = AXIS2_PLACEMENT_3D ( 'NONE', #1284, #192, #1531 ) ;
#2126 = ORIENTED_EDGE ( 'NONE', *, *, #1197, .F. ) ;
#2127 = EDGE_CURVE ( 'NONE', #388, #1386, #112, .T. ) ;
#2128 = VECTOR ( 'NONE', #293, 1000.000000000000000 ) ;
#2129 = CYLINDRICAL_SURFACE ( 'NONE', #2035, 1.500000000000001332 ) ;
#2130 = AXIS2_PLACEMENT_3D ( 'NONE', #246, #2283, #2766 ) ;
#2131 = VERTEX_POINT ( 'NONE', #1702 ) ;
#2132 = CARTESIAN_POINT ( 'NONE',  ( -38.83333333333332860, -15.00000000000001066, 34.37499999999999289 ) ) ;
#2133 = CARTESIAN_POINT ( 'NONE',  ( 7.900000000000000355, 108.4018678657931360, 55.00000000000000000 ) ) ;
#2134 = LINE ( 'NONE', #2170, #3167 ) ;
#2135 = CIRCLE ( 'NONE', #1122, 2.499999999999998668 ) ;
#2136 = DIRECTION ( 'NONE',  ( 0.000000000000000000, 0.000000000000000000, -1.000000000000000000 ) ) ;
#2137 = DIRECTION ( 'NONE',  ( -1.000000000000000000, 0.000000000000000000, 0.000000000000000000 ) ) ;
#2138 = CARTESIAN_POINT ( 'NONE',  ( 1.750000000000015543, 108.4018678657931360, 55.00000000000000000 ) ) ;
#2139 = AXIS2_PLACEMENT_3D ( 'NONE', #834, #1330, #1346 ) ;
#2140 = ADVANCED_FACE ( 'NONE', ( #1670, #2213 ), #115, .T. ) ;
#2141 = ORIENTED_EDGE ( 'NONE', *, *, #80, .T. ) ;
#2142 = CARTESIAN_POINT ( 'NONE',  ( -7.928932188134521830, 127.4018678657926955, 55.00000000000000000 ) ) ;
#2143 = AXIS2_PLACEMENT_3D ( 'NONE', #412, #2978, #105 ) ;
#2144 = LINE ( 'NONE', #3168, #2562 ) ;
#2145 = VERTEX_POINT ( 'NONE', #131 ) ;
#2146 = AXIS2_PLACEMENT_3D ( 'NONE', #1686, #1438, #2503 ) ;
#2147 = AXIS2_PLACEMENT_3D ( 'NONE', #1415, #1627, #174 ) ;
#2148 = AXIS2_PLACEMENT_3D ( 'NONE', #1931, #2671, #2422 ) ;
#2149 = ADVANCED_FACE ( 'NONE', ( #1631 ), #1456, .T. ) ;
#2150 = DIRECTION ( 'NONE',  ( -1.000000000000000000, 0.000000000000000000, 0.000000000000000000 ) ) ;
#2151 = AXIS2_PLACEMENT_3D ( 'NONE', #2406, #1615, #185 ) ;
#2152 = ORIENTED_EDGE ( 'NONE', *, *, #1574, .F. ) ;
#2153 = EDGE_CURVE ( 'NONE', #1200, #2953, #2144, .T. ) ;
#2154 = CYLINDRICAL_SURFACE ( 'NONE', #1753, 1.500000000000001332 ) ;
#2155 = DIRECTION ( 'NONE',  ( 1.000000000000000000, 0.000000000000000000, 0.000000000000000000 ) ) ;
#2156 = CARTESIAN_POINT ( 'NONE',  ( -170.0000000000000000, 22.49999999999998934, 41.25000000000000000 ) ) ;
#2157 = EDGE_CURVE ( 'NONE', #511, #2731, #874, .T. ) ;
#2158 = DIRECTION ( 'NONE',  ( 0.000000000000000000, 0.000000000000000000, -1.000000000000000000 ) ) ;
#2159 = LINE ( 'NONE', #2708, #761 ) ;
#2160 = DIRECTION ( 'NONE',  ( -1.000000000000000000, 0.000000000000000000, 0.000000000000000000 ) ) ;
#2161 = ORIENTED_EDGE ( 'NONE', *, *, #1349, .T. ) ;
#2162 = CARTESIAN_POINT ( 'NONE',  ( -62.83333333333330728, 9.999999999999991118, 41.25000000000000000 ) ) ;
#2163 = EDGE_LOOP ( 'NONE', ( #906, #983, #1421, #437 ) ) ;
#2164 = CARTESIAN_POINT ( 'NONE',  ( 4.249999999999979572, 46.00000000000000000, 13.74999999999999822 ) ) ;
#2165 = VERTEX_POINT ( 'NONE', #2164 ) ;
#2166 = DIRECTION ( 'NONE',  ( -0.7071067811865415775, -0.7071067811865534569, 0.000000000000000000 ) ) ;
#2167 = VERTEX_POINT ( 'NONE', #3181 ) ;
#2168 = DIRECTION ( 'NONE',  ( -2.454725278939251986E-16, 1.000000000000000000, 1.412361382570359924E-32 ) ) ;
#2169 = DIRECTION ( 'NONE',  ( 1.000000000000000000, 0.000000000000000000, 0.000000000000000000 ) ) ;
#2170 = CARTESIAN_POINT ( 'NONE',  ( -59.99999999999999289, 4.999999999999990230, 24.99999999999976197 ) ) ;
#2171 = CARTESIAN_POINT ( 'NONE',  ( 25.26174092983751862, 127.3950669119512327, 60.23378433438379176 ) ) ;
#2172 = DIRECTION ( 'NONE',  ( -1.000000000000000000, -2.454725278939251986E-16, 0.000000000000000000 ) ) ;
#2173 = CARTESIAN_POINT ( 'NONE',  ( -17.75000000000001421, 22.50000000000000711, 41.25000000000000000 ) ) ;
#2174 = ORIENTED_EDGE ( 'NONE', *, *, #2378, .F. ) ;
#2175 = PLANE ( 'NONE',  #2715 ) ;
#2176 = ORIENTED_EDGE ( 'NONE', *, *, #259, .T. ) ;
#2177 = DIRECTION ( 'NONE',  ( -2.454725278939251986E-16, 1.000000000000000000, 1.412361382570359924E-32 ) ) ;
#2178 = ORIENTED_EDGE ( 'NONE', *, *, #1898, .T. ) ;
#2179 = ADVANCED_FACE ( 'NONE', ( #2937 ), #1908, .T. ) ;
#2180 = AXIS2_PLACEMENT_3D ( 'NONE', #3091, #2602, #2575 ) ;
#2181 = CARTESIAN_POINT ( 'NONE',  ( 30.00000000000000000, 10.00000000000000000, 0.000000000000000000 ) ) ;
#2182 = ORIENTED_EDGE ( 'NONE', *, *, #1440, .T. ) ;
#2183 = EDGE_CURVE ( 'NONE', #2551, #885, #1648, .T. ) ;
#2184 = AXIS2_PLACEMENT_3D ( 'NONE', #1881, #1359, #1145 ) ;
#2185 = CYLINDRICAL_SURFACE ( 'NONE', #1372, 1.500000000000001332 ) ;
#2186 = CARTESIAN_POINT ( 'NONE',  ( -122.4018678657915302, -30.00000000000000355, 55.00000000000000000 ) ) ;
#2187 = DIRECTION ( 'NONE',  ( 0.000000000000000000, 0.000000000000000000, -1.000000000000000000 ) ) ;
#2188 = CARTESIAN_POINT ( 'NONE',  ( 26.78280169138858824, 127.0746342755824969, 58.26005849592635144 ) ) ;
#2189 = EDGE_CURVE ( 'NONE', #2021, #2445, #2397, .T. ) ;
#2190 = DIRECTION ( 'NONE',  ( 1.000000000000000000, 0.000000000000000000, 0.000000000000000000 ) ) ;
#2191 = EDGE_LOOP ( 'NONE', ( #794, #2649 ) ) ;
#2192 = CARTESIAN_POINT ( 'NONE',  ( -93.85186786579154727, -1.200000000000020606, 63.00000000000000000 ) ) ;
#2193 = VERTEX_POINT ( 'NONE', #2448 ) ;
#2194 = DIRECTION ( 'NONE',  ( 2.463512628606117579E-16, -1.000000000000000000, 0.000000000000000000 ) ) ;
#2195 = EDGE_LOOP ( 'NONE', ( #3307, #1002 ) ) ;
#2196 = CIRCLE ( 'NONE', #1818, 1.500000000000001332 ) ;
#2197 = AXIS2_PLACEMENT_3D ( 'NONE', #631, #915, #897 ) ;
#2198 = CARTESIAN_POINT ( 'NONE',  ( -60.00000000000000000, 60.00000000000000711, 0.000000000000000000 ) ) ;
#2199 = ORIENTED_EDGE ( 'NONE', *, *, #2264, .T. ) ;
#2200 = AXIS2_PLACEMENT_3D ( 'NONE', #2057, #2546, #2864 ) ;
#2201 = DIRECTION ( 'NONE',  ( -1.000000000000000000, 0.000000000000000000, -0.000000000000000000 ) ) ;
#2202 = VECTOR ( 'NONE', #1816, 1000.000000000000000 ) ;
#2203 = AXIS2_PLACEMENT_3D ( 'NONE', #667, #2477, #480 ) ;
#2204 = CARTESIAN_POINT ( 'NONE',  ( 1.750000000000013767, 108.4018678657927239, 63.00000000000000000 ) ) ;
#2205 = CARTESIAN_POINT ( 'NONE',  ( -37.70732911191205972, -12.65392550868905097, 33.37106099397042414 ) ) ;
#2206 = AXIS2_PLACEMENT_3D ( 'NONE', #838, #1153, #1643 ) ;
#2207 = VERTEX_POINT ( 'NONE', #1173 ) ;
#2208 = CARTESIAN_POINT ( 'NONE',  ( 25.49042805833894576, 127.3781956204563244, 60.89284752491238351 ) ) ;
#2209 = DIRECTION ( 'NONE',  ( -0.000000000000000000, -0.000000000000000000, -1.000000000000000000 ) ) ;
#2210 = EDGE_LOOP ( 'NONE', ( #990, #2475, #2989, #993 ) ) ;
#2211 = CARTESIAN_POINT ( 'NONE',  ( -64.33333333333331439, -15.00000000000001421, 41.25000000000000000 ) ) ;
#2212 = ORIENTED_EDGE ( 'NONE', *, *, #1113, .T. ) ;
#2213 = FACE_OUTER_BOUND ( 'NONE', #559, .T. ) ;
#2214 = ORIENTED_EDGE ( 'NONE', *, *, #1141, .T. ) ;
#2215 = CARTESIAN_POINT ( 'NONE',  ( -49.41666666666666430, -15.00000000000001066, 20.62499999999999645 ) ) ;
#2216 = EDGE_CURVE ( 'NONE', #1526, #1426, #1011, .T. ) ;
#2217 = ORIENTED_EDGE ( 'NONE', *, *, #2384, .F. ) ;
#2218 = CARTESIAN_POINT ( 'NONE',  ( -170.0000000000000000, 47.49999999999998579, 13.74999999999999822 ) ) ;
#2219 = DIRECTION ( 'NONE',  ( -2.454725278939251986E-16, 1.000000000000000000, 1.412361382570359924E-32 ) ) ;
#2220 = CARTESIAN_POINT ( 'NONE',  ( -60.00000000000000711, -24.99999999999999645, 24.99999999999977263 ) ) ;
#2221 = EDGE_CURVE ( 'NONE', #2053, #2709, #2434, .T. ) ;
#2222 = DIRECTION ( 'NONE',  ( 1.000000000000000000, 0.000000000000000000, 0.000000000000000000 ) ) ;
#2223 = FACE_OUTER_BOUND ( 'NONE', #2078, .T. ) ;
#2224 = ORIENTED_EDGE ( 'NONE', *, *, #1748, .T. ) ;
#2225 = CARTESIAN_POINT ( 'NONE',  ( 4.249999999999979572, 49.00000000000000000, 41.25000000000000000 ) ) ;
#2226 = ORIENTED_EDGE ( 'NONE', *, *, #1073, .F. ) ;
#2227 = CARTESIAN_POINT ( 'NONE',  ( -17.75000000000001421, 46.00000000000000000, 41.25000000000000000 ) ) ;
#2228 = ORIENTED_EDGE ( 'NONE', *, *, #803, .T. ) ;
#2229 = DIRECTION ( 'NONE',  ( 1.000000000000000000, 1.040834085586084257E-16, 0.000000000000000000 ) ) ;
#2230 = ADVANCED_FACE ( 'NONE', ( #757 ), #178, .T. ) ;
#2231 = ORIENTED_EDGE ( 'NONE', *, *, #477, .F. ) ;
#2232 = PLANE ( 'NONE',  #1278 ) ;
#2233 = AXIS2_PLACEMENT_3D ( 'NONE', #1905, #2934, #1155 ) ;
#2234 = DIRECTION ( 'NONE',  ( -1.000000000000000000, 0.000000000000000000, 0.000000000000000000 ) ) ;
#2235 = ORIENTED_EDGE ( 'NONE', *, *, #2528, .T. ) ;
#2236 = CARTESIAN_POINT ( 'NONE',  ( 30.00000000000000000, 55.00000000000000711, 55.00000000000000000 ) ) ;
#2237 = ORIENTED_EDGE ( 'NONE', *, *, #1101, .T. ) ;
#2238 = VECTOR ( 'NONE', #954, 1000.000000000000000 ) ;
#2239 = DIRECTION ( 'NONE',  ( 0.000000000000000000, 0.000000000000000000, -1.000000000000000000 ) ) ;
#2240 = CYLINDRICAL_SURFACE ( 'NONE', #3268, 1.500000000000001332 ) ;
#2241 = ORIENTED_EDGE ( 'NONE', *, *, #681, .F. ) ;
#2242 = FACE_OUTER_BOUND ( 'NONE', #179, .T. ) ;
#2243 = ORIENTED_EDGE ( 'NONE', *, *, #644, .F. ) ;
#2244 = CARTESIAN_POINT ( 'NONE',  ( -170.0000000000000000, 48.99999999999998579, 13.74999999999999822 ) ) ;
#2245 = EDGE_CURVE ( 'NONE', #443, #1737, #211, .T. ) ;
#2246 = VERTEX_POINT ( 'NONE', #974 ) ;
#2247 = LINE ( 'NONE', #760, #693 ) ;
#2248 = CARTESIAN_POINT ( 'NONE',  ( -49.41666666666666430, -15.00000000000001066, 20.62499999999999645 ) ) ;
#2249 = ORIENTED_EDGE ( 'NONE', *, *, #1763, .T. ) ;
#2250 = LINE ( 'NONE', #3009, #2453 ) ;
#2251 = ADVANCED_FACE ( 'NONE', ( #1506 ), #1003, .F. ) ;
#2252 = VECTOR ( 'NONE', #1009, 1000.000000000000000 ) ;
#2253 = CIRCLE ( 'NONE', #2091, 6.150000000000003020 ) ;
#2254 = DIRECTION ( 'NONE',  ( -1.000000000000000000, 0.000000000000000000, 0.000000000000000000 ) ) ;
#2255 = ORIENTED_EDGE ( 'NONE', *, *, #2502, .T. ) ;
#2256 = EDGE_CURVE ( 'NONE', #1126, #2610, #710, .T. ) ;
#2257 = CARTESIAN_POINT ( 'NONE',  ( 30.00000000000000000, 82.92893218813446765, 55.00000000000000000 ) ) ;
#2258 = VECTOR ( 'NONE', #968, 1000.000000000000000 ) ;
#2259 = CARTESIAN_POINT ( 'NONE',  ( 4.249999999999979572, 46.00000000000000000, 41.25000000000000000 ) ) ;
#2260 = AXIS2_PLACEMENT_3D ( 'NONE', #2489, #1984, #3290 ) ;
#2261 = CIRCLE ( 'NONE', #31, 5.000000000000004441 ) ;
#2262 = CARTESIAN_POINT ( 'NONE',  ( 24.99999999999999645, 122.4018678657926813, 55.00000000000000000 ) ) ;
#2263 = EDGE_LOOP ( 'NONE', ( #2435, #2548, #1353, #2555 ) ) ;
#2264 = EDGE_CURVE ( 'NONE', #1644, #1522, #255, .T. ) ;
#2265 = CARTESIAN_POINT ( 'NONE',  ( 14.99999999999999645, 10.00000000000000711, 34.99999999999999289 ) ) ;
#2266 = VERTEX_POINT ( 'NONE', #1521 ) ;
#2267 = CARTESIAN_POINT ( 'NONE',  ( -64.33333333333331439, -15.00000000000001421, 41.25000000000000000 ) ) ;
#2268 = CARTESIAN_POINT ( 'NONE',  ( -10.00000000000000000, -30.00000000000000000, 55.00000000000000000 ) ) ;
#2269 = ORIENTED_EDGE ( 'NONE', *, *, #3133, .T. ) ;
#2270 = AXIS2_PLACEMENT_3D ( 'NONE', #136, #153, #1411 ) ;
#2271 = DIRECTION ( 'NONE',  ( 1.000000000000000000, -0.000000000000000000, -0.000000000000000000 ) ) ;
#2272 = AXIS2_PLACEMENT_3D ( 'NONE', #324, #563, #1848 ) ;
#2273 = CARTESIAN_POINT ( 'NONE',  ( -121.8518678657915331, -1.200000000000022160, 55.00000000000000000 ) ) ;
#2274 = VERTEX_POINT ( 'NONE', #2227 ) ;
#2275 = VERTEX_POINT ( 'NONE', #726 ) ;
#2276 = CARTESIAN_POINT ( 'NONE',  ( -38.38332545209124902, -12.53719607713325424, 32.93479257379520675 ) ) ;
#2277 = CARTESIAN_POINT ( 'NONE',  ( -49.41666666666666430, -15.00000000000001066, 6.874999999999999112 ) ) ;
#2278 = CARTESIAN_POINT ( 'NONE',  ( -39.99999999999998579, -20.50000000000001776, 55.00000000000001421 ) ) ;
#2279 = ORIENTED_EDGE ( 'NONE', *, *, #681, .T. ) ;
#2280 = EDGE_CURVE ( 'NONE', #82, #1974, #580, .T. ) ;
#2281 = CARTESIAN_POINT ( 'NONE',  ( -10.00000000000000000, -30.00000000000000000, 65.00000000000000000 ) ) ;
#2282 = VERTEX_POINT ( 'NONE', #1754 ) ;
#2283 = DIRECTION ( 'NONE',  ( -1.000000000000000000, -1.040834085586084257E-16, 0.000000000000000000 ) ) ;
#2284 = CARTESIAN_POINT ( 'NONE',  ( -11.46446609406726935, 125.9374017717254048, 55.00000000000000000 ) ) ;
#2285 = ORIENTED_EDGE ( 'NONE', *, *, #1892, .T. ) ;
#2286 = CALENDAR_DATE ( 2026, 2, 6 ) ;
#2287 = DIRECTION ( 'NONE',  ( -1.000000000000000000, 4.336808689942018969E-17, 0.000000000000000000 ) ) ;
#2288 = EDGE_CURVE ( 'NONE', #2396, #479, #1736, .T. ) ;
#2289 = ORIENTED_EDGE ( 'NONE', *, *, #2753, .T. ) ;
#2290 = AXIS2_PLACEMENT_3D ( 'NONE', #1085, #3148, #538 ) ;
#2291 = PLANE ( 'NONE',  #601 ) ;
#2292 = FACE_OUTER_BOUND ( 'NONE', #1171, .T. ) ;
#2293 = ORIENTED_EDGE ( 'NONE', *, *, #2853, .F. ) ;
#2294 = CIRCLE ( 'NONE', #2987, 1.500000000000001332 ) ;
#2295 = EDGE_CURVE ( 'NONE', #987, #2936, #2776, .T. ) ;
#2296 = DIRECTION ( 'NONE',  ( 1.000000000000000000, 0.000000000000000000, 0.000000000000000000 ) ) ;
#2297 = VERTEX_POINT ( 'NONE', #2265 ) ;
#2298 = ADVANCED_FACE ( 'NONE', ( #3049 ), #2801, .F. ) ;
#2299 = DIRECTION ( 'NONE',  ( 1.000000000000000000, 0.000000000000000000, 0.000000000000000000 ) ) ;
#2300 = DIRECTION ( 'NONE',  ( 0.000000000000000000, 0.7071067811865517916, -0.7071067811865433539 ) ) ;
#2301 = ORIENTED_EDGE ( 'NONE', *, *, #2785, .F. ) ;
#2302 = PERSON_AND_ORGANIZATION_ROLE ( 'design_owner' ) ;
#2303 = CARTESIAN_POINT ( 'NONE',  ( -37.33333333333332860, -15.00000000000001066, 6.874999999999999112 ) ) ;
#2304 = ORIENTED_EDGE ( 'NONE', *, *, #1825, .F. ) ;
#2305 = CARTESIAN_POINT ( 'NONE',  ( 22.00000000000001421, 10.00000000000000000, 55.00000000000000711 ) ) ;
#2306 = ADVANCED_FACE ( 'NONE', ( #3282 ), #2781, .T. ) ;
#2307 = CIRCLE ( 'NONE', #2634, 1.500000000000001332 ) ;
#2308 = DIRECTION ( 'NONE',  ( -2.454725278939251986E-16, 1.000000000000000000, 1.412361382570359924E-32 ) ) ;
#2309 = CARTESIAN_POINT ( 'NONE',  ( -89.99999999999991473, 4.999999999999984013, 55.00000000000000000 ) ) ;
#2310 = AXIS2_PLACEMENT_3D ( 'NONE', #2248, #2520, #676 ) ;
#2311 = CARTESIAN_POINT ( 'NONE',  ( 28.36461956392083295, 126.1060942965059581, 61.11688979170876479 ) ) ;
#2312 = AXIS2_PLACEMENT_3D ( 'NONE', #29, #3112, #2069 ) ;
#2313 = FACE_OUTER_BOUND ( 'NONE', #3216, .T. ) ;
#2314 = AXIS2_PLACEMENT_3D ( 'NONE', #91, #2879, #852 ) ;
#2315 = ORIENTED_EDGE ( 'NONE', *, *, #1101, .F. ) ;
#2316 = LINE ( 'NONE', #2009, #1543 ) ;
#2317 = CIRCLE ( 'NONE', #2197, 4.999999999999999112 ) ;
#2318 = CARTESIAN_POINT ( 'NONE',  ( -170.0000000000000000, 23.99999999999999289, 13.74999999999999822 ) ) ;
#2319 = EDGE_LOOP ( 'NONE', ( #3008, #1875, #2554, #780 ) ) ;
#2320 = COORDINATED_UNIVERSAL_TIME_OFFSET ( 1, 0, .AHEAD. ) ;
#2321 = EDGE_CURVE ( 'NONE', #3249, #1072, #3315, .T. ) ;
#2322 = DIRECTION ( 'NONE',  ( -1.000000000000000000, -1.786765180256111307E-16, 6.938893903907225912E-17 ) ) ;
#2323 = ORIENTED_EDGE ( 'NONE', *, *, #2984, .F. ) ;
#2324 = CARTESIAN_POINT ( 'NONE',  ( -50.00000000000000000, -30.00000000000000000, 0.000000000000000000 ) ) ;
#2325 = DIRECTION ( 'NONE',  ( 1.000000000000000000, 0.000000000000000000, 0.000000000000000000 ) ) ;
#2326 = DIRECTION ( 'NONE',  ( 1.000000000000000000, 0.000000000000000000, 0.000000000000000000 ) ) ;
#2327 = EDGE_CURVE ( 'NONE', #1208, #1803, #1722, .T. ) ;
#2328 = CARTESIAN_POINT ( 'NONE',  ( -37.33333333333332860, 9.999999999999994671, 48.12499999999999289 ) ) ;
#2329 = CARTESIAN_POINT ( 'NONE',  ( -17.75000000000001421, 49.00000000000000000, 13.74999999999999822 ) ) ;
#2330 = EDGE_CURVE ( 'NONE', #2731, #2099, #2815, .T. ) ;
#2331 = VERTEX_POINT ( 'NONE', #1470 ) ;
#2332 = DIRECTION ( 'NONE',  ( -1.000000000000000000, 0.000000000000000000, 0.000000000000000000 ) ) ;
#2333 = EDGE_LOOP ( 'NONE', ( #2699, #675, #908, #660 ) ) ;
#2334 = PERSON_AND_ORGANIZATION_ROLE ( 'creator' ) ;
#2335 = CARTESIAN_POINT ( 'NONE',  ( 30.00000000000000000, 122.4018678657926813, 55.00000000000000000 ) ) ;
#2336 = ORIENTED_EDGE ( 'NONE', *, *, #1619, .T. ) ;
#2337 = DIRECTION ( 'NONE',  ( 1.000000000000000000, 0.000000000000000000, 0.000000000000000000 ) ) ;
#2338 = DIRECTION ( 'NONE',  ( 0.000000000000000000, 0.000000000000000000, -1.000000000000000000 ) ) ;
#2339 = DIRECTION ( 'NONE',  ( 0.000000000000000000, 1.000000000000000000, 0.000000000000000000 ) ) ;
#2340 = CARTESIAN_POINT ( 'NONE',  ( 28.64323445389853617, 125.8270228652773568, 60.61326243385894230 ) ) ;
#2341 = VECTOR ( 'NONE', #1973, 1000.000000000000000 ) ;
#2342 = DIRECTION ( 'NONE',  ( -0.000000000000000000, -0.000000000000000000, -1.000000000000000000 ) ) ;
#2343 = ORIENTED_EDGE ( 'NONE', *, *, #2585, .F. ) ;
#2344 = VECTOR ( 'NONE', #2271, 1000.000000000000000 ) ;
#2345 = CARTESIAN_POINT ( 'NONE',  ( -37.37143148874670118, -13.84063324948653317, 34.72000735320184361 ) ) ;
#2346 = EDGE_CURVE ( 'NONE', #3086, #1966, #2498, .T. ) ;
#2347 = VECTOR ( 'NONE', #2342, 1000.000000000000000 ) ;
#2348 = ORIENTED_EDGE ( 'NONE', *, *, #997, .F. ) ;
#2349 = LINE ( 'NONE', #510, #1499 ) ;
#2350 = VERTEX_POINT ( 'NONE', #1082 ) ;
#2351 = DIRECTION ( 'NONE',  ( -2.454725278939251986E-16, 1.000000000000000000, 1.412361382570359924E-32 ) ) ;
#2352 = EDGE_CURVE ( 'NONE', #1200, #904, #1695, .T. ) ;
#2353 = CARTESIAN_POINT ( 'NONE',  ( 24.99999999999999645, 127.4018678657926955, 55.00000000000000000 ) ) ;
#2354 = CARTESIAN_POINT ( 'NONE',  ( -82.92893218813448186, 9.999999999999984013, 54.99999999999999289 ) ) ;
#2355 = CARTESIAN_POINT ( 'NONE',  ( -40.00000000000000000, -15.00000000000001066, 34.99999999999999289 ) ) ;
#2356 = VECTOR ( 'NONE', #1282, 1000.000000000000000 ) ;
#2357 = CARTESIAN_POINT ( 'NONE',  ( -9.999999999999994671, -7.000000000000013323, 15.00000000000000178 ) ) ;
#2358 = AXIS2_PLACEMENT_3D ( 'NONE', #2988, #149, #2468 ) ;
#2359 = EDGE_CURVE ( 'NONE', #1803, #2246, #2582, .T. ) ;
#2360 = ORIENTED_EDGE ( 'NONE', *, *, #2870, .T. ) ;
#2361 = DESIGN_CONTEXT ( 'detailed design', #1150, 'design' ) ;
#2362 = CARTESIAN_POINT ( 'NONE',  ( -107.8518678657915331, -1.200000000000022160, 65.00000000000000000 ) ) ;
#2363 = CIRCLE ( 'NONE', #2147, 6.149999999999985256 ) ;
#2364 = EDGE_LOOP ( 'NONE', ( #50, #1701 ) ) ;
#2365 = ADVANCED_FACE ( 'NONE', ( #310 ), #3143, .F. ) ;
#2366 = DATE_AND_TIME ( #1844, #147 ) ;
#2367 = CARTESIAN_POINT ( 'NONE',  ( 7.000000000000009770, 39.99999999999999289, 55.00000000000000000 ) ) ;
#2368 = EDGE_LOOP ( 'NONE', ( #177, #2668, #210, #237 ) ) ;
#2369 = LINE ( 'NONE', #3221, #1963 ) ;
#2370 = CARTESIAN_POINT ( 'NONE',  ( -49.41666666666666430, -15.00000000000001066, 20.62499999999999645 ) ) ;
#2371 = CYLINDRICAL_SURFACE ( 'NONE', #1510, 2.499999999999998668 ) ;
#2372 = DIRECTION ( 'NONE',  ( 0.000000000000000000, 0.000000000000000000, -1.000000000000000000 ) ) ;
#2373 = DIRECTION ( 'NONE',  ( -1.000000000000000000, -0.000000000000000000, -0.000000000000000000 ) ) ;
#2374 = FACE_OUTER_BOUND ( 'NONE', #3057, .T. ) ;
#2375 = ORIENTED_EDGE ( 'NONE', *, *, #1006, .T. ) ;
#2376 = CARTESIAN_POINT ( 'NONE',  ( -37.33333333333333570, -13.45946209321134290, 34.47470660445638657 ) ) ;
#2377 = VERTEX_POINT ( 'NONE', #2625 ) ;
#2378 = EDGE_CURVE ( 'NONE', #2297, #169, #1059, .T. ) ;
#2379 = ORIENTED_EDGE ( 'NONE', *, *, #1197, .T. ) ;
#2380 = APPROVAL_ROLE ( '' ) ;
#2381 = CARTESIAN_POINT ( 'NONE',  ( -122.4018678657915302, -30.00000000000000355, 55.00000000000000000 ) ) ;
#2382 = ORIENTED_EDGE ( 'NONE', *, *, #49, .F. ) ;
#2383 = DIRECTION ( 'NONE',  ( -7.709882115452476934E-17, -1.000000000000000000, 0.000000000000000000 ) ) ;
#2384 = EDGE_CURVE ( 'NONE', #3048, #1437, #2455, .T. ) ;
#2385 = FACE_OUTER_BOUND ( 'NONE', #3309, .T. ) ;
#2386 = DIRECTION ( 'NONE',  ( 0.000000000000000000, -1.000000000000000000, 0.000000000000000000 ) ) ;
#2387 = CARTESIAN_POINT ( 'NONE',  ( -39.99999999999998579, -23.50000000000002132, 55.00000000000001421 ) ) ;
#2388 = DIRECTION ( 'NONE',  ( 0.000000000000000000, -0.7071067811865437980, -0.7071067811865513475 ) ) ;
#2389 = FACE_OUTER_BOUND ( 'NONE', #1571, .T. ) ;
#2390 = ORIENTED_EDGE ( 'NONE', *, *, #3277, .T. ) ;
#2391 = CARTESIAN_POINT ( 'NONE',  ( -127.4018678657915302, -25.00000000000006750, 65.00000000000000000 ) ) ;
#2392 = VECTOR ( 'NONE', #3243, 1000.000000000000000 ) ;
#2393 = ADVANCED_FACE ( 'NONE', ( #1838 ), #1051, .F. ) ;
#2394 = AXIS2_PLACEMENT_3D ( 'NONE', #3185, #1622, #2669 ) ;
#2395 = ADVANCED_FACE ( 'NONE', ( #566, #805, #280 ), #46, .T. ) ;
#2396 = VERTEX_POINT ( 'NONE', #2329 ) ;
#2397 = CIRCLE ( 'NONE', #1590, 1.500000000000001332 ) ;
#2398 = CARTESIAN_POINT ( 'NONE',  ( 20.50000000000001066, 40.00000000000000000, 55.00000000000000711 ) ) ;
#2399 = VECTOR ( 'NONE', #2046, 1000.000000000000000 ) ;
#2400 = ORIENTED_EDGE ( 'NONE', *, *, #1281, .T. ) ;
#2401 = CARTESIAN_POINT ( 'NONE',  ( -82.92893218813448186, 9.999999999999984013, 54.99999999999999289 ) ) ;
#2402 = DIRECTION ( 'NONE',  ( -1.000000000000000000, 0.000000000000000000, 0.000000000000000000 ) ) ;
#2403 = DIRECTION ( 'NONE',  ( 1.000000000000000000, 1.387778780781445360E-14, 0.000000000000000000 ) ) ;
#2404 = CARTESIAN_POINT ( 'NONE',  ( -9.999999999999998224, 4.999999999999997335, 65.00000000000000000 ) ) ;
#2405 = DIRECTION ( 'NONE',  ( 4.336808689942018969E-17, -1.000000000000000000, 0.000000000000000000 ) ) ;
#2406 = CARTESIAN_POINT ( 'NONE',  ( 22.00000000000001421, 40.00000000000000000, 55.00000000000000711 ) ) ;
#2407 = VECTOR ( 'NONE', #6, 1000.000000000000000 ) ;
#2408 = EDGE_LOOP ( 'NONE', ( #375, #2510, #2348, #265 ) ) ;
#2409 = CARTESIAN_POINT ( 'NONE',  ( -9.999999999999992895, -5.500000000000007994, 55.00000000000000000 ) ) ;
#2410 = ORIENTED_EDGE ( 'NONE', *, *, #525, .F. ) ;
#2411 = AXIS2_PLACEMENT_3D ( 'NONE', #881, #2136, #2707 ) ;
#2412 = DIRECTION ( 'NONE',  ( -1.000000000000000000, -2.454725278939251986E-16, 0.000000000000000000 ) ) ;
#2413 = VERTEX_POINT ( 'NONE', #2850 ) ;
#2414 = VECTOR ( 'NONE', #941, 1000.000000000000000 ) ;
#2415 = VECTOR ( 'NONE', #242, 1000.000000000000000 ) ;
#2416 = AXIS2_PLACEMENT_3D ( 'NONE', #703, #2038, #2531 ) ;
#2417 = CYLINDRICAL_SURFACE ( 'NONE', #1338, 1.750000000000001554 ) ;
#2418 = AXIS2_PLACEMENT_3D ( 'NONE', #1884, #346, #3141 ) ;
#2419 = ORIENTED_EDGE ( 'NONE', *, *, #2599, .F. ) ;
#2420 = CARTESIAN_POINT ( 'NONE',  ( -17.75000000000001421, 82.92893218813445344, 54.99999999999999289 ) ) ;
#2421 = EDGE_CURVE ( 'NONE', #530, #885, #1488, .T. ) ;
#2422 = DIRECTION ( 'NONE',  ( -0.7071067811865435759, -0.7071067811865515695, 0.000000000000000000 ) ) ;
#2423 = LINE ( 'NONE', #2722, #1607 ) ;
#2424 = CARTESIAN_POINT ( 'NONE',  ( 26.89261397478426829, 127.0313106644753418, 58.24999999999999289 ) ) ;
#2425 = AXIS2_PLACEMENT_3D ( 'NONE', #1425, #1916, #409 ) ;
#2426 = ADVANCED_FACE ( 'NONE', ( #2313 ), #1350, .T. ) ;
#2427 = CARTESIAN_POINT ( 'NONE',  ( -15.67893218813454226, 60.00000000000000711, 24.99999999999977973 ) ) ;
#2428 = CARTESIAN_POINT ( 'NONE',  ( -63.37334882934994340, 14.20728534806024790, 60.00000000000001421 ) ) ;
#2429 = ORIENTED_EDGE ( 'NONE', *, *, #1304, .F. ) ;
#2430 = DIRECTION ( 'NONE',  ( 2.463512628606117579E-16, -1.000000000000000000, 0.000000000000000000 ) ) ;
#2431 = ORIENTED_EDGE ( 'NONE', *, *, #1663, .F. ) ;
#2432 = DIRECTION ( 'NONE',  ( -0.7071067811865513475, 0.7071067811865437980, 0.000000000000000000 ) ) ;
#2433 = EDGE_CURVE ( 'NONE', #2647, #3131, #45, .T. ) ;
#2434 =( BOUNDED_CURVE ( )  B_SPLINE_CURVE ( 3, ( #2547, #741, #3033, #1976 ),
 .UNSPECIFIED., .F., .F. ) 
 B_SPLINE_CURVE_WITH_KNOTS ( ( 4, 4 ),
 ( 1.570796326794896558, 3.141592653589793116 ),
 .UNSPECIFIED. ) 
 CURVE ( )  GEOMETRIC_REPRESENTATION_ITEM ( )  RATIONAL_B_SPLINE_CURVE ( ( 1.000000000000000000, 0.8047378541243649375, 0.8047378541243649375, 1.000000000000000000 ) ) 
 REPRESENTATION_ITEM ( '' )  );
#2435 = ORIENTED_EDGE ( 'NONE', *, *, #1738, .T. ) ;
#2436 = DIRECTION ( 'NONE',  ( -0.7071067811865513475, 0.7071067811865437980, 0.000000000000000000 ) ) ;
#2437 = ORIENTED_EDGE ( 'NONE', *, *, #2572, .T. ) ;
#2438 = CARTESIAN_POINT ( 'NONE',  ( -9.999999999999992895, -8.500000000000012434, 55.00000000000000000 ) ) ;
#2439 = EDGE_CURVE ( 'NONE', #314, #2695, #3200, .T. ) ;
#2440 = DIRECTION ( 'NONE',  ( -2.454725278939251986E-16, 1.000000000000000000, 1.412361382570359924E-32 ) ) ;
#2441 = EDGE_CURVE ( 'NONE', #2711, #388, #73, .T. ) ;
#2442 = CYLINDRICAL_SURFACE ( 'NONE', #2044, 1.500000000000004885 ) ;
#2443 = DIRECTION ( 'NONE',  ( -1.000000000000000000, 0.000000000000000000, 0.000000000000000000 ) ) ;
#2444 = DIRECTION ( 'NONE',  ( 0.000000000000000000, 1.000000000000000000, 0.000000000000000000 ) ) ;
#2445 = VERTEX_POINT ( 'NONE', #1850 ) ;
#2446 = DIRECTION ( 'NONE',  ( -2.454725278939251986E-16, 1.000000000000000000, 1.412361382570359924E-32 ) ) ;
#2447 = EDGE_LOOP ( 'NONE', ( #642, #809, #2429, #2516 ) ) ;
#2448 = CARTESIAN_POINT ( 'NONE',  ( -55.00000000000000711, 9.999999999999991118, 0.000000000000000000 ) ) ;
#2449 = EDGE_LOOP ( 'NONE', ( #3235, #943, #3213, #960 ) ) ;
#2450 = AXIS2_PLACEMENT_3D ( 'NONE', #1218, #2810, #2337 ) ;
#2451 = CARTESIAN_POINT ( 'NONE',  ( -9.999999999999994671, -7.000000000000013323, 15.00000000000000178 ) ) ;
#2452 = ORIENTED_EDGE ( 'NONE', *, *, #469, .T. ) ;
#2453 = VECTOR ( 'NONE', #1460, 1000.000000000000000 ) ;
#2454 = CARTESIAN_POINT ( 'NONE',  ( -17.75000000000001421, 24.00000000000001066, 13.74999999999999822 ) ) ;
#2455 = CIRCLE ( 'NONE', #2665, 1.500000000000003109 ) ;
#2456 = CARTESIAN_POINT ( 'NONE',  ( 1.750000000000015543, 108.4018678657931360, 55.00000000000000000 ) ) ;
#2457 = CARTESIAN_POINT ( 'NONE',  ( -37.40769914771403393, -12.91607868701639816, 33.89036916681931189 ) ) ;
#2458 = APPROVAL ( #2869, 'UNSPECIFIED' ) ;
#2459 = CARTESIAN_POINT ( 'NONE',  ( 26.14324054913670992, 127.2743525227371890, 58.45725489896310023 ) ) ;
#2460 = PLANE ( 'NONE',  #810 ) ;
#2461 = ORIENTED_EDGE ( 'NONE', *, *, #1087, .F. ) ;
#2462 = DIRECTION ( 'NONE',  ( 0.000000000000000000, 0.000000000000000000, 1.000000000000000000 ) ) ;
#2463 = VERTEX_POINT ( 'NONE', #260 ) ;
#2464 = EDGE_CURVE ( 'NONE', #1426, #1526, #848, .T. ) ;
#2465 = CARTESIAN_POINT ( 'NONE',  ( -38.83333333333332149, -15.00000000000001066, 48.12499999999999289 ) ) ;
#2466 = ORIENTED_EDGE ( 'NONE', *, *, #2609, .F. ) ;
#2467 = CIRCLE ( 'NONE', #2623, 6.149999999999985256 ) ;
#2468 = DIRECTION ( 'NONE',  ( -1.000000000000000000, 0.000000000000000000, 0.000000000000000000 ) ) ;
#2469 = VECTOR ( 'NONE', #1083, 1000.000000000000000 ) ;
#2470 = EDGE_CURVE ( 'NONE', #2533, #904, #2564, .T. ) ;
#2471 = ORIENTED_EDGE ( 'NONE', *, *, #2960, .T. ) ;
#2472 = DIRECTION ( 'NONE',  ( 0.000000000000000000, -1.000000000000000000, 0.000000000000000000 ) ) ;
#2473 = AXIS2_PLACEMENT_3D ( 'NONE', #654, #3177, #2931 ) ;
#2474 = CIRCLE ( 'NONE', #1879, 1.500000000000001332 ) ;
#2475 = ORIENTED_EDGE ( 'NONE', *, *, #1407, .T. ) ;
#2476 = CARTESIAN_POINT ( 'NONE',  ( 30.00000000000000000, 122.4018678657926813, 65.00000000000000000 ) ) ;
#2477 = DIRECTION ( 'NONE',  ( -0.000000000000000000, -0.000000000000000000, 1.000000000000000000 ) ) ;
#2478 = DIRECTION ( 'NONE',  ( -1.000000000000000000, 0.000000000000000000, 0.000000000000000000 ) ) ;
#2479 = DIRECTION ( 'NONE',  ( 1.000000000000000000, 0.000000000000000000, 0.000000000000000000 ) ) ;
#2480 = EDGE_LOOP ( 'NONE', ( #957, #2841, #2792, #1169, #2504, #552, #414 ) ) ;
#2481 = FACE_BOUND ( 'NONE', #313, .T. ) ;
#2482 = ORIENTED_EDGE ( 'NONE', *, *, #1592, .F. ) ;
#2483 = EDGE_CURVE ( 'NONE', #2109, #1266, #3099, .T. ) ;
#2484 = CARTESIAN_POINT ( 'NONE',  ( -38.83333333333332149, -15.00000000000001066, 48.12499999999999289 ) ) ;
#2485 = ORIENTED_EDGE ( 'NONE', *, *, #2280, .F. ) ;
#2486 = CYLINDRICAL_SURFACE ( 'NONE', #2146, 1.500000000000001332 ) ;
#2487 = EDGE_LOOP ( 'NONE', ( #861, #1367, #2243, #119 ) ) ;
#2488 = LINE ( 'NONE', #3251, #2718 ) ;
#2489 = CARTESIAN_POINT ( 'NONE',  ( -170.0000000000000000, 22.49999999999998934, 13.74999999999999822 ) ) ;
#2490 = CYLINDRICAL_SURFACE ( 'NONE', #3011, 5.000000000000000000 ) ;
#2491 = CARTESIAN_POINT ( 'NONE',  ( 15.75000000000000711, 108.4018678657927239, 63.00000000000000000 ) ) ;
#2492 = ADVANCED_FACE ( 'NONE', ( #1805 ), #2608, .T. ) ;
#2493 = DIRECTION ( 'NONE',  ( -1.000000000000000000, 0.000000000000000000, 0.000000000000000000 ) ) ;
#2494 = CARTESIAN_POINT ( 'NONE',  ( -4.999999999999998224, 4.999999999999997335, 65.00000000000000000 ) ) ;
#2495 = ORIENTED_EDGE ( 'NONE', *, *, #2441, .T. ) ;
#2496 = FACE_OUTER_BOUND ( 'NONE', #1576, .T. ) ;
#2497 = ORIENTED_EDGE ( 'NONE', *, *, #1943, .F. ) ;
#2498 = LINE ( 'NONE', #3261, #2128 ) ;
#2499 = EDGE_LOOP ( 'NONE', ( #7, #504, #857, #2589 ) ) ;
#2500 = ADVANCED_FACE ( 'NONE', ( #3084, #1472 ), #2536, .T. ) ;
#2501 = CARTESIAN_POINT ( 'NONE',  ( -49.41666666666666430, 9.999999999999991118, 48.12500000000000000 ) ) ;
#2502 = EDGE_CURVE ( 'NONE', #1985, #459, #1540, .T. ) ;
#2503 = DIRECTION ( 'NONE',  ( 0.000000000000000000, -1.000000000000000000, 0.000000000000000000 ) ) ;
#2504 = ORIENTED_EDGE ( 'NONE', *, *, #2359, .T. ) ;
#2505 = CARTESIAN_POINT ( 'NONE',  ( -38.83333333333332149, -15.00000000000001066, 48.12499999999999289 ) ) ;
#2506 = CIRCLE ( 'NONE', #2233, 6.150000000000003020 ) ;
#2507 = EDGE_CURVE ( 'NONE', #3048, #82, #2519, .T. ) ;
#2508 = DIRECTION ( 'NONE',  ( -1.000000000000000000, 0.000000000000000000, 0.000000000000000000 ) ) ;
#2509 = APPROVAL_PERSON_ORGANIZATION ( #526, #571, #1297 ) ;
#2510 = ORIENTED_EDGE ( 'NONE', *, *, #1130, .T. ) ;
#2511 = CARTESIAN_POINT ( 'NONE',  ( -39.99999999999999289, -7.000000000000017764, 15.00000000000000355 ) ) ;
#2512 = VECTOR ( 'NONE', #244, 1000.000000000000000 ) ;
#2513 = CARTESIAN_POINT ( 'NONE',  ( 27.00000000000025224, 126.9844435607488151, 61.75000000000078870 ) ) ;
#2514 = FACE_OUTER_BOUND ( 'NONE', #1860, .T. ) ;
#2515 = CC_DESIGN_APPROVAL ( #2458, ( #3142 ) ) ;
#2516 = ORIENTED_EDGE ( 'NONE', *, *, #942, .T. ) ;
#2517 = DIRECTION ( 'NONE',  ( -1.000000000000000000, 0.000000000000000000, 0.000000000000000000 ) ) ;
#2518 = ORIENTED_EDGE ( 'NONE', *, *, #62, .F. ) ;
#2519 = LINE ( 'NONE', #213, #1968 ) ;
#2520 = DIRECTION ( 'NONE',  ( -2.454725278939251986E-16, 1.000000000000000000, 1.412361382570359924E-32 ) ) ;
#2521 = ORIENTED_EDGE ( 'NONE', *, *, #1907, .F. ) ;
#2522 = CIRCLE ( 'NONE', #1179, 4.999999999999997335 ) ;
#2523 = AXIS2_PLACEMENT_3D ( 'NONE', #1679, #413, #684 ) ;
#2524 = VECTOR ( 'NONE', #1815, 1000.000000000000000 ) ;
#2525 = FACE_OUTER_BOUND ( 'NONE', #3054, .T. ) ;
#2526 = ORIENTED_EDGE ( 'NONE', *, *, #1738, .F. ) ;
#2527 = CARTESIAN_POINT ( 'NONE',  ( -4.999999999999998224, 4.999999999999997335, 55.00000000000000000 ) ) ;
#2528 = EDGE_CURVE ( 'NONE', #2610, #736, #3098, .T. ) ;
#2529 = DIRECTION ( 'NONE',  ( 1.000000000000000000, -7.709882115452476934E-17, 0.000000000000000000 ) ) ;
#2530 = AXIS2_PLACEMENT_3D ( 'NONE', #1659, #1376, #2402 ) ;
#2531 = DIRECTION ( 'NONE',  ( -1.000000000000000000, 0.000000000000000000, 0.000000000000000000 ) ) ;
#2532 = CIRCLE ( 'NONE', #1561, 5.000000000000004441 ) ;
#2533 = VERTEX_POINT ( 'NONE', #1291 ) ;
#2534 = DIRECTION ( 'NONE',  ( -1.000000000000000000, 0.000000000000000000, 0.000000000000000000 ) ) ;
#2535 = ORIENTED_EDGE ( 'NONE', *, *, #1054, .F. ) ;
#2536 = CYLINDRICAL_SURFACE ( 'NONE', #2886, 5.000000000000000888 ) ;
#2537 = EDGE_CURVE ( 'NONE', #1737, #964, #489, .T. ) ;
#2538 = DIRECTION ( 'NONE',  ( -4.336808689942018352E-17, -1.000000000000000000, 0.000000000000000000 ) ) ;
#2539 = ORIENTED_EDGE ( 'NONE', *, *, #1907, .T. ) ;
#2540 = DIRECTION ( 'NONE',  ( 0.000000000000000000, 0.000000000000000000, -1.000000000000000000 ) ) ;
#2541 = EDGE_LOOP ( 'NONE', ( #3120, #1949, #2390, #637 ) ) ;
#2542 = CARTESIAN_POINT ( 'NONE',  ( -38.87113332182482139, -12.52698154872737746, 32.86656686824760243 ) ) ;
#2543 = FACE_OUTER_BOUND ( 'NONE', #201, .T. ) ;
#2544 = ADVANCED_FACE ( 'NONE', ( #1276 ), #1490, .T. ) ;
#2545 = CARTESIAN_POINT ( 'NONE',  ( -47.91666666666666430, -15.00000000000001066, 6.874999999999999112 ) ) ;
#2546 = DIRECTION ( 'NONE',  ( -2.454725278939251986E-16, 1.000000000000000000, 1.412361382570359924E-32 ) ) ;
#2547 = CARTESIAN_POINT ( 'NONE',  ( 30.00000000000000000, 55.00000000000000711, 27.07106781186524458 ) ) ;
#2548 = ORIENTED_EDGE ( 'NONE', *, *, #1103, .F. ) ;
#2549 = DIRECTION ( 'NONE',  ( -0.7071067811865513475, 0.7071067811865437980, 0.000000000000000000 ) ) ;
#2550 = CARTESIAN_POINT ( 'NONE',  ( 30.00000000000000000, 60.00000000000000711, 0.000000000000000000 ) ) ;
#2551 = VERTEX_POINT ( 'NONE', #263 ) ;
#2552 = APPLICATION_PROTOCOL_DEFINITION ( 'international standard', 'config_control_design', 1994, #935 ) ;
#2553 = LINE ( 'NONE', #270, #1020 ) ;
#2554 = ORIENTED_EDGE ( 'NONE', *, *, #2775, .T. ) ;
#2555 = ORIENTED_EDGE ( 'NONE', *, *, #2330, .F. ) ;
#2556 = AXIS2_PLACEMENT_3D ( 'NONE', #2054, #3108, #2067 ) ;
#2557 = DIRECTION ( 'NONE',  ( 4.336808689942018969E-17, -1.000000000000000000, 0.000000000000000000 ) ) ;
#2558 = AXIS2_PLACEMENT_3D ( 'NONE', #2738, #2770, #476 ) ;
#2559 = DIRECTION ( 'NONE',  ( -2.454725278939251986E-16, 1.000000000000000000, 1.412361382570359924E-32 ) ) ;
#2560 = CARTESIAN_POINT ( 'NONE',  ( -40.00000000000000000, -15.00000000000000000, 34.99999999999999289 ) ) ;
#2561 = CARTESIAN_POINT ( 'NONE',  ( -170.0000000000000000, 47.49999999999998579, 13.74999999999999822 ) ) ;
#2562 = VECTOR ( 'NONE', #3198, 1000.000000000000000 ) ;
#2563 = CC_DESIGN_PERSON_AND_ORGANIZATION_ASSIGNMENT ( #1781, #2079, ( #3052 ) ) ;
#2564 = LINE ( 'NONE', #2877, #366 ) ;
#2565 = VECTOR ( 'NONE', #3299, 1000.000000000000000 ) ;
#2566 = EDGE_LOOP ( 'NONE', ( #2012, #1983 ) ) ;
#2567 = LINE ( 'NONE', #1739, #2399 ) ;
#2568 = EDGE_CURVE ( 'NONE', #607, #2834, #3045, .T. ) ;
#2569 = CARTESIAN_POINT ( 'NONE',  ( -49.41666666666665719, -15.00000000000001066, 34.37500000000000000 ) ) ;
#2570 = ORIENTED_EDGE ( 'NONE', *, *, #1176, .T. ) ;
#2571 = DIRECTION ( 'NONE',  ( -1.000000000000000000, 0.000000000000000000, 0.000000000000000000 ) ) ;
#2572 = EDGE_CURVE ( 'NONE', #1846, #2779, #532, .T. ) ;
#2573 = CYLINDRICAL_SURFACE ( 'NONE', #591, 5.000000000000001776 ) ;
#2574 = ORIENTED_EDGE ( 'NONE', *, *, #2359, .F. ) ;
#2575 = DIRECTION ( 'NONE',  ( 0.000000000000000000, -1.000000000000000000, 0.000000000000000000 ) ) ;
#2576 = VECTOR ( 'NONE', #24, 1000.000000000000000 ) ;
#2577 = VECTOR ( 'NONE', #1352, 1000.000000000000000 ) ;
#2578 = PLANE ( 'NONE',  #2619 ) ;
#2579 = AXIS2_PLACEMENT_3D ( 'NONE', #1996, #1724, #1247 ) ;
#2580 = CARTESIAN_POINT ( 'NONE',  ( 27.00000000000000000, 85.10186786579268414, 60.00000000000000000 ) ) ;
#2581 = AXIS2_PLACEMENT_3D ( 'NONE', #2726, #3208, #428 ) ;
#2582 = LINE ( 'NONE', #849, #2347 ) ;
#2583 = ORIENTED_EDGE ( 'NONE', *, *, #98, .T. ) ;
#2584 = DIRECTION ( 'NONE',  ( -0.7071067811865439090, -1.741966485226073805E-16, 0.7071067811865512365 ) ) ;
#2585 = EDGE_CURVE ( 'NONE', #1608, #2193, #2567, .T. ) ;
#2586 = ORIENTED_EDGE ( 'NONE', *, *, #299, .T. ) ;
#2587 = COORDINATED_UNIVERSAL_TIME_OFFSET ( 1, 0, .AHEAD. ) ;
#2588 = CARTESIAN_POINT ( 'NONE',  ( 5.500000000000012434, 9.999999999999998224, 15.00000000000000000 ) ) ;
#2589 = ORIENTED_EDGE ( 'NONE', *, *, #822, .F. ) ;
#2590 = CARTESIAN_POINT ( 'NONE',  ( 27.00000000000000000, 85.10186786579268414, 58.24999999999999289 ) ) ;
#2591 = CARTESIAN_POINT ( 'NONE',  ( -170.0000000000000000, 20.99999999999998224, 41.25000000000000000 ) ) ;
#2592 = CARTESIAN_POINT ( 'NONE',  ( -14.20728534805973453, 63.37334882935098790, 60.00000000000001421 ) ) ;
#2593 = DIRECTION ( 'NONE',  ( 1.000000000000000000, 1.040834085586084257E-16, 0.000000000000000000 ) ) ;
#2594 = DIRECTION ( 'NONE',  ( 1.000000000000000000, 0.000000000000000000, 0.000000000000000000 ) ) ;
#2595 = ORIENTED_EDGE ( 'NONE', *, *, #1546, .F. ) ;
#2596 = DIRECTION ( 'NONE',  ( 1.000000000000000000, 1.786765180256111061E-16, -6.938893903907225912E-17 ) ) ;
#2597 = EDGE_CURVE ( 'NONE', #1386, #388, #958, .T. ) ;
#2598 = ORIENTED_EDGE ( 'NONE', *, *, #1841, .F. ) ;
#2599 = EDGE_CURVE ( 'NONE', #2779, #1086, #1041, .T. ) ;
#2600 = CARTESIAN_POINT ( 'NONE',  ( 24.99999999999999289, 89.99999999999991473, 55.00000000000000000 ) ) ;
#2601 = VERTEX_POINT ( 'NONE', #3317 ) ;
#2602 = DIRECTION ( 'NONE',  ( -1.000000000000000000, -1.786765180256111307E-16, 6.938893903907225912E-17 ) ) ;
#2603 = ADVANCED_FACE ( 'NONE', ( #3070, #778, #3286, #1539, #1509 ), #2817, .F. ) ;
#2604 = DIRECTION ( 'NONE',  ( 1.000000000000000000, 1.786765180256111061E-16, -6.938893903907225912E-17 ) ) ;
#2605 = DIRECTION ( 'NONE',  ( -0.000000000000000000, -0.000000000000000000, 1.000000000000000000 ) ) ;
#2606 = LINE ( 'NONE', #2800, #2096 ) ;
#2607 = VECTOR ( 'NONE', #2728, 1000.000000000000000 ) ;
#2608 = PLANE ( 'NONE',  #252 ) ;
#2609 = EDGE_CURVE ( 'NONE', #685, #3077, #2316, .T. ) ;
#2610 = VERTEX_POINT ( 'NONE', #457 ) ;
#2611 = VECTOR ( 'NONE', #3270, 999.9999999999998863 ) ;
#2612 = CARTESIAN_POINT ( 'NONE',  ( -17.75000000000001421, 55.00000000000000711, 27.07106781186525168 ) ) ;
#2613 = AXIS2_PLACEMENT_3D ( 'NONE', #2357, #3082, #2865 ) ;
#2614 = EDGE_LOOP ( 'NONE', ( #1287, #2911, #3137, #420 ) ) ;
#2615 = PERSON_AND_ORGANIZATION ( #940, #2074 ) ;
#2616 = FACE_OUTER_BOUND ( 'NONE', #497, .T. ) ;
#2617 = ORIENTED_EDGE ( 'NONE', *, *, #1432, .F. ) ;
#2618 = LINE ( 'NONE', #1636, #687 ) ;
#2619 = AXIS2_PLACEMENT_3D ( 'NONE', #276, #1301, #28 ) ;
#2620 = CARTESIAN_POINT ( 'NONE',  ( -39.99999999999998579, -22.00000000000002132, 55.00000000000001421 ) ) ;
#2621 = DIRECTION ( 'NONE',  ( 1.000000000000000000, 1.040834085586084257E-16, 0.000000000000000000 ) ) ;
#2622 = EDGE_CURVE ( 'NONE', #2747, #2689, #2247, .T. ) ;
#2623 = AXIS2_PLACEMENT_3D ( 'NONE', #2791, #445, #184 ) ;
#2624 = CIRCLE ( 'NONE', #2844, 1.500000000000001332 ) ;
#2625 = CARTESIAN_POINT ( 'NONE',  ( -37.33333333333332860, -15.00000000000001066, 6.874999999999999112 ) ) ;
#2626 = AXIS2_PLACEMENT_3D ( 'NONE', #1936, #882, #2444 ) ;
#2627 = DIRECTION ( 'NONE',  ( -1.000000000000000000, 0.000000000000000000, 0.000000000000000000 ) ) ;
#2628 = DIRECTION ( 'NONE',  ( 0.000000000000000000, 0.000000000000000000, -1.000000000000000000 ) ) ;
#2629 = AXIS2_PLACEMENT_3D ( 'NONE', #2561, #2593, #292 ) ;
#2630 = VERTEX_POINT ( 'NONE', #2803 ) ;
#2631 = DIRECTION ( 'NONE',  ( -1.000000000000000000, 0.000000000000000000, 0.000000000000000000 ) ) ;
#2632 = CIRCLE ( 'NONE', #382, 5.000000000000000000 ) ;
#2633 = VERTEX_POINT ( 'NONE', #978 ) ;
#2634 = AXIS2_PLACEMENT_3D ( 'NONE', #362, #932, #1885 ) ;
#2635 = EDGE_CURVE ( 'NONE', #1283, #3119, #1995, .T. ) ;
#2636 = DIRECTION ( 'NONE',  ( -0.7071067811865513475, 0.7071067811865437980, -0.000000000000000000 ) ) ;
#2637 = ORIENTED_EDGE ( 'NONE', *, *, #1135, .F. ) ;
#2638 = CARTESIAN_POINT ( 'NONE',  ( -60.00000000000000711, 4.999999999999991118, 24.99999999999977263 ) ) ;
#2639 = ORIENTED_EDGE ( 'NONE', *, *, #368, .T. ) ;
#2640 = DIRECTION ( 'NONE',  ( -0.7071067811865513475, 0.7071067811865437980, -0.000000000000000000 ) ) ;
#2641 = ADVANCED_FACE ( 'NONE', ( #556 ), #2122, .T. ) ;
#2642 = DIRECTION ( 'NONE',  ( 0.000000000000000000, 1.000000000000000000, 0.000000000000000000 ) ) ;
#2643 = EDGE_CURVE ( 'NONE', #35, #2331, #1910, .T. ) ;
#2644 = CARTESIAN_POINT ( 'NONE',  ( -40.00000000000000000, -15.00000000000001066, 33.43219095841792665 ) ) ;
#2645 = FACE_OUTER_BOUND ( 'NONE', #3146, .T. ) ;
#2646 = FACE_BOUND ( 'NONE', #3028, .T. ) ;
#2647 = VERTEX_POINT ( 'NONE', #335 ) ;
#2648 = DIRECTION ( 'NONE',  ( -0.7071067811865513475, 0.7071067811865437980, 0.000000000000000000 ) ) ;
#2649 = ORIENTED_EDGE ( 'NONE', *, *, #822, .T. ) ;
#2650 = CARTESIAN_POINT ( 'NONE',  ( -49.41666666666665719, -15.00000000000001066, 34.37500000000000000 ) ) ;
#2651 = VERTEX_POINT ( 'NONE', #1354 ) ;
#2652 = DIRECTION ( 'NONE',  ( -0.000000000000000000, -0.000000000000000000, -1.000000000000000000 ) ) ;
#2653 = CARTESIAN_POINT ( 'NONE',  ( -122.4018678657915302, -30.00000000000000355, 65.00000000000000000 ) ) ;
#2654 = DIRECTION ( 'NONE',  ( 0.000000000000000000, 1.000000000000000000, 0.000000000000000000 ) ) ;
#2655 = FACE_OUTER_BOUND ( 'NONE', #401, .T. ) ;
#2656 = CARTESIAN_POINT ( 'NONE',  ( -55.00000000000000711, -30.00000000000000000, 27.07106781186523037 ) ) ;
#2657 = CARTESIAN_POINT ( 'NONE',  ( 30.00000000000000000, 60.00000000000000711, -127.2792206135786017 ) ) ;
#2658 = ORIENTED_EDGE ( 'NONE', *, *, #2157, .T. ) ;
#2659 = LINE ( 'NONE', #620, #2607 ) ;
#2660 = CIRCLE ( 'NONE', #1369, 6.150000000000003020 ) ;
#2661 = CARTESIAN_POINT ( 'NONE',  ( -17.75000000000001421, 79.19466048701310967, 51.26572829887861360 ) ) ;
#2662 =( GEOMETRIC_REPRESENTATION_CONTEXT ( 3 ) GLOBAL_UNCERTAINTY_ASSIGNED_CONTEXT ( ( #456 ) ) GLOBAL_UNIT_ASSIGNED_CONTEXT ( ( #2806, #2051, #812 ) ) REPRESENTATION_CONTEXT ( 'NONE', 'WORKASPACE' ) );
#2663 = VERTEX_POINT ( 'NONE', #48 ) ;
#2664 = ADVANCED_FACE ( 'NONE', ( #1840 ), #586, .T. ) ;
#2665 = AXIS2_PLACEMENT_3D ( 'NONE', #329, #1866, #2103 ) ;
#2666 = ORIENTED_EDGE ( 'NONE', *, *, #2965, .T. ) ;
#2667 = DIRECTION ( 'NONE',  ( 4.336808689942019585E-17, -1.000000000000000000, -0.000000000000000000 ) ) ;
#2668 = ORIENTED_EDGE ( 'NONE', *, *, #472, .T. ) ;
#2669 = DIRECTION ( 'NONE',  ( 0.000000000000000000, 0.000000000000000000, -1.000000000000000000 ) ) ;
#2670 = EDGE_CURVE ( 'NONE', #417, #2601, #1323, .T. ) ;
#2671 = DIRECTION ( 'NONE',  ( -0.7071067811865513475, 0.7071067811865437980, 0.000000000000000000 ) ) ;
#2672 = DIRECTION ( 'NONE',  ( 1.000000000000000000, 0.000000000000000000, 0.000000000000000000 ) ) ;
#2673 = EDGE_CURVE ( 'NONE', #1979, #1118, #1855, .T. ) ;
#2674 = CARTESIAN_POINT ( 'NONE',  ( 25.49031539595677032, 127.3782082782331173, 59.10731623118113731 ) ) ;
#2675 = FACE_OUTER_BOUND ( 'NONE', #385, .T. ) ;
#2676 = CARTESIAN_POINT ( 'NONE',  ( -47.91666666666666430, 9.999999999999991118, 48.12500000000000000 ) ) ;
#2677 = CIRCLE ( 'NONE', #1232, 1.750000000000008438 ) ;
#2678 = VERTEX_POINT ( 'NONE', #3102 ) ;
#2679 = CARTESIAN_POINT ( 'NONE',  ( -55.00000000000000711, -30.00000000000000000, 27.07106781186523037 ) ) ;
#2680 = ORIENTED_EDGE ( 'NONE', *, *, #2216, .F. ) ;
#2681 = CIRCLE ( 'NONE', #2626, 1.500000000000001332 ) ;
#2682 = DIRECTION ( 'NONE',  ( -0.000000000000000000, -0.000000000000000000, 1.000000000000000000 ) ) ;
#2683 = ORIENTED_EDGE ( 'NONE', *, *, #2888, .F. ) ;
#2684 = AXIS2_PLACEMENT_3D ( 'NONE', #773, #1751, #2004 ) ;
#2685 = EDGE_CURVE ( 'NONE', #1040, #3244, #312, .T. ) ;
#2686 = ADVANCED_FACE ( 'NONE', ( #1307 ), #1336, .F. ) ;
#2687 = VECTOR ( 'NONE', #2155, 1000.000000000000000 ) ;
#2688 = DIRECTION ( 'NONE',  ( 0.000000000000000000, -1.000000000000000000, 0.000000000000000000 ) ) ;
#2689 = VERTEX_POINT ( 'NONE', #1053 ) ;
#2690 = FACE_OUTER_BOUND ( 'NONE', #3258, .T. ) ;
#2691 = DIRECTION ( 'NONE',  ( 1.000000000000000000, 1.786765180256111307E-16, -6.938893903907225912E-17 ) ) ;
#2692 = CARTESIAN_POINT ( 'NONE',  ( -12.75000000000001599, 55.00000000000000711, 120.4603887858909985 ) ) ;
#2693 = CARTESIAN_POINT ( 'NONE',  ( 25.34276950332037259, 127.3903122960134198, 60.57415108495253264 ) ) ;
#2694 = CIRCLE ( 'NONE', #720, 1.500000000000002220 ) ;
#2695 = VERTEX_POINT ( 'NONE', #568 ) ;
#2696 = DIRECTION ( 'NONE',  ( -2.454725278939251986E-16, 1.000000000000000000, 1.412361382570359924E-32 ) ) ;
#2697 = EDGE_LOOP ( 'NONE', ( #976, #2639, #1299, #695 ) ) ;
#2698 = DIRECTION ( 'NONE',  ( 1.000000000000000000, 1.786765180256111061E-16, -6.938893903907225912E-17 ) ) ;
#2699 = ORIENTED_EDGE ( 'NONE', *, *, #2925, .F. ) ;
#2700 = FACE_OUTER_BOUND ( 'NONE', #2480, .T. ) ;
#2701 = ORIENTED_EDGE ( 'NONE', *, *, #2346, .F. ) ;
#2702 = CC_DESIGN_PERSON_AND_ORGANIZATION_ASSIGNMENT ( #1762, #3303, ( #3142 ) ) ;
#2703 = DIRECTION ( 'NONE',  ( 1.000000000000000000, 0.000000000000000000, 0.000000000000000000 ) ) ;
#2704 = FACE_OUTER_BOUND ( 'NONE', #1843, .T. ) ;
#2705 = DIRECTION ( 'NONE',  ( 0.000000000000000000, -0.000000000000000000, 1.000000000000000000 ) ) ;
#2706 = EDGE_CURVE ( 'NONE', #1040, #2942, #522, .T. ) ;
#2707 = DIRECTION ( 'NONE',  ( -1.000000000000000000, 0.000000000000000000, 0.000000000000000000 ) ) ;
#2708 = CARTESIAN_POINT ( 'NONE',  ( 24.99999999999999645, 60.00000000000000711, -127.2792206135786017 ) ) ;
#2709 = VERTEX_POINT ( 'NONE', #2093 ) ;
#2710 = DIRECTION ( 'NONE',  ( -1.000000000000000000, -2.454725278939251986E-16, 0.000000000000000000 ) ) ;
#2711 = VERTEX_POINT ( 'NONE', #94 ) ;
#2712 = EDGE_CURVE ( 'NONE', #2921, #2350, #142, .T. ) ;
#2713 = DIRECTION ( 'NONE',  ( 1.000000000000000000, 1.786765180256111061E-16, -6.938893903907225912E-17 ) ) ;
#2714 = ORIENTED_EDGE ( 'NONE', *, *, #700, .T. ) ;
#2715 = AXIS2_PLACEMENT_3D ( 'NONE', #1700, #176, #2710 ) ;
#2716 = CARTESIAN_POINT ( 'NONE',  ( -7.928932188134521830, 127.4018678657926955, 55.00000000000000000 ) ) ;
#2717 = ORIENTED_EDGE ( 'NONE', *, *, #3018, .F. ) ;
#2718 = VECTOR ( 'NONE', #3039, 1000.000000000000000 ) ;
#2719 = CARTESIAN_POINT ( 'NONE',  ( -39.99999999999998579, -7.000000000000015099, 55.00000000000000000 ) ) ;
#2720 = VECTOR ( 'NONE', #1140, 1000.000000000000000 ) ;
#2721 = LINE ( 'NONE', #425, #1708 ) ;
#2722 = CARTESIAN_POINT ( 'NONE',  ( -40.33333333333332860, -15.00000000000001066, 34.37499999999999289 ) ) ;
#2723 = ORIENTED_EDGE ( 'NONE', *, *, #615, .T. ) ;
#2724 = EDGE_CURVE ( 'NONE', #245, #1966, #2660, .T. ) ;
#2725 = CARTESIAN_POINT ( 'NONE',  ( -38.83333333333332860, -15.00000000000001066, 6.874999999999999112 ) ) ;
#2726 = CARTESIAN_POINT ( 'NONE',  ( -39.99999999999998579, -7.000000000000015099, 55.00000000000000000 ) ) ;
#2727 = EDGE_LOOP ( 'NONE', ( #430, #1997, #777, #143 ) ) ;
#2728 = DIRECTION ( 'NONE',  ( -2.454725278939251986E-16, 1.000000000000000000, 1.412361382570359924E-32 ) ) ;
#2729 = ORIENTED_EDGE ( 'NONE', *, *, #332, .F. ) ;
#2730 = DIRECTION ( 'NONE',  ( -1.000000000000000000, 0.000000000000000000, -0.000000000000000000 ) ) ;
#2731 = VERTEX_POINT ( 'NONE', #2612 ) ;
#2732 = VECTOR ( 'NONE', #697, 1000.000000000000000 ) ;
#2733 = AXIS2_PLACEMENT_3D ( 'NONE', #3278, #985, #2493 ) ;
#2734 = FACE_OUTER_BOUND ( 'NONE', #1332, .T. ) ;
#2735 = VECTOR ( 'NONE', #406, 1000.000000000000000 ) ;
#2736 = VERTEX_POINT ( 'NONE', #2142 ) ;
#2737 = EDGE_CURVE ( 'NONE', #2630, #206, #673, .T. ) ;
#2738 = CARTESIAN_POINT ( 'NONE',  ( 27.00000000000000000, 85.10186786579268414, 60.00000000000000000 ) ) ;
#2739 = CIRCLE ( 'NONE', #1715, 1.500000000000001332 ) ;
#2740 = VECTOR ( 'NONE', #75, 1000.000000000000000 ) ;
#2741 = CARTESIAN_POINT ( 'NONE',  ( -127.4018678657915302, -25.00000000000006750, 55.00000000000000000 ) ) ;
#2742 = CARTESIAN_POINT ( 'NONE',  ( -9.999999999999998224, 4.999999999999997335, 65.00000000000000000 ) ) ;
#2743 = LINE ( 'NONE', #2491, #766 ) ;
#2744 = CARTESIAN_POINT ( 'NONE',  ( 26.89320859083666093, 127.0310511527544293, 61.75000000000002132 ) ) ;
#2745 = ADVANCED_FACE ( 'NONE', ( #1854 ), #605, .F. ) ;
#2746 = CARTESIAN_POINT ( 'NONE',  ( -9.999999999999998224, 4.999999999999997335, 0.000000000000000000 ) ) ;
#2747 = VERTEX_POINT ( 'NONE', #2391 ) ;
#2748 = CARTESIAN_POINT ( 'NONE',  ( -37.33333333333332149, -15.00000000000001066, 48.12499999999999289 ) ) ;
#2749 = EDGE_CURVE ( 'NONE', #3072, #854, #2018, .T. ) ;
#2750 = EDGE_LOOP ( 'NONE', ( #3107, #336 ) ) ;
#2751 = DIRECTION ( 'NONE',  ( -0.000000000000000000, -0.000000000000000000, -1.000000000000000000 ) ) ;
#2752 = ORIENTED_EDGE ( 'NONE', *, *, #2673, .T. ) ;
#2753 = EDGE_CURVE ( 'NONE', #588, #2711, #3195, .T. ) ;
#2754 = DIRECTION ( 'NONE',  ( -1.000000000000000000, 0.000000000000000000, 0.000000000000000000 ) ) ;
#2755 = ORIENTED_EDGE ( 'NONE', *, *, #442, .F. ) ;
#2756 = DIRECTION ( 'NONE',  ( 1.000000000000000000, 1.786765180256111061E-16, -6.938893903907225912E-17 ) ) ;
#2757 = EDGE_CURVE ( 'NONE', #2678, #272, #636, .T. ) ;
#2758 = DIRECTION ( 'NONE',  ( 4.336808689942018969E-17, -1.000000000000000000, 0.000000000000000000 ) ) ;
#2759 = VERTEX_POINT ( 'NONE', #1681 ) ;
#2760 = CARTESIAN_POINT ( 'NONE',  ( -89.99999999999991473, -25.00000000000000000, 55.00000000000000000 ) ) ;
#2761 = CARTESIAN_POINT ( 'NONE',  ( -7.928932188134521830, 122.4018678657926813, 55.00000000000000000 ) ) ;
#2762 = DIRECTION ( 'NONE',  ( -0.000000000000000000, 0.000000000000000000, 1.000000000000000000 ) ) ;
#2763 = ORIENTED_EDGE ( 'NONE', *, *, #2568, .T. ) ;
#2764 = CARTESIAN_POINT ( 'NONE',  ( -45.35533905932731358, 92.04652880646531798, 60.00000000000001421 ) ) ;
#2765 = VERTEX_POINT ( 'NONE', #902 ) ;
#2766 = DIRECTION ( 'NONE',  ( 0.000000000000000000, -1.000000000000000000, 0.000000000000000000 ) ) ;
#2767 = LINE ( 'NONE', #2011, #2898 ) ;
#2768 = ADVANCED_FACE ( 'NONE', ( #1188 ), #2175, .T. ) ;
#2769 = EDGE_LOOP ( 'NONE', ( #2755, #3151 ) ) ;
#2770 = DIRECTION ( 'NONE',  ( 0.000000000000000000, 1.000000000000000000, 0.000000000000000000 ) ) ;
#2771 = AXIS2_PLACEMENT_3D ( 'NONE', #2951, #3212, #1434 ) ;
#2772 = DIRECTION ( 'NONE',  ( 1.000000000000000000, 0.000000000000000000, -0.000000000000000000 ) ) ;
#2773 = ORIENTED_EDGE ( 'NONE', *, *, #2814, .T. ) ;
#2774 = LINE ( 'NONE', #2236, #1029 ) ;
#2775 = EDGE_CURVE ( 'NONE', #272, #1803, #269, .T. ) ;
#2776 = CIRCLE ( 'NONE', #2024, 1.750000000000008438 ) ;
#2777 = PLANE ( 'NONE',  #1709 ) ;
#2778 = CARTESIAN_POINT ( 'NONE',  ( -9.999999999999998224, 127.4018678657926955, 55.00000000000000000 ) ) ;
#2779 = VERTEX_POINT ( 'NONE', #2211 ) ;
#2780 = ADVANCED_FACE ( 'NONE', ( #2481, #1938, #141, #1668, #400, #386, #1383, #3180, #1403, #656 ), #1889, .F. ) ;
#2781 = PLANE ( 'NONE',  #1110 ) ;
#2782 = VERTEX_POINT ( 'NONE', #2409 ) ;
#2783 = DIRECTION ( 'NONE',  ( -1.000000000000000000, 0.000000000000000000, 0.000000000000000000 ) ) ;
#2784 = DIRECTION ( 'NONE',  ( 0.000000000000000000, 0.000000000000000000, -1.000000000000000000 ) ) ;
#2785 = EDGE_CURVE ( 'NONE', #2062, #3259, #1749, .T. ) ;
#2786 = ORIENTED_EDGE ( 'NONE', *, *, #689, .T. ) ;
#2787 = AXIS2_PLACEMENT_3D ( 'NONE', #1075, #572, #2807 ) ;
#2788 = CIRCLE ( 'NONE', #3211, 5.000000000000000000 ) ;
#2789 = EDGE_CURVE ( 'NONE', #2647, #2207, #111, .T. ) ;
#2790 = AXIS2_PLACEMENT_3D ( 'NONE', #1792, #264, #2819 ) ;
#2791 = CARTESIAN_POINT ( 'NONE',  ( 1.750000000000015543, 108.4018678657931360, 63.00000000000000000 ) ) ;
#2792 = ORIENTED_EDGE ( 'NONE', *, *, #1619, .F. ) ;
#2793 = FACE_OUTER_BOUND ( 'NONE', #2697, .T. ) ;
#2794 = VECTOR ( 'NONE', #2846, 1000.000000000000000 ) ;
#2795 = AXIS2_PLACEMENT_3D ( 'NONE', #1661, #1624, #2654 ) ;
#2796 = CARTESIAN_POINT ( 'NONE',  ( 27.00000000000000000, 85.10186786579268414, 58.24999999999999289 ) ) ;
#2797 =( BOUNDED_CURVE ( )  B_SPLINE_CURVE ( 3, ( #560, #1265, #236, #2600 ),
 .UNSPECIFIED., .F., .F. ) 
 B_SPLINE_CURVE_WITH_KNOTS ( ( 4, 4 ),
 ( 1.570796326794896558, 3.141592653589793560 ),
 .UNSPECIFIED. ) 
 CURVE ( )  GEOMETRIC_REPRESENTATION_ITEM ( )  RATIONAL_B_SPLINE_CURVE ( ( 1.000000000000000000, 0.8047378541243649375, 0.8047378541243649375, 1.000000000000000000 ) ) 
 REPRESENTATION_ITEM ( '' )  );
#2798 = CARTESIAN_POINT ( 'NONE',  ( 4.249999999999979572, 22.50000000000001066, 13.74999999999999822 ) ) ;
#2799 = VECTOR ( 'NONE', #122, 1000.000000000000000 ) ;
#2800 = CARTESIAN_POINT ( 'NONE',  ( -50.91666666666666430, -15.00000000000001066, 6.874999999999999112 ) ) ;
#2801 = CYLINDRICAL_SURFACE ( 'NONE', #1699, 13.99999999999999822 ) ;
#2802 = ORIENTED_EDGE ( 'NONE', *, *, #539, .T. ) ;
#2803 = CARTESIAN_POINT ( 'NONE',  ( -37.46974431900385838, -15.00000000000001066, 34.99999999999999289 ) ) ;
#2804 = DIRECTION ( 'NONE',  ( -1.387778780781445518E-14, 1.000000000000000000, -0.000000000000000000 ) ) ;
#2805 = EDGE_LOOP ( 'NONE', ( #3069, #2820 ) ) ;
#2806 =( LENGTH_UNIT ( ) NAMED_UNIT ( * ) SI_UNIT ( .MILLI., .METRE. ) );
#2807 = DIRECTION ( 'NONE',  ( 1.000000000000000000, 4.336808689942018969E-17, 0.000000000000000000 ) ) ;
#2808 = ORIENTED_EDGE ( 'NONE', *, *, #2737, .F. ) ;
#2809 = EDGE_LOOP ( 'NONE', ( #380, #2802 ) ) ;
#2810 = DIRECTION ( 'NONE',  ( -0.000000000000000000, 0.000000000000000000, 1.000000000000000000 ) ) ;
#2811 = CARTESIAN_POINT ( 'NONE',  ( -10.00000000000000178, -15.00000000000000000, 32.49999999999998579 ) ) ;
#2812 = PLANE ( 'NONE',  #1396 ) ;
#2813 = CARTESIAN_POINT ( 'NONE',  ( 28.73559778737113746, 125.7255562413468226, 59.74382693038980818 ) ) ;
#2814 = EDGE_CURVE ( 'NONE', #1974, #82, #793, .T. ) ;
#2815 = LINE ( 'NONE', #519, #2238 ) ;
#2816 = ORIENTED_EDGE ( 'NONE', *, *, #2712, .T. ) ;
#2817 = PLANE ( 'NONE',  #2833 ) ;
#2818 = EDGE_CURVE ( 'NONE', #856, #2029, #2659, .T. ) ;
#2819 = DIRECTION ( 'NONE',  ( 1.000000000000000000, 0.000000000000000000, 0.000000000000000000 ) ) ;
#2820 = ORIENTED_EDGE ( 'NONE', *, *, #2115, .F. ) ;
#2821 = DATE_AND_TIME ( #1544, #2022 ) ;
#2822 = DIRECTION ( 'NONE',  ( -7.709882115452476934E-17, -1.000000000000000000, 0.000000000000000000 ) ) ;
#2823 = EDGE_LOOP ( 'NONE', ( #2052, #1797 ) ) ;
#2824 = ORIENTED_EDGE ( 'NONE', *, *, #1592, .T. ) ;
#2825 = CIRCLE ( 'NONE', #3247, 5.000000000000000888 ) ;
#2826 = FACE_OUTER_BOUND ( 'NONE', #3135, .T. ) ;
#2827 = CARTESIAN_POINT ( 'NONE',  ( 14.99999999999999289, 40.00000000000000000, 32.49999999999997868 ) ) ;
#2828 = CARTESIAN_POINT ( 'NONE',  ( -37.33333333333332860, -15.00000000000001066, 34.37499999999999289 ) ) ;
#2829 = EDGE_CURVE ( 'NONE', #3072, #1526, #128, .T. ) ;
#2830 = EDGE_LOOP ( 'NONE', ( #365, #2824, #2773, #555 ) ) ;
#2831 = AXIS2_PLACEMENT_3D ( 'NONE', #3019, #1239, #775 ) ;
#2832 = CARTESIAN_POINT ( 'NONE',  ( 15.00000000000000000, 10.00000000000000711, 32.49999999999998579 ) ) ;
#2833 = AXIS2_PLACEMENT_3D ( 'NONE', #991, #1007, #2026 ) ;
#2834 = VERTEX_POINT ( 'NONE', #2225 ) ;
#2835 = CARTESIAN_POINT ( 'NONE',  ( 1.750000000000013767, 108.4018678657927239, 63.00000000000000000 ) ) ;
#2836 = ORIENTED_EDGE ( 'NONE', *, *, #615, .F. ) ;
#2837 = CYLINDRICAL_SURFACE ( 'NONE', #1857, 1.500000000000001332 ) ;
#2838 = FACE_OUTER_BOUND ( 'NONE', #92, .T. ) ;
#2839 = CIRCLE ( 'NONE', #1125, 2.499999999999998668 ) ;
#2840 = EDGE_CURVE ( 'NONE', #736, #2610, #2876, .T. ) ;
#2841 = ORIENTED_EDGE ( 'NONE', *, *, #903, .T. ) ;
#2842 = LINE ( 'NONE', #1314, #1961 ) ;
#2843 = CIRCLE ( 'NONE', #5, 13.99999999999999112 ) ;
#2844 = AXIS2_PLACEMENT_3D ( 'NONE', #347, #1935, #1625 ) ;
#2845 = DIRECTION ( 'NONE',  ( 0.000000000000000000, -1.000000000000000000, 0.000000000000000000 ) ) ;
#2846 = DIRECTION ( 'NONE',  ( 1.000000000000000000, 1.040834085586084257E-16, 0.000000000000000000 ) ) ;
#2847 = CIRCLE ( 'NONE', #3265, 1.500000000000004885 ) ;
#2848 = CARTESIAN_POINT ( 'NONE',  ( 27.86464590270504615, 126.5068748464900921, 58.46286468318239571 ) ) ;
#2849 = EDGE_CURVE ( 'NONE', #2131, #3119, #432, .T. ) ;
#2850 = CARTESIAN_POINT ( 'NONE',  ( 15.75000000000000711, 108.4018678657927239, 55.00000000000000000 ) ) ;
#2851 = AXIS2_PLACEMENT_3D ( 'NONE', #2692, #2187, #360 ) ;
#2852 = ORIENTED_EDGE ( 'NONE', *, *, #3218, .T. ) ;
#2853 = EDGE_CURVE ( 'NONE', #1086, #3238, #1586, .T. ) ;
#2854 = CARTESIAN_POINT ( 'NONE',  ( -37.34336513686481140, -13.58315499002117654, 34.56521527404881766 ) ) ;
#2855 = ORIENTED_EDGE ( 'NONE', *, *, #3277, .F. ) ;
#2856 = EDGE_CURVE ( 'NONE', #3220, #3086, #2506, .T. ) ;
#2857 = PERSON_AND_ORGANIZATION_ROLE ( 'design_supplier' ) ;
#2858 = FACE_OUTER_BOUND ( 'NONE', #2319, .T. ) ;
#2859 = EDGE_LOOP ( 'NONE', ( #1941, #998, #2980, #2097, #3298 ) ) ;
#2860 = CYLINDRICAL_SURFACE ( 'NONE', #2556, 2.499999999999998668 ) ;
#2861 = ORIENTED_EDGE ( 'NONE', *, *, #2753, .F. ) ;
#2862 = LINE ( 'NONE', #71, #1769 ) ;
#2863 = CARTESIAN_POINT ( 'NONE',  ( -101.7018678657915416, -1.200000000000022160, 55.00000000000000000 ) ) ;
#2864 = DIRECTION ( 'NONE',  ( -1.000000000000000000, 0.000000000000000000, 0.000000000000000000 ) ) ;
#2865 = DIRECTION ( 'NONE',  ( 0.000000000000000000, -1.000000000000000000, 0.000000000000000000 ) ) ;
#2866 = ORIENTED_EDGE ( 'NONE', *, *, #2295, .T. ) ;
#2867 = CARTESIAN_POINT ( 'NONE',  ( -49.41666666666665719, -15.00000000000001066, 48.12500000000000000 ) ) ;
#2868 = VERTEX_POINT ( 'NONE', #818 ) ;
#2869 = APPROVAL_STATUS ( 'not_yet_approved' ) ;
#2870 = EDGE_CURVE ( 'NONE', #1475, #8, #1798, .T. ) ;
#2871 = CARTESIAN_POINT ( 'NONE',  ( -62.13591196227348235, 15.44472221513671784, 60.00000000000001421 ) ) ;
#2872 = EDGE_LOOP ( 'NONE', ( #592, #281 ) ) ;
#2873 = CARTESIAN_POINT ( 'NONE',  ( -15.67893218813454759, 89.99999999999990052, 54.99999999999999289 ) ) ;
#2874 = DIRECTION ( 'NONE',  ( 1.000000000000000000, 1.786765180256111061E-16, -6.938893903907225912E-17 ) ) ;
#2875 = CARTESIAN_POINT ( 'NONE',  ( 27.11727573986292583, 126.9332602316909373, 58.24999999999998579 ) ) ;
#2876 = CIRCLE ( 'NONE', #2123, 1.500000000000001332 ) ;
#2877 = CARTESIAN_POINT ( 'NONE',  ( -9.999999999999998224, 127.4018678657926955, 65.00000000000000000 ) ) ;
#2878 = DIRECTION ( 'NONE',  ( -1.000000000000000000, 0.000000000000000000, 0.000000000000000000 ) ) ;
#2879 = DIRECTION ( 'NONE',  ( 2.220446049250313081E-16, -1.000000000000000000, 6.938893903907225912E-17 ) ) ;
#2880 = EDGE_CURVE ( 'NONE', #3244, #2782, #3140, .T. ) ;
#2881 = ORIENTED_EDGE ( 'NONE', *, *, #3074, .T. ) ;
#2882 = PRODUCT_DEFINITION_FORMATION_WITH_SPECIFIED_SOURCE ( 'ANY', '', #337, .NOT_KNOWN. ) ;
#2883 = DIRECTION ( 'NONE',  ( -2.454725278939251986E-16, 1.000000000000000000, 1.412361382570359924E-32 ) ) ;
#2884 = ORIENTED_EDGE ( 'NONE', *, *, #2880, .F. ) ;
#2885 = CC_DESIGN_SECURITY_CLASSIFICATION ( #3142, ( #2882 ) ) ;
#2886 = AXIS2_PLACEMENT_3D ( 'NONE', #521, #1023, #1223 ) ;
#2887 = ORIENTED_EDGE ( 'NONE', *, *, #2502, .F. ) ;
#2888 = EDGE_CURVE ( 'NONE', #561, #1522, #2842, .T. ) ;
#2889 = CARTESIAN_POINT ( 'NONE',  ( -9.999999999999998224, 9.999999999999998224, 0.000000000000000000 ) ) ;
#2890 = EDGE_LOOP ( 'NONE', ( #1138, #484, #2982, #705 ) ) ;
#2891 = ADVANCED_FACE ( 'NONE', ( #2826 ), #2860, .F. ) ;
#2892 = CARTESIAN_POINT ( 'NONE',  ( -12.75000000000001599, 89.99999999999991473, 55.00000000000000000 ) ) ;
#2893 = LINE ( 'NONE', #358, #3115 ) ;
#2894 = DIRECTION ( 'NONE',  ( 1.000000000000000000, 1.040834085586084257E-16, 0.000000000000000000 ) ) ;
#2895 = AXIS2_PLACEMENT_3D ( 'NONE', #3026, #2540, #3252 ) ;
#2896 = CIRCLE ( 'NONE', #14, 1.500000000000001332 ) ;
#2897 = CARTESIAN_POINT ( 'NONE',  ( 7.000000000000009770, 39.99999999999999289, 55.00000000000000000 ) ) ;
#2898 = VECTOR ( 'NONE', #2229, 1000.000000000000000 ) ;
#2899 = DIRECTION ( 'NONE',  ( -2.454725278939251986E-16, 1.000000000000000000, 1.412361382570359924E-32 ) ) ;
#2900 = CARTESIAN_POINT ( 'NONE',  ( -89.99999999999991473, -25.00000000000000000, 55.00000000000000000 ) ) ;
#2901 = ORIENTED_EDGE ( 'NONE', *, *, #2670, .F. ) ;
#2902 = DIRECTION ( 'NONE',  ( 0.000000000000000000, -1.000000000000000000, 0.000000000000000000 ) ) ;
#2903 = CIRCLE ( 'NONE', #3062, 1.500000000000001332 ) ;
#2904 = ORIENTED_EDGE ( 'NONE', *, *, #2006, .F. ) ;
#2905 = EDGE_CURVE ( 'NONE', #2165, #479, #302, .T. ) ;
#2906 = ORIENTED_EDGE ( 'NONE', *, *, #2960, .F. ) ;
#2907 = AXIS2_PLACEMENT_3D ( 'NONE', #240, #1696, #2222 ) ;
#2908 = LINE ( 'NONE', #2398, #645 ) ;
#2909 = ORIENTED_EDGE ( 'NONE', *, *, #3125, .T. ) ;
#2910 = CARTESIAN_POINT ( 'NONE',  ( -62.83333333333330728, -15.00000000000001421, 41.25000000000000000 ) ) ;
#2911 = ORIENTED_EDGE ( 'NONE', *, *, #3092, .T. ) ;
#2912 = CARTESIAN_POINT ( 'NONE',  ( -9.999999999999992895, -7.000000000000010658, 55.00000000000000000 ) ) ;
#2913 = FACE_OUTER_BOUND ( 'NONE', #670, .T. ) ;
#2914 = CARTESIAN_POINT ( 'NONE',  ( 25.94680070445036435, 127.3143150041914851, 58.58313248970083009 ) ) ;
#2915 = DIRECTION ( 'NONE',  ( 4.336808689942018969E-17, -1.000000000000000000, 0.000000000000000000 ) ) ;
#2916 = ADVANCED_FACE ( 'NONE', ( #2242 ), #304, .T. ) ;
#2917 = CARTESIAN_POINT ( 'NONE',  ( -15.44472221513619026, 62.13591196227451263, 60.00000000000001421 ) ) ;
#2918 = ORIENTED_EDGE ( 'NONE', *, *, #883, .T. ) ;
#2919 = DIRECTION ( 'NONE',  ( 1.000000000000000000, 0.000000000000000000, 0.000000000000000000 ) ) ;
#2920 = CARTESIAN_POINT ( 'NONE',  ( -4.999999999999998224, 4.999999999999997335, 0.000000000000000000 ) ) ;
#2921 = VERTEX_POINT ( 'NONE', #3310 ) ;
#2922 = EDGE_CURVE ( 'NONE', #2663, #134, #682, .T. ) ;
#2923 = CARTESIAN_POINT ( 'NONE',  ( -170.0000000000000000, 22.49999999999998934, 13.74999999999999822 ) ) ;
#2924 = ORIENTED_EDGE ( 'NONE', *, *, #1975, .F. ) ;
#2925 = EDGE_CURVE ( 'NONE', #646, #1439, #3063, .T. ) ;
#2926 = DIRECTION ( 'NONE',  ( -1.000000000000000000, 0.000000000000000000, 0.000000000000000000 ) ) ;
#2927 = FACE_OUTER_BOUND ( 'NONE', #140, .T. ) ;
#2928 = PLANE ( 'NONE',  #1717 ) ;
#2929 = DIRECTION ( 'NONE',  ( 1.000000000000000000, 1.786765180256111061E-16, -6.938893903907225912E-17 ) ) ;
#2930 = EDGE_CURVE ( 'NONE', #3231, #2633, #628, .T. ) ;
#2931 = DIRECTION ( 'NONE',  ( 1.000000000000000000, 0.000000000000000000, 0.000000000000000000 ) ) ;
#2932 = CARTESIAN_POINT ( 'NONE',  ( -17.75000000000001421, 10.00000000000000000, 120.4603887858909985 ) ) ;
#2933 = ORIENTED_EDGE ( 'NONE', *, *, #2818, .F. ) ;
#2934 = DIRECTION ( 'NONE',  ( 0.000000000000000000, 0.000000000000000000, -1.000000000000000000 ) ) ;
#2935 = EDGE_CURVE ( 'NONE', #1929, #2350, #531, .T. ) ;
#2936 = VERTEX_POINT ( 'NONE', #1548 ) ;
#2937 = FACE_OUTER_BOUND ( 'NONE', #127, .T. ) ;
#2938 = VECTOR ( 'NONE', #2383, 1000.000000000000000 ) ;
#2939 = ORIENTED_EDGE ( 'NONE', *, *, #1646, .F. ) ;
#2940 = AXIS2_PLACEMENT_3D ( 'NONE', #600, #1096, #2594 ) ;
#2941 = DIRECTION ( 'NONE',  ( -1.000000000000000000, -4.336808689942018352E-17, 0.000000000000000000 ) ) ;
#2942 = VERTEX_POINT ( 'NONE', #1329 ) ;
#2943 = CARTESIAN_POINT ( 'NONE',  ( -114.0018678657915387, -1.200000000000021494, 63.00000000000000000 ) ) ;
#2944 = EDGE_CURVE ( 'NONE', #205, #2246, #1300, .T. ) ;
#2945 = CYLINDRICAL_SURFACE ( 'NONE', #2530, 1.500000000000001332 ) ;
#2946 = LINE ( 'NONE', #1133, #2799 ) ;
#2947 = CARTESIAN_POINT ( 'NONE',  ( 20.50000000000001066, 40.00000000000000000, 55.00000000000000711 ) ) ;
#2948 = PLANE ( 'NONE',  #3109 ) ;
#2949 = CIRCLE ( 'NONE', #1442, 1.500000000000004885 ) ;
#2950 = ORIENTED_EDGE ( 'NONE', *, *, #2952, .T. ) ;
#2951 = CARTESIAN_POINT ( 'NONE',  ( -49.41666666666665719, -15.00000000000001066, 48.12500000000000000 ) ) ;
#2952 = EDGE_CURVE ( 'NONE', #892, #1306, #1468, .T. ) ;
#2953 = VERTEX_POINT ( 'NONE', #2084 ) ;
#2954 = AXIS2_PLACEMENT_3D ( 'NONE', #1136, #1431, #3226 ) ;
#2955 = CARTESIAN_POINT ( 'NONE',  ( 4.249999999999979572, 24.00000000000001421, 41.25000000000000000 ) ) ;
#2956 = ORIENTED_EDGE ( 'NONE', *, *, #2706, .F. ) ;
#2957 = CIRCLE ( 'NONE', #1342, 5.000000000000000000 ) ;
#2958 = LINE ( 'NONE', #1606, #434 ) ;
#2959 = AXIS2_PLACEMENT_3D ( 'NONE', #3014, #1677, #719 ) ;
#2960 = EDGE_CURVE ( 'NONE', #1522, #1644, #948, .T. ) ;
#2961 = ORIENTED_EDGE ( 'NONE', *, *, #20, .F. ) ;
#2962 = PLANE ( 'NONE',  #1108 ) ;
#2963 = CARTESIAN_POINT ( 'NONE',  ( -11.46446609406726935, 125.9374017717254048, 65.00000000000000000 ) ) ;
#2964 = CARTESIAN_POINT ( 'NONE',  ( -37.33333333333332860, -13.34640543058464068, 34.37499999999999289 ) ) ;
#2965 = EDGE_CURVE ( 'NONE', #1068, #2953, #2825, .T. ) ;
#2966 = LINE ( 'NONE', #2404, #330 ) ;
#2967 = CARTESIAN_POINT ( 'NONE',  ( -49.41666666666666430, -15.00000000000001066, 20.62499999999999645 ) ) ;
#2968 = ORIENTED_EDGE ( 'NONE', *, *, #2028, .T. ) ;
#2969 = DIRECTION ( 'NONE',  ( 1.000000000000000000, 0.000000000000000000, 0.000000000000000000 ) ) ;
#2970 = VERTEX_POINT ( 'NONE', #952 ) ;
#2971 = CARTESIAN_POINT ( 'NONE',  ( 5.500000000000010658, 39.99999999999999289, 15.00000000000000000 ) ) ;
#2972 = ORIENTED_EDGE ( 'NONE', *, *, #2856, .F. ) ;
#2973 = LINE ( 'NONE', #2716, #649 ) ;
#2974 = ORIENTED_EDGE ( 'NONE', *, *, #893, .F. ) ;
#2975 = CARTESIAN_POINT ( 'NONE',  ( 7.000000000000009770, 39.99999999999999289, 15.00000000000000000 ) ) ;
#2976 = DIRECTION ( 'NONE',  ( -1.000000000000000000, 0.000000000000000000, 0.000000000000000000 ) ) ;
#2977 = DIRECTION ( 'NONE',  ( -1.000000000000000000, -1.786765180256111307E-16, 6.938893903907225912E-17 ) ) ;
#2978 = DIRECTION ( 'NONE',  ( 1.000000000000000000, 0.000000000000000000, 0.000000000000000000 ) ) ;
#2979 = DIRECTION ( 'NONE',  ( 1.000000000000000000, 4.336808689942018969E-17, 0.000000000000000000 ) ) ;
#2980 = ORIENTED_EDGE ( 'NONE', *, *, #2635, .T. ) ;
#2981 = CARTESIAN_POINT ( 'NONE',  ( 7.000000000000011546, 9.999999999999998224, 55.00000000000000000 ) ) ;
#2982 = ORIENTED_EDGE ( 'NONE', *, *, #2965, .F. ) ;
#2983 = DIRECTION ( 'NONE',  ( 0.000000000000000000, 0.000000000000000000, -1.000000000000000000 ) ) ;
#2984 = EDGE_CURVE ( 'NONE', #468, #2266, #707, .T. ) ;
#2985 = ORIENTED_EDGE ( 'NONE', *, *, #3125, .F. ) ;
#2986 = VECTOR ( 'NONE', #1566, 1000.000000000000000 ) ;
#2987 = AXIS2_PLACEMENT_3D ( 'NONE', #321, #643, #3172 ) ;
#2988 = CARTESIAN_POINT ( 'NONE',  ( -55.00000000000000711, -25.00000000000000000, 0.000000000000000000 ) ) ;
#2989 = ORIENTED_EDGE ( 'NONE', *, *, #2115, .T. ) ;
#2990 = AXIS2_PLACEMENT_3D ( 'NONE', #2072, #1067, #536 ) ;
#2991 = DIRECTION ( 'NONE',  ( 0.000000000000000000, -1.000000000000000000, 0.000000000000000000 ) ) ;
#2992 = ADVANCED_FACE ( 'NONE', ( #2496 ), #513, .F. ) ;
#2993 = AXIS2_PLACEMENT_3D ( 'NONE', #2867, #1558, #282 ) ;
#2994 = CARTESIAN_POINT ( 'NONE',  ( -49.41666666666665719, -15.00000000000001066, 34.37500000000000000 ) ) ;
#2995 = DIRECTION ( 'NONE',  ( -0.000000000000000000, -0.000000000000000000, 1.000000000000000000 ) ) ;
#2996 = DIRECTION ( 'NONE',  ( 0.000000000000000000, 0.000000000000000000, 1.000000000000000000 ) ) ;
#2997 = FACE_OUTER_BOUND ( 'NONE', #2408, .T. ) ;
#2998 = DIRECTION ( 'NONE',  ( 0.7071067811865455743, 0.7071067811865495711, 0.000000000000000000 ) ) ;
#2999 = ORIENTED_EDGE ( 'NONE', *, *, #2925, .T. ) ;
#3000 = DIRECTION ( 'NONE',  ( 0.000000000000000000, -1.000000000000000000, 0.000000000000000000 ) ) ;
#3001 = ORIENTED_EDGE ( 'NONE', *, *, #2507, .T. ) ;
#3002 = DIRECTION ( 'NONE',  ( 0.000000000000000000, 0.000000000000000000, -1.000000000000000000 ) ) ;
#3003 = ORIENTED_EDGE ( 'NONE', *, *, #2439, .F. ) ;
#3004 = CIRCLE ( 'NONE', #377, 1.500000000000001332 ) ;
#3005 = VECTOR ( 'NONE', #2929, 1000.000000000000000 ) ;
#3006 = LINE ( 'NONE', #2198, #1876 ) ;
#3007 = VECTOR ( 'NONE', #851, 1000.000000000000114 ) ;
#3008 = ORIENTED_EDGE ( 'NONE', *, *, #227, .F. ) ;
#3009 = CARTESIAN_POINT ( 'NONE',  ( -50.91666666666665719, -15.00000000000001066, 34.37500000000000000 ) ) ;
#3010 = VECTOR ( 'NONE', #2605, 1000.000000000000000 ) ;
#3011 = AXIS2_PLACEMENT_3D ( 'NONE', #333, #1628, #126 ) ;
#3012 = CARTESIAN_POINT ( 'NONE',  ( 27.00000000000025224, 126.9844435607488151, 61.75000000000078870 ) ) ;
#3013 = ORIENTED_EDGE ( 'NONE', *, *, #1801, .F. ) ;
#3014 = CARTESIAN_POINT ( 'NONE',  ( -83.06966048701308125, 4.999999999999984901, 55.14072829887861360 ) ) ;
#3015 = CARTESIAN_POINT ( 'NONE',  ( -127.4018678657915302, -25.00000000000006750, 55.00000000000000000 ) ) ;
#3016 = FACE_BOUND ( 'NONE', #2805, .T. ) ;
#3017 = ORIENTED_EDGE ( 'NONE', *, *, #729, .F. ) ;
#3018 = EDGE_CURVE ( 'NONE', #1924, #748, #1055, .T. ) ;
#3019 = CARTESIAN_POINT ( 'NONE',  ( -49.41666666666667140, 9.999999999999991118, 20.62499999999999645 ) ) ;
#3020 = EDGE_LOOP ( 'NONE', ( #2658, #692, #2723, #3050, #1971 ) ) ;
#3021 = CARTESIAN_POINT ( 'NONE',  ( -83.06966048701308125, 9.999999999999984013, 55.14072829887861360 ) ) ;
#3022 = CARTESIAN_POINT ( 'NONE',  ( -127.4018678657914734, -30.00000000000000355, 55.00000000000000000 ) ) ;
#3023 = ADVANCED_FACE ( 'NONE', ( #10, #1092, #83, #1861, #2114 ), #1847, .F. ) ;
#3024 = EDGE_LOOP ( 'NONE', ( #1384, #3179, #493, #158 ) ) ;
#3025 = CARTESIAN_POINT ( 'NONE',  ( 4.249999999999979572, 47.50000000000000000, 41.25000000000000000 ) ) ;
#3026 = CARTESIAN_POINT ( 'NONE',  ( 1.750000000000015543, 108.4018678657931360, 65.00000000000000000 ) ) ;
#3027 = ADVANCED_FACE ( 'NONE', ( #1393 ), #2154, .F. ) ;
#3028 = EDGE_LOOP ( 'NONE', ( #97, #3275 ) ) ;
#3029 = CARTESIAN_POINT ( 'NONE',  ( -101.7018678657915416, -1.200000000000022160, 65.00000000000000000 ) ) ;
#3030 = FACE_OUTER_BOUND ( 'NONE', #951, .T. ) ;
#3031 = DIRECTION ( 'NONE',  ( -2.454725278939251986E-16, 1.000000000000000000, 1.412361382570359924E-32 ) ) ;
#3032 = VERTEX_POINT ( 'NONE', #56 ) ;
#3033 = CARTESIAN_POINT ( 'NONE',  ( 27.92893218813452094, 60.00000000000000711, 24.99999999999979394 ) ) ;
#3034 = ORIENTED_EDGE ( 'NONE', *, *, #1387, .T. ) ;
#3035 = EDGE_CURVE ( 'NONE', #3077, #511, #850, .T. ) ;
#3036 = CARTESIAN_POINT ( 'NONE',  ( -49.41666666666666430, 9.999999999999991118, 34.37500000000000000 ) ) ;
#3037 = CARTESIAN_POINT ( 'NONE',  ( 30.00000000000000000, 122.4018678657926813, 55.00000000000000000 ) ) ;
#3038 = ORIENTED_EDGE ( 'NONE', *, *, #1829, .T. ) ;
#3039 = DIRECTION ( 'NONE',  ( -2.454725278939251986E-16, 1.000000000000000000, 1.412361382570359924E-32 ) ) ;
#3040 = AXIS2_PLACEMENT_3D ( 'NONE', #3118, #2648, #1119 ) ;
#3041 = DIRECTION ( 'NONE',  ( -1.000000000000000000, 0.000000000000000000, 0.000000000000000000 ) ) ;
#3042 = AXIS2_PLACEMENT_3D ( 'NONE', #716, #1194, #2703 ) ;
#3043 = ORIENTED_EDGE ( 'NONE', *, *, #1730, .F. ) ;
#3044 = CARTESIAN_POINT ( 'NONE',  ( -39.90063979523650062, -12.63088819630404913, 33.30923897792315813 ) ) ;
#3045 = CIRCLE ( 'NONE', #2130, 1.500000000000001332 ) ;
#3046 = CARTESIAN_POINT ( 'NONE',  ( -39.99999999999998579, -7.000000000000015099, 55.00000000000000000 ) ) ;
#3047 = LINE ( 'NONE', #2560, #1658 ) ;
#3048 = VERTEX_POINT ( 'NONE', #575 ) ;
#3049 = FACE_OUTER_BOUND ( 'NONE', #3114, .T. ) ;
#3050 = ORIENTED_EDGE ( 'NONE', *, *, #371, .F. ) ;
#3051 = DIRECTION ( 'NONE',  ( -0.000000000000000000, 0.7071067811865437980, 0.7071067811865513475 ) ) ;
#3052 = PRODUCT_DEFINITION ( 'UNKNOWN', '', #2882, #2361 ) ;
#3053 = LINE ( 'NONE', #232, #1604 ) ;
#3054 = EDGE_LOOP ( 'NONE', ( #1478, #1416, #527, #2379, #1204, #2000, #33, #405, #1076, #2881, #1912, #2336, #2918, #3196, #2176, #38, #2279 ) ) ;
#3055 = AXIS2_PLACEMENT_3D ( 'NONE', #717, #2758, #1764 ) ;
#3056 = CIRCLE ( 'NONE', #2143, 2.499999999999998668 ) ;
#3057 = EDGE_LOOP ( 'NONE', ( #47, #708, #2045, #2224 ) ) ;
#3058 = CIRCLE ( 'NONE', #2358, 4.999999999999997335 ) ;
#3059 = ADVANCED_FACE ( 'NONE', ( #862 ), #1914, .F. ) ;
#3060 = FACE_OUTER_BOUND ( 'NONE', #970, .T. ) ;
#3061 = ORIENTED_EDGE ( 'NONE', *, *, #3255, .F. ) ;
#3062 = AXIS2_PLACEMENT_3D ( 'NONE', #1269, #950, #482 ) ;
#3063 = LINE ( 'NONE', #2590, #1427 ) ;
#3064 = PLANE ( 'NONE',  #2272 ) ;
#3065 = FACE_OUTER_BOUND ( 'NONE', #1680, .T. ) ;
#3066 = EDGE_CURVE ( 'NONE', #2463, #2109, #1692, .T. ) ;
#3067 = CARTESIAN_POINT ( 'NONE',  ( 28.49811186337764468, 125.9771426269223298, 60.93455977757145803 ) ) ;
#3068 = DIRECTION ( 'NONE',  ( 0.7071067811865439090, 2.089634101476011322E-17, -0.7071067811865512365 ) ) ;
#3069 = ORIENTED_EDGE ( 'NONE', *, *, #2673, .F. ) ;
#3070 = FACE_BOUND ( 'NONE', #1796, .T. ) ;
#3071 = CARTESIAN_POINT ( 'NONE',  ( 4.249999999999979572, 22.50000000000001066, 41.25000000000000000 ) ) ;
#3072 = VERTEX_POINT ( 'NONE', #626 ) ;
#3073 = DIRECTION ( 'NONE',  ( 0.000000000000000000, 0.000000000000000000, 1.000000000000000000 ) ) ;
#3074 = EDGE_CURVE ( 'NONE', #2145, #372, #3138, .T. ) ;
#3075 = CARTESIAN_POINT ( 'NONE',  ( -82.92893218813448186, -30.00000000000000355, 54.99999999999999289 ) ) ;
#3076 = ORIENTED_EDGE ( 'NONE', *, *, #1967, .F. ) ;
#3077 = VERTEX_POINT ( 'NONE', #2892 ) ;
#3078 = DIRECTION ( 'NONE',  ( -0.000000000000000000, 1.000000000000000000, -0.000000000000000000 ) ) ;
#3079 = FACE_OUTER_BOUND ( 'NONE', #2614, .T. ) ;
#3080 = CARTESIAN_POINT ( 'NONE',  ( 30.00000000000000000, 10.00000000000000000, 55.00000000000000000 ) ) ;
#3081 = DIRECTION ( 'NONE',  ( -1.000000000000000000, 0.000000000000000000, 0.000000000000000000 ) ) ;
#3082 = DIRECTION ( 'NONE',  ( -1.000000000000000000, -1.786765180256111307E-16, 6.938893903907225912E-17 ) ) ;
#3083 = ORIENTED_EDGE ( 'NONE', *, *, #1277, .F. ) ;
#3084 = FACE_OUTER_BOUND ( 'NONE', #2890, .T. ) ;
#3085 = ADVANCED_FACE ( 'NONE', ( #2690 ), #594, .F. ) ;
#3086 = VERTEX_POINT ( 'NONE', #2943 ) ;
#3087 = CARTESIAN_POINT ( 'NONE',  ( -17.75000000000001421, 47.50000000000000000, 13.74999999999999822 ) ) ;
#3088 = EDGE_LOOP ( 'NONE', ( #1457, #2666, #1635, #1827, #1777, #724, #3182, #1157, #799, #934, #2033, #110 ) ) ;
#3089 = ORIENTED_EDGE ( 'NONE', *, *, #833, .T. ) ;
#3090 = AXIS2_PLACEMENT_3D ( 'NONE', #1953, #2430, #2919 ) ;
#3091 = CARTESIAN_POINT ( 'NONE',  ( -9.999999999999992895, -7.000000000000010658, 55.00000000000000000 ) ) ;
#3092 = EDGE_CURVE ( 'NONE', #2953, #765, #2618, .T. ) ;
#3093 = AXIS2_PLACEMENT_3D ( 'NONE', #494, #3073, #1310 ) ;
#3094 = CARTESIAN_POINT ( 'NONE',  ( -170.0000000000000000, 45.99999999999998579, 13.74999999999999822 ) ) ;
#3095 = EDGE_CURVE ( 'NONE', #8, #2029, #2294, .T. ) ;
#3096 = LINE ( 'NONE', #820, #2794 ) ;
#3097 = CARTESIAN_POINT ( 'NONE',  ( 28.49753403341399505, 125.9777033572330964, 59.06466841718146554 ) ) ;
#3098 = CIRCLE ( 'NONE', #1638, 1.500000000000001332 ) ;
#3099 = LINE ( 'NONE', #1288, #1755 ) ;
#3100 = ADVANCED_FACE ( 'NONE', ( #1609 ), #101, .T. ) ;
#3101 = ORIENTED_EDGE ( 'NONE', *, *, #2321, .T. ) ;
#3102 = CARTESIAN_POINT ( 'NONE',  ( -60.00000000000000711, -25.00000000000000000, 0.000000000000000000 ) ) ;
#3103 = ORIENTED_EDGE ( 'NONE', *, *, #858, .F. ) ;
#3104 = DATE_TIME_ROLE ( 'creation_date' ) ;
#3105 = DIRECTION ( 'NONE',  ( 0.000000000000000000, -1.000000000000000000, 0.000000000000000000 ) ) ;
#3106 = VECTOR ( 'NONE', #1620, 1000.000000000000000 ) ;
#3107 = ORIENTED_EDGE ( 'NONE', *, *, #1374, .T. ) ;
#3108 = DIRECTION ( 'NONE',  ( 1.000000000000000000, -0.000000000000000000, -0.000000000000000000 ) ) ;
#3109 = AXIS2_PLACEMENT_3D ( 'NONE', #2967, #669, #899 ) ;
#3110 = VECTOR ( 'NONE', #1623, 1000.000000000000000 ) ;
#3111 = FACE_OUTER_BOUND ( 'NONE', #311, .T. ) ;
#3112 = DIRECTION ( 'NONE',  ( 1.000000000000000000, 1.040834085586084257E-16, -0.000000000000000000 ) ) ;
#3113 = VECTOR ( 'NONE', #802, 1000.000000000000000 ) ;
#3114 = EDGE_LOOP ( 'NONE', ( #3169, #3280, #297, #1213 ) ) ;
#3115 = VECTOR ( 'NONE', #2640, 1000.000000000000000 ) ;
#3116 = DIRECTION ( 'NONE',  ( 1.000000000000000000, 0.000000000000000000, 0.000000000000000000 ) ) ;
#3117 = EDGE_LOOP ( 'NONE', ( #573, #2141, #3061, #2855 ) ) ;
#3118 = CARTESIAN_POINT ( 'NONE',  ( -15.44472221513619026, 62.13591196227451263, 60.00000000000001421 ) ) ;
#3119 = VERTEX_POINT ( 'NONE', #2401 ) ;
#3120 = ORIENTED_EDGE ( 'NONE', *, *, #80, .F. ) ;
#3121 = ORIENTED_EDGE ( 'NONE', *, *, #2597, .F. ) ;
#3122 = PLANE ( 'NONE',  #266 ) ;
#3123 = ORIENTED_EDGE ( 'NONE', *, *, #2010, .F. ) ;
#3124 = DIRECTION ( 'NONE',  ( 0.000000000000000000, 0.000000000000000000, -1.000000000000000000 ) ) ;
#3125 = EDGE_CURVE ( 'NONE', #253, #1283, #402, .T. ) ;
#3126 = LINE ( 'NONE', #3094, #2524 ) ;
#3127 = CARTESIAN_POINT ( 'NONE',  ( 27.00000000000000000, 85.10186786579268414, 61.75000000000000000 ) ) ;
#3128 = DIRECTION ( 'NONE',  ( -1.000000000000000000, -2.454725278939251986E-16, 0.000000000000000000 ) ) ;
#3129 = FACE_OUTER_BOUND ( 'NONE', #132, .T. ) ;
#3130 = FACE_OUTER_BOUND ( 'NONE', #1698, .T. ) ;
#3131 = VERTEX_POINT ( 'NONE', #1345 ) ;
#3132 = CARTESIAN_POINT ( 'NONE',  ( -37.44035151363998892, -14.40254175903681855, 34.93219005892352413 ) ) ;
#3133 = EDGE_CURVE ( 'NONE', #1320, #806, #1807, .T. ) ;
#3134 = ORIENTED_EDGE ( 'NONE', *, *, #662, .T. ) ;
#3135 = EDGE_LOOP ( 'NONE', ( #1263, #1806, #1497, #3164, #2214, #190 ) ) ;
#3136 = DIRECTION ( 'NONE',  ( -0.000000000000000000, -0.7071067811865437980, -0.7071067811865513475 ) ) ;
#3137 = ORIENTED_EDGE ( 'NONE', *, *, #3305, .F. ) ;
#3138 = LINE ( 'NONE', #832, #2938 ) ;
#3139 = DIRECTION ( 'NONE',  ( 1.000000000000000000, 0.000000000000000000, 0.000000000000000000 ) ) ;
#3140 = CIRCLE ( 'NONE', #2180, 1.500000000000002220 ) ;
#3141 = DIRECTION ( 'NONE',  ( 0.000000000000000000, 1.000000000000000000, 0.000000000000000000 ) ) ;
#3142 = SECURITY_CLASSIFICATION ( '', '', #749 ) ;
#3143 = CYLINDRICAL_SURFACE ( 'NONE', #421, 1.500000000000003109 ) ;
#3144 = CARTESIAN_POINT ( 'NONE',  ( -12.75000000000001776, 60.00000000000000711, 0.000000000000000000 ) ) ;
#3145 = LINE ( 'NONE', #2105, #2740 ) ;
#3146 = EDGE_LOOP ( 'NONE', ( #735, #625, #2126, #1189 ) ) ;
#3147 = APPROVAL_PERSON_ORGANIZATION ( #994, #3152, #1264 ) ;
#3148 = DIRECTION ( 'NONE',  ( -0.7071067811865513475, 0.7071067811865437980, 0.000000000000000000 ) ) ;
#3149 = APPROVAL_PERSON_ORGANIZATION ( #2615, #2458, #2380 ) ;
#3150 = VECTOR ( 'NONE', #789, 1000.000000000000000 ) ;
#3151 = ORIENTED_EDGE ( 'NONE', *, *, #2189, .F. ) ;
#3152 = APPROVAL ( #1794, 'UNSPECIFIED' ) ;
#3153 = LINE ( 'NONE', #859, #3106 ) ;
#3154 = ORIENTED_EDGE ( 'NONE', *, *, #191, .F. ) ;
#3155 = DIRECTION ( 'NONE',  ( -2.454725278939251986E-16, 1.000000000000000000, 1.412361382570359924E-32 ) ) ;
#3156 = EDGE_CURVE ( 'NONE', #2651, #2396, #1325, .T. ) ;
#3157 = DIRECTION ( 'NONE',  ( 1.786765180256111307E-16, -1.000000000000000000, 6.938893903907225912E-17 ) ) ;
#3158 = DIRECTION ( 'NONE',  ( 0.7071067811865439090, 1.741966485226073805E-16, -0.7071067811865512365 ) ) ;
#3159 = CARTESIAN_POINT ( 'NONE',  ( 4.249999999999979572, 49.00000000000000000, 13.74999999999999822 ) ) ;
#3160 = CIRCLE ( 'NONE', #57, 6.149999999999985256 ) ;
#3161 = EDGE_CURVE ( 'NONE', #35, #877, #2369, .T. ) ;
#3162 = DIRECTION ( 'NONE',  ( 0.000000000000000000, 1.000000000000000000, 0.000000000000000000 ) ) ;
#3163 = CYLINDRICAL_SURFACE ( 'NONE', #320, 1.750000000000003553 ) ;
#3164 = ORIENTED_EDGE ( 'NONE', *, *, #3133, .F. ) ;
#3165 = CARTESIAN_POINT ( 'NONE',  ( -38.83333333333332860, -15.00000000000001066, 20.62499999999999645 ) ) ;
#3166 = AXIS2_PLACEMENT_3D ( 'NONE', #3279, #1257, #1733 ) ;
#3167 = VECTOR ( 'NONE', #3158, 999.9999999999998863 ) ;
#3168 = CARTESIAN_POINT ( 'NONE',  ( 30.00000000000000000, 127.4018678657926955, 65.00000000000000000 ) ) ;
#3169 = ORIENTED_EDGE ( 'NONE', *, *, #2433, .F. ) ;
#3170 = FACE_OUTER_BOUND ( 'NONE', #462, .T. ) ;
#3171 = EDGE_LOOP ( 'NONE', ( #1673, #1091, #2497, #1556 ) ) ;
#3172 = DIRECTION ( 'NONE',  ( 1.000000000000000000, 0.000000000000000000, 0.000000000000000000 ) ) ;
#3173 = ADVANCED_FACE ( 'NONE', ( #3236 ), #2232, .T. ) ;
#3174 = DIRECTION ( 'NONE',  ( -0.000000000000000000, -0.000000000000000000, 1.000000000000000000 ) ) ;
#3175 = CARTESIAN_POINT ( 'NONE',  ( 7.000000000000009770, 39.99999999999999289, 55.00000000000000000 ) ) ;
#3176 = LINE ( 'NONE', #2387, #3005 ) ;
#3177 = DIRECTION ( 'NONE',  ( 4.336808689942019585E-17, -1.000000000000000000, -0.000000000000000000 ) ) ;
#3178 = CYLINDRICAL_SURFACE ( 'NONE', #3272, 6.149999999999985256 ) ;
#3179 = ORIENTED_EDGE ( 'NONE', *, *, #1474, .F. ) ;
#3180 = FACE_BOUND ( 'NONE', #1904, .T. ) ;
#3181 = CARTESIAN_POINT ( 'NONE',  ( -40.33333333333333570, 9.999999999999994671, 6.874999999999999112 ) ) ;
#3182 = ORIENTED_EDGE ( 'NONE', *, *, #2622, .F. ) ;
#3183 = DIRECTION ( 'NONE',  ( 1.000000000000000000, 0.000000000000000000, 0.000000000000000000 ) ) ;
#3184 = ORIENTED_EDGE ( 'NONE', *, *, #898, .F. ) ;
#3185 = CARTESIAN_POINT ( 'NONE',  ( -17.75000000000001421, 10.00000000000000000, 120.4603887858909985 ) ) ;
#3186 = DIRECTION ( 'NONE',  ( -0.000000000000000000, -0.000000000000000000, 1.000000000000000000 ) ) ;
#3187 = ADVANCED_FACE ( 'NONE', ( #1727 ), #961, .F. ) ;
#3188 = CARTESIAN_POINT ( 'NONE',  ( 27.23325704669294467, 126.8771683185938599, 58.26193366478680957 ) ) ;
#3189 = ADVANCED_FACE ( 'NONE', ( #170 ), #927, .T. ) ;
#3190 = CARTESIAN_POINT ( 'NONE',  ( -10.00000000000000178, -15.00000000000000000, 34.99999999999999289 ) ) ;
#3191 = CARTESIAN_POINT ( 'NONE',  ( -37.33333333333333570, 9.999999999999994671, 6.874999999999999112 ) ) ;
#3192 = DIRECTION ( 'NONE',  ( -1.000000000000000000, -0.000000000000000000, -0.000000000000000000 ) ) ;
#3193 = EDGE_LOOP ( 'NONE', ( #2518, #634 ) ) ;
#3194 = DIRECTION ( 'NONE',  ( 2.463512628606117579E-16, -1.000000000000000000, 0.000000000000000000 ) ) ;
#3195 = CIRCLE ( 'NONE', #2771, 1.500000000000001332 ) ;
#3196 = ORIENTED_EDGE ( 'NONE', *, *, #1552, .T. ) ;
#3197 = ADVANCED_FACE ( 'NONE', ( #665 ), #1476, .F. ) ;
#3198 = DIRECTION ( 'NONE',  ( 1.000000000000000000, -0.000000000000000000, -0.000000000000000000 ) ) ;
#3199 = ORIENTED_EDGE ( 'NONE', *, *, #3066, .F. ) ;
#3200 = CIRCLE ( 'NONE', #1915, 2.499999999999998668 ) ;
#3201 = FACE_OUTER_BOUND ( 'NONE', #1880, .T. ) ;
#3202 = ADVANCED_FACE ( 'NONE', ( #424 ), #2185, .F. ) ;
#3203 = EDGE_LOOP ( 'NONE', ( #2535, #2717 ) ) ;
#3204 = FACE_OUTER_BOUND ( 'NONE', #3316, .T. ) ;
#3205 = DIRECTION ( 'NONE',  ( -0.000000000000000000, -0.000000000000000000, -1.000000000000000000 ) ) ;
#3206 = DIRECTION ( 'NONE',  ( 0.000000000000000000, 0.000000000000000000, -1.000000000000000000 ) ) ;
#3207 = CARTESIAN_POINT ( 'NONE',  ( 25.43339230601892353, 127.3832567918468897, 59.21147153681702235 ) ) ;
#3208 = DIRECTION ( 'NONE',  ( 1.000000000000000000, 1.786765180256111307E-16, -6.938893903907225912E-17 ) ) ;
#3209 = VECTOR ( 'NONE', #3136, 1000.000000000000000 ) ;
#3210 = ORIENTED_EDGE ( 'NONE', *, *, #368, .F. ) ;
#3211 = AXIS2_PLACEMENT_3D ( 'NONE', #2761, #1482, #515 ) ;
#3212 = DIRECTION ( 'NONE',  ( -2.454725278939251986E-16, 1.000000000000000000, 1.412361382570359924E-32 ) ) ;
#3213 = ORIENTED_EDGE ( 'NONE', *, *, #514, .T. ) ;
#3214 = CIRCLE ( 'NONE', #913, 1.500000000000001332 ) ;
#3215 = CARTESIAN_POINT ( 'NONE',  ( -40.33333333333332860, -15.00000000000001066, 6.874999999999999112 ) ) ;
#3216 = EDGE_LOOP ( 'NONE', ( #3229, #2400 ) ) ;
#3217 = CIRCLE ( 'NONE', #1775, 1.750000000000008438 ) ;
#3218 = EDGE_CURVE ( 'NONE', #26, #646, #3308, .T. ) ;
#3219 = DIRECTION ( 'NONE',  ( 7.709882115452476934E-17, 1.000000000000000000, 0.000000000000000000 ) ) ;
#3220 = VERTEX_POINT ( 'NONE', #732 ) ;
#3221 = CARTESIAN_POINT ( 'NONE',  ( -12.24999999999997868, 108.4018678657927239, 63.00000000000000000 ) ) ;
#3222 = DIRECTION ( 'NONE',  ( 1.000000000000000000, 0.000000000000000000, 0.000000000000000000 ) ) ;
#3223 = DIRECTION ( 'NONE',  ( 0.000000000000000000, -1.000000000000000000, 0.000000000000000000 ) ) ;
#3224 = ADVANCED_FACE ( 'NONE', ( #408 ), #1946, .F. ) ;
#3225 = DIRECTION ( 'NONE',  ( 0.000000000000000000, -0.000000000000000000, 1.000000000000000000 ) ) ;
#3226 = DIRECTION ( 'NONE',  ( 1.000000000000000000, 0.000000000000000000, 0.000000000000000000 ) ) ;
#3227 = ORIENTED_EDGE ( 'NONE', *, *, #1507, .F. ) ;
#3228 = CARTESIAN_POINT ( 'NONE',  ( -60.00000000000000711, -25.00000000000000000, -127.2792206135786017 ) ) ;
#3229 = ORIENTED_EDGE ( 'NONE', *, *, #1637, .T. ) ;
#3230 = CARTESIAN_POINT ( 'NONE',  ( -38.83333333333332860, 9.999999999999994671, 48.12499999999999289 ) ) ;
#3231 = VERTEX_POINT ( 'NONE', #2454 ) ;
#3232 = EDGE_CURVE ( 'NONE', #272, #372, #909, .T. ) ;
#3233 = EDGE_CURVE ( 'NONE', #496, #736, #2250, .T. ) ;
#3234 = DIRECTION ( 'NONE',  ( -2.454725278939251986E-16, 1.000000000000000000, 1.412361382570359924E-32 ) ) ;
#3235 = ORIENTED_EDGE ( 'NONE', *, *, #1725, .F. ) ;
#3236 = FACE_OUTER_BOUND ( 'NONE', #1839, .T. ) ;
#3237 = CARTESIAN_POINT ( 'NONE',  ( -46.59277592640376042, 90.80909193938884982, 60.00000000000001421 ) ) ;
#3238 = VERTEX_POINT ( 'NONE', #981 ) ;
#3239 = CARTESIAN_POINT ( 'NONE',  ( -89.99999999999992895, -27.92893218813452094, 55.00000000000000000 ) ) ;
#3240 = CARTESIAN_POINT ( 'NONE',  ( -17.75000000000001421, 47.50000000000000000, 41.25000000000000000 ) ) ;
#3241 = LINE ( 'NONE', #754, #2258 ) ;
#3242 = ORIENTED_EDGE ( 'NONE', *, *, #1449, .F. ) ;
#3243 = DIRECTION ( 'NONE',  ( -0.000000000000000000, -0.000000000000000000, -1.000000000000000000 ) ) ;
#3244 = VERTEX_POINT ( 'NONE', #2438 ) ;
#3245 = DIRECTION ( 'NONE',  ( -0.7071067811865513475, 0.7071067811865437980, 0.000000000000000000 ) ) ;
#3246 = ORIENTED_EDGE ( 'NONE', *, *, #1374, .F. ) ;
#3247 = AXIS2_PLACEMENT_3D ( 'NONE', #1832, #548, #1577 ) ;
#3248 = DIRECTION ( 'NONE',  ( 0.000000000000000000, 0.000000000000000000, 1.000000000000000000 ) ) ;
#3249 = VERTEX_POINT ( 'NONE', #1998 ) ;
#3250 = VECTOR ( 'NONE', #2023, 1000.000000000000000 ) ;
#3251 = CARTESIAN_POINT ( 'NONE',  ( -40.33333333333332860, -15.00000000000001066, 6.874999999999999112 ) ) ;
#3252 = DIRECTION ( 'NONE',  ( -1.000000000000000000, 0.000000000000000000, 0.000000000000000000 ) ) ;
#3253 = ORIENTED_EDGE ( 'NONE', *, *, #2670, .T. ) ;
#3254 = FACE_OUTER_BOUND ( 'NONE', #1687, .T. ) ;
#3255 = EDGE_CURVE ( 'NONE', #2834, #607, #1008, .T. ) ;
#3256 = LINE ( 'NONE', #3015, #869 ) ;
#3257 = DIRECTION ( 'NONE',  ( -1.000000000000000000, 0.000000000000000000, 0.000000000000000000 ) ) ;
#3258 = EDGE_LOOP ( 'NONE', ( #1765, #182, #2293, #2419 ) ) ;
#3259 = VERTEX_POINT ( 'NONE', #696 ) ;
#3260 = ADVANCED_FACE ( 'NONE', ( #1930, #3204 ), #2962, .T. ) ;
#3261 = CARTESIAN_POINT ( 'NONE',  ( -114.0018678657915387, -1.200000000000021494, 55.00000000000000000 ) ) ;
#3262 = VECTOR ( 'NONE', #3041, 1000.000000000000000 ) ;
#3263 = ORIENTED_EDGE ( 'NONE', *, *, #1087, .T. ) ;
#3264 = DIRECTION ( 'NONE',  ( -1.000000000000000000, -2.454725278939251986E-16, 0.000000000000000000 ) ) ;
#3265 = AXIS2_PLACEMENT_3D ( 'NONE', #3071, #2027, #1116 ) ;
#3266 = EDGE_CURVE ( 'NONE', #2109, #2463, #471, .T. ) ;
#3267 = CARTESIAN_POINT ( 'NONE',  ( -37.33333333333333570, 9.999999999999994671, 20.62499999999999645 ) ) ;
#3268 = AXIS2_PLACEMENT_3D ( 'NONE', #2020, #3031, #3257 ) ;
#3269 = EDGE_LOOP ( 'NONE', ( #2939, #1467 ) ) ;
#3270 = DIRECTION ( 'NONE',  ( -0.7071067811865439090, -2.089634101476010706E-17, 0.7071067811865512365 ) ) ;
#3271 = CIRCLE ( 'NONE', #977, 1.500000000000001332 ) ;
#3272 = AXIS2_PLACEMENT_3D ( 'NONE', #2138, #2995, #446 ) ;
#3273 = CARTESIAN_POINT ( 'NONE',  ( -39.99999999999998579, -5.500000000000012434, 55.00000000000000000 ) ) ;
#3274 = ORIENTED_EDGE ( 'NONE', *, *, #1583, .F. ) ;
#3275 = ORIENTED_EDGE ( 'NONE', *, *, #733, .T. ) ;
#3276 = LINE ( 'NONE', #2001, #1186 ) ;
#3277 = EDGE_CURVE ( 'NONE', #116, #2834, #1688, .T. ) ;
#3278 = CARTESIAN_POINT ( 'NONE',  ( -38.83333333333332860, -15.00000000000001066, 6.874999999999999112 ) ) ;
#3279 = CARTESIAN_POINT ( 'NONE',  ( -38.83333333333332860, -15.00000000000001066, 6.874999999999999112 ) ) ;
#3280 = ORIENTED_EDGE ( 'NONE', *, *, #2789, .T. ) ;
#3281 = MANIFOLD_SOLID_BREP ( 'Stock-minilip main body-1', #1025 ) ;
#3282 = FACE_OUTER_BOUND ( 'NONE', #2113, .T. ) ;
#3283 = VECTOR ( 'NONE', #2440, 1000.000000000000000 ) ;
#3284 = EDGE_LOOP ( 'NONE', ( #2249, #2583 ) ) ;
#3285 = AXIS2_PLACEMENT_3D ( 'NONE', #1532, #58, #2325 ) ;
#3286 = FACE_BOUND ( 'NONE', #3203, .T. ) ;
#3287 = CARTESIAN_POINT ( 'NONE',  ( 5.500000000000007105, 39.99999999999999289, 55.00000000000000000 ) ) ;
#3288 = ORIENTED_EDGE ( 'NONE', *, *, #1480, .T. ) ;
#3289 = EDGE_CURVE ( 'NONE', #2066, #2167, #2488, .T. ) ;
#3290 = DIRECTION ( 'NONE',  ( 0.000000000000000000, 1.000000000000000000, 0.000000000000000000 ) ) ;
#3291 = ORIENTED_EDGE ( 'NONE', *, *, #3066, .T. ) ;
#3292 = CARTESIAN_POINT ( 'NONE',  ( -39.35467180643383500, -12.54217710143124442, 32.95903720617460664 ) ) ;
#3293 = DIRECTION ( 'NONE',  ( -2.454725278939251986E-16, 1.000000000000000000, 1.412361382570359924E-32 ) ) ;
#3294 = DIRECTION ( 'NONE',  ( 1.000000000000000000, 0.000000000000000000, 0.000000000000000000 ) ) ;
#3295 = ORIENTED_EDGE ( 'NONE', *, *, #1480, .F. ) ;
#3296 = CC_DESIGN_PERSON_AND_ORGANIZATION_ASSIGNMENT ( #36, #2857, ( #2882 ) ) ;
#3297 = CARTESIAN_POINT ( 'NONE',  ( -49.41666666666666430, -15.00000000000001066, 6.874999999999999112 ) ) ;
#3298 = ORIENTED_EDGE ( 'NONE', *, *, #371, .T. ) ;
#3299 = DIRECTION ( 'NONE',  ( -2.454725278939251986E-16, 1.000000000000000000, 1.412361382570359924E-32 ) ) ;
#3300 = ADVANCED_FACE ( 'NONE', ( #234 ), #2837, .F. ) ;
#3301 = CARTESIAN_POINT ( 'NONE',  ( -39.99999999999998579, -7.000000000000015099, 55.00000000000000000 ) ) ;
#3302 = ORIENTED_EDGE ( 'NONE', *, *, #2049, .F. ) ;
#3303 = PERSON_AND_ORGANIZATION_ROLE ( 'classification_officer' ) ;
#3304 = AXIS2_PLACEMENT_3D ( 'NONE', #296, #807, #1600 ) ;
#3305 = EDGE_CURVE ( 'NONE', #2736, #765, #2063, .T. ) ;
#3306 = DIRECTION ( 'NONE',  ( -2.454725278939251986E-16, 1.000000000000000000, 1.412361382570359924E-32 ) ) ;
#3307 = ORIENTED_EDGE ( 'NONE', *, *, #2922, .T. ) ;
#3308 = CIRCLE ( 'NONE', #2558, 1.750000000000001554 ) ;
#3309 = EDGE_LOOP ( 'NONE', ( #3154, #844 ) ) ;
#3310 = CARTESIAN_POINT ( 'NONE',  ( -50.91666666666667140, 9.999999999999991118, 6.874999999999999112 ) ) ;
#3311 = AXIS2_PLACEMENT_3D ( 'NONE', #1582, #1553, #3128 ) ;
#3312 = CARTESIAN_POINT ( 'NONE',  ( 25.69620253486553096, 127.3538838856521096, 61.17311943367720062 ) ) ;
#3313 = DIRECTION ( 'NONE',  ( 1.000000000000000000, 0.000000000000000000, 0.000000000000000000 ) ) ;
#3314 = CYLINDRICAL_SURFACE ( 'NONE', #2041, 13.99999999999999112 ) ;
#3315 = LINE ( 'NONE', #503, #2077 ) ;
#3316 = EDGE_LOOP ( 'NONE', ( #1046, #1809 ) ) ;
#3317 = CARTESIAN_POINT ( 'NONE',  ( -60.89847509519702839, 16.68215908221318600, 60.00000000000001421 ) ) ;
ENDSEC;
END-ISO-10303-21;
