ISO-10303-21;
HEADER;
FILE_DESCRIPTION (( 'STEP AP203' ),
    '1' );
FILE_NAME ('feed bearig row holder 1.STEP',
    '2026-06-02T08:37:35',
    ( '' ),
    ( '' ),
    'SwSTEP 2.0',
    'SolidWorks 2024',
    '' );
FILE_SCHEMA (( 'CONFIG_CONTROL_DESIGN' ));
ENDSEC;

DATA;
#1 = FACE_BOUND ( 'NONE', #1511, .T. ) ;
#2 = EDGE_CURVE ( 'NONE', #1082, #489, #461, .T. ) ;
#3 = CARTESIAN_POINT ( 'NONE',  ( -17.75000000000000355, -56.49999999999999289, -88.29779015821748089 ) ) ;
#4 = ORIENTED_EDGE ( 'NONE', *, *, #1558, .F. ) ;
#5 = CYLINDRICAL_SURFACE ( 'NONE', #1540, 1.500000000000004885 ) ;
#6 = AXIS2_PLACEMENT_3D ( 'NONE', #765, #1504, #1153 ) ;
#7 = EDGE_CURVE ( 'NONE', #281, #568, #972, .T. ) ;
#8 = CARTESIAN_POINT ( 'NONE',  ( -24.74999999999997513, -54.99999999999999289, -59.79779015821748089 ) ) ;
#9 = PLANE ( 'NONE',  #66 ) ;
#10 = CARTESIAN_POINT ( 'NONE',  ( -17.75000000000000355, -16.39999999999999503, -123.2955803164349646 ) ) ;
#11 = DIRECTION ( 'NONE',  ( -1.000000000000000000, 1.387778780781445429E-16, -0.000000000000000000 ) ) ;
#12 = AXIS2_PLACEMENT_3D ( 'NONE', #839, #1078, #937 ) ;
#13 = VECTOR ( 'NONE', #1277, 1000.000000000000000 ) ;
#14 = ORIENTED_EDGE ( 'NONE', *, *, #639, .T. ) ;
#15 = AXIS2_PLACEMENT_3D ( 'NONE', #1340, #1320, #1099 ) ;
#16 = CIRCLE ( 'NONE', #895, 1.500000000000001332 ) ;
#17 = CIRCLE ( 'NONE', #1333, 6.074999999999997513 ) ;
#18 = DIRECTION ( 'NONE',  ( 1.000000000000000000, -1.387778780781445922E-16, 0.000000000000000000 ) ) ;
#19 = ORIENTED_EDGE ( 'NONE', *, *, #1004, .T. ) ;
#20 = DIRECTION ( 'NONE',  ( 0.000000000000000000, -1.000000000000000000, 0.000000000000000000 ) ) ;
#21 = AXIS2_PLACEMENT_3D ( 'NONE', #98, #1301, #1067 ) ;
#22 = ORIENTED_EDGE ( 'NONE', *, *, #432, .F. ) ;
#23 = PLANE ( 'NONE',  #622 ) ;
#24 = CARTESIAN_POINT ( 'NONE',  ( -27.75000000000002132, -54.99999999999999289, -28.29779015821748445 ) ) ;
#25 = ORIENTED_EDGE ( 'NONE', *, *, #706, .F. ) ;
#26 = EDGE_CURVE ( 'NONE', #1309, #1344, #353, .T. ) ;
#27 = LINE ( 'NONE', #1148, #357 ) ;
#28 = DIRECTION ( 'NONE',  ( 0.000000000000000000, 0.000000000000000000, -1.000000000000000000 ) ) ;
#29 = CARTESIAN_POINT ( 'NONE',  ( -19.55855278365824290, 3.144479452198270408, -16.32500000000000639 ) ) ;
#30 = CIRCLE ( 'NONE', #989, 6.075000000000000178 ) ;
#31 = FACE_OUTER_BOUND ( 'NONE', #749, .T. ) ;
#32 = CARTESIAN_POINT ( 'NONE',  ( -20.75000000000001066, -55.00000000000002842, -73.29779015821748089 ) ) ;
#33 = ORIENTED_EDGE ( 'NONE', *, *, #291, .T. ) ;
#34 = DIRECTION ( 'NONE',  ( 0.000000000000000000, 1.000000000000000000, 0.000000000000000000 ) ) ;
#35 = ORIENTED_EDGE ( 'NONE', *, *, #243, .T. ) ;
#36 = EDGE_CURVE ( 'NONE', #390, #402, #1468, .T. ) ;
#37 = VECTOR ( 'NONE', #427, 1000.000000000000114 ) ;
#38 = CARTESIAN_POINT ( 'NONE',  ( -17.75000000000000355, -55.00000000000003553, -121.7977901582174951 ) ) ;
#39 = ORIENTED_EDGE ( 'NONE', *, *, #578, .T. ) ;
#40 = ORIENTED_EDGE ( 'NONE', *, *, #26, .T. ) ;
#41 = FACE_OUTER_BOUND ( 'NONE', #1262, .T. ) ;
#42 = ADVANCED_FACE ( 'NONE', ( #940 ), #1427, .F. ) ;
#43 = ORIENTED_EDGE ( 'NONE', *, *, #729, .F. ) ;
#44 = VERTEX_POINT ( 'NONE', #1335 ) ;
#45 = CARTESIAN_POINT ( 'NONE',  ( -24.75000000000003908, -54.99999999999999289, -86.79779015821748089 ) ) ;
#46 = VECTOR ( 'NONE', #1448, 1000.000000000000000 ) ;
#47 = LINE ( 'NONE', #415, #1195 ) ;
#48 = EDGE_LOOP ( 'NONE', ( #853, #757, #718, #1119 ) ) ;
#49 = CC_DESIGN_PERSON_AND_ORGANIZATION_ASSIGNMENT ( #826, #459, ( #1383 ) ) ;
#50 = VECTOR ( 'NONE', #234, 1000.000000000000000 ) ;
#51 = DIRECTION ( 'NONE',  ( -1.000000000000000000, 0.000000000000000000, -0.000000000000000000 ) ) ;
#52 = PLANE ( 'NONE',  #787 ) ;
#53 = ORIENTED_EDGE ( 'NONE', *, *, #55, .F. ) ;
#54 = ORIENTED_EDGE ( 'NONE', *, *, #1239, .T. ) ;
#55 = EDGE_CURVE ( 'NONE', #1211, #481, #1567, .T. ) ;
#56 = VECTOR ( 'NONE', #380, 1000.000000000000000 ) ;
#57 = DIRECTION ( 'NONE',  ( -1.000000000000000000, 0.000000000000000000, 0.000000000000000000 ) ) ;
#58 =( NAMED_UNIT ( * ) PLANE_ANGLE_UNIT ( ) SI_UNIT ( $, .RADIAN. ) );
#59 = CARTESIAN_POINT ( 'NONE',  ( 80.00000000000004263, -16.40000000000000568, -89.96372021095663740 ) ) ;
#60 = ORIENTED_EDGE ( 'NONE', *, *, #753, .F. ) ;
#61 = DIRECTION ( 'NONE',  ( 0.3162277660168379412, 0.000000000000000000, 0.9486832980505138790 ) ) ;
#62 = ORIENTED_EDGE ( 'NONE', *, *, #706, .T. ) ;
#63 = DIRECTION ( 'NONE',  ( 1.000000000000000000, 0.000000000000000000, 0.000000000000000000 ) ) ;
#64 = AXIS2_PLACEMENT_3D ( 'NONE', #1547, #204, #1204 ) ;
#65 = DIRECTION ( 'NONE',  ( 0.000000000000000000, 0.000000000000000000, 1.000000000000000000 ) ) ;
#66 = AXIS2_PLACEMENT_3D ( 'NONE', #987, #1108, #378 ) ;
#67 = ORIENTED_EDGE ( 'NONE', *, *, #413, .T. ) ;
#68 = CARTESIAN_POINT ( 'NONE',  ( -24.74999999999997513, -54.99999999999999289, -56.79779015821748089 ) ) ;
#69 = LINE ( 'NONE', #1058, #225 ) ;
#70 = VERTEX_POINT ( 'NONE', #1573 ) ;
#71 = CIRCLE ( 'NONE', #973, 1.500000000000001332 ) ;
#72 = DIRECTION ( 'NONE',  ( -1.000000000000000000, 1.387778780781445676E-16, -0.000000000000000000 ) ) ;
#73 = ORIENTED_EDGE ( 'NONE', *, *, #1027, .F. ) ;
#74 = ADVANCED_FACE ( 'NONE', ( #714 ), #1202, .F. ) ;
#75 = DIRECTION ( 'NONE',  ( -1.000000000000000000, 0.000000000000000000, 0.000000000000000000 ) ) ;
#76 = CIRCLE ( 'NONE', #1055, 6.074999999999997513 ) ;
#77 = DIRECTION ( 'NONE',  ( 0.000000000000000000, -1.000000000000000000, 0.000000000000000000 ) ) ;
#78 = CARTESIAN_POINT ( 'NONE',  ( -24.74999999999997513, -54.99999999999999289, -58.29779015821748089 ) ) ;
#79 = VERTEX_POINT ( 'NONE', #842 ) ;
#80 = DIRECTION ( 'NONE',  ( -1.000000000000000000, 1.387778780781445429E-16, -0.000000000000000000 ) ) ;
#81 = DIRECTION ( 'NONE',  ( 1.000000000000000000, 0.000000000000000000, 0.000000000000000000 ) ) ;
#82 = AXIS2_PLACEMENT_3D ( 'NONE', #531, #1046, #28 ) ;
#83 = DIRECTION ( 'NONE',  ( 0.000000000000000000, -1.000000000000000000, 0.000000000000000000 ) ) ;
#84 = ORIENTED_EDGE ( 'NONE', *, *, #243, .F. ) ;
#85 = CC_DESIGN_DATE_AND_TIME_ASSIGNMENT ( #1610, #1112, ( #711 ) ) ;
#86 = VECTOR ( 'NONE', #1136, 1000.000000000000000 ) ;
#87 = PERSON_AND_ORGANIZATION ( #1434, #138 ) ;
#88 = PRODUCT_DEFINITION_FORMATION_WITH_SPECIFIED_SOURCE ( 'ANY', '', #315, .NOT_KNOWN. ) ;
#89 = FACE_OUTER_BOUND ( 'NONE', #981, .T. ) ;
#90 = ORIENTED_EDGE ( 'NONE', *, *, #1207, .T. ) ;
#91 = LINE ( 'NONE', #68, #1369 ) ;
#92 = DIRECTION ( 'NONE',  ( 0.000000000000000000, -1.000000000000000000, 0.000000000000000000 ) ) ;
#93 = EDGE_CURVE ( 'NONE', #655, #375, #534, .T. ) ;
#94 = CARTESIAN_POINT ( 'NONE',  ( -17.75000000000000355, -55.00000000000000000, -88.29779015821748089 ) ) ;
#95 = DIRECTION ( 'NONE',  ( 1.000000000000000000, -1.387778780781445922E-16, 0.000000000000000000 ) ) ;
#96 = EDGE_LOOP ( 'NONE', ( #1533, #416, #338, #1568 ) ) ;
#97 = APPLICATION_PROTOCOL_DEFINITION ( 'international standard', 'config_control_design', 1994, #1479 ) ;
#98 = CARTESIAN_POINT ( 'NONE',  ( -27.75000000000001421, -16.39999999999999147, -89.96372021095663740 ) ) ;
#99 = CARTESIAN_POINT ( 'NONE',  ( -24.94144721634175355, -8.324999999999983302, -13.32500000000000284 ) ) ;
#100 = ADVANCED_FACE ( 'NONE', ( #492, #613, #745, #135, #506, #245, #1, #620, #627 ), #9, .F. ) ;
#101 = VERTEX_POINT ( 'NONE', #497 ) ;
#102 = FACE_OUTER_BOUND ( 'NONE', #1217, .T. ) ;
#103 = VECTOR ( 'NONE', #1466, 1000.000000000000000 ) ;
#104 = CARTESIAN_POINT ( 'NONE',  ( -27.75000000000001421, -16.39999999999999503, -123.2955803164349646 ) ) ;
#105 = CIRCLE ( 'NONE', #799, 1.500000000000001332 ) ;
#106 = ADVANCED_FACE ( 'NONE', ( #995 ), #1010, .F. ) ;
#107 = ORIENTED_EDGE ( 'NONE', *, *, #586, .T. ) ;
#108 = DIRECTION ( 'NONE',  ( -6.938893903907223447E-16, -1.000000000000000000, -0.000000000000000000 ) ) ;
#109 = ORIENTED_EDGE ( 'NONE', *, *, #719, .F. ) ;
#110 = CARTESIAN_POINT ( 'NONE',  ( 25.51097658963806580, -8.324999999999988631, 4.938007803453988487 ) ) ;
#111 = EDGE_LOOP ( 'NONE', ( #1539, #107 ) ) ;
#112 = VECTOR ( 'NONE', #1393, 1000.000000000000000 ) ;
#113 = VECTOR ( 'NONE', #991, 1000.000000000000000 ) ;
#114 = EDGE_CURVE ( 'NONE', #743, #593, #16, .T. ) ;
#115 = DIRECTION ( 'NONE',  ( -1.000000000000000000, 0.000000000000000000, 0.000000000000000000 ) ) ;
#116 = DIRECTION ( 'NONE',  ( 0.000000000000000000, 0.000000000000000000, -1.000000000000000000 ) ) ;
#117 = CIRCLE ( 'NONE', #1417, 1.500000000000004885 ) ;
#118 = CARTESIAN_POINT ( 'NONE',  ( -24.75000000000003553, -54.99999999999999289, -88.29779015821748089 ) ) ;
#119 = EDGE_LOOP ( 'NONE', ( #255, #1365, #1245, #166, #159 ) ) ;
#120 = ORIENTED_EDGE ( 'NONE', *, *, #303, .F. ) ;
#121 = FACE_BOUND ( 'NONE', #764, .T. ) ;
#122 = EDGE_LOOP ( 'NONE', ( #53, #962, #1151, #39, #328 ) ) ;
#123 = DIRECTION ( 'NONE',  ( -1.000000000000000000, 1.387778780781445429E-16, 0.000000000000000000 ) ) ;
#124 = PERSON_AND_ORGANIZATION ( #1434, #138 ) ;
#125 = EDGE_CURVE ( 'NONE', #290, #281, #1297, .T. ) ;
#126 = ORIENTED_EDGE ( 'NONE', *, *, #313, .F. ) ;
#127 = CARTESIAN_POINT ( 'NONE',  ( -25.94144721634179263, -59.99999999999999289, -130.2705803164349447 ) ) ;
#128 = CARTESIAN_POINT ( 'NONE',  ( 4.249999999999983125, -55.00000000000000000, -58.29779015821748089 ) ) ;
#129 = CARTESIAN_POINT ( 'NONE',  ( -17.75000000000000355, -55.00000000000002842, -23.29779015821748089 ) ) ;
#130 = EDGE_CURVE ( 'NONE', #188, #1017, #223, .T. ) ;
#131 = DIRECTION ( 'NONE',  ( -0.3162277660168379412, 1.534660244226794758E-16, 0.9486832980505138790 ) ) ;
#132 = VECTOR ( 'NONE', #725, 1000.000000000000000 ) ;
#133 = CARTESIAN_POINT ( 'NONE',  ( 80.00000000000005684, -8.324999999999999289, -13.32500000000000284 ) ) ;
#134 = APPROVAL ( #617, 'UNSPECIFIED' ) ;
#135 = FACE_BOUND ( 'NONE', #111, .T. ) ;
#136 = FACE_BOUND ( 'NONE', #1190, .T. ) ;
#137 = LINE ( 'NONE', #859, #1337 ) ;
#138 = ORGANIZATION ( 'UNSPECIFIED', 'UNSPECIFIED', '' ) ;
#139 = EDGE_LOOP ( 'NONE', ( #915, #773, #777, #522 ) ) ;
#140 = DIRECTION ( 'NONE',  ( -1.000000000000000000, 0.000000000000000000, 0.000000000000000000 ) ) ;
#141 = FACE_OUTER_BOUND ( 'NONE', #146, .T. ) ;
#142 = VERTEX_POINT ( 'NONE', #176 ) ;
#143 = EDGE_CURVE ( 'NONE', #438, #445, #1512, .T. ) ;
#144 = DIRECTION ( 'NONE',  ( 0.000000000000000000, -1.000000000000000000, 0.000000000000000000 ) ) ;
#145 = ORIENTED_EDGE ( 'NONE', *, *, #1145, .T. ) ;
#146 = EDGE_LOOP ( 'NONE', ( #1559, #67, #482, #1137 ) ) ;
#147 = AXIS2_PLACEMENT_3D ( 'NONE', #657, #1391, #51 ) ;
#148 = DIRECTION ( 'NONE',  ( 0.000000000000000000, -1.000000000000000000, 0.000000000000000000 ) ) ;
#149 = ORIENTED_EDGE ( 'NONE', *, *, #436, .F. ) ;
#150 = DIRECTION ( 'NONE',  ( -1.000000000000000000, 0.000000000000000000, 0.000000000000000000 ) ) ;
#151 = EDGE_CURVE ( 'NONE', #897, #1339, #1253, .T. ) ;
#152 = AXIS2_PLACEMENT_3D ( 'NONE', #591, #1306, #959 ) ;
#153 = ORIENTED_EDGE ( 'NONE', *, *, #1351, .F. ) ;
#154 = AXIS2_PLACEMENT_3D ( 'NONE', #523, #1020, #1012 ) ;
#155 = DIRECTION ( 'NONE',  ( 0.000000000000000000, 1.000000000000000000, 0.000000000000000000 ) ) ;
#156 = VERTEX_POINT ( 'NONE', #292 ) ;
#157 = CARTESIAN_POINT ( 'NONE',  ( -20.55855278365824290, 3.144479452198270408, -13.32500000000000284 ) ) ;
#158 = AXIS2_PLACEMENT_3D ( 'NONE', #1233, #240, #1594 ) ;
#159 = ORIENTED_EDGE ( 'NONE', *, *, #510, .T. ) ;
#160 = LINE ( 'NONE', #640, #86 ) ;
#161 = VERTEX_POINT ( 'NONE', #1185 ) ;
#162 = EDGE_CURVE ( 'NONE', #1525, #44, #1535, .T. ) ;
#163 = PLANE ( 'NONE',  #147 ) ;
#164 = ORIENTED_EDGE ( 'NONE', *, *, #1405, .F. ) ;
#165 = FACE_OUTER_BOUND ( 'NONE', #139, .T. ) ;
#166 = ORIENTED_EDGE ( 'NONE', *, *, #1604, .T. ) ;
#167 = AXIS2_PLACEMENT_3D ( 'NONE', #1069, #1213, #597 ) ;
#168 = VERTEX_POINT ( 'NONE', #1544 ) ;
#169 = ORIENTED_EDGE ( 'NONE', *, *, #1459, .F. ) ;
#170 = DIRECTION ( 'NONE',  ( 0.000000000000000000, -1.000000000000000000, 0.000000000000000000 ) ) ;
#171 = AXIS2_PLACEMENT_3D ( 'NONE', #310, #192, #1155 ) ;
#172 = LINE ( 'NONE', #666, #277 ) ;
#173 = CIRCLE ( 'NONE', #1081, 1.500000000000001332 ) ;
#174 = DIRECTION ( 'NONE',  ( 0.000000000000000000, -0.000000000000000000, 1.000000000000000000 ) ) ;
#175 = VERTEX_POINT ( 'NONE', #932 ) ;
#176 = CARTESIAN_POINT ( 'NONE',  ( -25.94144721634175355, -8.324999999999997513, -130.2705803164349447 ) ) ;
#177 = ORIENTED_EDGE ( 'NONE', *, *, #425, .T. ) ;
#178 = CYLINDRICAL_SURFACE ( 'NONE', #82, 1.499999999999987566 ) ;
#179 = CARTESIAN_POINT ( 'NONE',  ( -24.74999999999997158, -54.99999999999999289, -26.79779015821748089 ) ) ;
#180 = EDGE_CURVE ( 'NONE', #301, #445, #417, .T. ) ;
#181 = EDGE_LOOP ( 'NONE', ( #470, #513 ) ) ;
#182 = DIRECTION ( 'NONE',  ( 0.000000000000000000, -1.000000000000000000, 0.000000000000000000 ) ) ;
#183 = CARTESIAN_POINT ( 'NONE',  ( -20.75000000000001066, -55.00000000000002842, -74.79779015821748089 ) ) ;
#184 = CIRCLE ( 'NONE', #1291, 1.500000000000001332 ) ;
#185 = EDGE_LOOP ( 'NONE', ( #1186, #1276 ) ) ;
#186 = CARTESIAN_POINT ( 'NONE',  ( -25.94144721634174644, 3.144479452198277514, -16.32500000000000639 ) ) ;
#187 = EDGE_CURVE ( 'NONE', #142, #662, #302, .T. ) ;
#188 = VERTEX_POINT ( 'NONE', #783 ) ;
#189 = LINE ( 'NONE', #1168, #1609 ) ;
#190 = CARTESIAN_POINT ( 'NONE',  ( -17.75000000000000355, -55.00000000000000000, -58.29779015821748089 ) ) ;
#191 = CARTESIAN_POINT ( 'NONE',  ( -27.75000000000001421, -10.32499999999999041, -56.63186010547832439 ) ) ;
#192 = DIRECTION ( 'NONE',  ( -1.000000000000000000, 1.387778780781445429E-16, 0.000000000000000000 ) ) ;
#193 = ORIENTED_EDGE ( 'NONE', *, *, #143, .T. ) ;
#194 = DIRECTION ( 'NONE',  ( -1.000000000000000000, 0.000000000000000000, 0.000000000000000000 ) ) ;
#195 = DIRECTION ( 'NONE',  ( 1.000000000000000000, -1.387778780781445676E-16, 0.000000000000000000 ) ) ;
#196 = ADVANCED_FACE ( 'NONE', ( #1037 ), #163, .F. ) ;
#197 = ORIENTED_EDGE ( 'NONE', *, *, #510, .F. ) ;
#198 = EDGE_CURVE ( 'NONE', #79, #899, #547, .T. ) ;
#199 = PERSON_AND_ORGANIZATION ( #1434, #138 ) ;
#200 = FACE_OUTER_BOUND ( 'NONE', #412, .T. ) ;
#201 = CARTESIAN_POINT ( 'NONE',  ( -17.75000000000000355, -55.00000000000000000, -88.29779015821748089 ) ) ;
#202 = VECTOR ( 'NONE', #1018, 1000.000000000000000 ) ;
#203 = VERTEX_POINT ( 'NONE', #917 ) ;
#204 = DIRECTION ( 'NONE',  ( -1.000000000000000000, 0.000000000000000000, 0.000000000000000000 ) ) ;
#205 = ADVANCED_FACE ( 'NONE', ( #626 ), #377, .F. ) ;
#206 = DIRECTION ( 'NONE',  ( -0.7071067811865460184, 0.000000000000000000, 0.7071067811865490160 ) ) ;
#207 = AXIS2_PLACEMENT_3D ( 'NONE', #560, #1541, #525 ) ;
#208 = EDGE_LOOP ( 'NONE', ( #430, #517 ) ) ;
#209 = LINE ( 'NONE', #216, #736 ) ;
#210 = CYLINDRICAL_SURFACE ( 'NONE', #772, 6.074999999999997513 ) ;
#211 = DIRECTION ( 'NONE',  ( 0.000000000000000000, 0.000000000000000000, 1.000000000000000000 ) ) ;
#212 = APPROVAL_ROLE ( '' ) ;
#213 = CONICAL_SURFACE ( 'NONE', #288, 1.500000000000001332, 0.7853981633974504994 ) ;
#214 = DIRECTION ( 'NONE',  ( 0.000000000000000000, 0.000000000000000000, -1.000000000000000000 ) ) ;
#215 = ORIENTED_EDGE ( 'NONE', *, *, #1268, .F. ) ;
#216 = CARTESIAN_POINT ( 'NONE',  ( -20.55855278365824290, 3.144479452198270408, -133.2705803164349732 ) ) ;
#217 = DIRECTION ( 'NONE',  ( -1.000000000000000000, 0.000000000000000000, 0.000000000000000000 ) ) ;
#218 = DIRECTION ( 'NONE',  ( -1.000000000000000000, 0.000000000000000000, 0.000000000000000000 ) ) ;
#219 = ORIENTED_EDGE ( 'NONE', *, *, #586, .F. ) ;
#220 = ADVANCED_FACE ( 'NONE', ( #237 ), #256, .F. ) ;
#221 = ORIENTED_EDGE ( 'NONE', *, *, #1516, .T. ) ;
#222 = CARTESIAN_POINT ( 'NONE',  ( -27.75000000000002132, 3.144479452198277514, -13.32500000000000284 ) ) ;
#223 = CIRCLE ( 'NONE', #171, 6.075000000000000178 ) ;
#224 = DIRECTION ( 'NONE',  ( -1.000000000000000000, 1.387778780781445676E-16, -0.000000000000000000 ) ) ;
#225 = VECTOR ( 'NONE', #1382, 1000.000000000000000 ) ;
#226 = ORIENTED_EDGE ( 'NONE', *, *, #1395, .T. ) ;
#227 = VERTEX_POINT ( 'NONE', #633 ) ;
#228 = CARTESIAN_POINT ( 'NONE',  ( -17.75000000000000355, -16.39999999999999147, -89.96372021095663740 ) ) ;
#229 = DIRECTION ( 'NONE',  ( 0.000000000000000000, 1.000000000000000000, 0.000000000000000000 ) ) ;
#230 = AXIS2_PLACEMENT_3D ( 'NONE', #901, #1381, #282 ) ;
#231 = FACE_OUTER_BOUND ( 'NONE', #977, .T. ) ;
#232 = VECTOR ( 'NONE', #72, 1000.000000000000000 ) ;
#233 = EDGE_LOOP ( 'NONE', ( #923, #992, #1394, #903 ) ) ;
#234 = DIRECTION ( 'NONE',  ( -1.000000000000000000, 1.387778780781445676E-16, -0.000000000000000000 ) ) ;
#235 = DIRECTION ( 'NONE',  ( 0.000000000000000000, 1.155081008495165429E-16, 1.000000000000000000 ) ) ;
#236 = AXIS2_PLACEMENT_3D ( 'NONE', #186, #685, #61 ) ;
#237 = FACE_OUTER_BOUND ( 'NONE', #48, .T. ) ;
#238 = DIRECTION ( 'NONE',  ( -1.000000000000000000, 2.470629693798734181E-15, 0.000000000000000000 ) ) ;
#239 = VECTOR ( 'NONE', #526, 1000.000000000000000 ) ;
#240 = DIRECTION ( 'NONE',  ( 1.000000000000000000, -0.000000000000000000, -0.000000000000000000 ) ) ;
#241 = DIRECTION ( 'NONE',  ( 0.000000000000000000, 0.000000000000000000, 1.000000000000000000 ) ) ;
#242 = LINE ( 'NONE', #1443, #779 ) ;
#243 = EDGE_CURVE ( 'NONE', #792, #900, #1107, .T. ) ;
#244 = EDGE_LOOP ( 'NONE', ( #527, #1287, #704, #1154, #219 ) ) ;
#245 = FACE_BOUND ( 'NONE', #181, .T. ) ;
#246 = FACE_BOUND ( 'NONE', #495, .T. ) ;
#247 = CARTESIAN_POINT ( 'NONE',  ( -27.75000000000001421, -10.32499999999999396, -89.96372021095663740 ) ) ;
#248 = EDGE_CURVE ( 'NONE', #1224, #390, #1225, .T. ) ;
#249 = AXIS2_PLACEMENT_3D ( 'NONE', #1128, #856, #864 ) ;
#250 = EDGE_LOOP ( 'NONE', ( #1300, #466, #40, #671, #350 ) ) ;
#251 = DIRECTION ( 'NONE',  ( -1.000000000000000000, 1.387778780781445676E-16, -0.000000000000000000 ) ) ;
#252 = CARTESIAN_POINT ( 'NONE',  ( -20.75000000000001066, -55.00000000000002842, -74.79779015821748089 ) ) ;
#253 = FACE_OUTER_BOUND ( 'NONE', #233, .T. ) ;
#254 = CIRCLE ( 'NONE', #1260, 1.499999999999987566 ) ;
#255 = ORIENTED_EDGE ( 'NONE', *, *, #1011, .F. ) ;
#256 = CYLINDRICAL_SURFACE ( 'NONE', #249, 6.074999999999997513 ) ;
#257 = EDGE_CURVE ( 'NONE', #504, #402, #505, .T. ) ;
#258 = LINE ( 'NONE', #371, #1585 ) ;
#259 = ORIENTED_EDGE ( 'NONE', *, *, #354, .F. ) ;
#260 = DIRECTION ( 'NONE',  ( -1.000000000000000000, 1.387778780781445676E-16, -0.000000000000000000 ) ) ;
#261 = CIRCLE ( 'NONE', #474, 1.500000000000001332 ) ;
#262 = MANIFOLD_SOLID_BREP ( 'Stock-minilip main body-1', #945 ) ;
#263 = ORIENTED_EDGE ( 'NONE', *, *, #938, .F. ) ;
#264 = DIRECTION ( 'NONE',  ( 0.000000000000000000, 0.000000000000000000, 1.000000000000000000 ) ) ;
#265 = ORIENTED_EDGE ( 'NONE', *, *, #1323, .T. ) ;
#266 = DIRECTION ( 'NONE',  ( -1.000000000000000000, 1.387778780781445429E-16, -0.000000000000000000 ) ) ;
#267 = ORIENTED_EDGE ( 'NONE', *, *, #1191, .T. ) ;
#268 = EDGE_CURVE ( 'NONE', #519, #70, #271, .T. ) ;
#269 = ORIENTED_EDGE ( 'NONE', *, *, #151, .F. ) ;
#270 = AXIS2_PLACEMENT_3D ( 'NONE', #326, #1089, #337 ) ;
#271 = CIRCLE ( 'NONE', #1308, 1.500000000000004885 ) ;
#272 = AXIS2_PLACEMENT_3D ( 'NONE', #190, #75, #1409 ) ;
#273 = FACE_OUTER_BOUND ( 'NONE', #653, .T. ) ;
#274 = ORIENTED_EDGE ( 'NONE', *, *, #902, .F. ) ;
#275 = CYLINDRICAL_SURFACE ( 'NONE', #1052, 6.074999999999997513 ) ;
#276 = CARTESIAN_POINT ( 'NONE',  ( -19.55855278365824290, 3.144479452198270408, -130.2705803164349447 ) ) ;
#277 = VECTOR ( 'NONE', #679, 1000.000000000000000 ) ;
#278 = ORIENTED_EDGE ( 'NONE', *, *, #1516, .F. ) ;
#279 = CARTESIAN_POINT ( 'NONE',  ( -17.75000000000001066, -60.00000000000000000, -133.2705803164349732 ) ) ;
#280 = DIRECTION ( 'NONE',  ( 0.3162277660168379412, -1.534660244226794758E-16, -0.9486832980505138790 ) ) ;
#281 = VERTEX_POINT ( 'NONE', #994 ) ;
#282 = DIRECTION ( 'NONE',  ( 1.000000000000000000, -1.387778780781445676E-16, 0.000000000000000000 ) ) ;
#283 = EDGE_CURVE ( 'NONE', #1270, #1224, #1232, .T. ) ;
#284 = CIRCLE ( 'NONE', #1296, 4.500000000000066613 ) ;
#285 = APPROVAL_PERSON_ORGANIZATION ( #976, #710, #809 ) ;
#286 = ORIENTED_EDGE ( 'NONE', *, *, #162, .T. ) ;
#287 = CARTESIAN_POINT ( 'NONE',  ( -24.75000000000003908, -53.50000000000000000, -118.2977901582174809 ) ) ;
#288 = AXIS2_PLACEMENT_3D ( 'NONE', #1071, #1418, #689 ) ;
#289 = CARTESIAN_POINT ( 'NONE',  ( 4.249999999999983125, -55.00000000000000000, -118.2977901582174809 ) ) ;
#290 = VERTEX_POINT ( 'NONE', #127 ) ;
#291 = EDGE_CURVE ( 'NONE', #806, #997, #463, .T. ) ;
#292 = CARTESIAN_POINT ( 'NONE',  ( -17.75000000000000355, -22.47499999999998721, -89.96372021095663740 ) ) ;
#293 = CARTESIAN_POINT ( 'NONE',  ( -24.74999999999997513, -54.99999999999999289, -58.29779015821748089 ) ) ;
#294 = EDGE_LOOP ( 'NONE', ( #420, #320 ) ) ;
#295 = VECTOR ( 'NONE', #1431, 1000.000000000000000 ) ;
#296 = ORIENTED_EDGE ( 'NONE', *, *, #552, .T. ) ;
#297 = CARTESIAN_POINT ( 'NONE',  ( -27.75000000000006750, -59.99999999999999289, -13.32500000000000284 ) ) ;
#298 = AXIS2_PLACEMENT_3D ( 'NONE', #1353, #490, #368 ) ;
#299 = AXIS2_PLACEMENT_3D ( 'NONE', #228, #115, #1088 ) ;
#300 = CARTESIAN_POINT ( 'NONE',  ( -17.75000000000000355, -55.00000000000000000, -118.2977901582174809 ) ) ;
#301 = VERTEX_POINT ( 'NONE', #978 ) ;
#302 = LINE ( 'NONE', #1379, #1080 ) ;
#303 = EDGE_CURVE ( 'NONE', #1029, #885, #1476, .T. ) ;
#304 = DIRECTION ( 'NONE',  ( 0.000000000000000000, -1.000000000000000000, 0.000000000000000000 ) ) ;
#305 = CARTESIAN_POINT ( 'NONE',  ( -20.75000000000001066, -55.00000000000003553, -123.2977901582174809 ) ) ;
#306 = EDGE_CURVE ( 'NONE', #227, #663, #750, .T. ) ;
#307 =( LENGTH_UNIT ( ) NAMED_UNIT ( * ) SI_UNIT ( .MILLI., .METRE. ) );
#308 = CYLINDRICAL_SURFACE ( 'NONE', #1049, 6.074999999999997513 ) ;
#309 = AXIS2_PLACEMENT_3D ( 'NONE', #1338, #1424, #692 ) ;
#310 = CARTESIAN_POINT ( 'NONE',  ( -27.75000000000001421, -16.39999999999998437, -23.30000000000000782 ) ) ;
#311 = VERTEX_POINT ( 'NONE', #1192 ) ;
#312 = CARTESIAN_POINT ( 'NONE',  ( -17.75000000000000355, -53.50000000000000711, -118.2977901582174809 ) ) ;
#313 = EDGE_CURVE ( 'NONE', #142, #290, #577, .T. ) ;
#314 = EDGE_LOOP ( 'NONE', ( #25, #863, #524, #442, #1403 ) ) ;
#315 = PRODUCT ( 'feed bearig row holder 1', 'feed bearig row holder 1', '', ( #1346 ) ) ;
#316 = APPROVAL_STATUS ( 'not_yet_approved' ) ;
#317 = DIRECTION ( 'NONE',  ( 1.000000000000000000, 0.000000000000000000, 0.000000000000000000 ) ) ;
#318 = DIRECTION ( 'NONE',  ( -0.3162277660168379412, -0.000000000000000000, 0.9486832980505138790 ) ) ;
#319 = CARTESIAN_POINT ( 'NONE',  ( -20.55855278365824290, 3.144479452198270408, -13.32500000000000284 ) ) ;
#320 = ORIENTED_EDGE ( 'NONE', *, *, #93, .T. ) ;
#321 = FACE_OUTER_BOUND ( 'NONE', #314, .T. ) ;
#322 = ORIENTED_EDGE ( 'NONE', *, *, #1216, .T. ) ;
#323 = FACE_OUTER_BOUND ( 'NONE', #638, .T. ) ;
#324 = DIRECTION ( 'NONE',  ( 1.000000000000000000, 0.000000000000000000, 0.000000000000000000 ) ) ;
#325 = DIRECTION ( 'NONE',  ( -1.000000000000000000, 0.000000000000000000, 0.000000000000000000 ) ) ;
#326 = CARTESIAN_POINT ( 'NONE',  ( 4.249999999999983125, -55.00000000000000000, -58.29779015821748089 ) ) ;
#327 = AXIS2_PLACEMENT_3D ( 'NONE', #1175, #1521, #65 ) ;
#328 = ORIENTED_EDGE ( 'NONE', *, *, #501, .T. ) ;
#329 = LINE ( 'NONE', #843, #676 ) ;
#330 = VERTEX_POINT ( 'NONE', #965 ) ;
#331 = LINE ( 'NONE', #566, #295 ) ;
#332 = DIRECTION ( 'NONE',  ( 0.000000000000000000, 0.000000000000000000, -1.000000000000000000 ) ) ;
#333 = EDGE_CURVE ( 'NONE', #372, #1044, #823, .T. ) ;
#334 = EDGE_CURVE ( 'NONE', #1380, #1531, #173, .T. ) ;
#335 = COORDINATED_UNIVERSAL_TIME_OFFSET ( 1, 0, .AHEAD. ) ;
#336 = CARTESIAN_POINT ( 'NONE',  ( -17.74999999999996803, 3.144479452198270408, -13.32500000000000284 ) ) ;
#337 = DIRECTION ( 'NONE',  ( 0.000000000000000000, -1.000000000000000000, 0.000000000000000000 ) ) ;
#338 = ORIENTED_EDGE ( 'NONE', *, *, #1110, .F. ) ;
#339 = CARTESIAN_POINT ( 'NONE',  ( -27.75000000000001776, -60.00000000000001421, -154.9955803164349675 ) ) ;
#340 = ORIENTED_EDGE ( 'NONE', *, *, #845, .F. ) ;
#341 = CONICAL_SURFACE ( 'NONE', #755, 1.500000000000001332, 0.7853981633974504994 ) ;
#342 = DIRECTION ( 'NONE',  ( 0.000000000000000000, 0.000000000000000000, 1.000000000000000000 ) ) ;
#343 = APPROVAL_PERSON_ORGANIZATION ( #1562, #1565, #435 ) ;
#344 = CYLINDRICAL_SURFACE ( 'NONE', #512, 6.075000000000000178 ) ;
#345 = DIRECTION ( 'NONE',  ( 0.000000000000000000, -1.000000000000000000, 0.000000000000000000 ) ) ;
#346 = ORIENTED_EDGE ( 'NONE', *, *, #514, .T. ) ;
#347 = DIRECTION ( 'NONE',  ( -1.000000000000000000, 0.000000000000000000, -0.000000000000000000 ) ) ;
#348 = ADVANCED_FACE ( 'NONE', ( #1097 ), #1592, .F. ) ;
#349 = CARTESIAN_POINT ( 'NONE',  ( 80.00000000000004263, -22.47500000000000497, -123.2955803164349646 ) ) ;
#350 = ORIENTED_EDGE ( 'NONE', *, *, #701, .F. ) ;
#351 = LINE ( 'NONE', #851, #935 ) ;
#352 = ORIENTED_EDGE ( 'NONE', *, *, #1492, .F. ) ;
#353 = CIRCLE ( 'NONE', #558, 1.500000000000001332 ) ;
#354 = EDGE_CURVE ( 'NONE', #803, #1462, #1208, .T. ) ;
#355 = FACE_OUTER_BOUND ( 'NONE', #908, .T. ) ;
#356 = CARTESIAN_POINT ( 'NONE',  ( -27.75000000000001421, -10.32499999999999751, -123.2955803164349646 ) ) ;
#357 = VECTOR ( 'NONE', #1401, 1000.000000000000000 ) ;
#358 = ORIENTED_EDGE ( 'NONE', *, *, #1347, .T. ) ;
#359 = CARTESIAN_POINT ( 'NONE',  ( 80.00000000000005684, -8.325000000000013500, -133.2705803164349732 ) ) ;
#360 = CONICAL_SURFACE ( 'NONE', #1257, 1.500000000000001332, 0.7853981633974504994 ) ;
#361 = CARTESIAN_POINT ( 'NONE',  ( -20.75000000000001066, -55.00000000000002842, -23.29779015821748089 ) ) ;
#362 = CARTESIAN_POINT ( 'NONE',  ( -20.75000000000001066, -55.00000000000002842, -71.79779015821748089 ) ) ;
#363 = CARTESIAN_POINT ( 'NONE',  ( -24.75000000000003908, -54.99999999999999289, -118.2977901582174809 ) ) ;
#364 = ORIENTED_EDGE ( 'NONE', *, *, #1033, .F. ) ;
#365 = PERSON_AND_ORGANIZATION_ROLE ( 'creator' ) ;
#366 = ADVANCED_FACE ( 'NONE', ( #469 ), #308, .F. ) ;
#367 = EDGE_LOOP ( 'NONE', ( #837, #1591, #1368, #43, #1599 ) ) ;
#368 = DIRECTION ( 'NONE',  ( 0.000000000000000000, 0.000000000000000000, 1.000000000000000000 ) ) ;
#369 = DIRECTION ( 'NONE',  ( -1.000000000000000000, 0.000000000000000000, 0.000000000000000000 ) ) ;
#370 = AXIS2_PLACEMENT_3D ( 'NONE', #10, #1493, #477 ) ;
#371 = CARTESIAN_POINT ( 'NONE',  ( -20.75000000000001066, -55.00000000000003553, -124.7977901582174667 ) ) ;
#372 = VERTEX_POINT ( 'NONE', #1054 ) ;
#373 = CARTESIAN_POINT ( 'NONE',  ( -17.75000000000000355, -53.50000000000000000, -58.29779015821748089 ) ) ;
#374 = AXIS2_PLACEMENT_3D ( 'NONE', #1315, #1212, #941 ) ;
#375 = VERTEX_POINT ( 'NONE', #931 ) ;
#376 = ADVANCED_FACE ( 'NONE', ( #200 ), #1464, .F. ) ;
#377 = PLANE ( 'NONE',  #1597 ) ;
#378 = DIRECTION ( 'NONE',  ( 1.387778780781445922E-16, 1.000000000000000000, 0.000000000000000000 ) ) ;
#379 = AXIS2_PLACEMENT_3D ( 'NONE', #1092, #1189, #342 ) ;
#380 = DIRECTION ( 'NONE',  ( -6.938893903907223447E-16, -1.000000000000000000, -0.000000000000000000 ) ) ;
#381 = CARTESIAN_POINT ( 'NONE',  ( -17.75000000000000355, -55.00000000000000000, -28.29779015821748445 ) ) ;
#382 = AXIS2_PLACEMENT_3D ( 'NONE', #581, #317, #1174 ) ;
#383 = ADVANCED_FACE ( 'NONE', ( #89 ), #344, .F. ) ;
#384 = CIRCLE ( 'NONE', #299, 6.074999999999997513 ) ;
#385 = ORIENTED_EDGE ( 'NONE', *, *, #1310, .F. ) ;
#386 = FACE_OUTER_BOUND ( 'NONE', #119, .T. ) ;
#387 = FACE_OUTER_BOUND ( 'NONE', #1193, .T. ) ;
#388 = LINE ( 'NONE', #1489, #884 ) ;
#389 = ADVANCED_FACE ( 'NONE', ( #949 ), #1438, .F. ) ;
#390 = VERTEX_POINT ( 'NONE', #99 ) ;
#391 = CIRCLE ( 'NONE', #1031, 4.500000000000066613 ) ;
#392 = DIRECTION ( 'NONE',  ( 0.000000000000000000, -1.000000000000000000, 0.000000000000000000 ) ) ;
#393 = CARTESIAN_POINT ( 'NONE',  ( 80.00000000000005684, -8.325000000000013500, -130.2705803164349447 ) ) ;
#394 = ORIENTED_EDGE ( 'NONE', *, *, #283, .F. ) ;
#395 = DIRECTION ( 'NONE',  ( -1.000000000000000000, 0.000000000000000000, 0.000000000000000000 ) ) ;
#396 = LINE ( 'NONE', #29, #561 ) ;
#397 = EDGE_LOOP ( 'NONE', ( #928, #1144 ) ) ;
#398 = DIRECTION ( 'NONE',  ( -1.000000000000000000, 1.387778780781445429E-16, 0.000000000000000000 ) ) ;
#399 = CARTESIAN_POINT ( 'NONE',  ( -27.75000000000001421, -16.39999999999998437, -23.30000000000000782 ) ) ;
#400 = ORIENTED_EDGE ( 'NONE', *, *, #1079, .T. ) ;
#401 = CARTESIAN_POINT ( 'NONE',  ( -17.75000000000000355, -10.32499999999999041, -56.63186010547832439 ) ) ;
#402 = VERTEX_POINT ( 'NONE', #1241 ) ;
#403 = VECTOR ( 'NONE', #878, 1000.000000000000000 ) ;
#404 = CARTESIAN_POINT ( 'NONE',  ( 80.00000000000004263, -16.39999999999999858, -23.30000000000000782 ) ) ;
#405 = DIRECTION ( 'NONE',  ( 0.000000000000000000, -1.000000000000000000, 0.000000000000000000 ) ) ;
#406 = ADVANCED_FACE ( 'NONE', ( #1123 ), #275, .F. ) ;
#407 = CARTESIAN_POINT ( 'NONE',  ( -20.55855278365828909, -60.00000000000000000, -133.2705803164349732 ) ) ;
#408 = CYLINDRICAL_SURFACE ( 'NONE', #835, 6.074999999999997513 ) ;
#409 = EDGE_LOOP ( 'NONE', ( #73, #1451 ) ) ;
#410 = VECTOR ( 'NONE', #108, 1000.000000000000000 ) ;
#411 = ORIENTED_EDGE ( 'NONE', *, *, #647, .T. ) ;
#412 = EDGE_LOOP ( 'NONE', ( #149, #263, #197, #1413, #1326 ) ) ;
#413 = EDGE_CURVE ( 'NONE', #519, #101, #27, .T. ) ;
#414 = FACE_OUTER_BOUND ( 'NONE', #1384, .T. ) ;
#415 = CARTESIAN_POINT ( 'NONE',  ( -20.75000000000001066, -55.00000000000003553, -121.7977901582174951 ) ) ;
#416 = ORIENTED_EDGE ( 'NONE', *, *, #125, .T. ) ;
#417 = LINE ( 'NONE', #407, #559 ) ;
#418 = ORIENTED_EDGE ( 'NONE', *, *, #306, .T. ) ;
#419 = CARTESIAN_POINT ( 'NONE',  ( -27.75000000000002132, -54.99999999999999289, -118.2977901582174809 ) ) ;
#420 = ORIENTED_EDGE ( 'NONE', *, *, #1073, .T. ) ;
#421 = AXIS2_PLACEMENT_3D ( 'NONE', #914, #174, #1398 ) ;
#422 = CC_DESIGN_APPROVAL ( #710, ( #88 ) ) ;
#423 = DESIGN_CONTEXT ( 'detailed design', #738, 'design' ) ;
#424 = ORIENTED_EDGE ( 'NONE', *, *, #902, .T. ) ;
#425 = EDGE_CURVE ( 'NONE', #402, #203, #794, .T. ) ;
#426 = DIRECTION ( 'NONE',  ( -1.000000000000000000, 1.387778780781445676E-16, -0.000000000000000000 ) ) ;
#427 = DIRECTION ( 'NONE',  ( -0.7071067811865460184, 8.659560562354953812E-17, -0.7071067811865490160 ) ) ;
#428 = ORIENTED_EDGE ( 'NONE', *, *, #1171, .F. ) ;
#429 = CARTESIAN_POINT ( 'NONE',  ( 4.249999999999983125, -56.49999999999999289, -88.29779015821748089 ) ) ;
#430 = ORIENTED_EDGE ( 'NONE', *, *, #130, .F. ) ;
#431 = ORIENTED_EDGE ( 'NONE', *, *, #673, .F. ) ;
#432 = EDGE_CURVE ( 'NONE', #1416, #1531, #802, .T. ) ;
#433 = VECTOR ( 'NONE', #251, 1000.000000000000000 ) ;
#434 = VECTOR ( 'NONE', #1366, 1000.000000000000000 ) ;
#435 = APPROVAL_ROLE ( '' ) ;
#436 = EDGE_CURVE ( 'NONE', #1314, #708, #1240, .T. ) ;
#437 = CARTESIAN_POINT ( 'NONE',  ( -19.55855278365824290, 3.144479452198270408, -130.2705803164349447 ) ) ;
#438 = VERTEX_POINT ( 'NONE', #1098 ) ;
#439 = CARTESIAN_POINT ( 'NONE',  ( -24.75000000000003908, -56.49999999999998579, -118.2977901582174809 ) ) ;
#440 = ADVANCED_FACE ( 'NONE', ( #386 ), #857, .F. ) ;
#441 = VECTOR ( 'NONE', #260, 1000.000000000000000 ) ;
#442 = ORIENTED_EDGE ( 'NONE', *, *, #1408, .T. ) ;
#443 = VECTOR ( 'NONE', #206, 1000.000000000000114 ) ;
#444 = DATE_AND_TIME ( #588, #603 ) ;
#445 = VERTEX_POINT ( 'NONE', #1357 ) ;
#446 = ORIENTED_EDGE ( 'NONE', *, *, #1289, .T. ) ;
#447 = LINE ( 'NONE', #716, #831 ) ;
#448 = EDGE_CURVE ( 'NONE', #156, #1029, #384, .T. ) ;
#449 = CARTESIAN_POINT ( 'NONE',  ( -20.75000000000001066, -55.00000000000003553, -124.7977901582174667 ) ) ;
#450 = ORIENTED_EDGE ( 'NONE', *, *, #1467, .F. ) ;
#451 = VECTOR ( 'NONE', #1254, 1000.000000000000000 ) ;
#452 = APPROVAL_PERSON_ORGANIZATION ( #124, #134, #212 ) ;
#453 = DIRECTION ( 'NONE',  ( -1.000000000000000000, 1.387778780781445429E-16, -0.000000000000000000 ) ) ;
#454 = COORDINATED_UNIVERSAL_TIME_OFFSET ( 1, 0, .AHEAD. ) ;
#455 = ORIENTED_EDGE ( 'NONE', *, *, #1323, .F. ) ;
#456 = DIRECTION ( 'NONE',  ( 0.000000000000000000, 0.000000000000000000, -1.000000000000000000 ) ) ;
#457 = CARTESIAN_POINT ( 'NONE',  ( -27.75000000000002132, 3.144479452198277514, -133.2705803164349732 ) ) ;
#458 = EDGE_CURVE ( 'NONE', #1531, #1380, #589, .T. ) ;
#459 = PERSON_AND_ORGANIZATION_ROLE ( 'creator' ) ;
#460 = CARTESIAN_POINT ( 'NONE',  ( -17.75000000000000355, -55.00000000000000000, -58.29779015821748089 ) ) ;
#461 = CIRCLE ( 'NONE', #15, 1.500000000000001332 ) ;
#462 = CARTESIAN_POINT ( 'NONE',  ( 4.249999999999983125, -53.50000000000000711, -118.2977901582174809 ) ) ;
#463 = CIRCLE ( 'NONE', #298, 6.074999999999997513 ) ;
#464 = EDGE_LOOP ( 'NONE', ( #1156, #286 ) ) ;
#465 = CARTESIAN_POINT ( 'NONE',  ( -24.74999999999997513, -53.49999999999999289, -58.29779015821748089 ) ) ;
#466 = ORIENTED_EDGE ( 'NONE', *, *, #1527, .T. ) ;
#467 = LINE ( 'NONE', #592, #443 ) ;
#468 = ADVANCED_FACE ( 'NONE', ( #986 ), #487, .F. ) ;
#469 = FACE_OUTER_BOUND ( 'NONE', #575, .T. ) ;
#470 = ORIENTED_EDGE ( 'NONE', *, *, #1145, .F. ) ;
#471 = CARTESIAN_POINT ( 'NONE',  ( -19.55855278365828909, -60.00000000000000000, -16.32500000000000639 ) ) ;
#472 = DIRECTION ( 'NONE',  ( 0.000000000000000000, 0.000000000000000000, 1.000000000000000000 ) ) ;
#473 = SHAPE_DEFINITION_REPRESENTATION ( #665, #496 ) ;
#474 = AXIS2_PLACEMENT_3D ( 'NONE', #1025, #1261, #904 ) ;
#475 = EDGE_CURVE ( 'NONE', #1009, #885, #17, .T. ) ;
#476 = DIRECTION ( 'NONE',  ( 1.000000000000000000, -1.387778780781445922E-16, 0.000000000000000000 ) ) ;
#477 = DIRECTION ( 'NONE',  ( 0.000000000000000000, 0.000000000000000000, 1.000000000000000000 ) ) ;
#478 = AXIS2_PLACEMENT_3D ( 'NONE', #419, #1157, #555 ) ;
#479 = EDGE_LOOP ( 'NONE', ( #394, #1167, #265, #1251 ) ) ;
#480 = CARTESIAN_POINT ( 'NONE',  ( -17.75000000000000355, -22.47499999999999076, -123.2955803164349646 ) ) ;
#481 = VERTEX_POINT ( 'NONE', #287 ) ;
#482 = ORIENTED_EDGE ( 'NONE', *, *, #1354, .F. ) ;
#483 = LINE ( 'NONE', #606, #648 ) ;
#484 = CIRCLE ( 'NONE', #64, 1.500000000000001332 ) ;
#485 = ADVANCED_FACE ( 'NONE', ( #31 ), #886, .F. ) ;
#486 = CARTESIAN_POINT ( 'NONE',  ( -20.75000000000001066, -55.00000000000002842, -23.29779015821748089 ) ) ;
#487 = CONICAL_SURFACE ( 'NONE', #723, 1.500000000000001332, 0.7853981633974504994 ) ;
#488 = CARTESIAN_POINT ( 'NONE',  ( -17.75000000000000355, -22.47499999999998366, -23.30000000000000782 ) ) ;
#489 = VERTEX_POINT ( 'NONE', #45 ) ;
#490 = DIRECTION ( 'NONE',  ( -1.000000000000000000, 0.000000000000000000, 0.000000000000000000 ) ) ;
#491 = CARTESIAN_POINT ( 'NONE',  ( -17.75000000000000355, -55.00000000000003553, -123.2977901582174809 ) ) ;
#492 = FACE_BOUND ( 'NONE', #1267, .T. ) ;
#493 = PLANE ( 'NONE',  #1552 ) ;
#494 = LINE ( 'NONE', #1126, #1096 ) ;
#495 = EDGE_LOOP ( 'NONE', ( #1076, #644 ) ) ;
#496 = ADVANCED_BREP_SHAPE_REPRESENTATION ( 'feed bearig row holder 1', ( #262, #1036 ), #1526 ) ;
#497 = CARTESIAN_POINT ( 'NONE',  ( -17.75000000000000355, -55.00000000000002842, -21.79779015821747379 ) ) ;
#498 = VECTOR ( 'NONE', #579, 1000.000000000000000 ) ;
#499 = DIRECTION ( 'NONE',  ( -1.000000000000000000, 1.387778780781445676E-16, -0.000000000000000000 ) ) ;
#500 = ORIENTED_EDGE ( 'NONE', *, *, #7, .T. ) ;
#501 = EDGE_CURVE ( 'NONE', #960, #481, #105, .T. ) ;
#502 = CARTESIAN_POINT ( 'NONE',  ( 4.249999999999983125, -55.00000000000000000, -88.29779015821748089 ) ) ;
#503 = EDGE_CURVE ( 'NONE', #955, #1513, #919, .T. ) ;
#504 = VERTEX_POINT ( 'NONE', #297 ) ;
#505 = LINE ( 'NONE', #1114, #103 ) ;
#506 = FACE_BOUND ( 'NONE', #208, .T. ) ;
#507 = CIRCLE ( 'NONE', #1273, 6.074999999999997513 ) ;
#508 = DIRECTION ( 'NONE',  ( 1.000000000000000000, -0.000000000000000000, -0.000000000000000000 ) ) ;
#509 = DIRECTION ( 'NONE',  ( 0.000000000000000000, 0.000000000000000000, -1.000000000000000000 ) ) ;
#510 = EDGE_CURVE ( 'NONE', #681, #1321, #924, .T. ) ;
#511 = AXIS2_PLACEMENT_3D ( 'NONE', #201, #1412, #1028 ) ;
#512 = AXIS2_PLACEMENT_3D ( 'NONE', #1312, #703, #1566 ) ;
#513 = ORIENTED_EDGE ( 'NONE', *, *, #1001, .F. ) ;
#514 = EDGE_CURVE ( 'NONE', #161, #311, #396, .T. ) ;
#515 = CIRCLE ( 'NONE', #728, 1.500000000000001332 ) ;
#516 = CARTESIAN_POINT ( 'NONE',  ( -24.75000000000003908, -54.99999999999999289, -118.2977901582174809 ) ) ;
#517 = ORIENTED_EDGE ( 'NONE', *, *, #1534, .F. ) ;
#518 = CARTESIAN_POINT ( 'NONE',  ( -17.75000000000000355, -10.32499999999999396, -89.96372021095663740 ) ) ;
#519 = VERTEX_POINT ( 'NONE', #1496 ) ;
#520 = DIRECTION ( 'NONE',  ( 0.000000000000000000, 0.000000000000000000, -1.000000000000000000 ) ) ;
#521 = EDGE_CURVE ( 'NONE', #1515, #893, #1482, .T. ) ;
#522 = ORIENTED_EDGE ( 'NONE', *, *, #1347, .F. ) ;
#523 = CARTESIAN_POINT ( 'NONE',  ( -27.75000000000001421, -16.39999999999998792, -56.63186010547832439 ) ) ;
#524 = ORIENTED_EDGE ( 'NONE', *, *, #1222, .F. ) ;
#525 = DIRECTION ( 'NONE',  ( 0.000000000000000000, 0.000000000000000000, 1.000000000000000000 ) ) ;
#526 = DIRECTION ( 'NONE',  ( 1.000000000000000000, -0.000000000000000000, -0.000000000000000000 ) ) ;
#527 = ORIENTED_EDGE ( 'NONE', *, *, #198, .F. ) ;
#528 = DIRECTION ( 'NONE',  ( 0.000000000000000000, -1.000000000000000000, 0.000000000000000000 ) ) ;
#529 = CARTESIAN_POINT ( 'NONE',  ( -24.75000000000003908, -54.99999999999999289, -88.29779015821748089 ) ) ;
#530 = VERTEX_POINT ( 'NONE', #532 ) ;
#531 = CARTESIAN_POINT ( 'NONE',  ( -20.75000000000001066, -55.00000000000003553, -123.2977901582174809 ) ) ;
#532 = CARTESIAN_POINT ( 'NONE',  ( -17.75000000000001066, -60.00000000000000000, -13.32500000000000284 ) ) ;
#533 = EDGE_LOOP ( 'NONE', ( #1298, #60, #400, #1050, #1282 ) ) ;
#534 = CIRCLE ( 'NONE', #1432, 4.499999999999997335 ) ;
#535 = EDGE_CURVE ( 'NONE', #730, #161, #1159, .T. ) ;
#536 = DIRECTION ( 'NONE',  ( 0.000000000000000000, 0.000000000000000000, 1.000000000000000000 ) ) ;
#537 = ORIENTED_EDGE ( 'NONE', *, *, #1317, .T. ) ;
#538 = ORIENTED_EDGE ( 'NONE', *, *, #639, .F. ) ;
#539 = CYLINDRICAL_SURFACE ( 'NONE', #152, 1.499999999999994449 ) ;
#540 = DIRECTION ( 'NONE',  ( -6.938893903907223447E-16, -1.000000000000000000, -0.000000000000000000 ) ) ;
#541 = EDGE_CURVE ( 'NONE', #372, #1475, #69, .T. ) ;
#542 = AXIS2_PLACEMENT_3D ( 'NONE', #727, #95, #1102 ) ;
#543 = ORIENTED_EDGE ( 'NONE', *, *, #793, .F. ) ;
#544 = ORIENTED_EDGE ( 'NONE', *, *, #1459, .T. ) ;
#545 = DIRECTION ( 'NONE',  ( 1.000000000000000000, -0.000000000000000000, -0.000000000000000000 ) ) ;
#546 = ORIENTED_EDGE ( 'NONE', *, *, #722, .F. ) ;
#547 = LINE ( 'NONE', #1530, #37 ) ;
#548 = ORIENTED_EDGE ( 'NONE', *, *, #114, .T. ) ;
#549 = CARTESIAN_POINT ( 'NONE',  ( -24.74999999999997513, -54.99999999999999289, -58.29779015821748089 ) ) ;
#550 = DIRECTION ( 'NONE',  ( -0.7071067811865460184, 0.000000000000000000, 0.7071067811865490160 ) ) ;
#551 = ORIENTED_EDGE ( 'NONE', *, *, #1408, .F. ) ;
#552 = EDGE_CURVE ( 'NONE', #1014, #1416, #998, .T. ) ;
#553 =( NAMED_UNIT ( * ) SI_UNIT ( $, .STERADIAN. ) SOLID_ANGLE_UNIT ( ) );
#554 = ORIENTED_EDGE ( 'NONE', *, *, #911, .F. ) ;
#555 = DIRECTION ( 'NONE',  ( 0.000000000000000000, 1.000000000000000000, 0.000000000000000000 ) ) ;
#556 = EDGE_LOOP ( 'NONE', ( #1536, #1406, #4, #1161, #817 ) ) ;
#557 = DIRECTION ( 'NONE',  ( 0.000000000000000000, 0.000000000000000000, -1.000000000000000000 ) ) ;
#558 = AXIS2_PLACEMENT_3D ( 'NONE', #1447, #827, #572 ) ;
#559 = VECTOR ( 'NONE', #907, 1000.000000000000000 ) ;
#560 = CARTESIAN_POINT ( 'NONE',  ( -24.75000000000003553, -54.99999999999999289, -118.2977901582174809 ) ) ;
#561 = VECTOR ( 'NONE', #1606, 1000.000000000000000 ) ;
#562 = PERSON_AND_ORGANIZATION ( #1434, #138 ) ;
#563 = ADVANCED_FACE ( 'NONE', ( #1075 ), #210, .F. ) ;
#564 = ORIENTED_EDGE ( 'NONE', *, *, #248, .T. ) ;
#565 = CARTESIAN_POINT ( 'NONE',  ( -27.75000000000001066, -8.324999999999997513, -133.2705803164349732 ) ) ;
#566 = CARTESIAN_POINT ( 'NONE',  ( -17.74999999999996803, 3.144479452198270408, -133.2705803164349732 ) ) ;
#567 = CIRCLE ( 'NONE', #775, 6.074999999999997513 ) ;
#568 = VERTEX_POINT ( 'NONE', #1084 ) ;
#569 = AXIS2_PLACEMENT_3D ( 'NONE', #460, #712, #948 ) ;
#570 = FACE_OUTER_BOUND ( 'NONE', #1302, .T. ) ;
#571 = CONICAL_SURFACE ( 'NONE', #1290, 1.500000000000001332, 0.7853981633974506105 ) ;
#572 = DIRECTION ( 'NONE',  ( 0.000000000000000000, 0.000000000000000000, -1.000000000000000000 ) ) ;
#573 = ORIENTED_EDGE ( 'NONE', *, *, #1171, .T. ) ;
#574 = CARTESIAN_POINT ( 'NONE',  ( -27.75000000000002132, -54.99999999999999289, -53.79779015821742405 ) ) ;
#575 = EDGE_LOOP ( 'NONE', ( #120, #1041, #1575, #966 ) ) ;
#576 = CARTESIAN_POINT ( 'NONE',  ( 4.249999999999983125, -56.50000000000000000, -58.29779015821748089 ) ) ;
#577 = LINE ( 'NONE', #1561, #876 ) ;
#578 = EDGE_CURVE ( 'NONE', #1070, #960, #71, .T. ) ;
#579 = DIRECTION ( 'NONE',  ( -1.000000000000000000, 0.000000000000000000, 0.000000000000000000 ) ) ;
#580 = PLANE ( 'NONE',  #1576 ) ;
#581 = CARTESIAN_POINT ( 'NONE',  ( -20.75000000000001066, -55.00000000000003553, -123.2977901582174809 ) ) ;
#582 = VERTEX_POINT ( 'NONE', #1331 ) ;
#583 = DIRECTION ( 'NONE',  ( 0.000000000000000000, 0.000000000000000000, -1.000000000000000000 ) ) ;
#584 = ORIENTED_EDGE ( 'NONE', *, *, #938, .T. ) ;
#585 = DIRECTION ( 'NONE',  ( -1.000000000000000000, 1.387778780781445429E-16, -0.000000000000000000 ) ) ;
#586 = EDGE_CURVE ( 'NONE', #899, #582, #1182, .T. ) ;
#587 = ORIENTED_EDGE ( 'NONE', *, *, #187, .T. ) ;
#588 = CALENDAR_DATE ( 2026, 2, 6 ) ;
#589 = CIRCLE ( 'NONE', #1491, 1.500000000000001332 ) ;
#590 = ORIENTED_EDGE ( 'NONE', *, *, #911, .T. ) ;
#591 = CARTESIAN_POINT ( 'NONE',  ( 4.249999999999983125, -55.00000000000000000, -118.2977901582174809 ) ) ;
#592 = CARTESIAN_POINT ( 'NONE',  ( -24.75000000000003553, -54.99999999999999289, -116.7977901582174809 ) ) ;
#593 = VERTEX_POINT ( 'NONE', #954 ) ;
#594 = EDGE_CURVE ( 'NONE', #593, #1082, #1411, .T. ) ;
#595 = VERTEX_POINT ( 'NONE', #356 ) ;
#596 = DIRECTION ( 'NONE',  ( -6.938893903907223447E-16, -1.000000000000000000, -0.000000000000000000 ) ) ;
#597 = DIRECTION ( 'NONE',  ( 0.000000000000000000, 0.000000000000000000, -1.000000000000000000 ) ) ;
#598 = EDGE_CURVE ( 'NONE', #227, #330, #242, .T. ) ;
#599 = EDGE_LOOP ( 'NONE', ( #33, #918 ) ) ;
#600 = EDGE_LOOP ( 'NONE', ( #411, #896 ) ) ;
#601 = APPROVAL_DATE_TIME ( #1215, #134 ) ;
#602 = ORIENTED_EDGE ( 'NONE', *, *, #55, .T. ) ;
#603 = LOCAL_TIME ( 10, 37, 35.00000000000000000, #335 ) ;
#604 = CARTESIAN_POINT ( 'NONE',  ( -24.75000000000003553, -54.99999999999999289, -118.2977901582174809 ) ) ;
#605 = ADVANCED_FACE ( 'NONE', ( #1221 ), #23, .T. ) ;
#606 = CARTESIAN_POINT ( 'NONE',  ( -20.75000000000001066, -55.00000000000002842, -24.79779015821748445 ) ) ;
#607 = CIRCLE ( 'NONE', #1423, 6.074999999999997513 ) ;
#608 = CARTESIAN_POINT ( 'NONE',  ( -24.75000000000003908, -54.99999999999999289, -116.7977901582174809 ) ) ;
#609 = ORIENTED_EDGE ( 'NONE', *, *, #1073, .F. ) ;
#610 = EDGE_LOOP ( 'NONE', ( #801, #1410, #684, #1579 ) ) ;
#611 = CARTESIAN_POINT ( 'NONE',  ( -27.75000000000001066, -8.324999999999983302, -13.22500000000000675 ) ) ;
#612 = DIRECTION ( 'NONE',  ( -1.000000000000000000, 1.387778780781445429E-16, -0.000000000000000000 ) ) ;
#613 = FACE_BOUND ( 'NONE', #397, .T. ) ;
#614 = FACE_BOUND ( 'NONE', #641, .T. ) ;
#615 = EDGE_CURVE ( 'NONE', #44, #1525, #254, .T. ) ;
#616 = DIRECTION ( 'NONE',  ( -1.000000000000000000, 1.387778780781445429E-16, 0.000000000000000000 ) ) ;
#617 = APPROVAL_STATUS ( 'not_yet_approved' ) ;
#618 = EDGE_LOOP ( 'NONE', ( #1378, #177, #1272, #554 ) ) ;
#619 = ADVANCED_FACE ( 'NONE', ( #1294 ), #1188, .F. ) ;
#620 = FACE_BOUND ( 'NONE', #409, .T. ) ;
#621 = CARTESIAN_POINT ( 'NONE',  ( 80.00000000000004263, -22.47499999999999787, -23.30000000000000782 ) ) ;
#622 = AXIS2_PLACEMENT_3D ( 'NONE', #874, #1602, #1478 ) ;
#623 = DIRECTION ( 'NONE',  ( -0.9486832980505138790, 6.582812753581311037E-16, -0.3162277660168379412 ) ) ;
#624 = DIRECTION ( 'NONE',  ( 0.000000000000000000, 0.000000000000000000, 1.000000000000000000 ) ) ;
#625 = ORIENTED_EDGE ( 'NONE', *, *, #283, .T. ) ;
#626 = FACE_OUTER_BOUND ( 'NONE', #939, .T. ) ;
#627 = FACE_OUTER_BOUND ( 'NONE', #479, .T. ) ;
#628 = CIRCLE ( 'NONE', #786, 1.500000000000001332 ) ;
#629 = FACE_BOUND ( 'NONE', #1545, .T. ) ;
#630 = CARTESIAN_POINT ( 'NONE',  ( 4.249999999999983125, -53.50000000000000000, -58.29779015821748089 ) ) ;
#631 = ADVANCED_FACE ( 'NONE', ( #414 ), #1376, .T. ) ;
#632 = ORIENTED_EDGE ( 'NONE', *, *, #1458, .F. ) ;
#633 = CARTESIAN_POINT ( 'NONE',  ( -17.74999999999997513, -8.324999999999999289, -133.2705803164349732 ) ) ;
#634 = DIRECTION ( 'NONE',  ( -1.000000000000000000, 0.000000000000000000, 0.000000000000000000 ) ) ;
#635 = VERTEX_POINT ( 'NONE', #1274 ) ;
#636 = CARTESIAN_POINT ( 'NONE',  ( -27.75000000000001421, -16.39999999999999503, -123.2955803164349646 ) ) ;
#637 = AXIS2_PLACEMENT_3D ( 'NONE', #688, #1170, #557 ) ;
#638 = EDGE_LOOP ( 'NONE', ( #1588, #1494, #1214, #431, #84 ) ) ;
#639 = EDGE_CURVE ( 'NONE', #1327, #530, #172, .T. ) ;
#640 = CARTESIAN_POINT ( 'NONE',  ( 4.249999999999983125, -53.50000000000000000, -28.29779015821748445 ) ) ;
#641 = EDGE_LOOP ( 'NONE', ( #1237, #788 ) ) ;
#642 = CARTESIAN_POINT ( 'NONE',  ( 4.249999999999983125, -55.00000000000000000, -28.29779015821748445 ) ) ;
#643 = ADVANCED_FACE ( 'NONE', ( #570 ), #580, .T. ) ;
#644 = ORIENTED_EDGE ( 'NONE', *, *, #334, .T. ) ;
#645 = FACE_OUTER_BOUND ( 'NONE', #122, .T. ) ;
#646 = ORIENTED_EDGE ( 'NONE', *, *, #1079, .F. ) ;
#647 = EDGE_CURVE ( 'NONE', #1513, #955, #1517, .T. ) ;
#648 = VECTOR ( 'NONE', #865, 1000.000000000000000 ) ;
#649 = CARTESIAN_POINT ( 'NONE',  ( -25.94144721634174644, 3.144479452198277514, -130.2705803164349447 ) ) ;
#650 = CARTESIAN_POINT ( 'NONE',  ( 80.00000000000004263, -16.40000000000000924, -123.2955803164349646 ) ) ;
#651 = LOCAL_TIME ( 10, 37, 35.00000000000000000, #454 ) ;
#652 = ORIENTED_EDGE ( 'NONE', *, *, #257, .F. ) ;
#653 = EDGE_LOOP ( 'NONE', ( #1095, #969, #385, #1093 ) ) ;
#654 = FACE_OUTER_BOUND ( 'NONE', #1056, .T. ) ;
#655 = VERTEX_POINT ( 'NONE', #1437 ) ;
#656 = AXIS2_PLACEMENT_3D ( 'NONE', #94, #829, #846 ) ;
#657 = CARTESIAN_POINT ( 'NONE',  ( -24.94144721634174644, 3.144479452198270408, -13.32500000000000284 ) ) ;
#658 = ORIENTED_EDGE ( 'NONE', *, *, #291, .F. ) ;
#659 = FACE_OUTER_BOUND ( 'NONE', #1163, .T. ) ;
#660 = DIRECTION ( 'NONE',  ( 1.000000000000000000, 0.000000000000000000, 0.000000000000000000 ) ) ;
#661 = CARTESIAN_POINT ( 'NONE',  ( -27.75000000000002132, -54.99999999999999289, -62.79779015821754484 ) ) ;
#662 = VERTEX_POINT ( 'NONE', #1319 ) ;
#663 = VERTEX_POINT ( 'NONE', #1201 ) ;
#664 = AXIS2_PLACEMENT_3D ( 'NONE', #957, #849, #345 ) ;
#665 = PRODUCT_DEFINITION_SHAPE ( 'NONE', 'NONE',  #1383 ) ;
#666 = CARTESIAN_POINT ( 'NONE',  ( -17.75000000000001066, -60.00000000000001421, -154.9955803164349675 ) ) ;
#667 = EDGE_CURVE ( 'NONE', #885, #1009, #731, .T. ) ;
#668 = CARTESIAN_POINT ( 'NONE',  ( -17.75000000000000355, -55.00000000000002842, -24.79779015821748445 ) ) ;
#669 = EDGE_LOOP ( 'NONE', ( #153, #267, #890, #756 ) ) ;
#670 = DIRECTION ( 'NONE',  ( 0.000000000000000000, 0.000000000000000000, -1.000000000000000000 ) ) ;
#671 = ORIENTED_EDGE ( 'NONE', *, *, #1546, .T. ) ;
#672 = DIRECTION ( 'NONE',  ( 0.000000000000000000, -0.000000000000000000, 1.000000000000000000 ) ) ;
#673 = EDGE_CURVE ( 'NONE', #900, #693, #1422, .T. ) ;
#674 = EDGE_CURVE ( 'NONE', #1462, #803, #1472, .T. ) ;
#675 = EDGE_LOOP ( 'NONE', ( #1332, #19 ) ) ;
#676 = VECTOR ( 'NONE', #80, 1000.000000000000000 ) ;
#677 = CARTESIAN_POINT ( 'NONE',  ( -24.75000000000003908, -54.99999999999999289, -118.2977901582174809 ) ) ;
#678 = AXIS2_PLACEMENT_3D ( 'NONE', #381, #395, #624 ) ;
#679 = DIRECTION ( 'NONE',  ( -0.000000000000000000, -0.000000000000000000, 1.000000000000000000 ) ) ;
#680 = DIRECTION ( 'NONE',  ( 0.000000000000000000, 1.000000000000000000, 0.000000000000000000 ) ) ;
#681 = VERTEX_POINT ( 'NONE', #1425 ) ;
#682 = CC_DESIGN_PERSON_AND_ORGANIZATION_ASSIGNMENT ( #1474, #365, ( #88 ) ) ;
#683 = CARTESIAN_POINT ( 'NONE',  ( -25.94144721634179263, -59.99999999999999289, -16.32500000000000639 ) ) ;
#684 = ORIENTED_EDGE ( 'NONE', *, *, #36, .F. ) ;
#685 = DIRECTION ( 'NONE',  ( -0.9486832980505138790, 6.582812753581311037E-16, 0.3162277660168379412 ) ) ;
#686 = VECTOR ( 'NONE', #499, 1000.000000000000000 ) ;
#687 = ORIENTED_EDGE ( 'NONE', *, *, #1453, .F. ) ;
#688 = CARTESIAN_POINT ( 'NONE',  ( -24.74999999999997513, -54.99999999999999289, -58.29779015821748089 ) ) ;
#689 = DIRECTION ( 'NONE',  ( 0.000000000000000000, 0.000000000000000000, 1.000000000000000000 ) ) ;
#690 = ORIENTED_EDGE ( 'NONE', *, *, #1085, .T. ) ;
#691 = DIRECTION ( 'NONE',  ( -1.000000000000000000, 1.387778780781445676E-16, -0.000000000000000000 ) ) ;
#692 = DIRECTION ( 'NONE',  ( 0.000000000000000000, 0.000000000000000000, 1.000000000000000000 ) ) ;
#693 = VERTEX_POINT ( 'NONE', #1407 ) ;
#694 = AXIS2_PLACEMENT_3D ( 'NONE', #812, #583, #347 ) ;
#695 = AXIS2_PLACEMENT_3D ( 'NONE', #649, #623, #1249 ) ;
#696 = PERSON_AND_ORGANIZATION_ROLE ( 'classification_officer' ) ;
#697 = ORIENTED_EDGE ( 'NONE', *, *, #1492, .T. ) ;
#698 = DIRECTION ( 'NONE',  ( 0.000000000000000000, 0.000000000000000000, -1.000000000000000000 ) ) ;
#699 = CARTESIAN_POINT ( 'NONE',  ( -27.75000000000002132, -54.99999999999999289, -58.29779015821748089 ) ) ;
#700 = EDGE_LOOP ( 'NONE', ( #1235, #1520, #1529, #546 ) ) ;
#701 = EDGE_CURVE ( 'NONE', #175, #792, #189, .T. ) ;
#702 = AXIS2_PLACEMENT_3D ( 'NONE', #305, #81, #1284 ) ;
#703 = DIRECTION ( 'NONE',  ( -1.000000000000000000, 1.387778780781445676E-16, -0.000000000000000000 ) ) ;
#704 = ORIENTED_EDGE ( 'NONE', *, *, #501, .F. ) ;
#705 = LINE ( 'NONE', #1194, #759 ) ;
#706 = EDGE_CURVE ( 'NONE', #593, #655, #1560, .T. ) ;
#707 = DIRECTION ( 'NONE',  ( 1.000000000000000000, -1.387778780781445922E-16, 0.000000000000000000 ) ) ;
#708 = VERTEX_POINT ( 'NONE', #661 ) ;
#709 = CIRCLE ( 'NONE', #6, 4.500000000000066613 ) ;
#710 = APPROVAL ( #316, 'UNSPECIFIED' ) ;
#711 = SECURITY_CLASSIFICATION ( '', '', #1303 ) ;
#712 = DIRECTION ( 'NONE',  ( -1.000000000000000000, 0.000000000000000000, 0.000000000000000000 ) ) ;
#713 = DIRECTION ( 'NONE',  ( -1.000000000000000000, 0.000000000000000000, -0.000000000000000000 ) ) ;
#714 = FACE_OUTER_BOUND ( 'NONE', #533, .T. ) ;
#715 = ORIENTED_EDGE ( 'NONE', *, *, #1191, .F. ) ;
#716 = CARTESIAN_POINT ( 'NONE',  ( -20.55855278365828909, -60.00000000000000000, -13.32500000000000284 ) ) ;
#717 = CARTESIAN_POINT ( 'NONE',  ( 80.00000000000004263, -16.40000000000000213, -56.63186010547832439 ) ) ;
#718 = ORIENTED_EDGE ( 'NONE', *, *, #667, .T. ) ;
#719 = EDGE_CURVE ( 'NONE', #1044, #1608, #805, .T. ) ;
#720 = DIRECTION ( 'NONE',  ( 0.000000000000000000, 0.000000000000000000, 1.000000000000000000 ) ) ;
#721 = ORIENTED_EDGE ( 'NONE', *, *, #432, .T. ) ;
#722 = EDGE_CURVE ( 'NONE', #663, #438, #942, .T. ) ;
#723 = AXIS2_PLACEMENT_3D ( 'NONE', #604, #1593, #1487 ) ;
#724 = ORIENTED_EDGE ( 'NONE', *, *, #944, .F. ) ;
#725 = DIRECTION ( 'NONE',  ( -1.000000000000000000, 1.087107734130262158E-15, 0.000000000000000000 ) ) ;
#726 = CARTESIAN_POINT ( 'NONE',  ( -25.94144721634175710, -8.324999999999983302, -16.32500000000001350 ) ) ;
#727 = CARTESIAN_POINT ( 'NONE',  ( -27.75000000000002132, -54.99999999999999289, -118.2977901582174809 ) ) ;
#728 = AXIS2_PLACEMENT_3D ( 'NONE', #1006, #1470, #1117 ) ;
#729 = EDGE_CURVE ( 'NONE', #960, #582, #467, .T. ) ;
#730 = VERTEX_POINT ( 'NONE', #726 ) ;
#731 = CIRCLE ( 'NONE', #21, 6.074999999999997513 ) ;
#732 = DIRECTION ( 'NONE',  ( 0.000000000000000000, 0.000000000000000000, 1.000000000000000000 ) ) ;
#733 = CARTESIAN_POINT ( 'NONE',  ( -24.74999999999997158, -54.99999999999999289, -29.79779015821748445 ) ) ;
#734 = PRODUCT_RELATED_PRODUCT_CATEGORY ( 'detail', '', ( #315 ) ) ;
#735 = CARTESIAN_POINT ( 'NONE',  ( -27.75000000000002132, -54.99999999999999289, -122.7977901582174809 ) ) ;
#736 = VECTOR ( 'NONE', #596, 1000.000000000000000 ) ;
#737 = ORIENTED_EDGE ( 'NONE', *, *, #1258, .F. ) ;
#738 = APPLICATION_CONTEXT ( 'configuration controlled 3d designs of mechanical parts and assemblies' ) ;
#739 = FACE_BOUND ( 'NONE', #600, .T. ) ;
#740 = ORIENTED_EDGE ( 'NONE', *, *, #841, .T. ) ;
#741 = CARTESIAN_POINT ( 'NONE',  ( -17.75000000000000355, -10.32499999999999751, -123.2955803164349646 ) ) ;
#742 = COORDINATED_UNIVERSAL_TIME_OFFSET ( 1, 0, .AHEAD. ) ;
#743 = VERTEX_POINT ( 'NONE', #1442 ) ;
#744 = DIRECTION ( 'NONE',  ( 0.000000000000000000, 0.000000000000000000, -1.000000000000000000 ) ) ;
#745 = FACE_BOUND ( 'NONE', #294, .T. ) ;
#746 = CARTESIAN_POINT ( 'NONE',  ( -17.75000000000000355, 10.00000000000000178, -50.99019513592786268 ) ) ;
#747 = FACE_OUTER_BOUND ( 'NONE', #950, .T. ) ;
#748 = EDGE_CURVE ( 'NONE', #227, #1327, #331, .T. ) ;
#749 = EDGE_LOOP ( 'NONE', ( #1279, #1508, #1293, #784 ) ) ;
#750 = LINE ( 'NONE', #359, #1571 ) ;
#751 = DIRECTION ( 'NONE',  ( -0.7071067811865459074, 8.659560562354952580E-17, -0.7071067811865491270 ) ) ;
#752 = CYLINDRICAL_SURFACE ( 'NONE', #1386, 1.500000000000001332 ) ;
#753 = EDGE_CURVE ( 'NONE', #1339, #897, #1396, .T. ) ;
#754 = DIRECTION ( 'NONE',  ( -1.000000000000000000, 0.000000000000000000, 0.000000000000000000 ) ) ;
#755 = AXIS2_PLACEMENT_3D ( 'NONE', #822, #1577, #472 ) ;
#756 = ORIENTED_EDGE ( 'NONE', *, *, #763, .F. ) ;
#757 = ORIENTED_EDGE ( 'NONE', *, *, #303, .T. ) ;
#758 = DIRECTION ( 'NONE',  ( 0.000000000000000000, 0.000000000000000000, -1.000000000000000000 ) ) ;
#759 = VECTOR ( 'NONE', #1569, 1000.000000000000000 ) ;
#760 = DIRECTION ( 'NONE',  ( 1.000000000000000000, -0.000000000000000000, -0.000000000000000000 ) ) ;
#761 = AXIS2_PLACEMENT_3D ( 'NONE', #798, #1271, #34 ) ;
#762 = CARTESIAN_POINT ( 'NONE',  ( -27.75000000000001421, -16.39999999999998792, -56.63186010547832439 ) ) ;
#763 = EDGE_CURVE ( 'NONE', #806, #1587, #1307, .T. ) ;
#764 = EDGE_LOOP ( 'NONE', ( #1231, #221 ) ) ;
#765 = CARTESIAN_POINT ( 'NONE',  ( -27.75000000000002132, -54.99999999999999289, -28.29779015821748445 ) ) ;
#766 = ORIENTED_EDGE ( 'NONE', *, *, #334, .F. ) ;
#767 = ADVANCED_FACE ( 'NONE', ( #1325 ), #1086, .F. ) ;
#768 = DIRECTION ( 'NONE',  ( -1.000000000000000000, 1.387778780781445676E-16, -0.000000000000000000 ) ) ;
#769 = AXIS2_PLACEMENT_3D ( 'NONE', #1574, #820, #698 ) ;
#770 = CARTESIAN_POINT ( 'NONE',  ( -24.75000000000003908, -56.49999999999998579, -88.29779015821748089 ) ) ;
#771 = VECTOR ( 'NONE', #1313, 1000.000000000000000 ) ;
#772 = AXIS2_PLACEMENT_3D ( 'NONE', #717, #1064, #92 ) ;
#773 = ORIENTED_EDGE ( 'NONE', *, *, #1467, .T. ) ;
#774 = EDGE_CURVE ( 'NONE', #1513, #635, #968, .T. ) ;
#775 = AXIS2_PLACEMENT_3D ( 'NONE', #877, #1356, #1243 ) ;
#776 = DIRECTION ( 'NONE',  ( 0.000000000000000000, 0.000000000000000000, 1.000000000000000000 ) ) ;
#777 = ORIENTED_EDGE ( 'NONE', *, *, #615, .F. ) ;
#778 = FACE_OUTER_BOUND ( 'NONE', #1439, .T. ) ;
#779 = VECTOR ( 'NONE', #235, 1000.000000000000000 ) ;
#780 = ORIENTED_EDGE ( 'NONE', *, *, #1289, .F. ) ;
#781 = CARTESIAN_POINT ( 'NONE',  ( -17.75000000000001066, -60.00000000000000000, -13.32500000000000284 ) ) ;
#782 = AXIS2_PLACEMENT_3D ( 'NONE', #300, #1146, #536 ) ;
#783 = CARTESIAN_POINT ( 'NONE',  ( -27.75000000000001421, -22.47499999999998366, -23.30000000000000782 ) ) ;
#784 = ORIENTED_EDGE ( 'NONE', *, *, #130, .T. ) ;
#785 = FACE_OUTER_BOUND ( 'NONE', #1019, .T. ) ;
#786 = AXIS2_PLACEMENT_3D ( 'NONE', #516, #1377, #520 ) ;
#787 = AXIS2_PLACEMENT_3D ( 'NONE', #276, #672, #894 ) ;
#788 = ORIENTED_EDGE ( 'NONE', *, *, #790, .T. ) ;
#789 = ORIENTED_EDGE ( 'NONE', *, *, #594, .F. ) ;
#790 = EDGE_CURVE ( 'NONE', #101, #1463, #870, .T. ) ;
#791 = CARTESIAN_POINT ( 'NONE',  ( -27.75000000000001421, -22.47499999999998366, -56.63186010547832439 ) ) ;
#792 = VERTEX_POINT ( 'NONE', #1570 ) ;
#793 = EDGE_CURVE ( 'NONE', #1270, #568, #1060, .T. ) ;
#794 = LINE ( 'NONE', #683, #13 ) ;
#795 = CIRCLE ( 'NONE', #916, 6.075000000000000178 ) ;
#796 = CARTESIAN_POINT ( 'NONE',  ( -25.94144721634179263, -59.99999999999999289, -130.2705803164349447 ) ) ;
#797 = ORIENTED_EDGE ( 'NONE', *, *, #845, .T. ) ;
#798 = CARTESIAN_POINT ( 'NONE',  ( -27.75000000000002132, -54.99999999999999289, -88.29779015821748089 ) ) ;
#799 = AXIS2_PLACEMENT_3D ( 'NONE', #677, #57, #1042 ) ;
#800 = DIRECTION ( 'NONE',  ( 0.000000000000000000, 0.000000000000000000, -1.000000000000000000 ) ) ;
#801 = ORIENTED_EDGE ( 'NONE', *, *, #1200, .T. ) ;
#802 = LINE ( 'NONE', #183, #434 ) ;
#803 = VERTEX_POINT ( 'NONE', #449 ) ;
#804 = DIRECTION ( 'NONE',  ( 0.3162277660168379412, 0.000000000000000000, -0.9486832980505138790 ) ) ;
#805 = LINE ( 'NONE', #1013, #232 ) ;
#806 = VERTEX_POINT ( 'NONE', #480 ) ;
#807 = AXIS2_PLACEMENT_3D ( 'NONE', #1322, #194, #456 ) ;
#808 = AXIS2_PLACEMENT_3D ( 'NONE', #1236, #1495, #867 ) ;
#809 = APPROVAL_ROLE ( '' ) ;
#810 = ORIENTED_EDGE ( 'NONE', *, *, #594, .T. ) ;
#811 = EDGE_LOOP ( 'NONE', ( #1342, #1485 ) ) ;
#812 = CARTESIAN_POINT ( 'NONE',  ( -19.55855278365824290, 3.144479452198270408, -16.32500000000000639 ) ) ;
#813 = ORIENTED_EDGE ( 'NONE', *, *, #552, .F. ) ;
#814 = CIRCLE ( 'NONE', #761, 4.499999999999997335 ) ;
#815 = CARTESIAN_POINT ( 'NONE',  ( 4.249999999999983125, -55.00000000000000000, -28.29779015821748445 ) ) ;
#816 = PERSON_AND_ORGANIZATION_ROLE ( 'design_supplier' ) ;
#817 = ORIENTED_EDGE ( 'NONE', *, *, #1604, .F. ) ;
#818 = DIRECTION ( 'NONE',  ( -1.000000000000000000, 1.387778780781445676E-16, -0.000000000000000000 ) ) ;
#819 = EDGE_LOOP ( 'NONE', ( #428, #352, #721, #766 ) ) ;
#820 = DIRECTION ( 'NONE',  ( -1.000000000000000000, 0.000000000000000000, 0.000000000000000000 ) ) ;
#821 = ADVANCED_FACE ( 'NONE', ( #961 ), #852, .F. ) ;
#822 = CARTESIAN_POINT ( 'NONE',  ( -24.75000000000003553, -54.99999999999999289, -88.29779015821748089 ) ) ;
#823 = CIRCLE ( 'NONE', #1022, 6.074999999999997513 ) ;
#824 = EDGE_CURVE ( 'NONE', #1029, #156, #1077, .T. ) ;
#825 = DIRECTION ( 'NONE',  ( -1.000000000000000000, 0.000000000000000000, 0.000000000000000000 ) ) ;
#826 = PERSON_AND_ORGANIZATION ( #1434, #138 ) ;
#827 = DIRECTION ( 'NONE',  ( -1.000000000000000000, 0.000000000000000000, 0.000000000000000000 ) ) ;
#828 = CARTESIAN_POINT ( 'NONE',  ( -24.74999999999997513, -54.99999999999999289, -59.79779015821748089 ) ) ;
#829 = DIRECTION ( 'NONE',  ( -1.000000000000000000, 0.000000000000000000, 0.000000000000000000 ) ) ;
#830 = CARTESIAN_POINT ( 'NONE',  ( -24.75000000000003553, -54.99999999999999289, -89.79779015821748089 ) ) ;
#831 = VECTOR ( 'NONE', #318, 1000.000000000000000 ) ;
#832 = DIRECTION ( 'NONE',  ( -1.000000000000000000, 1.387778780781445429E-16, -0.000000000000000000 ) ) ;
#833 = DIRECTION ( 'NONE',  ( -1.000000000000000000, 0.000000000000000000, 0.000000000000000000 ) ) ;
#834 = EDGE_CURVE ( 'NONE', #595, #1587, #507, .T. ) ;
#835 = AXIS2_PLACEMENT_3D ( 'NONE', #650, #1039, #304 ) ;
#836 = DIRECTION ( 'NONE',  ( -6.938893903907223447E-16, -1.000000000000000000, -0.000000000000000000 ) ) ;
#837 = ORIENTED_EDGE ( 'NONE', *, *, #1578, .F. ) ;
#838 = DIRECTION ( 'NONE',  ( -0.000000000000000000, -0.000000000000000000, 1.000000000000000000 ) ) ;
#839 = CARTESIAN_POINT ( 'NONE',  ( -17.75000000000000355, -55.00000000000002842, -23.29779015821748089 ) ) ;
#840 = CIRCLE ( 'NONE', #1324, 1.500000000000001332 ) ;
#841 = EDGE_CURVE ( 'NONE', #1611, #1130, #795, .T. ) ;
#842 = CARTESIAN_POINT ( 'NONE',  ( -24.75000000000003908, -54.99999999999999289, -119.7977901582174809 ) ) ;
#843 = CARTESIAN_POINT ( 'NONE',  ( 4.249999999999983125, -56.49999999999999289, -118.2977901582174809 ) ) ;
#844 = ADVANCED_FACE ( 'NONE', ( #355 ), #1445, .F. ) ;
#845 = EDGE_CURVE ( 'NONE', #175, #168, #184, .T. ) ;
#846 = DIRECTION ( 'NONE',  ( 0.000000000000000000, 0.000000000000000000, 1.000000000000000000 ) ) ;
#847 = DIRECTION ( 'NONE',  ( 0.000000000000000000, 0.000000000000000000, -1.000000000000000000 ) ) ;
#848 = EDGE_CURVE ( 'NONE', #708, #1176, #391, .T. ) ;
#849 = DIRECTION ( 'NONE',  ( -1.000000000000000000, 1.387778780781445429E-16, -0.000000000000000000 ) ) ;
#850 = ORIENTED_EDGE ( 'NONE', *, *, #448, .T. ) ;
#851 = CARTESIAN_POINT ( 'NONE',  ( 4.249999999999983125, -53.50000000000000711, -88.29779015821748089 ) ) ;
#852 = CYLINDRICAL_SURFACE ( 'NONE', #167, 1.499999999999987566 ) ;
#853 = ORIENTED_EDGE ( 'NONE', *, *, #824, .F. ) ;
#854 = AXIS2_PLACEMENT_3D ( 'NONE', #502, #11, #1343 ) ;
#855 = VERTEX_POINT ( 'NONE', #953 ) ;
#856 = DIRECTION ( 'NONE',  ( -1.000000000000000000, 1.387778780781445676E-16, -0.000000000000000000 ) ) ;
#857 = CYLINDRICAL_SURFACE ( 'NONE', #1131, 1.500000000000001332 ) ;
#858 = DIRECTION ( 'NONE',  ( 1.000000000000000000, -0.000000000000000000, -0.000000000000000000 ) ) ;
#859 = CARTESIAN_POINT ( 'NONE',  ( -24.74999999999997158, -54.99999999999999289, -29.79779015821748445 ) ) ;
#860 = ORIENTED_EDGE ( 'NONE', *, *, #1027, .T. ) ;
#861 = CARTESIAN_POINT ( 'NONE',  ( -27.75000000000001421, -22.47499999999999076, -123.2955803164349646 ) ) ;
#862 = CIRCLE ( 'NONE', #1264, 1.500000000000001332 ) ;
#863 = ORIENTED_EDGE ( 'NONE', *, *, #114, .F. ) ;
#864 = DIRECTION ( 'NONE',  ( 0.000000000000000000, -1.000000000000000000, 0.000000000000000000 ) ) ;
#865 = DIRECTION ( 'NONE',  ( 1.000000000000000000, -0.000000000000000000, -0.000000000000000000 ) ) ;
#866 = EDGE_LOOP ( 'NONE', ( #109, #1372, #1113, #145 ) ) ;
#867 = DIRECTION ( 'NONE',  ( 0.000000000000000000, 0.000000000000000000, -1.000000000000000000 ) ) ;
#868 = ADVANCED_FACE ( 'NONE', ( #321 ), #341, .F. ) ;
#869 = ORIENTED_EDGE ( 'NONE', *, *, #535, .T. ) ;
#870 = CIRCLE ( 'NONE', #12, 1.500000000000004885 ) ;
#871 = DIRECTION ( 'NONE',  ( -0.000000000000000000, 1.155081008495165429E-16, 1.000000000000000000 ) ) ;
#872 = CARTESIAN_POINT ( 'NONE',  ( -27.75000000000001421, -16.39999999999999147, -89.96372021095663740 ) ) ;
#873 = EDGE_CURVE ( 'NONE', #1130, #1017, #883, .T. ) ;
#874 = CARTESIAN_POINT ( 'NONE',  ( -20.75000000000001066, -55.00000000000002842, -23.29779015821748089 ) ) ;
#875 = LINE ( 'NONE', #621, #686 ) ;
#876 = VECTOR ( 'NONE', #1550, 1000.000000000000000 ) ;
#877 = CARTESIAN_POINT ( 'NONE',  ( -17.75000000000000355, -16.39999999999998792, -56.63186010547832439 ) ) ;
#878 = DIRECTION ( 'NONE',  ( 1.000000000000000000, -1.387778780781445676E-16, 0.000000000000000000 ) ) ;
#879 = FACE_BOUND ( 'NONE', #675, .T. ) ;
#880 = EDGE_CURVE ( 'NONE', #70, #519, #956, .T. ) ;
#881 = ORIENTED_EDGE ( 'NONE', *, *, #598, .F. ) ;
#882 = VECTOR ( 'NONE', #1328, 1000.000000000000000 ) ;
#883 = LINE ( 'NONE', #1361, #50 ) ;
#884 = VECTOR ( 'NONE', #131, 1000.000000000000000 ) ;
#885 = VERTEX_POINT ( 'NONE', #247 ) ;
#886 = CYLINDRICAL_SURFACE ( 'NONE', #1538, 6.075000000000000178 ) ;
#887 = CARTESIAN_POINT ( 'NONE',  ( -20.75000000000001066, -55.00000000000003553, -121.7977901582174951 ) ) ;
#888 = DIRECTION ( 'NONE',  ( -0.7071067811865460184, 8.659560562354952580E-17, -0.7071067811865490160 ) ) ;
#889 = EDGE_CURVE ( 'NONE', #168, #175, #1087, .T. ) ;
#890 = ORIENTED_EDGE ( 'NONE', *, *, #834, .T. ) ;
#891 = CC_DESIGN_PERSON_AND_ORGANIZATION_ASSIGNMENT ( #199, #696, ( #711 ) ) ;
#892 = CARTESIAN_POINT ( 'NONE',  ( -20.55855278365825001, -8.324999999999985079, -13.32500000000000284 ) ) ;
#893 = VERTEX_POINT ( 'NONE', #1481 ) ;
#894 = DIRECTION ( 'NONE',  ( 1.000000000000000000, 0.000000000000000000, -0.000000000000000000 ) ) ;
#895 = AXIS2_PLACEMENT_3D ( 'NONE', #529, #1269, #670 ) ;
#896 = ORIENTED_EDGE ( 'NONE', *, *, #503, .T. ) ;
#897 = VERTEX_POINT ( 'NONE', #1132 ) ;
#898 = LINE ( 'NONE', #279, #498 ) ;
#899 = VERTEX_POINT ( 'NONE', #735 ) ;
#900 = VERTEX_POINT ( 'NONE', #975 ) ;
#901 = CARTESIAN_POINT ( 'NONE',  ( 80.00000000000005684, -8.324999999999999289, -13.22500000000000675 ) ) ;
#902 = EDGE_CURVE ( 'NONE', #161, #1515, #388, .T. ) ;
#903 = ORIENTED_EDGE ( 'NONE', *, *, #790, .F. ) ;
#904 = DIRECTION ( 'NONE',  ( 0.000000000000000000, 0.000000000000000000, -1.000000000000000000 ) ) ;
#905 = EDGE_LOOP ( 'NONE', ( #538, #985, #1429, #1181 ) ) ;
#906 = AXIS2_PLACEMENT_3D ( 'NONE', #289, #1142, #405 ) ;
#907 = DIRECTION ( 'NONE',  ( 0.3162277660168379412, 0.000000000000000000, 0.9486832980505138790 ) ) ;
#908 = EDGE_LOOP ( 'NONE', ( #724, #1007, #737, #1283, #632 ) ) ;
#909 = DIRECTION ( 'NONE',  ( 0.000000000000000000, 0.000000000000000000, -1.000000000000000000 ) ) ;
#910 = ORIENTED_EDGE ( 'NONE', *, *, #1446, .T. ) ;
#911 = EDGE_CURVE ( 'NONE', #390, #730, #1250, .T. ) ;
#912 = ORIENTED_EDGE ( 'NONE', *, *, #889, .T. ) ;
#913 = DIRECTION ( 'NONE',  ( -1.000000000000000000, 1.387778780781445676E-16, -0.000000000000000000 ) ) ;
#914 = CARTESIAN_POINT ( 'NONE',  ( -17.74999999999996803, 3.144479452198270408, -133.2705803164349732 ) ) ;
#915 = ORIENTED_EDGE ( 'NONE', *, *, #674, .F. ) ;
#916 = AXIS2_PLACEMENT_3D ( 'NONE', #1460, #217, #211 ) ;
#917 = CARTESIAN_POINT ( 'NONE',  ( -25.94144721634179263, -59.99999999999999289, -16.32500000000000639 ) ) ;
#918 = ORIENTED_EDGE ( 'NONE', *, *, #1351, .T. ) ;
#919 = CIRCLE ( 'NONE', #272, 1.500000000000001332 ) ;
#920 = DIRECTION ( 'NONE',  ( 0.9486832980505138790, -6.582812753581311037E-16, 0.3162277660168379412 ) ) ;
#921 = AXIS2_PLACEMENT_3D ( 'NONE', #815, #453, #77 ) ;
#922 = UNCERTAINTY_MEASURE_WITH_UNIT (LENGTH_MEASURE( 1.000000000000000082E-05 ), #307, 'distance_accuracy_value', 'NONE');
#923 = ORIENTED_EDGE ( 'NONE', *, *, #413, .F. ) ;
#924 = CIRCLE ( 'NONE', #637, 1.500000000000001332 ) ;
#925 = COORDINATED_UNIVERSAL_TIME_OFFSET ( 1, 0, .AHEAD. ) ;
#926 = CARTESIAN_POINT ( 'NONE',  ( -24.74999999999997158, -53.49999999999999289, -28.29779015821748445 ) ) ;
#927 = VECTOR ( 'NONE', #1318, 1000.000000000000114 ) ;
#928 = ORIENTED_EDGE ( 'NONE', *, *, #1558, .T. ) ;
#929 = EDGE_CURVE ( 'NONE', #156, #1009, #1349, .T. ) ;
#930 = CALENDAR_DATE ( 2026, 2, 6 ) ;
#931 = CARTESIAN_POINT ( 'NONE',  ( -27.75000000000002132, -54.99999999999999289, -83.79779015821748089 ) ) ;
#932 = CARTESIAN_POINT ( 'NONE',  ( -17.75000000000000355, -56.50000000000000000, -28.29779015821748445 ) ) ;
#933 = ORIENTED_EDGE ( 'NONE', *, *, #541, .F. ) ;
#934 = CARTESIAN_POINT ( 'NONE',  ( -27.75000000000002842, -8.324999999999985079, -13.32500000000000284 ) ) ;
#935 = VECTOR ( 'NONE', #1116, 1000.000000000000000 ) ;
#936 = LOCAL_TIME ( 10, 37, 35.00000000000000000, #925 ) ;
#937 = DIRECTION ( 'NONE',  ( 0.000000000000000000, 0.000000000000000000, 1.000000000000000000 ) ) ;
#938 = EDGE_CURVE ( 'NONE', #1321, #1314, #515, .T. ) ;
#939 = EDGE_LOOP ( 'NONE', ( #1045, #1223, #14, #687, #1091, #1178, #1139, #652, #455, #1433, #1498, #780 ) ) ;
#940 = FACE_OUTER_BOUND ( 'NONE', #1399, .T. ) ;
#941 = DIRECTION ( 'NONE',  ( 0.000000000000000000, 0.000000000000000000, 1.000000000000000000 ) ) ;
#942 = LINE ( 'NONE', #110, #1135 ) ;
#943 = ORIENTED_EDGE ( 'NONE', *, *, #1400, .T. ) ;
#944 = EDGE_CURVE ( 'NONE', #1344, #1248, #137, .T. ) ;
#945 = CLOSED_SHELL ( 'NONE', ( #619, #1000, #1115, #1595, #993, #42, #348, #1169, #1360, #1430, #1134, #383, #1502, #220, #1104, #406, #366, #563, #485, #205, #1165, #100, #1435, #389, #1068, #1127, #196, #1234, #1507, #767, #1059, #106, #1415, #821, #631, #1329, #643, #979, #605, #1580, #1118, #440, #74, #844, #376, #868, #468 ) ) ;
#946 = DIRECTION ( 'NONE',  ( -1.000000000000000000, 1.387778780781445676E-16, 0.000000000000000000 ) ) ;
#947 = DIRECTION ( 'NONE',  ( 0.000000000000000000, 0.000000000000000000, 1.000000000000000000 ) ) ;
#948 = DIRECTION ( 'NONE',  ( 0.000000000000000000, 0.000000000000000000, 1.000000000000000000 ) ) ;
#949 = FACE_OUTER_BOUND ( 'NONE', #1390, .T. ) ;
#950 = EDGE_LOOP ( 'NONE', ( #269, #943, #548, #810, #646 ) ) ;
#951 = PLANE ( 'NONE',  #694 ) ;
#952 = ORIENTED_EDGE ( 'NONE', *, *, #1446, .F. ) ;
#953 = CARTESIAN_POINT ( 'NONE',  ( -17.75000000000000355, -56.49999999999999289, -118.2977901582174809 ) ) ;
#954 = CARTESIAN_POINT ( 'NONE',  ( -24.75000000000003908, -54.99999999999999289, -89.79779015821748089 ) ) ;
#955 = VERTEX_POINT ( 'NONE', #373 ) ;
#956 = CIRCLE ( 'NONE', #808, 1.500000000000004885 ) ;
#957 = CARTESIAN_POINT ( 'NONE',  ( 4.249999999999983125, -55.00000000000000000, -88.29779015821748089 ) ) ;
#958 = EDGE_LOOP ( 'NONE', ( #193, #446, #126, #169 ) ) ;
#959 = DIRECTION ( 'NONE',  ( 0.000000000000000000, -1.000000000000000000, 0.000000000000000000 ) ) ;
#960 = VERTEX_POINT ( 'NONE', #608 ) ;
#961 = FACE_OUTER_BOUND ( 'NONE', #1255, .T. ) ;
#962 = ORIENTED_EDGE ( 'NONE', *, *, #1292, .F. ) ;
#963 = AXIS2_PLACEMENT_3D ( 'NONE', #399, #1286, #182 ) ;
#964 = VECTOR ( 'NONE', #266, 1000.000000000000000 ) ;
#965 = CARTESIAN_POINT ( 'NONE',  ( -17.74999999999997513, -8.324999999999985079, -13.32500000000000284 ) ) ;
#966 = ORIENTED_EDGE ( 'NONE', *, *, #475, .T. ) ;
#967 = CYLINDRICAL_SURFACE ( 'NONE', #1449, 1.500000000000004885 ) ;
#968 = LINE ( 'NONE', #576, #1563 ) ;
#969 = ORIENTED_EDGE ( 'NONE', *, *, #1582, .T. ) ;
#970 = ORIENTED_EDGE ( 'NONE', *, *, #1110, .T. ) ;
#971 = AXIS2_PLACEMENT_3D ( 'NONE', #1184, #325, #1555 ) ;
#972 = LINE ( 'NONE', #1210, #1048 ) ;
#973 = AXIS2_PLACEMENT_3D ( 'NONE', #363, #218, #847 ) ;
#974 = DIRECTION ( 'NONE',  ( 0.000000000000000000, -0.000000000000000000, 1.000000000000000000 ) ) ;
#975 = CARTESIAN_POINT ( 'NONE',  ( -24.74999999999997158, -54.99999999999999289, -26.79779015821748089 ) ) ;
#976 = PERSON_AND_ORGANIZATION ( #1434, #138 ) ;
#977 = EDGE_LOOP ( 'NONE', ( #813, #573, #1035, #22 ) ) ;
#978 = CARTESIAN_POINT ( 'NONE',  ( -20.55855278365828909, -60.00000000000000000, -133.2705803164349732 ) ) ;
#979 = ADVANCED_FACE ( 'NONE', ( #253 ), #5, .F. ) ;
#980 = FACE_OUTER_BOUND ( 'NONE', #819, .T. ) ;
#981 = EDGE_LOOP ( 'NONE', ( #952, #1203, #1420, #164 ) ) ;
#982 = CARTESIAN_POINT ( 'NONE',  ( -14.41730249470757386, -8.324999999999981526, 18.24743416490253622 ) ) ;
#983 = CALENDAR_DATE ( 2026, 2, 6 ) ;
#984 = CIRCLE ( 'NONE', #963, 6.075000000000000178 ) ;
#985 = ORIENTED_EDGE ( 'NONE', *, *, #748, .F. ) ;
#986 = FACE_OUTER_BOUND ( 'NONE', #244, .T. ) ;
#987 = CARTESIAN_POINT ( 'NONE',  ( -27.75000000000000355, 60.00000000000000711, -50.99019513592786268 ) ) ;
#988 = LINE ( 'NONE', #1336, #1483 ) ;
#989 = AXIS2_PLACEMENT_3D ( 'NONE', #1497, #1364, #264 ) ;
#990 = CC_DESIGN_DATE_AND_TIME_ASSIGNMENT ( #1183, #1598, ( #1383 ) ) ;
#991 = DIRECTION ( 'NONE',  ( -0.3162277660168379412, -6.569518770826194517E-17, -0.9486832980505138790 ) ) ;
#992 = ORIENTED_EDGE ( 'NONE', *, *, #880, .F. ) ;
#993 = ADVANCED_FACE ( 'NONE', ( #747 ), #1499, .F. ) ;
#994 = CARTESIAN_POINT ( 'NONE',  ( -24.94144721634178907, -60.00000000000000000, -133.2705803164349732 ) ) ;
#995 = FACE_OUTER_BOUND ( 'NONE', #96, .T. ) ;
#996 = PLANE ( 'NONE',  #1140 ) ;
#997 = VERTEX_POINT ( 'NONE', #741 ) ;
#998 = CIRCLE ( 'NONE', #1209, 1.500000000000001332 ) ;
#999 = CARTESIAN_POINT ( 'NONE',  ( 80.00000000000004263, -22.47500000000000142, -89.96372021095663740 ) ) ;
#1000 = ADVANCED_FACE ( 'NONE', ( #1220 ), #360, .F. ) ;
#1001 = EDGE_CURVE ( 'NONE', #1608, #1475, #76, .T. ) ;
#1002 = LINE ( 'NONE', #393, #451 ) ;
#1003 = ORIENTED_EDGE ( 'NONE', *, *, #1551, .T. ) ;
#1004 = EDGE_CURVE ( 'NONE', #1044, #372, #567, .T. ) ;
#1005 = CARTESIAN_POINT ( 'NONE',  ( 80.00000000000004263, -16.40000000000000924, -123.2955803164349646 ) ) ;
#1006 = CARTESIAN_POINT ( 'NONE',  ( -24.74999999999997513, -54.99999999999999289, -58.29779015821748089 ) ) ;
#1007 = ORIENTED_EDGE ( 'NONE', *, *, #26, .F. ) ;
#1008 = CYLINDRICAL_SURFACE ( 'NONE', #906, 1.499999999999994449 ) ;
#1009 = VERTEX_POINT ( 'NONE', #1605 ) ;
#1010 = PLANE ( 'NONE',  #695 ) ;
#1011 = EDGE_CURVE ( 'NONE', #955, #1321, #1596, .T. ) ;
#1012 = DIRECTION ( 'NONE',  ( 0.000000000000000000, -1.000000000000000000, 0.000000000000000000 ) ) ;
#1013 = CARTESIAN_POINT ( 'NONE',  ( 80.00000000000004263, -10.32500000000000462, -56.63186010547832439 ) ) ;
#1014 = VERTEX_POINT ( 'NONE', #362 ) ;
#1015 = DIRECTION ( 'NONE',  ( 0.000000000000000000, 0.000000000000000000, 1.000000000000000000 ) ) ;
#1016 = CARTESIAN_POINT ( 'NONE',  ( -17.75000000000000355, -56.50000000000000000, -58.29779015821748089 ) ) ;
#1017 = VERTEX_POINT ( 'NONE', #1228 ) ;
#1018 = DIRECTION ( 'NONE',  ( 0.3162277660168379412, -2.194270917860436355E-15, -0.9486832980505138790 ) ) ;
#1019 = EDGE_LOOP ( 'NONE', ( #346, #90, #1024, #274 ) ) ;
#1020 = DIRECTION ( 'NONE',  ( -1.000000000000000000, 1.387778780781445429E-16, 0.000000000000000000 ) ) ;
#1021 = CARTESIAN_POINT ( 'NONE',  ( -20.75000000000001066, -55.00000000000002842, -73.29779015821748089 ) ) ;
#1022 = AXIS2_PLACEMENT_3D ( 'NONE', #1454, #825, #1572 ) ;
#1023 = ORIENTED_EDGE ( 'NONE', *, *, #1578, .T. ) ;
#1024 = ORIENTED_EDGE ( 'NONE', *, *, #521, .F. ) ;
#1025 = CARTESIAN_POINT ( 'NONE',  ( -24.74999999999997158, -54.99999999999999289, -28.29779015821748445 ) ) ;
#1026 = ORIENTED_EDGE ( 'NONE', *, *, #521, .T. ) ;
#1027 = EDGE_CURVE ( 'NONE', #1587, #595, #607, .T. ) ;
#1028 = DIRECTION ( 'NONE',  ( 0.000000000000000000, 0.000000000000000000, 1.000000000000000000 ) ) ;
#1029 = VERTEX_POINT ( 'NONE', #518 ) ;
#1030 = FACE_OUTER_BOUND ( 'NONE', #556, .T. ) ;
#1031 = AXIS2_PLACEMENT_3D ( 'NONE', #699, #707, #1206 ) ;
#1032 = ORIENTED_EDGE ( 'NONE', *, *, #535, .F. ) ;
#1033 = EDGE_CURVE ( 'NONE', #1515, #330, #494, .T. ) ;
#1034 = DIRECTION ( 'NONE',  ( 1.000000000000000000, 0.000000000000000000, 0.000000000000000000 ) ) ;
#1035 = ORIENTED_EDGE ( 'NONE', *, *, #458, .F. ) ;
#1036 = AXIS2_PLACEMENT_3D ( 'NONE', #1062, #947, #63 ) ;
#1037 = FACE_OUTER_BOUND ( 'NONE', #610, .T. ) ;
#1038 = ORIENTED_EDGE ( 'NONE', *, *, #1458, .T. ) ;
#1039 = DIRECTION ( 'NONE',  ( -1.000000000000000000, 1.387778780781445676E-16, -0.000000000000000000 ) ) ;
#1040 = CARTESIAN_POINT ( 'NONE',  ( 80.00000000000005684, -8.324999999999999289, -16.32500000000000639 ) ) ;
#1041 = ORIENTED_EDGE ( 'NONE', *, *, #448, .F. ) ;
#1042 = DIRECTION ( 'NONE',  ( 0.000000000000000000, 0.000000000000000000, -1.000000000000000000 ) ) ;
#1043 = APPROVAL_DATE_TIME ( #1295, #710 ) ;
#1044 = VERTEX_POINT ( 'NONE', #401 ) ;
#1045 = ORIENTED_EDGE ( 'NONE', *, *, #180, .F. ) ;
#1046 = DIRECTION ( 'NONE',  ( 1.000000000000000000, -0.000000000000000000, -0.000000000000000000 ) ) ;
#1047 = DIRECTION ( 'NONE',  ( 0.000000000000000000, 0.000000000000000000, -1.000000000000000000 ) ) ;
#1048 = VECTOR ( 'NONE', #238, 1000.000000000000000 ) ;
#1049 = AXIS2_PLACEMENT_3D ( 'NONE', #59, #818, #1072 ) ;
#1050 = ORIENTED_EDGE ( 'NONE', *, *, #2, .T. ) ;
#1051 = EDGE_CURVE ( 'NONE', #582, #899, #1503, .T. ) ;
#1052 = AXIS2_PLACEMENT_3D ( 'NONE', #1005, #768, #528 ) ;
#1053 = CALENDAR_DATE ( 2026, 2, 6 ) ;
#1054 = CARTESIAN_POINT ( 'NONE',  ( -17.75000000000000355, -22.47499999999998366, -56.63186010547832439 ) ) ;
#1055 = AXIS2_PLACEMENT_3D ( 'NONE', #762, #123, #144 ) ;
#1056 = EDGE_LOOP ( 'NONE', ( #1362, #1061, #1152, #933 ) ) ;
#1057 = CARTESIAN_POINT ( 'NONE',  ( -17.74999999999996803, 3.144479452198270408, -13.32500000000000284 ) ) ;
#1058 = CARTESIAN_POINT ( 'NONE',  ( 80.00000000000004263, -22.47499999999999787, -56.63186010547832439 ) ) ;
#1059 = ADVANCED_FACE ( 'NONE', ( #1404 ), #52, .F. ) ;
#1060 = LINE ( 'NONE', #457, #1490 ) ;
#1061 = ORIENTED_EDGE ( 'NONE', *, *, #719, .T. ) ;
#1062 = CARTESIAN_POINT ( 'NONE',  ( 0.000000000000000000, 0.000000000000000000, 0.000000000000000000 ) ) ;
#1063 = LINE ( 'NONE', #1556, #132 ) ;
#1064 = DIRECTION ( 'NONE',  ( -1.000000000000000000, 1.387778780781445676E-16, -0.000000000000000000 ) ) ;
#1065 = ORIENTED_EDGE ( 'NONE', *, *, #701, .T. ) ;
#1066 = CIRCLE ( 'NONE', #370, 6.074999999999997513 ) ;
#1067 = DIRECTION ( 'NONE',  ( 0.000000000000000000, -1.000000000000000000, 0.000000000000000000 ) ) ;
#1068 = ADVANCED_FACE ( 'NONE', ( #785 ), #1537, .F. ) ;
#1069 = CARTESIAN_POINT ( 'NONE',  ( -20.75000000000001066, -55.00000000000003553, -123.2977901582174809 ) ) ;
#1070 = VERTEX_POINT ( 'NONE', #439 ) ;
#1071 = CARTESIAN_POINT ( 'NONE',  ( -24.74999999999997158, -54.99999999999999289, -28.29779015821748445 ) ) ;
#1072 = DIRECTION ( 'NONE',  ( 0.000000000000000000, -1.000000000000000000, 0.000000000000000000 ) ) ;
#1073 = EDGE_CURVE ( 'NONE', #375, #655, #814, .T. ) ;
#1074 = LINE ( 'NONE', #1057, #882 ) ;
#1075 = FACE_OUTER_BOUND ( 'NONE', #866, .T. ) ;
#1076 = ORIENTED_EDGE ( 'NONE', *, *, #458, .T. ) ;
#1077 = CIRCLE ( 'NONE', #379, 6.074999999999997513 ) ;
#1078 = DIRECTION ( 'NONE',  ( -1.000000000000000000, 0.000000000000000000, 0.000000000000000000 ) ) ;
#1079 = EDGE_CURVE ( 'NONE', #1339, #1082, #1150, .T. ) ;
#1080 = VECTOR ( 'NONE', #280, 1000.000000000000000 ) ;
#1081 = AXIS2_PLACEMENT_3D ( 'NONE', #1311, #1199, #1218 ) ;
#1082 = VERTEX_POINT ( 'NONE', #770 ) ;
#1083 = LINE ( 'NONE', #1090, #1607 ) ;
#1084 = CARTESIAN_POINT ( 'NONE',  ( -27.75000000000006750, -59.99999999999999289, -133.2705803164349732 ) ) ;
#1085 = EDGE_CURVE ( 'NONE', #1314, #635, #1166, .T. ) ;
#1086 = PLANE ( 'NONE',  #1205 ) ;
#1087 = CIRCLE ( 'NONE', #678, 1.500000000000001332 ) ;
#1088 = DIRECTION ( 'NONE',  ( 0.000000000000000000, 0.000000000000000000, 1.000000000000000000 ) ) ;
#1089 = DIRECTION ( 'NONE',  ( -1.000000000000000000, 1.387778780781445429E-16, -0.000000000000000000 ) ) ;
#1090 = CARTESIAN_POINT ( 'NONE',  ( 80.00000000000004263, -10.32500000000001172, -123.2955803164349646 ) ) ;
#1091 = ORIENTED_EDGE ( 'NONE', *, *, #1207, .F. ) ;
#1092 = CARTESIAN_POINT ( 'NONE',  ( -17.75000000000000355, -16.39999999999999147, -89.96372021095663740 ) ) ;
#1093 = ORIENTED_EDGE ( 'NONE', *, *, #306, .F. ) ;
#1094 = CIRCLE ( 'NONE', #782, 1.500000000000001332 ) ;
#1095 = ORIENTED_EDGE ( 'NONE', *, *, #748, .T. ) ;
#1096 = VECTOR ( 'NONE', #1164, 1000.000000000000000 ) ;
#1097 = FACE_OUTER_BOUND ( 'NONE', #250, .T. ) ;
#1098 = CARTESIAN_POINT ( 'NONE',  ( -19.55855278365825001, -8.324999999999999289, -130.2705803164349447 ) ) ;
#1099 = DIRECTION ( 'NONE',  ( 0.000000000000000000, 0.000000000000000000, -1.000000000000000000 ) ) ;
#1100 = DIRECTION ( 'NONE',  ( 0.000000000000000000, 0.000000000000000000, 1.000000000000000000 ) ) ;
#1101 = DIRECTION ( 'NONE',  ( -1.000000000000000000, 1.387778780781445429E-16, -0.000000000000000000 ) ) ;
#1102 = DIRECTION ( 'NONE',  ( 0.000000000000000000, 1.000000000000000000, 0.000000000000000000 ) ) ;
#1103 = APPROVAL_DATE_TIME ( #444, #1565 ) ;
#1104 = ADVANCED_FACE ( 'NONE', ( #1256 ), #408, .F. ) ;
#1105 = CARTESIAN_POINT ( 'NONE',  ( -20.75000000000001066, -55.00000000000002842, -23.29779015821748089 ) ) ;
#1106 = VECTOR ( 'NONE', #836, 1000.000000000000000 ) ;
#1107 = CIRCLE ( 'NONE', #1402, 1.500000000000001332 ) ;
#1108 = DIRECTION ( 'NONE',  ( 1.000000000000000000, -1.387778780781445922E-16, 0.000000000000000000 ) ) ;
#1109 = FACE_BOUND ( 'NONE', #599, .T. ) ;
#1110 = EDGE_CURVE ( 'NONE', #662, #281, #1288, .T. ) ;
#1111 = DIRECTION ( 'NONE',  ( 1.000000000000000000, -0.000000000000000000, -0.000000000000000000 ) ) ;
#1112 = DATE_TIME_ROLE ( 'classification_date' ) ;
#1113 = ORIENTED_EDGE ( 'NONE', *, *, #541, .T. ) ;
#1114 = CARTESIAN_POINT ( 'NONE',  ( -24.94144721634178907, -60.00000000000000000, -13.32500000000000284 ) ) ;
#1115 = ADVANCED_FACE ( 'NONE', ( #1030 ), #571, .F. ) ;
#1116 = DIRECTION ( 'NONE',  ( -1.000000000000000000, 1.387778780781445429E-16, -0.000000000000000000 ) ) ;
#1117 = DIRECTION ( 'NONE',  ( 0.000000000000000000, 0.000000000000000000, -1.000000000000000000 ) ) ;
#1118 = ADVANCED_FACE ( 'NONE', ( #778 ), #1367, .F. ) ;
#1119 = ORIENTED_EDGE ( 'NONE', *, *, #929, .F. ) ;
#1120 = VECTOR ( 'NONE', #838, 1000.000000000000000 ) ;
#1121 = EDGE_LOOP ( 'NONE', ( #797, #912 ) ) ;
#1122 = CARTESIAN_POINT ( 'NONE',  ( -24.74999999999997158, -54.99999999999999289, -28.29779015821748445 ) ) ;
#1123 = FACE_OUTER_BOUND ( 'NONE', #1549, .T. ) ;
#1124 = DIRECTION ( 'NONE',  ( -0.7071067811865460184, 0.000000000000000000, 0.7071067811865490160 ) ) ;
#1125 = ORIENTED_EDGE ( 'NONE', *, *, #2, .F. ) ;
#1126 = CARTESIAN_POINT ( 'NONE',  ( 80.00000000000005684, -8.324999999999999289, -13.32500000000000284 ) ) ;
#1127 = ADVANCED_FACE ( 'NONE', ( #1138 ), #1263, .F. ) ;
#1128 = CARTESIAN_POINT ( 'NONE',  ( 80.00000000000004263, -16.40000000000000568, -89.96372021095663740 ) ) ;
#1129 = CARTESIAN_POINT ( 'NONE',  ( -17.75000000000000355, -55.00000000000002842, -71.79779015821748089 ) ) ;
#1130 = VERTEX_POINT ( 'NONE', #1143 ) ;
#1131 = AXIS2_PLACEMENT_3D ( 'NONE', #128, #612, #1601 ) ;
#1132 = CARTESIAN_POINT ( 'NONE',  ( -17.75000000000000355, -53.50000000000000711, -88.29779015821748089 ) ) ;
#1133 = ORIENTED_EDGE ( 'NONE', *, *, #162, .F. ) ;
#1134 = ADVANCED_FACE ( 'NONE', ( #165 ), #178, .F. ) ;
#1135 = VECTOR ( 'NONE', #1196, 1000.000000000000000 ) ;
#1136 = DIRECTION ( 'NONE',  ( -1.000000000000000000, 1.387778780781445429E-16, -0.000000000000000000 ) ) ;
#1137 = ORIENTED_EDGE ( 'NONE', *, *, #1373, .F. ) ;
#1138 = FACE_OUTER_BOUND ( 'NONE', #618, .T. ) ;
#1139 = ORIENTED_EDGE ( 'NONE', *, *, #425, .F. ) ;
#1140 = AXIS2_PLACEMENT_3D ( 'NONE', #1219, #974, #1355 ) ;
#1141 = DIRECTION ( 'NONE',  ( -1.000000000000000000, 0.000000000000000000, 0.000000000000000000 ) ) ;
#1142 = DIRECTION ( 'NONE',  ( -1.000000000000000000, 1.387778780781445429E-16, -0.000000000000000000 ) ) ;
#1143 = CARTESIAN_POINT ( 'NONE',  ( -17.75000000000000355, -10.32499999999998330, -23.30000000000000782 ) ) ;
#1144 = ORIENTED_EDGE ( 'NONE', *, *, #848, .T. ) ;
#1145 = EDGE_CURVE ( 'NONE', #1475, #1608, #1613, .T. ) ;
#1146 = DIRECTION ( 'NONE',  ( -1.000000000000000000, 0.000000000000000000, 0.000000000000000000 ) ) ;
#1147 = ORIENTED_EDGE ( 'NONE', *, *, #774, .F. ) ;
#1148 = CARTESIAN_POINT ( 'NONE',  ( -20.75000000000001066, -55.00000000000002842, -21.79779015821747379 ) ) ;
#1149 = ORIENTED_EDGE ( 'NONE', *, *, #503, .F. ) ;
#1150 = LINE ( 'NONE', #429, #964 ) ;
#1151 = ORIENTED_EDGE ( 'NONE', *, *, #1268, .T. ) ;
#1152 = ORIENTED_EDGE ( 'NONE', *, *, #1001, .T. ) ;
#1153 = DIRECTION ( 'NONE',  ( 0.000000000000000000, 1.000000000000000000, 0.000000000000000000 ) ) ;
#1154 = ORIENTED_EDGE ( 'NONE', *, *, #729, .T. ) ;
#1155 = DIRECTION ( 'NONE',  ( 0.000000000000000000, -1.000000000000000000, 0.000000000000000000 ) ) ;
#1156 = ORIENTED_EDGE ( 'NONE', *, *, #615, .T. ) ;
#1157 = DIRECTION ( 'NONE',  ( 1.000000000000000000, -1.387778780781445922E-16, 0.000000000000000000 ) ) ;
#1158 = AXIS2_PLACEMENT_3D ( 'NONE', #1265, #1518, #1387 ) ;
#1159 = LINE ( 'NONE', #1040, #1397 ) ;
#1160 = CIRCLE ( 'NONE', #807, 1.500000000000001332 ) ;
#1161 = ORIENTED_EDGE ( 'NONE', *, *, #1226, .F. ) ;
#1162 = CIRCLE ( 'NONE', #1198, 4.500000000000066613 ) ;
#1163 = EDGE_LOOP ( 'NONE', ( #881, #418, #1334, #544, #587, #537, #625, #564, #590, #869, #424, #1352 ) ) ;
#1164 = DIRECTION ( 'NONE',  ( 1.000000000000000000, -1.387778780781445676E-16, 0.000000000000000000 ) ) ;
#1165 = ADVANCED_FACE ( 'NONE', ( #659 ), #1506, .F. ) ;
#1166 = CIRCLE ( 'NONE', #1363, 1.500000000000001332 ) ;
#1167 = ORIENTED_EDGE ( 'NONE', *, *, #793, .T. ) ;
#1168 = CARTESIAN_POINT ( 'NONE',  ( 4.249999999999983125, -56.50000000000000000, -28.29779015821748445 ) ) ;
#1169 = ADVANCED_FACE ( 'NONE', ( #41 ), #539, .F. ) ;
#1170 = DIRECTION ( 'NONE',  ( -1.000000000000000000, 0.000000000000000000, 0.000000000000000000 ) ) ;
#1171 = EDGE_CURVE ( 'NONE', #1014, #1380, #1177, .T. ) ;
#1172 = DIRECTION ( 'NONE',  ( 0.000000000000000000, 0.000000000000000000, -1.000000000000000000 ) ) ;
#1173 = ORIENTED_EDGE ( 'NONE', *, *, #514, .F. ) ;
#1174 = DIRECTION ( 'NONE',  ( 0.000000000000000000, 0.000000000000000000, -1.000000000000000000 ) ) ;
#1175 = CARTESIAN_POINT ( 'NONE',  ( -17.75000000000000355, -55.00000000000003553, -123.2977901582174809 ) ) ;
#1176 = VERTEX_POINT ( 'NONE', #574 ) ;
#1177 = LINE ( 'NONE', #1428, #1259 ) ;
#1178 = ORIENTED_EDGE ( 'NONE', *, *, #1216, .F. ) ;
#1179 = CC_DESIGN_PERSON_AND_ORGANIZATION_ASSIGNMENT ( #87, #1553, ( #315 ) ) ;
#1180 = CARTESIAN_POINT ( 'NONE',  ( -17.75000000000000355, -55.00000000000000000, -28.29779015821748445 ) ) ;
#1181 = ORIENTED_EDGE ( 'NONE', *, *, #1285, .T. ) ;
#1182 = CIRCLE ( 'NONE', #542, 4.499999999999997335 ) ;
#1183 = DATE_AND_TIME ( #1053, #936 ) ;
#1184 = CARTESIAN_POINT ( 'NONE',  ( -24.74999999999997513, -54.99999999999999289, -58.29779015821748089 ) ) ;
#1185 = CARTESIAN_POINT ( 'NONE',  ( -19.55855278365825001, -8.324999999999985079, -16.32500000000000639 ) ) ;
#1186 = ORIENTED_EDGE ( 'NONE', *, *, #753, .T. ) ;
#1187 = CARTESIAN_POINT ( 'NONE',  ( -27.75000000000002132, -54.99999999999999289, -32.79779015821755195 ) ) ;
#1188 = CONICAL_SURFACE ( 'NONE', #207, 1.500000000000001332, 0.7853981633974504994 ) ;
#1189 = DIRECTION ( 'NONE',  ( -1.000000000000000000, 0.000000000000000000, 0.000000000000000000 ) ) ;
#1190 = EDGE_LOOP ( 'NONE', ( #740, #910 ) ) ;
#1191 = EDGE_CURVE ( 'NONE', #997, #595, #1083, .T. ) ;
#1192 = CARTESIAN_POINT ( 'NONE',  ( -19.55855278365828909, -60.00000000000000000, -16.32500000000000639 ) ) ;
#1193 = EDGE_LOOP ( 'NONE', ( #970, #500, #543, #1522 ) ) ;
#1194 = CARTESIAN_POINT ( 'NONE',  ( 80.00000000000005684, -8.325000000000013500, -133.2705803164349732 ) ) ;
#1195 = VECTOR ( 'NONE', #545, 1000.000000000000000 ) ;
#1196 = DIRECTION ( 'NONE',  ( 0.3162277660168379412, 6.569518770826194517E-17, 0.9486832980505138790 ) ) ;
#1197 = ORIENTED_EDGE ( 'NONE', *, *, #354, .T. ) ;
#1198 = AXIS2_PLACEMENT_3D ( 'NONE', #24, #1510, #680 ) ;
#1199 = DIRECTION ( 'NONE',  ( -1.000000000000000000, 0.000000000000000000, 0.000000000000000000 ) ) ;
#1200 = EDGE_CURVE ( 'NONE', #1224, #504, #1414, .T. ) ;
#1201 = CARTESIAN_POINT ( 'NONE',  ( -20.55855278365825001, -8.324999999999999289, -133.2705803164349732 ) ) ;
#1202 = CYLINDRICAL_SURFACE ( 'NONE', #664, 1.499999999999994449 ) ;
#1203 = ORIENTED_EDGE ( 'NONE', *, *, #873, .T. ) ;
#1204 = DIRECTION ( 'NONE',  ( 0.000000000000000000, 0.000000000000000000, -1.000000000000000000 ) ) ;
#1205 = AXIS2_PLACEMENT_3D ( 'NONE', #1316, #1548, #1586 ) ;
#1206 = DIRECTION ( 'NONE',  ( 0.000000000000000000, 1.000000000000000000, 0.000000000000000000 ) ) ;
#1207 = EDGE_CURVE ( 'NONE', #311, #893, #447, .T. ) ;
#1208 = CIRCLE ( 'NONE', #382, 1.499999999999987566 ) ;
#1209 = AXIS2_PLACEMENT_3D ( 'NONE', #1021, #660, #1047 ) ;
#1210 = CARTESIAN_POINT ( 'NONE',  ( -24.94144721634178907, -60.00000000000000000, -133.2705803164349732 ) ) ;
#1211 = VERTEX_POINT ( 'NONE', #312 ) ;
#1212 = DIRECTION ( 'NONE',  ( -1.000000000000000000, 0.000000000000000000, 0.000000000000000000 ) ) ;
#1213 = DIRECTION ( 'NONE',  ( 1.000000000000000000, -0.000000000000000000, -0.000000000000000000 ) ) ;
#1214 = ORIENTED_EDGE ( 'NONE', *, *, #1551, .F. ) ;
#1215 = DATE_AND_TIME ( #983, #1484 ) ;
#1216 = EDGE_CURVE ( 'NONE', #203, #311, #1584, .T. ) ;
#1217 = EDGE_LOOP ( 'NONE', ( #226, #322, #1173, #1032 ) ) ;
#1218 = DIRECTION ( 'NONE',  ( 0.000000000000000000, 0.000000000000000000, 1.000000000000000000 ) ) ;
#1219 = CARTESIAN_POINT ( 'NONE',  ( -24.94144721634174644, 3.144479452198270408, -133.2705803164349732 ) ) ;
#1220 = FACE_OUTER_BOUND ( 'NONE', #1501, .T. ) ;
#1221 = FACE_OUTER_BOUND ( 'NONE', #811, .T. ) ;
#1222 = EDGE_CURVE ( 'NONE', #489, #743, #484, .T. ) ;
#1223 = ORIENTED_EDGE ( 'NONE', *, *, #1582, .F. ) ;
#1224 = VERTEX_POINT ( 'NONE', #934 ) ;
#1225 = LINE ( 'NONE', #133, #403 ) ;
#1226 = EDGE_CURVE ( 'NONE', #681, #1176, #91, .T. ) ;
#1227 = FACE_BOUND ( 'NONE', #1121, .T. ) ;
#1228 = CARTESIAN_POINT ( 'NONE',  ( -27.75000000000001421, -10.32499999999998330, -23.30000000000000782 ) ) ;
#1229 = CARTESIAN_POINT ( 'NONE',  ( -24.75000000000003908, -54.99999999999999289, -88.29779015821748089 ) ) ;
#1230 = CALENDAR_DATE ( 2026, 2, 6 ) ;
#1231 = ORIENTED_EDGE ( 'NONE', *, *, #1292, .T. ) ;
#1232 = LINE ( 'NONE', #611, #1509 ) ;
#1233 = CARTESIAN_POINT ( 'NONE',  ( -20.75000000000001066, -55.00000000000002842, -73.29779015821748089 ) ) ;
#1234 = ADVANCED_FACE ( 'NONE', ( #102 ), #951, .F. ) ;
#1235 = ORIENTED_EDGE ( 'NONE', *, *, #1310, .T. ) ;
#1236 = CARTESIAN_POINT ( 'NONE',  ( -20.75000000000001066, -55.00000000000002842, -23.29779015821748089 ) ) ;
#1237 = ORIENTED_EDGE ( 'NONE', *, *, #1354, .T. ) ;
#1238 = CARTESIAN_POINT ( 'NONE',  ( -27.75000000000001776, -60.00000000000001421, -154.9955803164349675 ) ) ;
#1239 = EDGE_CURVE ( 'NONE', #481, #79, #1252, .T. ) ;
#1240 = LINE ( 'NONE', #8, #1465 ) ;
#1241 = CARTESIAN_POINT ( 'NONE',  ( -24.94144721634178907, -60.00000000000000000, -13.32500000000000284 ) ) ;
#1242 = FACE_BOUND ( 'NONE', #464, .T. ) ;
#1243 = DIRECTION ( 'NONE',  ( 0.000000000000000000, 0.000000000000000000, 1.000000000000000000 ) ) ;
#1244 = AXIS2_PLACEMENT_3D ( 'NONE', #1266, #426, #148 ) ;
#1245 = ORIENTED_EDGE ( 'NONE', *, *, #774, .T. ) ;
#1246 = DIRECTION ( 'NONE',  ( 0.000000000000000000, -0.000000000000000000, 1.000000000000000000 ) ) ;
#1247 = CARTESIAN_POINT ( 'NONE',  ( -17.75000000000001066, -60.00000000000000000, -133.2705803164349732 ) ) ;
#1248 = VERTEX_POINT ( 'NONE', #1187 ) ;
#1249 = DIRECTION ( 'NONE',  ( -0.3162277660168379412, 0.000000000000000000, 0.9486832980505138790 ) ) ;
#1250 = LINE ( 'NONE', #982, #113 ) ;
#1251 = ORIENTED_EDGE ( 'NONE', *, *, #1200, .F. ) ;
#1252 = CIRCLE ( 'NONE', #769, 1.500000000000001332 ) ;
#1253 = CIRCLE ( 'NONE', #511, 1.500000000000001332 ) ;
#1254 = DIRECTION ( 'NONE',  ( -1.000000000000000000, 1.387778780781445676E-16, 0.000000000000000000 ) ) ;
#1255 = EDGE_LOOP ( 'NONE', ( #450, #259, #358, #1133 ) ) ;
#1256 = FACE_OUTER_BOUND ( 'NONE', #669, .T. ) ;
#1257 = AXIS2_PLACEMENT_3D ( 'NONE', #118, #754, #241 ) ;
#1258 = EDGE_CURVE ( 'NONE', #900, #1309, #1160, .T. ) ;
#1259 = VECTOR ( 'NONE', #1299, 1000.000000000000000 ) ;
#1260 = AXIS2_PLACEMENT_3D ( 'NONE', #491, #1141, #1015 ) ;
#1261 = DIRECTION ( 'NONE',  ( -1.000000000000000000, 0.000000000000000000, 0.000000000000000000 ) ) ;
#1262 = EDGE_LOOP ( 'NONE', ( #278, #602, #54, #1023, #215 ) ) ;
#1263 = PLANE ( 'NONE',  #236 ) ;
#1264 = AXIS2_PLACEMENT_3D ( 'NONE', #32, #1034, #800 ) ;
#1265 = CARTESIAN_POINT ( 'NONE',  ( -20.75000000000001066, -55.00000000000003553, -123.2977901582174809 ) ) ;
#1266 = CARTESIAN_POINT ( 'NONE',  ( 80.00000000000004263, -16.40000000000000213, -56.63186010547832439 ) ) ;
#1267 = EDGE_LOOP ( 'NONE', ( #1003, #1038 ) ) ;
#1268 = EDGE_CURVE ( 'NONE', #855, #1070, #329, .T. ) ;
#1269 = DIRECTION ( 'NONE',  ( -1.000000000000000000, 0.000000000000000000, 0.000000000000000000 ) ) ;
#1270 = VERTEX_POINT ( 'NONE', #565 ) ;
#1271 = DIRECTION ( 'NONE',  ( 1.000000000000000000, -1.387778780781445922E-16, 0.000000000000000000 ) ) ;
#1272 = ORIENTED_EDGE ( 'NONE', *, *, #1395, .F. ) ;
#1273 = AXIS2_PLACEMENT_3D ( 'NONE', #104, #1450, #83 ) ;
#1274 = CARTESIAN_POINT ( 'NONE',  ( -24.74999999999997513, -56.49999999999999289, -58.29779015821748089 ) ) ;
#1275 = PLANE ( 'NONE',  #421 ) ;
#1276 = ORIENTED_EDGE ( 'NONE', *, *, #151, .T. ) ;
#1277 = DIRECTION ( 'NONE',  ( -0.3162277660168379412, 2.194270917860436355E-15, -0.9486832980505138790 ) ) ;
#1278 = VECTOR ( 'NONE', #1304, 1000.000000000000000 ) ;
#1279 = ORIENTED_EDGE ( 'NONE', *, *, #873, .F. ) ;
#1280 = DIRECTION ( 'NONE',  ( 0.000000000000000000, -1.000000000000000000, 0.000000000000000000 ) ) ;
#1281 = VECTOR ( 'NONE', #540, 1000.000000000000000 ) ;
#1282 = ORIENTED_EDGE ( 'NONE', *, *, #1222, .T. ) ;
#1283 = ORIENTED_EDGE ( 'NONE', *, *, #673, .T. ) ;
#1284 = DIRECTION ( 'NONE',  ( 0.000000000000000000, 0.000000000000000000, -1.000000000000000000 ) ) ;
#1285 = EDGE_CURVE ( 'NONE', #330, #530, #1074, .T. ) ;
#1286 = DIRECTION ( 'NONE',  ( -1.000000000000000000, 1.387778780781445429E-16, 0.000000000000000000 ) ) ;
#1287 = ORIENTED_EDGE ( 'NONE', *, *, #1239, .F. ) ;
#1288 = LINE ( 'NONE', #1514, #112 ) ;
#1289 = EDGE_CURVE ( 'NONE', #445, #290, #1063, .T. ) ;
#1290 = AXIS2_PLACEMENT_3D ( 'NONE', #293, #150, #1523 ) ;
#1291 = AXIS2_PLACEMENT_3D ( 'NONE', #1180, #1557, #720 ) ;
#1292 = EDGE_CURVE ( 'NONE', #855, #1211, #1345, .T. ) ;
#1293 = ORIENTED_EDGE ( 'NONE', *, *, #1405, .T. ) ;
#1294 = FACE_OUTER_BOUND ( 'NONE', #367, .T. ) ;
#1295 = DATE_AND_TIME ( #930, #651 ) ;
#1296 = AXIS2_PLACEMENT_3D ( 'NONE', #1371, #18, #155 ) ;
#1297 = LINE ( 'NONE', #796, #202 ) ;
#1298 = ORIENTED_EDGE ( 'NONE', *, *, #1400, .F. ) ;
#1299 = DIRECTION ( 'NONE',  ( 1.000000000000000000, -0.000000000000000000, -0.000000000000000000 ) ) ;
#1300 = ORIENTED_EDGE ( 'NONE', *, *, #889, .F. ) ;
#1301 = DIRECTION ( 'NONE',  ( -1.000000000000000000, 1.387778780781445429E-16, 0.000000000000000000 ) ) ;
#1302 = EDGE_LOOP ( 'NONE', ( #697, #296 ) ) ;
#1303 = SECURITY_CLASSIFICATION_LEVEL ( 'unclassified' ) ;
#1304 = DIRECTION ( 'NONE',  ( -6.938893903907223447E-16, -1.000000000000000000, -0.000000000000000000 ) ) ;
#1305 = ORIENTED_EDGE ( 'NONE', *, *, #1527, .F. ) ;
#1306 = DIRECTION ( 'NONE',  ( -1.000000000000000000, 1.387778780781445429E-16, -0.000000000000000000 ) ) ;
#1307 = LINE ( 'NONE', #349, #1350 ) ;
#1308 = AXIS2_PLACEMENT_3D ( 'NONE', #1105, #1600, #758 ) ;
#1309 = VERTEX_POINT ( 'NONE', #926 ) ;
#1310 = EDGE_CURVE ( 'NONE', #663, #301, #209, .T. ) ;
#1311 = CARTESIAN_POINT ( 'NONE',  ( -17.75000000000000355, -55.00000000000002842, -73.29779015821748089 ) ) ;
#1312 = CARTESIAN_POINT ( 'NONE',  ( 80.00000000000004263, -16.39999999999999858, -23.30000000000000782 ) ) ;
#1313 = DIRECTION ( 'NONE',  ( -1.000000000000000000, 1.387778780781445429E-16, -0.000000000000000000 ) ) ;
#1314 = VERTEX_POINT ( 'NONE', #828 ) ;
#1315 = CARTESIAN_POINT ( 'NONE',  ( -17.75000000000000355, -55.00000000000000000, -118.2977901582174809 ) ) ;
#1316 = CARTESIAN_POINT ( 'NONE',  ( -20.55855278365824290, 3.144479452198270408, -133.2705803164349732 ) ) ;
#1317 = EDGE_CURVE ( 'NONE', #662, #1270, #705, .T. ) ;
#1318 = DIRECTION ( 'NONE',  ( -0.7071067811865460184, 8.659560562354953812E-17, -0.7071067811865490160 ) ) ;
#1319 = CARTESIAN_POINT ( 'NONE',  ( -24.94144721634175355, -8.324999999999999289, -133.2705803164349732 ) ) ;
#1320 = DIRECTION ( 'NONE',  ( -1.000000000000000000, 0.000000000000000000, 0.000000000000000000 ) ) ;
#1321 = VERTEX_POINT ( 'NONE', #465 ) ;
#1322 = CARTESIAN_POINT ( 'NONE',  ( -24.74999999999997158, -54.99999999999999289, -28.29779015821748445 ) ) ;
#1323 = EDGE_CURVE ( 'NONE', #568, #504, #1440, .T. ) ;
#1324 = AXIS2_PLACEMENT_3D ( 'NONE', #78, #833, #1172 ) ;
#1325 = FACE_OUTER_BOUND ( 'NONE', #700, .T. ) ;
#1326 = ORIENTED_EDGE ( 'NONE', *, *, #848, .F. ) ;
#1327 = VERTEX_POINT ( 'NONE', #1247 ) ;
#1328 = DIRECTION ( 'NONE',  ( -6.938893903907223447E-16, -1.000000000000000000, -0.000000000000000000 ) ) ;
#1329 = ADVANCED_FACE ( 'NONE', ( #980 ), #1358, .F. ) ;
#1330 = DIRECTION ( 'NONE',  ( -6.938893903907223447E-16, -1.000000000000000000, -0.000000000000000000 ) ) ;
#1331 = CARTESIAN_POINT ( 'NONE',  ( -27.75000000000002132, -54.99999999999999289, -113.7977901582174809 ) ) ;
#1332 = ORIENTED_EDGE ( 'NONE', *, *, #333, .T. ) ;
#1333 = AXIS2_PLACEMENT_3D ( 'NONE', #872, #398, #392 ) ;
#1334 = ORIENTED_EDGE ( 'NONE', *, *, #722, .T. ) ;
#1335 = CARTESIAN_POINT ( 'NONE',  ( -17.75000000000000355, -55.00000000000003553, -124.7977901582174667 ) ) ;
#1336 = CARTESIAN_POINT ( 'NONE',  ( -24.75000000000003553, -54.99999999999999289, -86.79779015821748089 ) ) ;
#1337 = VECTOR ( 'NONE', #888, 1000.000000000000114 ) ;
#1338 = CARTESIAN_POINT ( 'NONE',  ( -24.74999999999997158, -54.99999999999999289, -28.29779015821748445 ) ) ;
#1339 = VERTEX_POINT ( 'NONE', #3 ) ;
#1340 = CARTESIAN_POINT ( 'NONE',  ( -24.75000000000003908, -54.99999999999999289, -88.29779015821748089 ) ) ;
#1341 = FACE_BOUND ( 'NONE', #185, .T. ) ;
#1342 = ORIENTED_EDGE ( 'NONE', *, *, #880, .T. ) ;
#1343 = DIRECTION ( 'NONE',  ( 0.000000000000000000, -1.000000000000000000, 0.000000000000000000 ) ) ;
#1344 = VERTEX_POINT ( 'NONE', #733 ) ;
#1345 = CIRCLE ( 'NONE', #374, 1.500000000000001332 ) ;
#1346 = MECHANICAL_CONTEXT ( 'NONE', #1479, 'mechanical' ) ;
#1347 = EDGE_CURVE ( 'NONE', #803, #44, #258, .T. ) ;
#1348 = CARTESIAN_POINT ( 'NONE',  ( -20.75000000000001066, -55.00000000000002842, -73.29779015821748089 ) ) ;
#1349 = LINE ( 'NONE', #999, #441 ) ;
#1350 = VECTOR ( 'NONE', #224, 1000.000000000000000 ) ;
#1351 = EDGE_CURVE ( 'NONE', #997, #806, #1066, .T. ) ;
#1352 = ORIENTED_EDGE ( 'NONE', *, *, #1033, .T. ) ;
#1353 = CARTESIAN_POINT ( 'NONE',  ( -17.75000000000000355, -16.39999999999999503, -123.2955803164349646 ) ) ;
#1354 = EDGE_CURVE ( 'NONE', #1463, #101, #117, .T. ) ;
#1355 = DIRECTION ( 'NONE',  ( 1.000000000000000000, 0.000000000000000000, -0.000000000000000000 ) ) ;
#1356 = DIRECTION ( 'NONE',  ( -1.000000000000000000, 0.000000000000000000, 0.000000000000000000 ) ) ;
#1357 = CARTESIAN_POINT ( 'NONE',  ( -19.55855278365828909, -60.00000000000000000, -130.2705803164349447 ) ) ;
#1358 = CYLINDRICAL_SURFACE ( 'NONE', #158, 1.500000000000001332 ) ;
#1359 = ORIENTED_EDGE ( 'NONE', *, *, #674, .T. ) ;
#1360 = ADVANCED_FACE ( 'NONE', ( #141 ), #967, .F. ) ;
#1361 = CARTESIAN_POINT ( 'NONE',  ( 80.00000000000004263, -10.32499999999999751, -23.30000000000000782 ) ) ;
#1362 = ORIENTED_EDGE ( 'NONE', *, *, #1004, .F. ) ;
#1363 = AXIS2_PLACEMENT_3D ( 'NONE', #549, #1374, #909 ) ;
#1364 = DIRECTION ( 'NONE',  ( -1.000000000000000000, 0.000000000000000000, 0.000000000000000000 ) ) ;
#1365 = ORIENTED_EDGE ( 'NONE', *, *, #647, .F. ) ;
#1366 = DIRECTION ( 'NONE',  ( 1.000000000000000000, -0.000000000000000000, -0.000000000000000000 ) ) ;
#1367 = CYLINDRICAL_SURFACE ( 'NONE', #1477, 1.500000000000001332 ) ;
#1368 = ORIENTED_EDGE ( 'NONE', *, *, #1051, .F. ) ;
#1369 = VECTOR ( 'NONE', #1421, 1000.000000000000000 ) ;
#1370 = AXIS2_PLACEMENT_3D ( 'NONE', #336, #214, #713 ) ;
#1371 = CARTESIAN_POINT ( 'NONE',  ( -27.75000000000002132, -54.99999999999999289, -58.29779015821748089 ) ) ;
#1372 = ORIENTED_EDGE ( 'NONE', *, *, #333, .F. ) ;
#1373 = EDGE_CURVE ( 'NONE', #70, #1463, #483, .T. ) ;
#1374 = DIRECTION ( 'NONE',  ( -1.000000000000000000, 0.000000000000000000, 0.000000000000000000 ) ) ;
#1375 = ORIENTED_EDGE ( 'NONE', *, *, #1011, .T. ) ;
#1376 = PLANE ( 'NONE',  #1158 ) ;
#1377 = DIRECTION ( 'NONE',  ( -1.000000000000000000, 0.000000000000000000, 0.000000000000000000 ) ) ;
#1378 = ORIENTED_EDGE ( 'NONE', *, *, #36, .T. ) ;
#1379 = CARTESIAN_POINT ( 'NONE',  ( -50.46097658963806509, -8.324999999999985079, -56.71199219654604917 ) ) ;
#1380 = VERTEX_POINT ( 'NONE', #1129 ) ;
#1381 = DIRECTION ( 'NONE',  ( -1.387778780781445676E-16, -1.000000000000000000, 1.155081008495165429E-16 ) ) ;
#1382 = DIRECTION ( 'NONE',  ( -1.000000000000000000, 1.387778780781445676E-16, -0.000000000000000000 ) ) ;
#1383 = PRODUCT_DEFINITION ( 'UNKNOWN', '', #88, #423 ) ;
#1384 = EDGE_LOOP ( 'NONE', ( #1197, #1359 ) ) ;
#1385 = ORIENTED_EDGE ( 'NONE', *, *, #824, .T. ) ;
#1386 = AXIS2_PLACEMENT_3D ( 'NONE', #1348, #760, #1469 ) ;
#1387 = DIRECTION ( 'NONE',  ( 0.000000000000000000, 0.000000000000000000, -1.000000000000000000 ) ) ;
#1388 = CC_DESIGN_SECURITY_CLASSIFICATION ( #711, ( #88 ) ) ;
#1389 = LINE ( 'NONE', #781, #239 ) ;
#1390 = EDGE_LOOP ( 'NONE', ( #1026, #1505, #1471, #364 ) ) ;
#1391 = DIRECTION ( 'NONE',  ( 0.000000000000000000, 0.000000000000000000, -1.000000000000000000 ) ) ;
#1392 = ORIENTED_EDGE ( 'NONE', *, *, #667, .F. ) ;
#1393 = DIRECTION ( 'NONE',  ( -6.938893903907223447E-16, -1.000000000000000000, -0.000000000000000000 ) ) ;
#1394 = ORIENTED_EDGE ( 'NONE', *, *, #1373, .T. ) ;
#1395 = EDGE_CURVE ( 'NONE', #730, #203, #1457, .T. ) ;
#1396 = CIRCLE ( 'NONE', #656, 1.500000000000001332 ) ;
#1397 = VECTOR ( 'NONE', #195, 1000.000000000000000 ) ;
#1398 = DIRECTION ( 'NONE',  ( 1.000000000000000000, 0.000000000000000000, -0.000000000000000000 ) ) ;
#1399 = EDGE_LOOP ( 'NONE', ( #1149, #1375, #584, #690, #1147 ) ) ;
#1400 = EDGE_CURVE ( 'NONE', #897, #743, #351, .T. ) ;
#1401 = DIRECTION ( 'NONE',  ( 1.000000000000000000, -0.000000000000000000, -0.000000000000000000 ) ) ;
#1402 = AXIS2_PLACEMENT_3D ( 'NONE', #1122, #140, #744 ) ;
#1403 = ORIENTED_EDGE ( 'NONE', *, *, #93, .F. ) ;
#1404 = FACE_OUTER_BOUND ( 'NONE', #958, .T. ) ;
#1405 = EDGE_CURVE ( 'NONE', #1611, #188, #875, .T. ) ;
#1406 = ORIENTED_EDGE ( 'NONE', *, *, #436, .T. ) ;
#1407 = CARTESIAN_POINT ( 'NONE',  ( -27.75000000000002132, -54.99999999999999289, -23.79779015821741694 ) ) ;
#1408 = EDGE_CURVE ( 'NONE', #489, #375, #988, .T. ) ;
#1409 = DIRECTION ( 'NONE',  ( 0.000000000000000000, 0.000000000000000000, 1.000000000000000000 ) ) ;
#1410 = ORIENTED_EDGE ( 'NONE', *, *, #257, .T. ) ;
#1411 = CIRCLE ( 'NONE', #1441, 1.500000000000001332 ) ;
#1412 = DIRECTION ( 'NONE',  ( -1.000000000000000000, 0.000000000000000000, 0.000000000000000000 ) ) ;
#1413 = ORIENTED_EDGE ( 'NONE', *, *, #1226, .T. ) ;
#1414 = LINE ( 'NONE', #222, #410 ) ;
#1415 = ADVANCED_FACE ( 'NONE', ( #387 ), #996, .F. ) ;
#1416 = VERTEX_POINT ( 'NONE', #252 ) ;
#1417 = AXIS2_PLACEMENT_3D ( 'NONE', #129, #634, #1100 ) ;
#1418 = DIRECTION ( 'NONE',  ( -1.000000000000000000, 0.000000000000000000, 0.000000000000000000 ) ) ;
#1419 = CC_DESIGN_APPROVAL ( #134, ( #711 ) ) ;
#1420 = ORIENTED_EDGE ( 'NONE', *, *, #1534, .T. ) ;
#1421 = DIRECTION ( 'NONE',  ( -0.7071067811865459074, 0.000000000000000000, 0.7071067811865491270 ) ) ;
#1422 = LINE ( 'NONE', #179, #1543 ) ;
#1423 = AXIS2_PLACEMENT_3D ( 'NONE', #636, #616, #20 ) ;
#1424 = DIRECTION ( 'NONE',  ( -1.000000000000000000, 0.000000000000000000, 0.000000000000000000 ) ) ;
#1425 = CARTESIAN_POINT ( 'NONE',  ( -24.74999999999997513, -54.99999999999999289, -56.79779015821748089 ) ) ;
#1426 = CARTESIAN_POINT ( 'NONE',  ( -20.75000000000001066, -55.00000000000002842, -73.29779015821748089 ) ) ;
#1427 = CYLINDRICAL_SURFACE ( 'NONE', #270, 1.500000000000001332 ) ;
#1428 = CARTESIAN_POINT ( 'NONE',  ( -20.75000000000001066, -55.00000000000002842, -71.79779015821748089 ) ) ;
#1429 = ORIENTED_EDGE ( 'NONE', *, *, #598, .T. ) ;
#1430 = ADVANCED_FACE ( 'NONE', ( #231 ), #752, .F. ) ;
#1431 = DIRECTION ( 'NONE',  ( -6.938893903907223447E-16, -1.000000000000000000, -0.000000000000000000 ) ) ;
#1432 = AXIS2_PLACEMENT_3D ( 'NONE', #1583, #476, #229 ) ;
#1433 = ORIENTED_EDGE ( 'NONE', *, *, #7, .F. ) ;
#1434 = PERSON ( 'UNSPECIFIED', 'UNSPECIFIED', 'UNSPECIFIED', ('UNSPECIFIED'), ('UNSPECIFIED'), ('UNSPECIFIED') ) ;
#1435 = ADVANCED_FACE ( 'NONE', ( #1341, #739, #1227, #121, #614, #246, #1242, #136, #879, #629, #1109, #1603 ), #493, .F. ) ;
#1436 = APPROVAL_STATUS ( 'not_yet_approved' ) ;
#1437 = CARTESIAN_POINT ( 'NONE',  ( -27.75000000000002132, -54.99999999999999289, -92.79779015821748089 ) ) ;
#1438 = PLANE ( 'NONE',  #1370 ) ;
#1439 = EDGE_LOOP ( 'NONE', ( #1305, #340, #1065, #35, #1524 ) ) ;
#1440 = LINE ( 'NONE', #339, #1120 ) ;
#1441 = AXIS2_PLACEMENT_3D ( 'NONE', #1229, #1461, #332 ) ;
#1442 = CARTESIAN_POINT ( 'NONE',  ( -24.75000000000003908, -53.50000000000000000, -88.29779015821748089 ) ) ;
#1443 = CARTESIAN_POINT ( 'NONE',  ( -17.75000000000000355, -8.324999999999988631, -50.99019513592786268 ) ) ;
#1444 = ORIENTED_EDGE ( 'NONE', *, *, #475, .F. ) ;
#1445 = CONICAL_SURFACE ( 'NONE', #309, 1.500000000000001332, 0.7853981633974504994 ) ;
#1446 = EDGE_CURVE ( 'NONE', #1130, #1611, #30, .T. ) ;
#1447 = CARTESIAN_POINT ( 'NONE',  ( -24.74999999999997158, -54.99999999999999289, -28.29779015821748445 ) ) ;
#1448 = DIRECTION ( 'NONE',  ( 1.000000000000000000, -1.087107734130262158E-15, -0.000000000000000000 ) ) ;
#1449 = AXIS2_PLACEMENT_3D ( 'NONE', #361, #508, #116 ) ;
#1450 = DIRECTION ( 'NONE',  ( -1.000000000000000000, 1.387778780781445429E-16, 0.000000000000000000 ) ) ;
#1451 = ORIENTED_EDGE ( 'NONE', *, *, #834, .F. ) ;
#1452 = AXIS2_PLACEMENT_3D ( 'NONE', #157, #920, #804 ) ;
#1453 = EDGE_CURVE ( 'NONE', #893, #530, #1389, .T. ) ;
#1454 = CARTESIAN_POINT ( 'NONE',  ( -17.75000000000000355, -16.39999999999998792, -56.63186010547832439 ) ) ;
#1455 = CARTESIAN_POINT ( 'NONE',  ( -24.94144721634174644, 3.144479452198270408, -13.32500000000000284 ) ) ;
#1456 = ORIENTED_EDGE ( 'NONE', *, *, #763, .T. ) ;
#1457 = LINE ( 'NONE', #1488, #56 ) ;
#1458 = EDGE_CURVE ( 'NONE', #1248, #693, #709, .T. ) ;
#1459 = EDGE_CURVE ( 'NONE', #438, #142, #1002, .T. ) ;
#1460 = CARTESIAN_POINT ( 'NONE',  ( -17.75000000000000355, -16.39999999999998437, -23.30000000000000782 ) ) ;
#1461 = DIRECTION ( 'NONE',  ( -1.000000000000000000, 0.000000000000000000, 0.000000000000000000 ) ) ;
#1462 = VERTEX_POINT ( 'NONE', #887 ) ;
#1463 = VERTEX_POINT ( 'NONE', #668 ) ;
#1464 = CONICAL_SURFACE ( 'NONE', #971, 1.500000000000001332, 0.7853981633974506105 ) ;
#1465 = VECTOR ( 'NONE', #751, 1000.000000000000000 ) ;
#1466 = DIRECTION ( 'NONE',  ( 1.000000000000000000, -2.470629693798734181E-15, -0.000000000000000000 ) ) ;
#1467 = EDGE_CURVE ( 'NONE', #1462, #1525, #47, .T. ) ;
#1468 = LINE ( 'NONE', #1455, #1106 ) ;
#1469 = DIRECTION ( 'NONE',  ( 0.000000000000000000, 0.000000000000000000, -1.000000000000000000 ) ) ;
#1470 = DIRECTION ( 'NONE',  ( -1.000000000000000000, 0.000000000000000000, 0.000000000000000000 ) ) ;
#1471 = ORIENTED_EDGE ( 'NONE', *, *, #1285, .F. ) ;
#1472 = CIRCLE ( 'NONE', #702, 1.499999999999987566 ) ;
#1473 = COORDINATED_UNIVERSAL_TIME_OFFSET ( 1, 0, .AHEAD. ) ;
#1474 = PERSON_AND_ORGANIZATION ( #1434, #138 ) ;
#1475 = VERTEX_POINT ( 'NONE', #791 ) ;
#1476 = LINE ( 'NONE', #1612, #433 ) ;
#1477 = AXIS2_PLACEMENT_3D ( 'NONE', #642, #1532, #1280 ) ;
#1478 = DIRECTION ( 'NONE',  ( 0.000000000000000000, 0.000000000000000000, -1.000000000000000000 ) ) ;
#1479 = APPLICATION_CONTEXT ( 'configuration controlled 3d designs of mechanical parts and assemblies' ) ;
#1480 = DIRECTION ( 'NONE',  ( -1.000000000000000000, 0.000000000000000000, 0.000000000000000000 ) ) ;
#1481 = CARTESIAN_POINT ( 'NONE',  ( -20.55855278365828909, -60.00000000000000000, -13.32500000000000284 ) ) ;
#1482 = LINE ( 'NONE', #319, #1281 ) ;
#1483 = VECTOR ( 'NONE', #1124, 1000.000000000000114 ) ;
#1484 = LOCAL_TIME ( 10, 37, 35.00000000000000000, #1473 ) ;
#1485 = ORIENTED_EDGE ( 'NONE', *, *, #268, .T. ) ;
#1486 = DIRECTION ( 'NONE',  ( -0.000000000000000000, 1.000000000000000000, 0.000000000000000000 ) ) ;
#1487 = DIRECTION ( 'NONE',  ( 0.000000000000000000, 0.000000000000000000, 1.000000000000000000 ) ) ;
#1488 = CARTESIAN_POINT ( 'NONE',  ( -25.94144721634174644, 3.144479452198277514, -16.32500000000000639 ) ) ;
#1489 = CARTESIAN_POINT ( 'NONE',  ( -10.53269750529242721, -8.324999999999990408, -43.40256583509749788 ) ) ;
#1490 = VECTOR ( 'NONE', #1330, 1000.000000000000000 ) ;
#1491 = AXIS2_PLACEMENT_3D ( 'NONE', #1581, #369, #732 ) ;
#1492 = EDGE_CURVE ( 'NONE', #1416, #1014, #862, .T. ) ;
#1493 = DIRECTION ( 'NONE',  ( -1.000000000000000000, 0.000000000000000000, 0.000000000000000000 ) ) ;
#1494 = ORIENTED_EDGE ( 'NONE', *, *, #944, .T. ) ;
#1495 = DIRECTION ( 'NONE',  ( 1.000000000000000000, 0.000000000000000000, 0.000000000000000000 ) ) ;
#1496 = CARTESIAN_POINT ( 'NONE',  ( -20.75000000000001066, -55.00000000000002842, -21.79779015821747379 ) ) ;
#1497 = CARTESIAN_POINT ( 'NONE',  ( -17.75000000000000355, -16.39999999999998437, -23.30000000000000782 ) ) ;
#1498 = ORIENTED_EDGE ( 'NONE', *, *, #125, .F. ) ;
#1499 = CYLINDRICAL_SURFACE ( 'NONE', #854, 1.499999999999994449 ) ;
#1500 = CC_DESIGN_APPROVAL ( #1565, ( #1383 ) ) ;
#1501 = EDGE_LOOP ( 'NONE', ( #789, #62, #609, #551, #1125 ) ) ;
#1502 = ADVANCED_FACE ( 'NONE', ( #654 ), #1528, .F. ) ;
#1503 = CIRCLE ( 'NONE', #478, 4.499999999999997335 ) ;
#1504 = DIRECTION ( 'NONE',  ( 1.000000000000000000, -1.387778780781445922E-16, 0.000000000000000000 ) ) ;
#1505 = ORIENTED_EDGE ( 'NONE', *, *, #1453, .T. ) ;
#1506 = PLANE ( 'NONE',  #230 ) ;
#1507 = ADVANCED_FACE ( 'NONE', ( #273 ), #1275, .F. ) ;
#1508 = ORIENTED_EDGE ( 'NONE', *, *, #841, .F. ) ;
#1509 = VECTOR ( 'NONE', #871, 1000.000000000000000 ) ;
#1510 = DIRECTION ( 'NONE',  ( 1.000000000000000000, -1.387778780781445922E-16, 0.000000000000000000 ) ) ;
#1511 = EDGE_LOOP ( 'NONE', ( #1444, #1392 ) ) ;
#1512 = LINE ( 'NONE', #437, #1278 ) ;
#1513 = VERTEX_POINT ( 'NONE', #1016 ) ;
#1514 = CARTESIAN_POINT ( 'NONE',  ( -24.94144721634174644, 3.144479452198270408, -133.2705803164349732 ) ) ;
#1515 = VERTEX_POINT ( 'NONE', #892 ) ;
#1516 = EDGE_CURVE ( 'NONE', #1211, #855, #1094, .T. ) ;
#1517 = CIRCLE ( 'NONE', #569, 1.500000000000001332 ) ;
#1518 = DIRECTION ( 'NONE',  ( 1.000000000000000000, 0.000000000000000000, 0.000000000000000000 ) ) ;
#1519 = CARTESIAN_POINT ( 'NONE',  ( -17.75000000000000355, -55.00000000000002842, -74.79779015821748089 ) ) ;
#1520 = ORIENTED_EDGE ( 'NONE', *, *, #180, .T. ) ;
#1521 = DIRECTION ( 'NONE',  ( -1.000000000000000000, 0.000000000000000000, 0.000000000000000000 ) ) ;
#1522 = ORIENTED_EDGE ( 'NONE', *, *, #1317, .F. ) ;
#1523 = DIRECTION ( 'NONE',  ( 0.000000000000000000, 0.000000000000000000, 1.000000000000000000 ) ) ;
#1524 = ORIENTED_EDGE ( 'NONE', *, *, #1258, .T. ) ;
#1525 = VERTEX_POINT ( 'NONE', #38 ) ;
#1526 =( GEOMETRIC_REPRESENTATION_CONTEXT ( 3 ) GLOBAL_UNCERTAINTY_ASSIGNED_CONTEXT ( ( #922 ) ) GLOBAL_UNIT_ASSIGNED_CONTEXT ( ( #307, #58, #553 ) ) REPRESENTATION_CONTEXT ( 'NONE', 'WORKASPACE' ) );
#1527 = EDGE_CURVE ( 'NONE', #168, #1309, #160, .T. ) ;
#1528 = CYLINDRICAL_SURFACE ( 'NONE', #1244, 6.074999999999997513 ) ;
#1529 = ORIENTED_EDGE ( 'NONE', *, *, #143, .F. ) ;
#1530 = CARTESIAN_POINT ( 'NONE',  ( -24.75000000000003553, -54.99999999999999289, -119.7977901582174809 ) ) ;
#1531 = VERTEX_POINT ( 'NONE', #1519 ) ;
#1532 = DIRECTION ( 'NONE',  ( -1.000000000000000000, 1.387778780781445429E-16, -0.000000000000000000 ) ) ;
#1533 = ORIENTED_EDGE ( 'NONE', *, *, #313, .T. ) ;
#1534 = EDGE_CURVE ( 'NONE', #1017, #188, #984, .T. ) ;
#1535 = CIRCLE ( 'NONE', #327, 1.499999999999987566 ) ;
#1536 = ORIENTED_EDGE ( 'NONE', *, *, #1085, .F. ) ;
#1537 = PLANE ( 'NONE',  #1452 ) ;
#1538 = AXIS2_PLACEMENT_3D ( 'NONE', #404, #913, #170 ) ;
#1539 = ORIENTED_EDGE ( 'NONE', *, *, #1051, .T. ) ;
#1540 = AXIS2_PLACEMENT_3D ( 'NONE', #486, #1111, #509 ) ;
#1541 = DIRECTION ( 'NONE',  ( -1.000000000000000000, 0.000000000000000000, 0.000000000000000000 ) ) ;
#1542 = APPLICATION_PROTOCOL_DEFINITION ( 'international standard', 'config_control_design', 1994, #738 ) ;
#1543 = VECTOR ( 'NONE', #550, 1000.000000000000114 ) ;
#1544 = CARTESIAN_POINT ( 'NONE',  ( -17.75000000000000355, -53.50000000000000000, -28.29779015821748445 ) ) ;
#1545 = EDGE_LOOP ( 'NONE', ( #850, #1385 ) ) ;
#1546 = EDGE_CURVE ( 'NONE', #1344, #792, #261, .T. ) ;
#1547 = CARTESIAN_POINT ( 'NONE',  ( -24.75000000000003908, -54.99999999999999289, -88.29779015821748089 ) ) ;
#1548 = DIRECTION ( 'NONE',  ( 0.9486832980505138790, -6.582812753581311037E-16, -0.3162277660168379412 ) ) ;
#1549 = EDGE_LOOP ( 'NONE', ( #715, #658, #1456, #860 ) ) ;
#1550 = DIRECTION ( 'NONE',  ( -6.938893903907223447E-16, -1.000000000000000000, -0.000000000000000000 ) ) ;
#1551 = EDGE_CURVE ( 'NONE', #693, #1248, #1162, .T. ) ;
#1552 = AXIS2_PLACEMENT_3D ( 'NONE', #746, #1480, #776 ) ;
#1553 = PERSON_AND_ORGANIZATION_ROLE ( 'design_owner' ) ;
#1554 = LOCAL_TIME ( 10, 37, 35.00000000000000000, #742 ) ;
#1555 = DIRECTION ( 'NONE',  ( 0.000000000000000000, 0.000000000000000000, 1.000000000000000000 ) ) ;
#1556 = CARTESIAN_POINT ( 'NONE',  ( -19.55855278365828909, -60.00000000000000000, -130.2705803164349447 ) ) ;
#1557 = DIRECTION ( 'NONE',  ( -1.000000000000000000, 0.000000000000000000, 0.000000000000000000 ) ) ;
#1558 = EDGE_CURVE ( 'NONE', #1176, #708, #284, .T. ) ;
#1559 = ORIENTED_EDGE ( 'NONE', *, *, #268, .F. ) ;
#1560 = LINE ( 'NONE', #830, #927 ) ;
#1561 = CARTESIAN_POINT ( 'NONE',  ( -25.94144721634174644, 3.144479452198277514, -130.2705803164349447 ) ) ;
#1562 = PERSON_AND_ORGANIZATION ( #1434, #138 ) ;
#1563 = VECTOR ( 'NONE', #585, 1000.000000000000000 ) ;
#1564 = DIRECTION ( 'NONE',  ( 0.000000000000000000, 0.000000000000000000, -1.000000000000000000 ) ) ;
#1565 = APPROVAL ( #1436, 'UNSPECIFIED' ) ;
#1566 = DIRECTION ( 'NONE',  ( 0.000000000000000000, -1.000000000000000000, 0.000000000000000000 ) ) ;
#1567 = LINE ( 'NONE', #462, #771 ) ;
#1568 = ORIENTED_EDGE ( 'NONE', *, *, #187, .F. ) ;
#1569 = DIRECTION ( 'NONE',  ( -1.000000000000000000, 1.387778780781445676E-16, 0.000000000000000000 ) ) ;
#1570 = CARTESIAN_POINT ( 'NONE',  ( -24.74999999999997158, -56.49999999999999289, -28.29779015821748445 ) ) ;
#1571 = VECTOR ( 'NONE', #946, 1000.000000000000000 ) ;
#1572 = DIRECTION ( 'NONE',  ( 0.000000000000000000, 0.000000000000000000, 1.000000000000000000 ) ) ;
#1573 = CARTESIAN_POINT ( 'NONE',  ( -20.75000000000001066, -55.00000000000002842, -24.79779015821748445 ) ) ;
#1574 = CARTESIAN_POINT ( 'NONE',  ( -24.75000000000003908, -54.99999999999999289, -118.2977901582174809 ) ) ;
#1575 = ORIENTED_EDGE ( 'NONE', *, *, #929, .T. ) ;
#1576 = AXIS2_PLACEMENT_3D ( 'NONE', #1426, #324, #1564 ) ;
#1577 = DIRECTION ( 'NONE',  ( -1.000000000000000000, 0.000000000000000000, 0.000000000000000000 ) ) ;
#1578 = EDGE_CURVE ( 'NONE', #79, #1070, #628, .T. ) ;
#1579 = ORIENTED_EDGE ( 'NONE', *, *, #248, .F. ) ;
#1580 = ADVANCED_FACE ( 'NONE', ( #645 ), #1008, .F. ) ;
#1581 = CARTESIAN_POINT ( 'NONE',  ( -17.75000000000000355, -55.00000000000002842, -73.29779015821748089 ) ) ;
#1582 = EDGE_CURVE ( 'NONE', #1327, #301, #898, .T. ) ;
#1583 = CARTESIAN_POINT ( 'NONE',  ( -27.75000000000002132, -54.99999999999999289, -88.29779015821748089 ) ) ;
#1584 = LINE ( 'NONE', #471, #46 ) ;
#1585 = VECTOR ( 'NONE', #858, 1000.000000000000000 ) ;
#1586 = DIRECTION ( 'NONE',  ( -0.3162277660168379412, 0.000000000000000000, -0.9486832980505138790 ) ) ;
#1587 = VERTEX_POINT ( 'NONE', #861 ) ;
#1588 = ORIENTED_EDGE ( 'NONE', *, *, #1546, .F. ) ;
#1589 = VECTOR ( 'NONE', #1101, 1000.000000000000000 ) ;
#1590 = CC_DESIGN_PERSON_AND_ORGANIZATION_ASSIGNMENT ( #562, #816, ( #88 ) ) ;
#1591 = ORIENTED_EDGE ( 'NONE', *, *, #198, .T. ) ;
#1592 = CYLINDRICAL_SURFACE ( 'NONE', #921, 1.500000000000001332 ) ;
#1593 = DIRECTION ( 'NONE',  ( -1.000000000000000000, 0.000000000000000000, 0.000000000000000000 ) ) ;
#1594 = DIRECTION ( 'NONE',  ( 0.000000000000000000, 0.000000000000000000, -1.000000000000000000 ) ) ;
#1595 = ADVANCED_FACE ( 'NONE', ( #323 ), #213, .F. ) ;
#1596 = LINE ( 'NONE', #630, #1589 ) ;
#1597 = AXIS2_PLACEMENT_3D ( 'NONE', #1238, #1486, #1246 ) ;
#1598 = DATE_TIME_ROLE ( 'creation_date' ) ;
#1599 = ORIENTED_EDGE ( 'NONE', *, *, #578, .F. ) ;
#1600 = DIRECTION ( 'NONE',  ( 1.000000000000000000, 0.000000000000000000, 0.000000000000000000 ) ) ;
#1601 = DIRECTION ( 'NONE',  ( 0.000000000000000000, -1.000000000000000000, 0.000000000000000000 ) ) ;
#1602 = DIRECTION ( 'NONE',  ( 1.000000000000000000, 0.000000000000000000, 0.000000000000000000 ) ) ;
#1603 = FACE_OUTER_BOUND ( 'NONE', #905, .T. ) ;
#1604 = EDGE_CURVE ( 'NONE', #635, #681, #840, .T. ) ;
#1605 = CARTESIAN_POINT ( 'NONE',  ( -27.75000000000001421, -22.47499999999998721, -89.96372021095663740 ) ) ;
#1606 = DIRECTION ( 'NONE',  ( -6.938893903907223447E-16, -1.000000000000000000, -0.000000000000000000 ) ) ;
#1607 = VECTOR ( 'NONE', #691, 1000.000000000000000 ) ;
#1608 = VERTEX_POINT ( 'NONE', #191 ) ;
#1609 = VECTOR ( 'NONE', #832, 1000.000000000000000 ) ;
#1610 = DATE_AND_TIME ( #1230, #1554 ) ;
#1611 = VERTEX_POINT ( 'NONE', #488 ) ;
#1612 = CARTESIAN_POINT ( 'NONE',  ( 80.00000000000004263, -10.32500000000000817, -89.96372021095663740 ) ) ;
#1613 = CIRCLE ( 'NONE', #154, 6.074999999999997513 ) ;
ENDSEC;
END-ISO-10303-21;
