ISO-10303-21;
HEADER;
FILE_DESCRIPTION (( 'STEP AP214' ),
    '1' );
FILE_NAME ('feed sideplate 2.STEP',
    '2026-06-02T08:34:55',
    ( '' ),
    ( '' ),
    'SwSTEP 2.0',
    'SolidWorks 2024',
    '' );
FILE_SCHEMA (( 'AUTOMOTIVE_DESIGN' ));
ENDSEC;

DATA;
#1 = ORIENTED_EDGE ( 'NONE', *, *, #968, .T. ) ;
#2 = CYLINDRICAL_SURFACE ( 'NONE', #295, 3.000000000000002665 ) ;
#3 = ADVANCED_FACE ( 'NONE', ( #354 ), #729, .F. ) ;
#4 = EDGE_CURVE ( 'NONE', #2290, #1216, #975, .T. ) ;
#5 = LINE ( 'NONE', #773, #2423 ) ;
#6 = DIRECTION ( 'NONE',  ( 1.000000000000000000, 0.000000000000000000, 0.000000000000000000 ) ) ;
#7 = DIRECTION ( 'NONE',  ( 0.000000000000000000, -1.000000000000000000, 0.000000000000000000 ) ) ;
#8 = VECTOR ( 'NONE', #923, 1000.000000000000000 ) ;
#9 = VECTOR ( 'NONE', #1558, 1000.000000000000000 ) ;
#10 = ORIENTED_EDGE ( 'NONE', *, *, #2029, .T. ) ;
#11 = PLANE ( 'NONE',  #1415 ) ;
#12 = VERTEX_POINT ( 'NONE', #1315 ) ;
#13 = LINE ( 'NONE', #971, #1887 ) ;
#14 = ORIENTED_EDGE ( 'NONE', *, *, #902, .T. ) ;
#15 = CARTESIAN_POINT ( 'NONE',  ( -17.74999999999999645, 36.60000000000000853, -38.51840990379744056 ) ) ;
#16 = ORIENTED_EDGE ( 'NONE', *, *, #854, .T. ) ;
#17 = DIRECTION ( 'NONE',  ( -0.000000000000000000, 1.000000000000000000, -0.000000000000000000 ) ) ;
#18 = LINE ( 'NONE', #356, #2250 ) ;
#19 = DIRECTION ( 'NONE',  ( 0.000000000000000000, -1.000000000000000000, 0.000000000000000000 ) ) ;
#20 = ADVANCED_FACE ( 'NONE', ( #1749 ), #1556, .T. ) ;
#21 = ORIENTED_EDGE ( 'NONE', *, *, #1247, .F. ) ;
#22 = PLANE ( 'NONE',  #2291 ) ;
#23 = EDGE_LOOP ( 'NONE', ( #1276, #1476, #893, #468 ) ) ;
#24 = ORIENTED_EDGE ( 'NONE', *, *, #1202, .T. ) ;
#25 = PLANE ( 'NONE',  #84 ) ;
#26 = FACE_OUTER_BOUND ( 'NONE', #283, .T. ) ;
#27 = DIRECTION ( 'NONE',  ( 1.000000000000000000, -1.734723475976807341E-16, 0.000000000000000000 ) ) ;
#28 = CIRCLE ( 'NONE', #143, 1.499999999999997780 ) ;
#29 = DIRECTION ( 'NONE',  ( 1.000000000000000000, -2.891205793294678080E-17, 0.000000000000000000 ) ) ;
#30 = PLANE ( 'NONE',  #349 ) ;
#31 = VECTOR ( 'NONE', #876, 1000.000000000000000 ) ;
#32 = LINE ( 'NONE', #2189, #265 ) ;
#33 = EDGE_CURVE ( 'NONE', #626, #2316, #594, .T. ) ;
#34 = ORIENTED_EDGE ( 'NONE', *, *, #768, .T. ) ;
#35 = CARTESIAN_POINT ( 'NONE',  ( 17.74999999999999645, 49.63999999999997215, -104.2955803164349646 ) ) ;
#36 = ADVANCED_FACE ( 'NONE', ( #1709 ), #1515, .F. ) ;
#37 = VERTEX_POINT ( 'NONE', #365 ) ;
#38 = VERTEX_POINT ( 'NONE', #232 ) ;
#39 = AXIS2_PLACEMENT_3D ( 'NONE', #1123, #1110, #2304 ) ;
#40 = CARTESIAN_POINT ( 'NONE',  ( -17.75000000000000000, 20.29999999999998650, -23.30000000000000782 ) ) ;
#41 = CARTESIAN_POINT ( 'NONE',  ( 11.24999999999999289, 60.00000000000000711, 0.000000000000000000 ) ) ;
#42 = DIRECTION ( 'NONE',  ( 0.000000000000000000, -0.000000000000000000, 1.000000000000000000 ) ) ;
#43 = DIRECTION ( 'NONE',  ( -1.000000000000000000, -0.000000000000000000, -0.000000000000000000 ) ) ;
#44 = DIRECTION ( 'NONE',  ( 0.000000000000000000, 1.000000000000000000, 0.000000000000000000 ) ) ;
#45 = ADVANCED_FACE ( 'NONE', ( #2334 ), #1607, .F. ) ;
#46 = ORIENTED_EDGE ( 'NONE', *, *, #703, .F. ) ;
#47 = AXIS2_PLACEMENT_3D ( 'NONE', #2083, #1711, #1131 ) ;
#48 = LINE ( 'NONE', #577, #2488 ) ;
#49 = VERTEX_POINT ( 'NONE', #1991 ) ;
#50 = ORIENTED_EDGE ( 'NONE', *, *, #574, .F. ) ;
#51 = EDGE_CURVE ( 'NONE', #1122, #603, #2172, .T. ) ;
#52 = DIRECTION ( 'NONE',  ( 0.000000000000000000, 0.000000000000000000, 1.000000000000000000 ) ) ;
#53 = DIRECTION ( 'NONE',  ( -0.3162277660168379412, 0.000000000000000000, 0.9486832980505138790 ) ) ;
#54 = LINE ( 'NONE', #1422, #1661 ) ;
#55 = DIRECTION ( 'NONE',  ( 0.000000000000000000, -1.000000000000000000, 0.000000000000000000 ) ) ;
#56 = DIRECTION ( 'NONE',  ( 1.000000000000000000, -1.387778780781445676E-16, 0.000000000000000000 ) ) ;
#57 = CARTESIAN_POINT ( 'NONE',  ( 13.24999999999993250, -60.00000000000002132, -16.22500000000001563 ) ) ;
#58 = AXIS2_PLACEMENT_3D ( 'NONE', #2147, #2004, #2372 ) ;
#59 = VERTEX_POINT ( 'NONE', #1221 ) ;
#60 = CARTESIAN_POINT ( 'NONE',  ( 16.24999999999998934, 30.00000000000000711, -68.96373073434398293 ) ) ;
#61 = VERTEX_POINT ( 'NONE', #1197 ) ;
#62 = ORIENTED_EDGE ( 'NONE', *, *, #1273, .F. ) ;
#63 = EDGE_CURVE ( 'NONE', #641, #534, #1384, .T. ) ;
#64 = FACE_OUTER_BOUND ( 'NONE', #1566, .T. ) ;
#65 = CYLINDRICAL_SURFACE ( 'NONE', #2428, 14.00000000000000355 ) ;
#66 = LINE ( 'NONE', #2373, #2098 ) ;
#67 = DIRECTION ( 'NONE',  ( 0.000000000000000000, -0.000000000000000000, -1.000000000000000000 ) ) ;
#68 = DIRECTION ( 'NONE',  ( 1.000000000000000000, 1.040834085586084257E-16, 0.000000000000000000 ) ) ;
#69 = AXIS2_PLACEMENT_3D ( 'NONE', #879, #2444, #309 ) ;
#70 =( LENGTH_UNIT ( ) NAMED_UNIT ( * ) SI_UNIT ( .MILLI., .METRE. ) );
#71 = AXIS2_PLACEMENT_3D ( 'NONE', #2313, #697, #1285 ) ;
#72 = ORIENTED_EDGE ( 'NONE', *, *, #1053, .F. ) ;
#73 = LINE ( 'NONE', #2412, #2049 ) ;
#74 = ORIENTED_EDGE ( 'NONE', *, *, #1113, .T. ) ;
#75 = ORIENTED_EDGE ( 'NONE', *, *, #302, .T. ) ;
#76 = ADVANCED_FACE ( 'NONE', ( #799 ), #991, .F. ) ;
#77 = CARTESIAN_POINT ( 'NONE',  ( -17.75000000000000355, -40.00000000000000711, -144.1830803164349390 ) ) ;
#78 = CARTESIAN_POINT ( 'NONE',  ( -17.75000000000000355, 21.79999999999999716, -73.29779015821748089 ) ) ;
#79 = CARTESIAN_POINT ( 'NONE',  ( -17.75000000000000355, -38.50000000000001421, -144.1830803164349390 ) ) ;
#80 = AXIS2_PLACEMENT_3D ( 'NONE', #1615, #1810, #832 ) ;
#81 = CARTESIAN_POINT ( 'NONE',  ( 7.249999999999985789, -51.50000000000001421, -144.1830803164349390 ) ) ;
#82 = CARTESIAN_POINT ( 'NONE',  ( -170.0000000000000000, 29.94999999999998508, -86.37525551735875240 ) ) ;
#83 = EDGE_CURVE ( 'NONE', #2167, #1885, #662, .T. ) ;
#84 = AXIS2_PLACEMENT_3D ( 'NONE', #40, #629, #1555 ) ;
#85 = CARTESIAN_POINT ( 'NONE',  ( 11.24999999999999645, 3.999999999999977351, -38.51840990379744767 ) ) ;
#86 = ORIENTED_EDGE ( 'NONE', *, *, #943, .F. ) ;
#87 = ORIENTED_EDGE ( 'NONE', *, *, #1239, .T. ) ;
#88 = CARTESIAN_POINT ( 'NONE',  ( 13.24999999999997513, 3.144479452198249536, -130.3705803164349390 ) ) ;
#89 = LINE ( 'NONE', #860, #1347 ) ;
#90 = DIRECTION ( 'NONE',  ( -0.3959401535119435045, -0.9182763172580129529, 0.000000000000000000 ) ) ;
#91 = DIRECTION ( 'NONE',  ( 0.000000000000000000, -1.000000000000000000, 0.000000000000000000 ) ) ;
#92 = DIRECTION ( 'NONE',  ( 0.000000000000000000, 0.000000000000000000, 1.000000000000000000 ) ) ;
#93 = EDGE_CURVE ( 'NONE', #1770, #2086, #1960, .T. ) ;
#94 = ADVANCED_FACE ( 'NONE', ( #645 ), #259, .F. ) ;
#95 = AXIS2_PLACEMENT_3D ( 'NONE', #101, #1655, #2417 ) ;
#96 = LINE ( 'NONE', #2217, #198 ) ;
#97 = VERTEX_POINT ( 'NONE', #1397 ) ;
#98 = VECTOR ( 'NONE', #558, 1000.000000000000000 ) ;
#99 = VERTEX_POINT ( 'NONE', #461 ) ;
#100 = DIRECTION ( 'NONE',  ( 0.000000000000000000, -1.000000000000000000, 0.000000000000000000 ) ) ;
#101 = CARTESIAN_POINT ( 'NONE',  ( -17.74999999999998934, 28.45000000000000284, -58.42034058415723763 ) ) ;
#102 = DIRECTION ( 'NONE',  ( -0.000000000000000000, 0.000000000000000000, -1.000000000000000000 ) ) ;
#103 = CIRCLE ( 'NONE', #1076, 1.500000000000001332 ) ;
#104 = LINE ( 'NONE', #878, #1096 ) ;
#105 = LINE ( 'NONE', #1103, #705 ) ;
#106 = EDGE_CURVE ( 'NONE', #1052, #1553, #1371, .T. ) ;
#107 = VECTOR ( 'NONE', #1007, 1000.000000000000000 ) ;
#108 = LINE ( 'NONE', #60, #761 ) ;
#109 = ORIENTED_EDGE ( 'NONE', *, *, #186, .T. ) ;
#110 = ORIENTED_EDGE ( 'NONE', *, *, #1888, .T. ) ;
#111 = ADVANCED_FACE ( 'NONE', ( #2359 ), #1018, .F. ) ;
#112 = PLANE ( 'NONE',  #1780 ) ;
#113 = DIRECTION ( 'NONE',  ( -0.000000000000000000, 1.000000000000000000, -0.000000000000000000 ) ) ;
#114 = DIRECTION ( 'NONE',  ( -1.000000000000000000, -1.040834085586084257E-16, 0.000000000000000000 ) ) ;
#115 = CARTESIAN_POINT ( 'NONE',  ( 21.24999999999999289, 60.00000000000000711, -154.9955803164349675 ) ) ;
#116 = VECTOR ( 'NONE', #490, 1000.000000000000000 ) ;
#117 = EDGE_CURVE ( 'NONE', #1581, #1728, #1800, .T. ) ;
#118 = DIRECTION ( 'NONE',  ( 0.000000000000000000, -1.000000000000000000, 0.000000000000000000 ) ) ;
#119 = LINE ( 'NONE', #2138, #393 ) ;
#120 = EDGE_LOOP ( 'NONE', ( #959, #2413, #679, #452 ) ) ;
#121 = ORIENTED_EDGE ( 'NONE', *, *, #1378, .T. ) ;
#122 = DIRECTION ( 'NONE',  ( 1.000000000000000000, 1.040834085586084257E-16, 0.000000000000000000 ) ) ;
#123 = CARTESIAN_POINT ( 'NONE',  ( 80.13019254381191558, 3.999999999999965361, -38.51840990379744767 ) ) ;
#124 = CARTESIAN_POINT ( 'NONE',  ( 80.00000000000005684, 20.29999999999998295, -73.29779015821748089 ) ) ;
#125 = ADVANCED_FACE ( 'NONE', ( #631 ), #65, .F. ) ;
#126 = VECTOR ( 'NONE', #2025, 1000.000000000000000 ) ;
#128 = VECTOR ( 'NONE', #1020, 1000.000000000000000 ) ;
#127 = DIRECTION ( 'NONE',  ( 0.3959401535119434490, 0.9182763172580128419, 0.000000000000000000 ) ) ;
#129 = DIRECTION ( 'NONE',  ( -1.000000000000000000, 1.734723475976807341E-16, -0.000000000000000000 ) ) ;
#130 = VERTEX_POINT ( 'NONE', #2160 ) ;
#131 = EDGE_LOOP ( 'NONE', ( #161, #2089 ) ) ;
#132 = AXIS2_PLACEMENT_3D ( 'NONE', #2482, #1128, #2308 ) ;
#133 = FACE_BOUND ( 'NONE', #1708, .T. ) ;
#134 = LINE ( 'NONE', #1245, #1471 ) ;
#135 = CARTESIAN_POINT ( 'NONE',  ( 13.45646728200210518, 46.63999999999996504, -154.9955803164349675 ) ) ;
#136 = ADVANCED_FACE ( 'NONE', ( #1814 ), #1775, .F. ) ;
#137 = EDGE_LOOP ( 'NONE', ( #1578, #2303, #1465, #1381 ) ) ;
#138 = PLANE ( 'NONE',  #2040 ) ;
#139 = EDGE_CURVE ( 'NONE', #361, #1975, #1410, .T. ) ;
#140 = DIRECTION ( 'NONE',  ( 0.000000000000000000, -1.000000000000000000, 0.000000000000000000 ) ) ;
#141 = VERTEX_POINT ( 'NONE', #78 ) ;
#142 = ORIENTED_EDGE ( 'NONE', *, *, #1309, .F. ) ;
#143 = AXIS2_PLACEMENT_3D ( 'NONE', #2212, #2410, #1875 ) ;
#144 = LINE ( 'NONE', #1099, #2072 ) ;
#145 = VECTOR ( 'NONE', #1895, 1000.000000000000000 ) ;
#146 = EDGE_LOOP ( 'NONE', ( #1016, #16, #1551, #547 ) ) ;
#147 = FACE_OUTER_BOUND ( 'NONE', #185, .T. ) ;
#148 = ORIENTED_EDGE ( 'NONE', *, *, #1543, .F. ) ;
#149 = EDGE_CURVE ( 'NONE', #1353, #1581, #850, .T. ) ;
#150 = ORIENTED_EDGE ( 'NONE', *, *, #1434, .F. ) ;
#151 = CARTESIAN_POINT ( 'NONE',  ( -52.08496759864498671, -29.99999999999998934, -154.9955803164349675 ) ) ;
#152 = CARTESIAN_POINT ( 'NONE',  ( 14.24999999999993250, -60.00000000000002132, -13.22500000000001386 ) ) ;
#153 = ADVANCED_FACE ( 'NONE', ( #26 ), #434, .F. ) ;
#154 = VECTOR ( 'NONE', #1440, 1000.000000000000000 ) ;
#155 = ORIENTED_EDGE ( 'NONE', *, *, #1582, .T. ) ;
#156 = ORIENTED_EDGE ( 'NONE', *, *, #196, .T. ) ;
#157 = ADVANCED_FACE ( 'NONE', ( #1446 ), #1278, .F. ) ;
#158 = DIRECTION ( 'NONE',  ( 0.000000000000000000, 0.01776729308268480689, 0.9998421491898178415 ) ) ;
#159 = ORIENTED_EDGE ( 'NONE', *, *, #600, .T. ) ;
#160 = CARTESIAN_POINT ( 'NONE',  ( 11.25000000000000000, -0.6000000000000005329, -154.9955803164349675 ) ) ;
#161 = ORIENTED_EDGE ( 'NONE', *, *, #1177, .F. ) ;
#162 = CIRCLE ( 'NONE', #1135, 1.499999999999994449 ) ;
#163 = CARTESIAN_POINT ( 'NONE',  ( 11.24999999999999645, 3.999999999999967137, -99.19559610151596019 ) ) ;
#164 = FACE_OUTER_BOUND ( 'NONE', #601, .T. ) ;
#165 = AXIS2_PLACEMENT_3D ( 'NONE', #1925, #17, #757 ) ;
#166 = FACE_OUTER_BOUND ( 'NONE', #1972, .T. ) ;
#167 = CARTESIAN_POINT ( 'NONE',  ( -170.0000000000000000, 1.638692345779117820, -104.2955803164349646 ) ) ;
#168 = EDGE_LOOP ( 'NONE', ( #1746, #469 ) ) ;
#169 = ORIENTED_EDGE ( 'NONE', *, *, #1105, .T. ) ;
#170 = DIRECTION ( 'NONE',  ( -1.000000000000000000, 0.000000000000000000, 0.000000000000000000 ) ) ;
#171 = ORIENTED_EDGE ( 'NONE', *, *, #900, .T. ) ;
#172 = LINE ( 'NONE', #946, #478 ) ;
#173 = ORIENTED_EDGE ( 'NONE', *, *, #1899, .F. ) ;
#174 = ORIENTED_EDGE ( 'NONE', *, *, #667, .T. ) ;
#175 = CYLINDRICAL_SURFACE ( 'NONE', #165, 1.500000000000001332 ) ;
#176 = COLOUR_RGB ( '',0.7921568627450980005, 0.8196078431372548767, 0.9333333333333333481 ) ;
#177 = LINE ( 'NONE', #1173, #331 ) ;
#178 = DIRECTION ( 'NONE',  ( -0.000000000000000000, 1.000000000000000000, -0.000000000000000000 ) ) ;
#179 = ORIENTED_EDGE ( 'NONE', *, *, #1060, .T. ) ;
#180 = VERTEX_POINT ( 'NONE', #318 ) ;
#181 = DIRECTION ( 'NONE',  ( -6.938893903907223447E-16, -1.000000000000000000, -0.000000000000000000 ) ) ;
#182 = ORIENTED_EDGE ( 'NONE', *, *, #703, .T. ) ;
#183 = FACE_OUTER_BOUND ( 'NONE', #1355, .T. ) ;
#184 = VECTOR ( 'NONE', #892, 1000.000000000000000 ) ;
#185 = EDGE_LOOP ( 'NONE', ( #2145, #1692, #1932, #639 ) ) ;
#186 = EDGE_CURVE ( 'NONE', #1364, #714, #2043, .T. ) ;
#187 = EDGE_CURVE ( 'NONE', #12, #710, #988, .T. ) ;
#188 = ORIENTED_EDGE ( 'NONE', *, *, #1012, .T. ) ;
#189 = DIRECTION ( 'NONE',  ( 1.000000000000000000, 1.040834085586084257E-16, 0.000000000000000000 ) ) ;
#190 = PRODUCT_DEFINITION_SHAPE ( 'NONE', 'NONE',  #2276 ) ;
#191 = FACE_OUTER_BOUND ( 'NONE', #2078, .T. ) ;
#192 = DIRECTION ( 'NONE',  ( 0.000000000000000000, 0.000000000000000000, 1.000000000000000000 ) ) ;
#193 = CARTESIAN_POINT ( 'NONE',  ( 14.24999999999993250, -60.00000000000002132, -133.3705803164349390 ) ) ;
#194 = EDGE_LOOP ( 'NONE', ( #1028, #1917, #1940, #121 ) ) ;
#195 = EDGE_CURVE ( 'NONE', #538, #2011, #1873, .T. ) ;
#196 = EDGE_CURVE ( 'NONE', #1719, #2031, #134, .T. ) ;
#197 = ORIENTED_EDGE ( 'NONE', *, *, #1117, .T. ) ;
#198 = VECTOR ( 'NONE', #2030, 1000.000000000000000 ) ;
#199 = CARTESIAN_POINT ( 'NONE',  ( -17.75000000000000355, 3.999999999999982681, -99.19559610151596019 ) ) ;
#200 = ORIENTED_EDGE ( 'NONE', *, *, #1549, .F. ) ;
#201 = DIRECTION ( 'NONE',  ( -6.938893903907223447E-16, -1.000000000000000000, -0.000000000000000000 ) ) ;
#202 = ORIENTED_EDGE ( 'NONE', *, *, #2248, .F. ) ;
#203 = DIRECTION ( 'NONE',  ( 0.000000000000000000, -1.000000000000000000, 0.000000000000000000 ) ) ;
#204 = EDGE_LOOP ( 'NONE', ( #1665, #2490, #2393, #2414 ) ) ;
#205 = EDGE_CURVE ( 'NONE', #793, #1714, #580, .T. ) ;
#206 = CARTESIAN_POINT ( 'NONE',  ( 11.25000000000000000, -0.6000000000000007550, 17.79051713694687464 ) ) ;
#207 = VECTOR ( 'NONE', #1182, 1000.000000000000000 ) ;
#208 = CARTESIAN_POINT ( 'NONE',  ( -170.0000000000000000, 49.64177672930824059, -104.1955961015159744 ) ) ;
#209 = CARTESIAN_POINT ( 'NONE',  ( 16.24999999999998934, 60.00000000000000711, -70.46373073434399714 ) ) ;
#210 = CARTESIAN_POINT ( 'NONE',  ( -170.0000000000000000, 49.63999999999997215, -104.2955803164349646 ) ) ;
#211 = VECTOR ( 'NONE', #2223, 1000.000000000000000 ) ;
#212 = CIRCLE ( 'NONE', #530, 6.000000000000001776 ) ;
#213 = EDGE_LOOP ( 'NONE', ( #739, #216 ) ) ;
#214 = DIRECTION ( 'NONE',  ( 0.000000000000000000, 1.000000000000000000, 0.000000000000000000 ) ) ;
#215 = ORIENTED_EDGE ( 'NONE', *, *, #1529, .F. ) ;
#216 = ORIENTED_EDGE ( 'NONE', *, *, #1168, .T. ) ;
#217 = FACE_BOUND ( 'NONE', #2462, .T. ) ;
#218 = EDGE_CURVE ( 'NONE', #1894, #1975, #1078, .T. ) ;
#219 = CARTESIAN_POINT ( 'NONE',  ( 9.000000000000001776, -1.800000000000002043, -149.9955803164349390 ) ) ;
#220 = DIRECTION ( 'NONE',  ( -1.000000000000000000, -0.000000000000000000, -0.000000000000000000 ) ) ;
#221 = DIRECTION ( 'NONE',  ( 1.000000000000000000, 0.000000000000000000, 0.000000000000000000 ) ) ;
#222 = CARTESIAN_POINT ( 'NONE',  ( 11.24999999999999645, 20.29999999999999005, -23.30000000000000782 ) ) ;
#223 =( NAMED_UNIT ( * ) SI_UNIT ( $, .STERADIAN. ) SOLID_ANGLE_UNIT ( ) );
#224 = EDGE_CURVE ( 'NONE', #967, #2085, #1668, .T. ) ;
#225 = ADVANCED_FACE ( 'NONE', ( #693 ), #701, .F. ) ;
#226 = MECHANICAL_DESIGN_GEOMETRIC_PRESENTATION_REPRESENTATION (  '', ( #1395 ), #1036 ) ;
#227 = ORIENTED_EDGE ( 'NONE', *, *, #1529, .T. ) ;
#228 = CARTESIAN_POINT ( 'NONE',  ( 17.74999999999999645, 49.63999999999997215, -104.2955803164349646 ) ) ;
#229 = ORIENTED_EDGE ( 'NONE', *, *, #409, .F. ) ;
#230 = ORIENTED_EDGE ( 'NONE', *, *, #51, .F. ) ;
#231 = LINE ( 'NONE', #606, #1379 ) ;
#232 = CARTESIAN_POINT ( 'NONE',  ( 13.24999999999996625, -8.324999999999990408, -16.22500000000001563 ) ) ;
#233 = CARTESIAN_POINT ( 'NONE',  ( 19.24999999999998579, 3.144479452198242875, -16.22500000000001563 ) ) ;
#234 = EDGE_CURVE ( 'NONE', #1690, #2437, #89, .T. ) ;
#235 = VECTOR ( 'NONE', #685, 1000.000000000000000 ) ;
#236 = FACE_OUTER_BOUND ( 'NONE', #23, .T. ) ;
#237 = CARTESIAN_POINT ( 'NONE',  ( -170.0000000000000000, 12.14999999999997904, -86.37525551735875240 ) ) ;
#238 = FACE_OUTER_BOUND ( 'NONE', #970, .T. ) ;
#239 = ADVANCED_FACE ( 'NONE', ( #2054 ), #2398, .T. ) ;
#240 = EDGE_LOOP ( 'NONE', ( #712, #2369, #709, #1377 ) ) ;
#241 = DIRECTION ( 'NONE',  ( 0.000000000000000000, 0.000000000000000000, -1.000000000000000000 ) ) ;
#242 = ORIENTED_EDGE ( 'NONE', *, *, #1904, .F. ) ;
#243 = VERTEX_POINT ( 'NONE', #1055 ) ;
#244 = AXIS2_PLACEMENT_3D ( 'NONE', #687, #2019, #2192 ) ;
#245 = LINE ( 'NONE', #1017, #408 ) ;
#246 = DIRECTION ( 'NONE',  ( 5.136890069182276956E-19, 0.01776729308268480689, 0.9998421491898178415 ) ) ;
#247 = FACE_OUTER_BOUND ( 'NONE', #1107, .T. ) ;
#248 = CARTESIAN_POINT ( 'NONE',  ( 13.24999999999998757, 20.29999999999999005, -37.30000000000001137 ) ) ;
#249 = LINE ( 'NONE', #464, #1081 ) ;
#250 =( NAMED_UNIT ( * ) PLANE_ANGLE_UNIT ( ) SI_UNIT ( $, .RADIAN. ) );
#251 = VECTOR ( 'NONE', #1953, 1000.000000000000000 ) ;
#252 = VERTEX_POINT ( 'NONE', #2431 ) ;
#253 = CIRCLE ( 'NONE', #1742, 1.499999999999997780 ) ;
#254 = AXIS2_PLACEMENT_3D ( 'NONE', #1598, #2137, #1423 ) ;
#255 = CARTESIAN_POINT ( 'NONE',  ( 19.24999999999998579, 3.144479452198242875, -130.3705803164349390 ) ) ;
#256 = ORIENTED_EDGE ( 'NONE', *, *, #667, .F. ) ;
#257 = VERTEX_POINT ( 'NONE', #2024 ) ;
#258 = DIRECTION ( 'NONE',  ( -1.000000000000000000, 2.891205793294678080E-17, -0.000000000000000000 ) ) ;
#259 = PLANE ( 'NONE',  #263 ) ;
#260 = DIRECTION ( 'NONE',  ( -0.000000000000000000, -0.000000000000000000, 1.000000000000000000 ) ) ;
#261 = CARTESIAN_POINT ( 'NONE',  ( 21.24999999999999289, -7.324999999999990408, -133.3705803164349390 ) ) ;
#262 = LINE ( 'NONE', #82, #1158 ) ;
#263 = AXIS2_PLACEMENT_3D ( 'NONE', #1977, #1619, #53 ) ;
#264 = ORIENTED_EDGE ( 'NONE', *, *, #786, .F. ) ;
#265 = VECTOR ( 'NONE', #465, 1000.000000000000000 ) ;
#266 = EDGE_CURVE ( 'NONE', #905, #1190, #2243, .T. ) ;
#267 = LINE ( 'NONE', #1073, #154 ) ;
#268 = ADVANCED_FACE ( 'NONE', ( #875 ), #1289, .T. ) ;
#269 = EDGE_LOOP ( 'NONE', ( #934, #2379, #932, #2000 ) ) ;
#270 = EDGE_LOOP ( 'NONE', ( #2475, #1797, #148, #736 ) ) ;
#271 = DIRECTION ( 'NONE',  ( -1.000000000000000000, 0.000000000000000000, 0.000000000000000000 ) ) ;
#272 = DIRECTION ( 'NONE',  ( 0.000000000000000000, 0.000000000000000000, 1.000000000000000000 ) ) ;
#273 = DIRECTION ( 'NONE',  ( 0.000000000000000000, 1.000000000000000000, 0.000000000000000000 ) ) ;
#274 = EDGE_CURVE ( 'NONE', #967, #130, #466, .T. ) ;
#275 = DIRECTION ( 'NONE',  ( 0.000000000000000000, 0.000000000000000000, 1.000000000000000000 ) ) ;
#276 = CARTESIAN_POINT ( 'NONE',  ( 80.00000000000004263, 20.29999999999999005, -17.30000000000000782 ) ) ;
#277 = VECTOR ( 'NONE', #1683, 1000.000000000000000 ) ;
#278 = EDGE_CURVE ( 'NONE', #130, #857, #2222, .T. ) ;
#279 = VECTOR ( 'NONE', #526, 1000.000000000000000 ) ;
#280 = ADVANCED_FACE ( 'NONE', ( #2034 ), #307, .F. ) ;
#281 = CARTESIAN_POINT ( 'NONE',  ( -17.74999999999998934, 13.64999999999998970, -58.42034058415723763 ) ) ;
#282 = VERTEX_POINT ( 'NONE', #1939 ) ;
#283 = EDGE_LOOP ( 'NONE', ( #1111, #1390, #1936, #150 ) ) ;
#284 = LINE ( 'NONE', #1087, #1484 ) ;
#285 = CARTESIAN_POINT ( 'NONE',  ( 21.24999999999999289, -57.00000000000002132, -151.9955803164349390 ) ) ;
#286 = PLANE ( 'NONE',  #914 ) ;
#287 = EDGE_CURVE ( 'NONE', #1052, #1254, #1220, .T. ) ;
#288 = CARTESIAN_POINT ( 'NONE',  ( 13.45646728200210518, 46.63999999999996504, -104.2955803164349646 ) ) ;
#289 = DIRECTION ( 'NONE',  ( -0.000000000000000000, -0.000000000000000000, -1.000000000000000000 ) ) ;
#290 = AXIS2_PLACEMENT_3D ( 'NONE', #1409, #420, #52 ) ;
#291 = LINE ( 'NONE', #1602, #887 ) ;
#292 = ORIENTED_EDGE ( 'NONE', *, *, #1754, .F. ) ;
#293 = EDGE_CURVE ( 'NONE', #1015, #714, #1396, .T. ) ;
#294 = ORIENTED_EDGE ( 'NONE', *, *, #343, .T. ) ;
#295 = AXIS2_PLACEMENT_3D ( 'NONE', #583, #1171, #1722 ) ;
#296 = CYLINDRICAL_SURFACE ( 'NONE', #1843, 1.499999999999994449 ) ;
#297 = CARTESIAN_POINT ( 'NONE',  ( 14.74999999999998579, 1.638692345779117820, -154.9955803164349675 ) ) ;
#298 = DIRECTION ( 'NONE',  ( -1.000000000000000000, 1.387778780781445676E-16, -0.000000000000000000 ) ) ;
#299 = EDGE_CURVE ( 'NONE', #252, #1770, #231, .T. ) ;
#300 = FACE_OUTER_BOUND ( 'NONE', #1867, .T. ) ;
#301 = DIRECTION ( 'NONE',  ( -1.000000000000000000, -1.040834085586084257E-16, 0.000000000000000000 ) ) ;
#302 = EDGE_CURVE ( 'NONE', #520, #2290, #394, .T. ) ;
#303 = DIRECTION ( 'NONE',  ( -1.000000000000000000, 1.387778780781445922E-16, 0.000000000000000000 ) ) ;
#304 = ORIENTED_EDGE ( 'NONE', *, *, #499, .F. ) ;
#305 = VERTEX_POINT ( 'NONE', #15 ) ;
#306 = DIRECTION ( 'NONE',  ( 0.000000000000000000, -1.000000000000000000, 0.000000000000000000 ) ) ;
#307 = CYLINDRICAL_SURFACE ( 'NONE', #2140, 1.500000000000001332 ) ;
#308 = CARTESIAN_POINT ( 'NONE',  ( 11.24999999999999112, -1.399190850383057239, -274.3144504089315205 ) ) ;
#309 = DIRECTION ( 'NONE',  ( 0.000000000000000000, 1.000000000000000000, 0.000000000000000000 ) ) ;
#310 = ADVANCED_FACE ( 'NONE', ( #2158, #1990, #1208, #445, #217, #782 ), #25, .T. ) ;
#311 = CIRCLE ( 'NONE', #2481, 1.500000000000001332 ) ;
#312 = AXIS2_PLACEMENT_3D ( 'NONE', #2351, #1413, #2176 ) ;
#313 = ADVANCED_FACE ( 'NONE', ( #2171 ), #1195, .T. ) ;
#314 = DIRECTION ( 'NONE',  ( -1.000000000000000000, 0.000000000000000000, -0.000000000000000000 ) ) ;
#315 = ORIENTED_EDGE ( 'NONE', *, *, #293, .T. ) ;
#316 = ORIENTED_EDGE ( 'NONE', *, *, #224, .T. ) ;
#317 = PLANE ( 'NONE',  #2047 ) ;
#318 = CARTESIAN_POINT ( 'NONE',  ( 13.45646728200210518, 4.638692345779120707, -104.2955803164349646 ) ) ;
#319 = LINE ( 'NONE', #1246, #1624 ) ;
#320 = EDGE_LOOP ( 'NONE', ( #578, #1910, #1269, #627 ) ) ;
#321 = LINE ( 'NONE', #1862, #1681 ) ;
#322 = CIRCLE ( 'NONE', #80, 1.500000000000001332 ) ;
#323 = CARTESIAN_POINT ( 'NONE',  ( 80.13019254381191558, 20.29999999999997229, -23.30000000000000782 ) ) ;
#324 = ORIENTED_EDGE ( 'NONE', *, *, #1874, .T. ) ;
#325 = ORIENTED_EDGE ( 'NONE', *, *, #187, .T. ) ;
#326 = CARTESIAN_POINT ( 'NONE',  ( 16.24999999999999645, 60.00000000000000711, -35.23186536717199857 ) ) ;
#327 = DIRECTION ( 'NONE',  ( 1.000000000000000000, -0.000000000000000000, 0.000000000000000000 ) ) ;
#328 = PLANE ( 'NONE',  #413 ) ;
#329 = AXIS2_PLACEMENT_3D ( 'NONE', #632, #1815, #800 ) ;
#331 = VECTOR ( 'NONE', #1943, 1000.000000000000000 ) ;
#330 = CARTESIAN_POINT ( 'NONE',  ( 21.24999999999998579, 49.63999999999997215, -154.9955803164349675 ) ) ;
#332 = DIRECTION ( 'NONE',  ( 1.000000000000000000, 0.000000000000000000, 0.000000000000000000 ) ) ;
#333 = ORIENTED_EDGE ( 'NONE', *, *, #419, .F. ) ;
#334 = EDGE_CURVE ( 'NONE', #2405, #1407, #2320, .T. ) ;
#335 = ORIENTED_EDGE ( 'NONE', *, *, #299, .T. ) ;
#336 = VECTOR ( 'NONE', #1045, 1000.000000000000000 ) ;
#337 = EDGE_CURVE ( 'NONE', #1592, #871, #364, .T. ) ;
#338 = DIRECTION ( 'NONE',  ( -0.000000000000000000, 1.000000000000000000, -0.000000000000000000 ) ) ;
#339 = ORIENTED_EDGE ( 'NONE', *, *, #2268, .T. ) ;
#340 = CARTESIAN_POINT ( 'NONE',  ( 19.04353271799785574, 4.638692345779120707, -104.2955803164349646 ) ) ;
#341 = VERTEX_POINT ( 'NONE', #990 ) ;
#342 = ORIENTED_EDGE ( 'NONE', *, *, #869, .T. ) ;
#343 = EDGE_CURVE ( 'NONE', #1216, #1857, #1383, .T. ) ;
#344 = CARTESIAN_POINT ( 'NONE',  ( 20.82499999999996021, -8.324999999999988631, 6.500000000000023093 ) ) ;
#345 = LINE ( 'NONE', #1533, #2433 ) ;
#346 = EDGE_LOOP ( 'NONE', ( #1671, #688, #1675, #1593 ) ) ;
#347 = EDGE_CURVE ( 'NONE', #2344, #723, #405, .T. ) ;
#348 = ORIENTED_EDGE ( 'NONE', *, *, #1549, .T. ) ;
#349 = AXIS2_PLACEMENT_3D ( 'NONE', #2388, #661, #1818 ) ;
#350 = DIRECTION ( 'NONE',  ( -1.000000000000000000, 1.387778780781445676E-16, 0.000000000000000000 ) ) ;
#351 = ORIENTED_EDGE ( 'NONE', *, *, #1641, .T. ) ;
#352 = CARTESIAN_POINT ( 'NONE',  ( 19.24999999999997868, -8.325000000000004619, -130.3705803164349390 ) ) ;
#353 = ORIENTED_EDGE ( 'NONE', *, *, #33, .F. ) ;
#354 = FACE_OUTER_BOUND ( 'NONE', #431, .T. ) ;
#355 = LINE ( 'NONE', #1116, #1062 ) ;
#356 = CARTESIAN_POINT ( 'NONE',  ( -170.0000000000000000, 1.638692345779117820, -104.2955803164349646 ) ) ;
#357 = CARTESIAN_POINT ( 'NONE',  ( -17.75000000000000355, 3.999999999999982681, -99.19559610151596019 ) ) ;
#358 = ORIENTED_EDGE ( 'NONE', *, *, #1063, .T. ) ;
#359 = ORIENTED_EDGE ( 'NONE', *, *, #2112, .T. ) ;
#360 = CARTESIAN_POINT ( 'NONE',  ( 4.249999999999983125, 12.14999999999999503, -86.37525551735875240 ) ) ;
#361 = VERTEX_POINT ( 'NONE', #1774 ) ;
#362 = DIRECTION ( 'NONE',  ( 0.000000000000000000, -1.000000000000000000, 0.000000000000000000 ) ) ;
#363 = ORIENTED_EDGE ( 'NONE', *, *, #2435, .T. ) ;
#364 = CIRCLE ( 'NONE', #2220, 22.30000000000000426 ) ;
#365 = CARTESIAN_POINT ( 'NONE',  ( 13.24999999999993250, -60.00000000000002132, -130.3705803164349390 ) ) ;
#366 = CARTESIAN_POINT ( 'NONE',  ( 11.24999999999999645, -7.324999999999988631, -13.22500000000000675 ) ) ;
#367 = VECTOR ( 'NONE', #1710, 1000.000000000000000 ) ;
#368 = AXIS2_PLACEMENT_3D ( 'NONE', #1187, #43, #410 ) ;
#369 = CARTESIAN_POINT ( 'NONE',  ( 7.249999999999985789, -40.00000000000000711, -144.1830803164349390 ) ) ;
#370 = CARTESIAN_POINT ( 'NONE',  ( 17.74999999999999645, 49.63999999999997215, -93.82610086423677842 ) ) ;
#371 = ORIENTED_EDGE ( 'NONE', *, *, #902, .F. ) ;
#372 = EDGE_CURVE ( 'NONE', #2066, #1038, #1761, .T. ) ;
#373 = ORIENTED_EDGE ( 'NONE', *, *, #1713, .T. ) ;
#374 = LINE ( 'NONE', #1893, #796 ) ;
#375 = ORIENTED_EDGE ( 'NONE', *, *, #1127, .F. ) ;
#376 = DIRECTION ( 'NONE',  ( 0.000000000000000000, 1.000000000000000000, 0.000000000000000000 ) ) ;
#377 = EDGE_LOOP ( 'NONE', ( #2275, #502, #2452, #1861 ) ) ;
#378 = ORIENTED_EDGE ( 'NONE', *, *, #831, .T. ) ;
#379 = CYLINDRICAL_SURFACE ( 'NONE', #894, 1.499999999999997780 ) ;
#380 = VECTOR ( 'NONE', #951, 1000.000000000000000 ) ;
#381 = ADVANCED_FACE ( 'NONE', ( #2358 ), #1569, .F. ) ;
#382 = CARTESIAN_POINT ( 'NONE',  ( -17.74999999999998934, 28.45000000000000284, -86.37525551735875240 ) ) ;
#383 = LINE ( 'NONE', #1739, #1281 ) ;
#384 = LINE ( 'NONE', #2070, #935 ) ;
#385 = ORIENTED_EDGE ( 'NONE', *, *, #347, .F. ) ;
#386 = EDGE_LOOP ( 'NONE', ( #188, #2154, #1300, #1891 ) ) ;
#387 = EDGE_CURVE ( 'NONE', #2280, #921, #722, .T. ) ;
#388 = CARTESIAN_POINT ( 'NONE',  ( -170.0000000000000000, 1.638692345779117820, -104.2955803164349646 ) ) ;
#389 = VERTEX_POINT ( 'NONE', #1965 ) ;
#390 = LINE ( 'NONE', #1339, #633 ) ;
#391 = CIRCLE ( 'NONE', #1518, 1.499999999999997780 ) ;
#392 = VERTEX_POINT ( 'NONE', #1976 ) ;
#393 = VECTOR ( 'NONE', #1928, 1000.000000000000000 ) ;
#394 = LINE ( 'NONE', #1356, #207 ) ;
#395 = EDGE_LOOP ( 'NONE', ( #830, #587 ) ) ;
#396 = LINE ( 'NONE', #2081, #367 ) ;
#397 = FACE_OUTER_BOUND ( 'NONE', #1988, .T. ) ;
#398 = CARTESIAN_POINT ( 'NONE',  ( 19.04353271799785574, 4.638692345779120707, -154.9955803164349675 ) ) ;
#399 = CARTESIAN_POINT ( 'NONE',  ( -17.74999999999998934, 13.64999999999999147, -86.37525551735875240 ) ) ;
#400 = ORIENTED_EDGE ( 'NONE', *, *, #2391, .F. ) ;
#401 = AXIS2_PLACEMENT_3D ( 'NONE', #255, #1392, #2317 ) ;
#402 = DIRECTION ( 'NONE',  ( -0.000000000000000000, 0.000000000000000000, 1.000000000000000000 ) ) ;
#403 = ORIENTED_EDGE ( 'NONE', *, *, #106, .F. ) ;
#404 = EDGE_LOOP ( 'NONE', ( #917, #1124 ) ) ;
#405 = LINE ( 'NONE', #1595, #251 ) ;
#406 = DIRECTION ( 'NONE',  ( 0.000000000000000000, -0.000000000000000000, 1.000000000000000000 ) ) ;
#407 = LINE ( 'NONE', #824, #1462 ) ;
#408 = VECTOR ( 'NONE', #1787, 1000.000000000000000 ) ;
#409 = EDGE_CURVE ( 'NONE', #1689, #1653, #245, .T. ) ;
#410 = DIRECTION ( 'NONE',  ( 0.000000000000000000, 0.000000000000000000, 1.000000000000000000 ) ) ;
#411 = DIRECTION ( 'NONE',  ( -0.9486832980505138790, 6.582812753581311037E-16, 0.3162277660168379412 ) ) ;
#412 = PRESENTATION_STYLE_ASSIGNMENT (( #1560 ) ) ;
#413 = AXIS2_PLACEMENT_3D ( 'NONE', #1268, #2418, #90 ) ;
#414 = ORIENTED_EDGE ( 'NONE', *, *, #454, .T. ) ;
#415 = ADVANCED_FACE ( 'NONE', ( #64 ), #835, .F. ) ;
#416 = LINE ( 'NONE', #818, #684 ) ;
#417 = ORIENTED_EDGE ( 'NONE', *, *, #2216, .T. ) ;
#418 = VERTEX_POINT ( 'NONE', #1233 ) ;
#419 = EDGE_CURVE ( 'NONE', #710, #12, #162, .T. ) ;
#420 = DIRECTION ( 'NONE',  ( 0.000000000000000000, 1.000000000000000000, 0.000000000000000000 ) ) ;
#421 = DIRECTION ( 'NONE',  ( -1.000000000000000000, 0.000000000000000000, 0.000000000000000000 ) ) ;
#422 = FACE_OUTER_BOUND ( 'NONE', #269, .T. ) ;
#423 = CLOSED_SHELL ( 'NONE', ( #2424, #1086, #2421, #518, #381, #415, #1439, #1782, #2449, #2092, #1670, #1391, #987, #20, #157, #996, #1802, #2493, #1984, #153, #785, #1443, #310, #1648, #1428, #2329, #1576, #2429, #225, #2463, #2159, #2361, #1986, #817, #76, #36, #650, #1009, #1042, #638, #1844, #716, #2402, #1270, #523, #457, #1214, #125, #2457, #1769, #1023, #1913, #1577, #1159, #1840, #136, #3, #2347, #1495, #647, #111, #531, #756, #1902, #94, #1565, #720, #1359, #239, #867, #268, #1687, #45, #675, #489, #1735, #1816, #313, #280, #2190, #1399, #2052 ) ) ;
#424 = EDGE_CURVE ( 'NONE', #1015, #2038, #844, .T. ) ;
#425 = DIRECTION ( 'NONE',  ( 0.000000000000000000, 1.000000000000000000, 0.000000000000000000 ) ) ;
#426 = CARTESIAN_POINT ( 'NONE',  ( 16.24999999999998934, 30.00000000000000711, -70.46373073434399714 ) ) ;
#427 = AXIS2_PLACEMENT_3D ( 'NONE', #210, #843, #2152 ) ;
#428 = CARTESIAN_POINT ( 'NONE',  ( 18.24999999999993960, -60.00000000000002842, -13.22500000000001386 ) ) ;
#429 = ORIENTED_EDGE ( 'NONE', *, *, #663, .T. ) ;
#430 = FACE_OUTER_BOUND ( 'NONE', #778, .T. ) ;
#431 = EDGE_LOOP ( 'NONE', ( #1160, #351, #748, #1679 ) ) ;
#432 = ORIENTED_EDGE ( 'NONE', *, *, #2214, .T. ) ;
#433 = CARTESIAN_POINT ( 'NONE',  ( 21.24999999999997868, 1.638692345779117820, -93.82610086423677842 ) ) ;
#434 = PLANE ( 'NONE',  #822 ) ;
#435 = CARTESIAN_POINT ( 'NONE',  ( 16.24999999999999645, 30.00000000000000711, -36.73186536717199857 ) ) ;
#436 = AXIS2_PLACEMENT_3D ( 'NONE', #2027, #301, #476 ) ;
#437 = CARTESIAN_POINT ( 'NONE',  ( 21.24999999999999289, -57.00000000000002132, -3.000000000000002665 ) ) ;
#438 = DIRECTION ( 'NONE',  ( -1.000000000000000000, -0.000000000000000000, -0.000000000000000000 ) ) ;
#439 = FACE_OUTER_BOUND ( 'NONE', #2319, .T. ) ;
#440 = ORIENTED_EDGE ( 'NONE', *, *, #1568, .F. ) ;
#441 = DIRECTION ( 'NONE',  ( -0.3162277660168379412, 0.000000000000000000, -0.9486832980505138790 ) ) ;
#442 = ORIENTED_EDGE ( 'NONE', *, *, #1919, .F. ) ;
#443 = VERTEX_POINT ( 'NONE', #2231 ) ;
#444 = CIRCLE ( 'NONE', #1855, 22.30000000000000782 ) ;
#445 = FACE_BOUND ( 'NONE', #1822, .T. ) ;
#446 = DIRECTION ( 'NONE',  ( 1.000000000000000000, -1.734723475976807341E-16, -0.000000000000000000 ) ) ;
#447 = FACE_OUTER_BOUND ( 'NONE', #480, .T. ) ;
#448 = DIRECTION ( 'NONE',  ( 1.000000000000000000, 1.040834085586084257E-16, 0.000000000000000000 ) ) ;
#449 = CARTESIAN_POINT ( 'NONE',  ( -17.74999999999998934, 10.64999999999999680, -86.37525551735875240 ) ) ;
#450 = DIRECTION ( 'NONE',  ( 1.040834085586084257E-16, -1.000000000000000000, 0.000000000000000000 ) ) ;
#451 = EDGE_CURVE ( 'NONE', #1894, #1770, #503, .T. ) ;
#452 = ORIENTED_EDGE ( 'NONE', *, *, #1934, .F. ) ;
#453 = VECTOR ( 'NONE', #646, 1000.000000000000000 ) ;
#454 = EDGE_CURVE ( 'NONE', #1328, #1364, #1654, .T. ) ;
#455 = VECTOR ( 'NONE', #1344, 1000.000000000000000 ) ;
#456 = DIRECTION ( 'NONE',  ( 0.000000000000000000, 0.000000000000000000, 1.000000000000000000 ) ) ;
#457 = ADVANCED_FACE ( 'NONE', ( #2382, #1266, #1468 ), #317, .F. ) ;
#458 = EDGE_LOOP ( 'NONE', ( #1741, #1313 ) ) ;
#459 = ORIENTED_EDGE ( 'NONE', *, *, #2216, .F. ) ;
#460 = DIRECTION ( 'NONE',  ( -1.000000000000000000, 0.000000000000000000, -0.000000000000000000 ) ) ;
#461 = CARTESIAN_POINT ( 'NONE',  ( 4.249999999999983125, 13.64999999999999325, -86.37525551735875240 ) ) ;
#462 = LINE ( 'NONE', #608, #493 ) ;
#463 = LINE ( 'NONE', #1412, #652 ) ;
#464 = CARTESIAN_POINT ( 'NONE',  ( 21.24999999999999289, -60.00000000000002842, -151.9955803164349390 ) ) ;
#465 = DIRECTION ( 'NONE',  ( -1.000000000000000000, 1.734723475976807341E-16, -0.000000000000000000 ) ) ;
#466 = CIRCLE ( 'NONE', #696, 1.499999999999996225 ) ;
#467 = CARTESIAN_POINT ( 'NONE',  ( 21.24999999999997868, 1.638692345779117820, -154.9955803164349675 ) ) ;
#468 = ORIENTED_EDGE ( 'NONE', *, *, #734, .F. ) ;
#469 = ORIENTED_EDGE ( 'NONE', *, *, #1754, .T. ) ;
#470 = EDGE_CURVE ( 'NONE', #1052, #1590, #284, .T. ) ;
#471 = VECTOR ( 'NONE', #158, 1000.000000000000114 ) ;
#472 = DIRECTION ( 'NONE',  ( 0.000000000000000000, 0.000000000000000000, 1.000000000000000000 ) ) ;
#473 = DIRECTION ( 'NONE',  ( 0.000000000000000000, 0.000000000000000000, 1.000000000000000000 ) ) ;
#474 = DIRECTION ( 'NONE',  ( -5.165158292437539333E-19, -0.01786506621014886248, -0.9998404069696857910 ) ) ;
#475 = CARTESIAN_POINT ( 'NONE',  ( 21.24999999999999289, 60.00000000000000711, 0.000000000000000000 ) ) ;
#476 = DIRECTION ( 'NONE',  ( 0.000000000000000000, -1.000000000000000000, 0.000000000000000000 ) ) ;
#477 = VECTOR ( 'NONE', #7, 1000.000000000000000 ) ;
#478 = VECTOR ( 'NONE', #201, 1000.000000000000000 ) ;
#479 = DIRECTION ( 'NONE',  ( 0.000000000000000000, -1.000000000000000000, 0.000000000000000000 ) ) ;
#480 = EDGE_LOOP ( 'NONE', ( #1295, #1167, #589, #1983 ) ) ;
#481 = EDGE_LOOP ( 'NONE', ( #1442, #2282, #432, #2144 ) ) ;
#482 = EDGE_CURVE ( 'NONE', #1714, #1811, #1618, .T. ) ;
#483 = PLANE ( 'NONE',  #718 ) ;
#484 = DIRECTION ( 'NONE',  ( -0.000000000000000000, -0.000000000000000000, -1.000000000000000000 ) ) ;
#485 = CARTESIAN_POINT ( 'NONE',  ( 21.24999999999999289, -7.324999999999990408, -13.22500000000000675 ) ) ;
#486 = VECTOR ( 'NONE', #1985, 1000.000000000000000 ) ;
#487 = DIRECTION ( 'NONE',  ( 0.000000000000000000, 0.000000000000000000, -1.000000000000000000 ) ) ;
#488 = CARTESIAN_POINT ( 'NONE',  ( 11.24999999999999289, 57.00000000000000000, -3.000000000000002665 ) ) ;
#489 = ADVANCED_FACE ( 'NONE', ( #1457 ), #296, .F. ) ;
#490 = DIRECTION ( 'NONE',  ( -1.000000000000000000, 1.387778780781445676E-16, -0.000000000000000000 ) ) ;
#491 = ORIENTED_EDGE ( 'NONE', *, *, #1499, .F. ) ;
#492 = EDGE_LOOP ( 'NONE', ( #1255, #2256, #1114, #617 ) ) ;
#493 = VECTOR ( 'NONE', #595, 1000.000000000000000 ) ;
#494 = CARTESIAN_POINT ( 'NONE',  ( 7.249999999999985789, -40.00000000000000711, -144.1830803164349390 ) ) ;
#495 = CARTESIAN_POINT ( 'NONE',  ( -170.0000000000000000, 10.64999999999998259, -58.42034058415723763 ) ) ;
#496 = DIRECTION ( 'NONE',  ( -0.3959401535119461135, 0.9182763172580117317, 0.000000000000000000 ) ) ;
#497 = EDGE_CURVE ( 'NONE', #418, #37, #897, .T. ) ;
#498 = DIRECTION ( 'NONE',  ( 0.000000000000000000, 1.000000000000000000, 0.000000000000000000 ) ) ;
#499 = EDGE_CURVE ( 'NONE', #1496, #1554, #103, .T. ) ;
#500 = CARTESIAN_POINT ( 'NONE',  ( 16.24999999999998934, 30.00000000000000711, -71.96373073434399714 ) ) ;
#501 = ORIENTED_EDGE ( 'NONE', *, *, #1117, .F. ) ;
#502 = ORIENTED_EDGE ( 'NONE', *, *, #1680, .T. ) ;
#503 = LINE ( 'NONE', #2416, #1172 ) ;
#504 = DIRECTION ( 'NONE',  ( 1.000000000000000000, 0.000000000000000000, 0.000000000000000000 ) ) ;
#505 = FACE_OUTER_BOUND ( 'NONE', #2063, .T. ) ;
#506 = CARTESIAN_POINT ( 'NONE',  ( 11.24999999999999645, 3.999999999999977351, -38.51840990379744767 ) ) ;
#507 = VECTOR ( 'NONE', #56, 1000.000000000000000 ) ;
#508 = CIRCLE ( 'NONE', #955, 1.499999999999997780 ) ;
#509 = LINE ( 'NONE', #1664, #1001 ) ;
#510 = EDGE_LOOP ( 'NONE', ( #1526, #50, #1974, #2051 ) ) ;
#511 = ORIENTED_EDGE ( 'NONE', *, *, #978, .F. ) ;
#512 = CARTESIAN_POINT ( 'NONE',  ( 80.00000000000005684, -8.324999999999999289, -13.22500000000000675 ) ) ;
#513 = CARTESIAN_POINT ( 'NONE',  ( 21.24999999999999289, 57.00000000000000000, -3.000000000000002665 ) ) ;
#514 = LINE ( 'NONE', #1632, #211 ) ;
#515 = CARTESIAN_POINT ( 'NONE',  ( 16.24999999999998934, 30.00000000000000711, -68.96373073434398293 ) ) ;
#516 = AXIS2_PLACEMENT_3D ( 'NONE', #1900, #2109, #2484 ) ;
#517 = EDGE_CURVE ( 'NONE', #1590, #741, #1835, .T. ) ;
#518 = ADVANCED_FACE ( 'NONE', ( #849 ), #1043, .F. ) ;
#519 = FACE_BOUND ( 'NONE', #1205, .T. ) ;
#520 = VERTEX_POINT ( 'NONE', #1432 ) ;
#521 = AXIS2_PLACEMENT_3D ( 'NONE', #1606, #809, #2119 ) ;
#522 = ORIENTED_EDGE ( 'NONE', *, *, #742, .F. ) ;
#523 = ADVANCED_FACE ( 'NONE', ( #2196, #644, #1848 ), #112, .F. ) ;
#524 = DIRECTION ( 'NONE',  ( 0.000000000000000000, 1.000000000000000000, 0.000000000000000000 ) ) ;
#525 = ORIENTED_EDGE ( 'NONE', *, *, #2261, .F. ) ;
#526 = DIRECTION ( 'NONE',  ( -6.938893903907223447E-16, -1.000000000000000000, -0.000000000000000000 ) ) ;
#527 = VERTEX_POINT ( 'NONE', #2012 ) ;
#528 = CIRCLE ( 'NONE', #1948, 1.500000000000001332 ) ;
#530 = AXIS2_PLACEMENT_3D ( 'NONE', #1200, #29, #425 ) ;
#529 = CARTESIAN_POINT ( 'NONE',  ( 11.24999999999999112, -0.6000000000000033085, 0.000000000000000000 ) ) ;
#531 = ADVANCED_FACE ( 'NONE', ( #1823 ), #483, .F. ) ;
#532 = CARTESIAN_POINT ( 'NONE',  ( -17.75000000000000355, 3.999999999999982681, -38.51840990379744767 ) ) ;
#533 = UNCERTAINTY_MEASURE_WITH_UNIT (LENGTH_MEASURE( 1.000000000000000082E-05 ), #1414, 'distance_accuracy_value', 'NONE');
#534 = VERTEX_POINT ( 'NONE', #1642 ) ;
#535 = ORIENTED_EDGE ( 'NONE', *, *, #862, .F. ) ;
#536 = VECTOR ( 'NONE', #421, 1000.000000000000000 ) ;
#537 = CARTESIAN_POINT ( 'NONE',  ( 80.00000000000005684, -7.324999999999998401, -133.3705803164349390 ) ) ;
#538 = VERTEX_POINT ( 'NONE', #2023 ) ;
#539 = CARTESIAN_POINT ( 'NONE',  ( 19.24999999999993960, -60.00000000000002842, -130.3705803164349390 ) ) ;
#540 = EDGE_CURVE ( 'NONE', #1138, #1203, #2136, .T. ) ;
#541 = ORIENTED_EDGE ( 'NONE', *, *, #1831, .F. ) ;
#542 = ORIENTED_EDGE ( 'NONE', *, *, #274, .F. ) ;
#543 = CARTESIAN_POINT ( 'NONE',  ( 19.24999999999997868, -8.324999999999990408, -16.22500000000001563 ) ) ;
#544 = CYLINDRICAL_SURFACE ( 'NONE', #47, 1.500000000000001332 ) ;
#545 = LINE ( 'NONE', #2260, #880 ) ;
#546 = ORIENTED_EDGE ( 'NONE', *, *, #4, .T. ) ;
#547 = ORIENTED_EDGE ( 'NONE', *, *, #1349, .F. ) ;
#548 = AXIS2_PLACEMENT_3D ( 'NONE', #2059, #19, #1483 ) ;
#549 = DIRECTION ( 'NONE',  ( 1.000000000000000000, -1.387778780781445676E-16, 0.000000000000000000 ) ) ;
#550 = ORIENTED_EDGE ( 'NONE', *, *, #1492, .T. ) ;
#551 = FACE_OUTER_BOUND ( 'NONE', #1382, .T. ) ;
#552 = EDGE_CURVE ( 'NONE', #2169, #1138, #1477, .T. ) ;
#553 = VERTEX_POINT ( 'NONE', #2253 ) ;
#554 = DIRECTION ( 'NONE',  ( 0.000000000000000000, 0.000000000000000000, -1.000000000000000000 ) ) ;
#555 = CARTESIAN_POINT ( 'NONE',  ( 18.24999999999997868, -8.325000000000004619, -133.3705803164349390 ) ) ;
#556 = EDGE_CURVE ( 'NONE', #1872, #1744, #918, .T. ) ;
#557 = CARTESIAN_POINT ( 'NONE',  ( 80.00000000000005684, -7.324999999999998401, -13.22500000000000675 ) ) ;
#558 = DIRECTION ( 'NONE',  ( 1.000000000000000000, 0.000000000000000000, 0.000000000000000000 ) ) ;
#559 = AXIS2_PLACEMENT_3D ( 'NONE', #1380, #2143, #1204 ) ;
#560 = ORIENTED_EDGE ( 'NONE', *, *, #1878, .T. ) ;
#561 = ORIENTED_EDGE ( 'NONE', *, *, #1184, .F. ) ;
#562 = DIRECTION ( 'NONE',  ( -1.000000000000000000, -0.000000000000000000, -0.000000000000000000 ) ) ;
#563 = ORIENTED_EDGE ( 'NONE', *, *, #195, .T. ) ;
#564 = CARTESIAN_POINT ( 'NONE',  ( 11.25000000000000000, -1.800000000000002931, 17.79051713694687464 ) ) ;
#565 = VERTEX_POINT ( 'NONE', #711 ) ;
#566 = AXIS2_PLACEMENT_3D ( 'NONE', #821, #2371, #472 ) ;
#567 = ORIENTED_EDGE ( 'NONE', *, *, #2201, .T. ) ;
#568 = DIRECTION ( 'NONE',  ( 1.000000000000000000, 1.040834085586084257E-16, 0.000000000000000000 ) ) ;
#569 = VECTOR ( 'NONE', #2149, 1000.000000000000000 ) ;
#570 = CIRCLE ( 'NONE', #1662, 1.500000000000001332 ) ;
#571 = CARTESIAN_POINT ( 'NONE',  ( 18.24999999999993960, -60.00000000000002842, -133.3705803164349390 ) ) ;
#572 = DIRECTION ( 'NONE',  ( 0.3162277660168379412, 0.000000000000000000, 0.9486832980505138790 ) ) ;
#573 = DIRECTION ( 'NONE',  ( 0.000000000000000000, -1.000000000000000000, 0.000000000000000000 ) ) ;
#574 = EDGE_CURVE ( 'NONE', #361, #1521, #144, .T. ) ;
#575 = ORIENTED_EDGE ( 'NONE', *, *, #978, .T. ) ;
#576 = ORIENTED_EDGE ( 'NONE', *, *, #106, .T. ) ;
#577 = CARTESIAN_POINT ( 'NONE',  ( 18.24999999999998579, 3.144479452198242875, -13.22500000000001386 ) ) ;
#578 = ORIENTED_EDGE ( 'NONE', *, *, #786, .T. ) ;
#579 = DIRECTION ( 'NONE',  ( 1.000000000000000000, -1.734723475976807341E-16, -0.000000000000000000 ) ) ;
#580 = CIRCLE ( 'NONE', #95, 1.499999999999997780 ) ;
#581 = ORIENTED_EDGE ( 'NONE', *, *, #1133, .T. ) ;
#582 = CARTESIAN_POINT ( 'NONE',  ( 21.24999999999999289, 1.640478855513117340, -104.1955961015159744 ) ) ;
#583 = CARTESIAN_POINT ( 'NONE',  ( 21.24999999999999289, 57.00000000000000000, -151.9955803164349390 ) ) ;
#584 = PLANE ( 'NONE',  #979 ) ;
#585 = DIRECTION ( 'NONE',  ( -0.000000000000000000, 0.000000000000000000, 1.000000000000000000 ) ) ;
#586 = DIRECTION ( 'NONE',  ( 0.000000000000000000, 0.000000000000000000, -1.000000000000000000 ) ) ;
#587 = ORIENTED_EDGE ( 'NONE', *, *, #1919, .T. ) ;
#588 = DIRECTION ( 'NONE',  ( 1.000000000000000000, -0.000000000000000000, -0.000000000000000000 ) ) ;
#589 = ORIENTED_EDGE ( 'NONE', *, *, #1309, .T. ) ;
#590 = CIRCLE ( 'NONE', #1206, 1.500000000000001332 ) ;
#591 = ORIENTED_EDGE ( 'NONE', *, *, #470, .F. ) ;
#592 = AXIS2_PLACEMENT_3D ( 'NONE', #788, #585, #6 ) ;
#593 = CARTESIAN_POINT ( 'NONE',  ( 24.42499999999998295, -8.324999999999993960, -31.75000000000002842 ) ) ;
#594 = LINE ( 'NONE', #163, #1104 ) ;
#595 = DIRECTION ( 'NONE',  ( 1.000000000000000000, -0.000000000000000000, -0.000000000000000000 ) ) ;
#596 = DIRECTION ( 'NONE',  ( 1.000000000000000000, -1.387778780781445676E-16, 0.000000000000000000 ) ) ;
#597 = CARTESIAN_POINT ( 'NONE',  ( -17.74999999999998934, 26.95000000000000639, -86.37525551735875240 ) ) ;
#598 = FACE_OUTER_BOUND ( 'NONE', #2487, .T. ) ;
#599 = EDGE_CURVE ( 'NONE', #1322, #418, #1288, .T. ) ;
#600 = EDGE_CURVE ( 'NONE', #1554, #1496, #1314, .T. ) ;
#601 = EDGE_LOOP ( 'NONE', ( #156, #1152, #1706, #769, #2009 ) ) ;
#602 = PLANE ( 'NONE',  #559 ) ;
#603 = VERTEX_POINT ( 'NONE', #1920 ) ;
#604 = ORIENTED_EDGE ( 'NONE', *, *, #149, .T. ) ;
#605 = EDGE_CURVE ( 'NONE', #2455, #883, #1299, .T. ) ;
#606 = CARTESIAN_POINT ( 'NONE',  ( 4.000000000000000000, -1.800000000000000488, -149.9955803164349390 ) ) ;
#607 = CARTESIAN_POINT ( 'NONE',  ( 13.45646728200210518, 4.638692345779120707, -93.82610086423677842 ) ) ;
#608 = CARTESIAN_POINT ( 'NONE',  ( -170.0000000000000000, 49.64177672930824059, -104.1955961015159744 ) ) ;
#609 = EDGE_CURVE ( 'NONE', #2450, #655, #2430, .T. ) ;
#610 = CARTESIAN_POINT ( 'NONE',  ( 21.24999999999999289, -60.00000000000002842, -275.4115261043579039 ) ) ;
#611 = DIRECTION ( 'NONE',  ( 1.000000000000000000, -2.891205793294678080E-17, 0.000000000000000000 ) ) ;
#612 = PLANE ( 'NONE',  #1594 ) ;
#613 = VECTOR ( 'NONE', #1860, 1000.000000000000000 ) ;
#614 = ORIENTED_EDGE ( 'NONE', *, *, #1239, .F. ) ;
#615 = FACE_OUTER_BOUND ( 'NONE', #1265, .T. ) ;
#616 = ORIENTED_EDGE ( 'NONE', *, *, #1350, .F. ) ;
#617 = ORIENTED_EDGE ( 'NONE', *, *, #930, .T. ) ;
#618 = DIRECTION ( 'NONE',  ( 0.000000000000000000, 0.000000000000000000, 1.000000000000000000 ) ) ;
#619 = DIRECTION ( 'NONE',  ( 0.000000000000000000, 1.000000000000000000, 0.000000000000000000 ) ) ;
#620 = DIRECTION ( 'NONE',  ( 0.000000000000000000, 0.000000000000000000, 1.000000000000000000 ) ) ;
#621 = DIRECTION ( 'NONE',  ( 0.000000000000000000, -1.000000000000000000, 0.000000000000000000 ) ) ;
#622 = DIRECTION ( 'NONE',  ( -0.000000000000000000, -0.000000000000000000, -1.000000000000000000 ) ) ;
#623 = FILL_AREA_STYLE_COLOUR ( '', #176 ) ;
#624 = VERTEX_POINT ( 'NONE', #1907 ) ;
#625 = DIRECTION ( 'NONE',  ( 0.000000000000000000, 0.000000000000000000, 1.000000000000000000 ) ) ;
#626 = VERTEX_POINT ( 'NONE', #907 ) ;
#627 = ORIENTED_EDGE ( 'NONE', *, *, #1641, .F. ) ;
#628 = CIRCLE ( 'NONE', #1737, 1.499999999999997780 ) ;
#629 = DIRECTION ( 'NONE',  ( -1.000000000000000000, 1.734723475976807341E-16, 0.000000000000000000 ) ) ;
#630 = VECTOR ( 'NONE', #2234, 1000.000000000000000 ) ;
#631 = FACE_OUTER_BOUND ( 'NONE', #2474, .T. ) ;
#632 = CARTESIAN_POINT ( 'NONE',  ( 4.249999999999979572, 28.45000000000000639, -86.37525551735875240 ) ) ;
#633 = VECTOR ( 'NONE', #2104, 1000.000000000000000 ) ;
#634 = DIRECTION ( 'NONE',  ( 0.000000000000000000, 1.000000000000000000, 0.000000000000000000 ) ) ;
#635 = FACE_BOUND ( 'NONE', #904, .T. ) ;
#636 = SURFACE_STYLE_FILL_AREA ( #1982 ) ;
#637 = EDGE_CURVE ( 'NONE', #1327, #883, #374, .T. ) ;
#638 = ADVANCED_FACE ( 'NONE', ( #1487 ), #2451, .F. ) ;
#639 = ORIENTED_EDGE ( 'NONE', *, *, #299, .F. ) ;
#640 = CARTESIAN_POINT ( 'NONE',  ( -52.08496759864498671, -30.00000000000001066, -138.2955803164349504 ) ) ;
#641 = VERTEX_POINT ( 'NONE', #2075 ) ;
#642 = ORIENTED_EDGE ( 'NONE', *, *, #1252, .T. ) ;
#643 = VECTOR ( 'NONE', #1274, 1000.000000000000000 ) ;
#644 = FACE_BOUND ( 'NONE', #131, .T. ) ;
#645 = FACE_OUTER_BOUND ( 'NONE', #808, .T. ) ;
#646 = DIRECTION ( 'NONE',  ( -0.000000000000000000, 1.000000000000000000, -0.000000000000000000 ) ) ;
#647 = ADVANCED_FACE ( 'NONE', ( #956 ), #724, .F. ) ;
#648 = LINE ( 'NONE', #81, #2058 ) ;
#649 = LINE ( 'NONE', #1424, #674 ) ;
#650 = ADVANCED_FACE ( 'NONE', ( #2088 ), #931, .F. ) ;
#651 = VECTOR ( 'NONE', #496, 1000.000000000000227 ) ;
#652 = VECTOR ( 'NONE', #448, 1000.000000000000000 ) ;
#653 = LINE ( 'NONE', #640, #2411 ) ;
#654 = ORIENTED_EDGE ( 'NONE', *, *, #1720, .F. ) ;
#655 = VERTEX_POINT ( 'NONE', #1511 ) ;
#656 = CARTESIAN_POINT ( 'NONE',  ( -170.0000000000000000, 26.94999999999998863, -58.42034058415723763 ) ) ;
#657 = DIRECTION ( 'NONE',  ( -1.000000000000000000, 1.387778780781445922E-16, 0.000000000000000000 ) ) ;
#658 = DIRECTION ( 'NONE',  ( -1.000000000000000000, 1.387778780781445676E-16, -0.000000000000000000 ) ) ;
#659 = APPLICATION_CONTEXT ( 'automotive_design' ) ;
#660 = DIRECTION ( 'NONE',  ( -1.000000000000000000, 1.387778780781445922E-16, -0.000000000000000000 ) ) ;
#661 = DIRECTION ( 'NONE',  ( 1.000000000000000000, -2.891205793294678080E-17, 0.000000000000000000 ) ) ;
#662 = CIRCLE ( 'NONE', #737, 1.499999999999997780 ) ;
#663 = EDGE_CURVE ( 'NONE', #1785, #1403, #2053, .T. ) ;
#664 = LINE ( 'NONE', #2203, #1291 ) ;
#665 = ORIENTED_EDGE ( 'NONE', *, *, #1530, .F. ) ;
#666 = VERTEX_POINT ( 'NONE', #326 ) ;
#667 = EDGE_CURVE ( 'NONE', #527, #99, #628, .T. ) ;
#668 = EDGE_CURVE ( 'NONE', #2370, #1811, #1572, .T. ) ;
#669 = DIRECTION ( 'NONE',  ( 0.000000000000000000, 0.000000000000000000, -1.000000000000000000 ) ) ;
#670 = DIRECTION ( 'NONE',  ( 1.000000000000000000, -3.589083053745119197E-16, 0.000000000000000000 ) ) ;
#671 = LINE ( 'NONE', #2209, #31 ) ;
#672 = CARTESIAN_POINT ( 'NONE',  ( 21.24999999999999289, 49.64177672930824059, -104.1955961015159744 ) ) ;
#673 = CARTESIAN_POINT ( 'NONE',  ( 7.249999999999985789, -38.50000000000001421, -144.1830803164349390 ) ) ;
#674 = VECTOR ( 'NONE', #2188, 1000.000000000000000 ) ;
#675 = ADVANCED_FACE ( 'NONE', ( #1716, #133, #1676 ), #1310, .T. ) ;
#676 = EDGE_CURVE ( 'NONE', #2316, #1592, #416, .T. ) ;
#677 = LINE ( 'NONE', #467, #1215 ) ;
#678 = ORIENTED_EDGE ( 'NONE', *, *, #409, .T. ) ;
#679 = ORIENTED_EDGE ( 'NONE', *, *, #2127, .T. ) ;
#680 = DIRECTION ( 'NONE',  ( -0.000000000000000000, 0.000000000000000000, 1.000000000000000000 ) ) ;
#681 = CARTESIAN_POINT ( 'NONE',  ( -170.0000000000000000, 28.44999999999998508, -58.42034058415723763 ) ) ;
#682 = LINE ( 'NONE', #702, #651 ) ;
#683 = EDGE_CURVE ( 'NONE', #2405, #2450, #48, .T. ) ;
#684 = VECTOR ( 'NONE', #1164, 1000.000000000000000 ) ;
#685 = DIRECTION ( 'NONE',  ( -1.000000000000000000, 1.387778780781445922E-16, -0.000000000000000000 ) ) ;
#686 = VECTOR ( 'NONE', #1030, 1000.000000000000000 ) ;
#687 = CARTESIAN_POINT ( 'NONE',  ( 21.24999999999999289, -57.00000000000002132, -3.000000000000002665 ) ) ;
#688 = ORIENTED_EDGE ( 'NONE', *, *, #83, .F. ) ;
#689 = VECTOR ( 'NONE', #1941, 1000.000000000000000 ) ;
#690 = EDGE_LOOP ( 'NONE', ( #1097, #1918, #2461, #877 ) ) ;
#691 = CIRCLE ( 'NONE', #1024, 1.500000000000001332 ) ;
#692 = DIRECTION ( 'NONE',  ( 0.000000000000000000, 0.000000000000000000, 1.000000000000000000 ) ) ;
#693 = FACE_OUTER_BOUND ( 'NONE', #120, .T. ) ;
#694 = DIRECTION ( 'NONE',  ( 1.000000000000000000, -0.000000000000000000, -0.000000000000000000 ) ) ;
#695 = LINE ( 'NONE', #1472, #2240 ) ;
#696 = AXIS2_PLACEMENT_3D ( 'NONE', #1644, #2408, #1458 ) ;
#697 = DIRECTION ( 'NONE',  ( -1.000000000000000000, -1.040834085586084257E-16, 0.000000000000000000 ) ) ;
#698 = ORIENTED_EDGE ( 'NONE', *, *, #1610, .T. ) ;
#699 = ORIENTED_EDGE ( 'NONE', *, *, #2022, .F. ) ;
#700 = DIRECTION ( 'NONE',  ( -1.000000000000000000, 2.891205793294678080E-17, -0.000000000000000000 ) ) ;
#701 = CYLINDRICAL_SURFACE ( 'NONE', #2230, 1.499999999999997780 ) ;
#702 = CARTESIAN_POINT ( 'NONE',  ( 13.45646728200210518, 4.638692345779120707, -104.2955803164349646 ) ) ;
#703 = EDGE_CURVE ( 'NONE', #2066, #1734, #1979, .T. ) ;
#704 = LINE ( 'NONE', #1250, #2323 ) ;
#705 = VECTOR ( 'NONE', #2401, 1000.000000000000000 ) ;
#706 = EDGE_CURVE ( 'NONE', #1702, #2169, #1130, .T. ) ;
#707 = AXIS2_PLACEMENT_3D ( 'NONE', #899, #298, #1656 ) ;
#708 = CARTESIAN_POINT ( 'NONE',  ( 21.24999999999999289, 57.00000000000000000, -3.000000000000002665 ) ) ;
#709 = ORIENTED_EDGE ( 'NONE', *, *, #1713, .F. ) ;
#710 = VERTEX_POINT ( 'NONE', #1743 ) ;
#711 = CARTESIAN_POINT ( 'NONE',  ( 21.24999999999999289, 60.00000000000000711, -3.000000000000002665 ) ) ;
#712 = ORIENTED_EDGE ( 'NONE', *, *, #599, .T. ) ;
#713 = CARTESIAN_POINT ( 'NONE',  ( 7.249999999999985789, -50.00000000000001421, -144.1830803164349390 ) ) ;
#714 = VERTEX_POINT ( 'NONE', #1757 ) ;
#715 = VECTOR ( 'NONE', #122, 1000.000000000000000 ) ;
#716 = ADVANCED_FACE ( 'NONE', ( #2115 ), #1552, .F. ) ;
#717 = CARTESIAN_POINT ( 'NONE',  ( 21.24999999999999289, 60.00000000000000711, -151.9955803164349390 ) ) ;
#718 = AXIS2_PLACEMENT_3D ( 'NONE', #88, #859, #1256 ) ;
#719 = LINE ( 'NONE', #925, #98 ) ;
#720 = ADVANCED_FACE ( 'NONE', ( #969 ), #11, .F. ) ;
#721 = ORIENTED_EDGE ( 'NONE', *, *, #387, .F. ) ;
#722 = CIRCLE ( 'NONE', #290, 1.500000000000001332 ) ;
#723 = VERTEX_POINT ( 'NONE', #199 ) ;
#724 = PLANE ( 'NONE',  #1373 ) ;
#725 = ORIENTED_EDGE ( 'NONE', *, *, #2311, .F. ) ;
#726 = CARTESIAN_POINT ( 'NONE',  ( 21.24999999999993960, -60.00000000000002842, -13.22500000000001386 ) ) ;
#727 = EDGE_LOOP ( 'NONE', ( #2099, #335, #2238, #725 ) ) ;
#728 = CIRCLE ( 'NONE', #329, 1.499999999999997780 ) ;
#729 = PLANE ( 'NONE',  #132 ) ;
#730 = CARTESIAN_POINT ( 'NONE',  ( 18.24999999999993960, -60.00000000000002842, -133.3705803164349390 ) ) ;
#731 = CARTESIAN_POINT ( 'NONE',  ( 7.249999999999985789, -41.50000000000000000, -144.1830803164349390 ) ) ;
#732 = DIRECTION ( 'NONE',  ( -1.000000000000000000, 0.000000000000000000, -0.000000000000000000 ) ) ;
#733 = APPLICATION_CONTEXT ( 'automotive_design' ) ;
#734 = EDGE_CURVE ( 'NONE', #180, #1180, #1217, .T. ) ;
#735 = VERTEX_POINT ( 'NONE', #1367 ) ;
#736 = ORIENTED_EDGE ( 'NONE', *, *, #1561, .F. ) ;
#737 = AXIS2_PLACEMENT_3D ( 'NONE', #2383, #446, #1209 ) ;
#738 = CARTESIAN_POINT ( 'NONE',  ( 11.24999999999998934, -30.00000000000001421, -138.2955803164349504 ) ) ;
#739 = ORIENTED_EDGE ( 'NONE', *, *, #2097, .T. ) ;
#740 = DIRECTION ( 'NONE',  ( 0.000000000000000000, 0.000000000000000000, 1.000000000000000000 ) ) ;
#741 = VERTEX_POINT ( 'NONE', #228 ) ;
#742 = EDGE_CURVE ( 'NONE', #1921, #257, #2087, .T. ) ;
#743 = DIRECTION ( 'NONE',  ( -3.589083053745119197E-16, -1.000000000000000000, 0.000000000000000000 ) ) ;
#744 = DIRECTION ( 'NONE',  ( 0.000000000000000000, -1.000000000000000000, 0.000000000000000000 ) ) ;
#745 = VECTOR ( 'NONE', #1444, 1000.000000000000000 ) ;
#746 = LINE ( 'NONE', #2287, #1625 ) ;
#747 = DIRECTION ( 'NONE',  ( 1.000000000000000000, -0.000000000000000000, -0.000000000000000000 ) ) ;
#748 = ORIENTED_EDGE ( 'NONE', *, *, #1029, .T. ) ;
#749 = EDGE_CURVE ( 'NONE', #1715, #905, #2489, .T. ) ;
#750 = EDGE_LOOP ( 'NONE', ( #1727, #1466, #929, #941, #2293, #403 ) ) ;
#751 = DIRECTION ( 'NONE',  ( 2.891205793294678080E-17, 1.000000000000000000, -0.000000000000000000 ) ) ;
#752 = ORIENTED_EDGE ( 'NONE', *, *, #1014, .T. ) ;
#753 = CARTESIAN_POINT ( 'NONE',  ( 21.24999999999999289, 57.00000000000000000, -154.9955803164349675 ) ) ;
#754 = ORIENTED_EDGE ( 'NONE', *, *, #2285, .T. ) ;
#755 = DIRECTION ( 'NONE',  ( 0.000000000000000000, -0.01786506621014885901, -0.9998404069696857910 ) ) ;
#756 = ADVANCED_FACE ( 'NONE', ( #615 ), #1730, .F. ) ;
#757 = DIRECTION ( 'NONE',  ( 0.000000000000000000, 0.000000000000000000, 1.000000000000000000 ) ) ;
#758 = CARTESIAN_POINT ( 'NONE',  ( 21.24999999999998579, 49.63999999999997215, -154.9955803164349675 ) ) ;
#759 = CARTESIAN_POINT ( 'NONE',  ( 18.24999999999998579, 3.144479452198242875, -133.3705803164349390 ) ) ;
#760 = PLANE ( 'NONE',  #1971 ) ;
#761 = VECTOR ( 'NONE', #1253, 1000.000000000000000 ) ;
#762 = VERTEX_POINT ( 'NONE', #2129 ) ;
#763 = VERTEX_POINT ( 'NONE', #806 ) ;
#764 = CARTESIAN_POINT ( 'NONE',  ( 80.13019254381191558, 3.999999999999965361, -99.19559610151596019 ) ) ;
#765 = EDGE_LOOP ( 'NONE', ( #1147, #1509 ) ) ;
#766 = CARTESIAN_POINT ( 'NONE',  ( 16.24999999999999645, 30.00000000000000711, -35.23186536717199857 ) ) ;
#767 = EDGE_LOOP ( 'NONE', ( #1666, #2045, #2277, #1027 ) ) ;
#768 = EDGE_CURVE ( 'NONE', #1254, #389, #999, .T. ) ;
#769 = ORIENTED_EDGE ( 'NONE', *, *, #1947, .F. ) ;
#770 = CARTESIAN_POINT ( 'NONE',  ( 19.24999999999993960, -60.00000000000002842, -130.3705803164349390 ) ) ;
#771 = VECTOR ( 'NONE', #694, 1000.000000000000000 ) ;
#772 = AXIS2_PLACEMENT_3D ( 'NONE', #1853, #2123, #596 ) ;
#773 = CARTESIAN_POINT ( 'NONE',  ( 80.00000000000005684, 18.79999999999998650, -73.29779015821748089 ) ) ;
#774 = CARTESIAN_POINT ( 'NONE',  ( 21.24999999999997868, 1.638692345779117820, -154.9955803164349675 ) ) ;
#775 = FACE_OUTER_BOUND ( 'NONE', #1881, .T. ) ;
#776 = ORIENTED_EDGE ( 'NONE', *, *, #742, .T. ) ;
#777 = DIRECTION ( 'NONE',  ( 1.000000000000000000, 0.000000000000000000, 0.000000000000000000 ) ) ;
#778 = EDGE_LOOP ( 'NONE', ( #353, #820, #1126, #200 ) ) ;
#779 = FACE_OUTER_BOUND ( 'NONE', #386, .T. ) ;
#780 = VECTOR ( 'NONE', #1788, 1000.000000000000000 ) ;
#781 = EDGE_LOOP ( 'NONE', ( #591, #1498, #34, #1041 ) ) ;
#782 = FACE_OUTER_BOUND ( 'NONE', #1297, .T. ) ;
#783 = ORIENTED_EDGE ( 'NONE', *, *, #1133, .F. ) ;
#784 = CARTESIAN_POINT ( 'NONE',  ( 80.00000000000005684, -8.324999999999999289, -16.22500000000001563 ) ) ;
#785 = ADVANCED_FACE ( 'NONE', ( #430 ), #22, .F. ) ;
#786 = EDGE_CURVE ( 'NONE', #741, #641, #1564, .T. ) ;
#787 = DIRECTION ( 'NONE',  ( 0.000000000000000000, 0.000000000000000000, 1.000000000000000000 ) ) ;
#788 = CARTESIAN_POINT ( 'NONE',  ( 0.000000000000000000, 0.000000000000000000, -154.9955803164349675 ) ) ;
#789 = DIRECTION ( 'NONE',  ( 2.891205793294678080E-17, 1.000000000000000000, 0.000000000000000000 ) ) ;
#790 = EDGE_CURVE ( 'NONE', #2031, #252, #1176, .T. ) ;
#791 = EDGE_LOOP ( 'NONE', ( #942, #325 ) ) ;
#792 = CARTESIAN_POINT ( 'NONE',  ( 14.74999999999998579, 1.638692345779117820, -93.82610086423677842 ) ) ;
#793 = VERTEX_POINT ( 'NONE', #2330 ) ;
#794 = CIRCLE ( 'NONE', #1119, 1.499999999999997780 ) ;
#795 = ORIENTED_EDGE ( 'NONE', *, *, #2210, .T. ) ;
#796 = VECTOR ( 'NONE', #751, 1000.000000000000000 ) ;
#797 = VECTOR ( 'NONE', #1361, 1000.000000000000000 ) ;
#798 = CARTESIAN_POINT ( 'NONE',  ( 16.24999999999999645, 30.00000000000000711, -38.23186536717199857 ) ) ;
#799 = FACE_OUTER_BOUND ( 'NONE', #1963, .T. ) ;
#800 = DIRECTION ( 'NONE',  ( 0.000000000000000000, -1.000000000000000000, 0.000000000000000000 ) ) ;
#801 = DIRECTION ( 'NONE',  ( -1.000000000000000000, 1.387778780781445676E-16, -0.000000000000000000 ) ) ;
#802 = CARTESIAN_POINT ( 'NONE',  ( 21.24999999999999289, -57.00000000000001421, -154.9955803164349675 ) ) ;
#803 = FACE_OUTER_BOUND ( 'NONE', #1475, .T. ) ;
#804 = VECTOR ( 'NONE', #588, 1000.000000000000000 ) ;
#805 = ORIENTED_EDGE ( 'NONE', *, *, #930, .F. ) ;
#806 = CARTESIAN_POINT ( 'NONE',  ( 17.74999999999998934, 1.638692345779117820, -104.2955803164349646 ) ) ;
#807 = ORIENTED_EDGE ( 'NONE', *, *, #2065, .T. ) ;
#808 = EDGE_LOOP ( 'NONE', ( #2426, #2091, #1639, #2406 ) ) ;
#809 = DIRECTION ( 'NONE',  ( -1.000000000000000000, 1.387778780781445922E-16, 0.000000000000000000 ) ) ;
#810 = DIRECTION ( 'NONE',  ( -0.3959401535119416726, 0.9182763172580137301, -0.000000000000000000 ) ) ;
#811 = LINE ( 'NONE', #1210, #1497 ) ;
#812 = CARTESIAN_POINT ( 'NONE',  ( -17.74999999999998934, 12.14999999999999503, -58.42034058415723763 ) ) ;
#813 = CARTESIAN_POINT ( 'NONE',  ( 21.24999999999999289, 20.29999999999999005, -73.29779015821748089 ) ) ;
#814 = DIRECTION ( 'NONE',  ( 0.000000000000000000, 0.000000000000000000, 1.000000000000000000 ) ) ;
#815 = VECTOR ( 'NONE', #487, 1000.000000000000000 ) ;
#816 = ORIENTED_EDGE ( 'NONE', *, *, #1947, .T. ) ;
#817 = ADVANCED_FACE ( 'NONE', ( #1579 ), #602, .F. ) ;
#818 = CARTESIAN_POINT ( 'NONE',  ( 11.24999999999999645, 36.60000000000000853, -99.19559610151596019 ) ) ;
#819 = ORIENTED_EDGE ( 'NONE', *, *, #278, .F. ) ;
#820 = ORIENTED_EDGE ( 'NONE', *, *, #1434, .T. ) ;
#821 = CARTESIAN_POINT ( 'NONE',  ( 80.00000000000004263, 20.29999999999999005, -23.30000000000000782 ) ) ;
#822 = AXIS2_PLACEMENT_3D ( 'NONE', #123, #2197, #1435 ) ;
#823 = CARTESIAN_POINT ( 'NONE',  ( 19.04353271799785574, 46.63999999999996504, -104.2955803164349646 ) ) ;
#824 = CARTESIAN_POINT ( 'NONE',  ( 14.74999999999999289, 49.63999999999997215, -93.82610086423677842 ) ) ;
#825 = EDGE_CURVE ( 'NONE', #2280, #2486, #108, .T. ) ;
#826 = DIRECTION ( 'NONE',  ( 1.000000000000000000, 0.000000000000000000, -0.000000000000000000 ) ) ;
#827 = DIRECTION ( 'NONE',  ( 1.000000000000000000, 1.040834085586084257E-16, 0.000000000000000000 ) ) ;
#828 = AXIS2_PLACEMENT_3D ( 'NONE', #167, #586, #732 ) ;
#829 = PLANE ( 'NONE',  #993 ) ;
#830 = ORIENTED_EDGE ( 'NONE', *, *, #205, .T. ) ;
#831 = EDGE_CURVE ( 'NONE', #989, #762, #1528, .T. ) ;
#832 = DIRECTION ( 'NONE',  ( 0.000000000000000000, 0.000000000000000000, 1.000000000000000000 ) ) ;
#833 = ORIENTED_EDGE ( 'NONE', *, *, #2341, .F. ) ;
#834 = ORIENTED_EDGE ( 'NONE', *, *, #1956, .T. ) ;
#835 = CYLINDRICAL_SURFACE ( 'NONE', #566, 6.000000000000001776 ) ;
#836 = CIRCLE ( 'NONE', #1480, 3.000000000000002665 ) ;
#837 = CARTESIAN_POINT ( 'NONE',  ( 21.24999999999999289, -60.00000000000002842, -275.4115261043579039 ) ) ;
#838 = PLANE ( 'NONE',  #977 ) ;
#839 = AXIS2_PLACEMENT_3D ( 'NONE', #1489, #1166, #1909 ) ;
#840 = EDGE_CURVE ( 'NONE', #655, #2480, #267, .T. ) ;
#841 = CARTESIAN_POINT ( 'NONE',  ( 16.24999999999999645, 60.00000000000000711, -36.73186536717199857 ) ) ;
#842 = LINE ( 'NONE', #2377, #1319 ) ;
#843 = DIRECTION ( 'NONE',  ( 0.000000000000000000, 0.9998421491898179525, -0.01776729308268480689 ) ) ;
#844 = CIRCLE ( 'NONE', #2247, 3.000000000000002665 ) ;
#845 = LINE ( 'NONE', #1039, #643 ) ;
#846 = ORIENTED_EDGE ( 'NONE', *, *, #2435, .F. ) ;
#847 = ORIENTED_EDGE ( 'NONE', *, *, #1184, .T. ) ;
#848 = AXIS2_PLACEMENT_3D ( 'NONE', #1935, #2342, #241 ) ;
#849 = FACE_OUTER_BOUND ( 'NONE', #1286, .T. ) ;
#850 = LINE ( 'NONE', #1762, #1433 ) ;
#851 = DIRECTION ( 'NONE',  ( 0.000000000000000000, -1.000000000000000000, 0.000000000000000000 ) ) ;
#852 = FACE_OUTER_BOUND ( 'NONE', #458, .T. ) ;
#853 = CARTESIAN_POINT ( 'NONE',  ( 11.24999999999999289, 1.638692345779117820, -104.2955803164349646 ) ) ;
#854 = EDGE_CURVE ( 'NONE', #2118, #1403, #653, .T. ) ;
#855 = CIRCLE ( 'NONE', #368, 1.500000000000001332 ) ;
#856 = DIRECTION ( 'NONE',  ( -1.000000000000000000, 0.000000000000000000, 0.000000000000000000 ) ) ;
#857 = VERTEX_POINT ( 'NONE', #1638 ) ;
#858 = ORIENTED_EDGE ( 'NONE', *, *, #1063, .F. ) ;
#859 = DIRECTION ( 'NONE',  ( 0.9486832980505138790, -6.582812753581311037E-16, 0.3162277660168379412 ) ) ;
#860 = CARTESIAN_POINT ( 'NONE',  ( 19.04353271799785574, 4.638692345779120707, -93.82610086423677842 ) ) ;
#861 = DIRECTION ( 'NONE',  ( -0.000000000000000000, -0.000000000000000000, -1.000000000000000000 ) ) ;
#862 = EDGE_CURVE ( 'NONE', #341, #1142, #2174, .T. ) ;
#863 = DIRECTION ( 'NONE',  ( 0.000000000000000000, -1.000000000000000000, 0.000000000000000000 ) ) ;
#864 = FACE_OUTER_BOUND ( 'NONE', #346, .T. ) ;
#865 = APPLICATION_PROTOCOL_DEFINITION ( 'draft international standard', 'automotive_design', 1998, #733 ) ;
#866 = AXIS2_PLACEMENT_3D ( 'NONE', #837, #619, #406 ) ;
#867 = ADVANCED_FACE ( 'NONE', ( #1050 ), #1795, .T. ) ;
#868 =( GEOMETRIC_REPRESENTATION_CONTEXT ( 3 ) GLOBAL_UNCERTAINTY_ASSIGNED_CONTEXT ( ( #1701 ) ) GLOBAL_UNIT_ASSIGNED_CONTEXT ( ( #70, #1767, #1636 ) ) REPRESENTATION_CONTEXT ( 'NONE', 'WORKASPACE' ) );
#869 = EDGE_CURVE ( 'NONE', #2011, #538, #322, .T. ) ;
#870 = CARTESIAN_POINT ( 'NONE',  ( 7.249999999999985789, -40.00000000000000711, -144.1830803164349390 ) ) ;
#871 = VERTEX_POINT ( 'NONE', #85 ) ;
#872 = ORIENTED_EDGE ( 'NONE', *, *, #1102, .F. ) ;
#873 = CARTESIAN_POINT ( 'NONE',  ( -170.0000000000000000, 49.63999999999997215, -104.2955803164349646 ) ) ;
#874 = EDGE_CURVE ( 'NONE', #2228, #2118, #291, .T. ) ;
#875 = FACE_OUTER_BOUND ( 'NONE', #204, .T. ) ;
#876 = DIRECTION ( 'NONE',  ( 1.000000000000000000, 0.000000000000000000, 0.000000000000000000 ) ) ;
#877 = ORIENTED_EDGE ( 'NONE', *, *, #1637, .F. ) ;
#878 = CARTESIAN_POINT ( 'NONE',  ( 19.04353271799785574, 46.63999999999996504, -154.9955803164349675 ) ) ;
#879 = CARTESIAN_POINT ( 'NONE',  ( -170.0000000000000000, 28.44999999999998508, -86.37525551735875240 ) ) ;
#880 = VECTOR ( 'NONE', #1157, 1000.000000000000000 ) ;
#881 = DIRECTION ( 'NONE',  ( 0.000000000000000000, -1.000000000000000000, 0.000000000000000000 ) ) ;
#882 = VERTEX_POINT ( 'NONE', #2404 ) ;
#883 = VERTEX_POINT ( 'NONE', #1263 ) ;
#884 = DIRECTION ( 'NONE',  ( 1.000000000000000000, 0.000000000000000000, 0.000000000000000000 ) ) ;
#885 = CARTESIAN_POINT ( 'NONE',  ( 0.000000000000000000, 0.000000000000000000, 0.000000000000000000 ) ) ;
#886 = DIRECTION ( 'NONE',  ( 0.3162277660168379412, 0.000000000000000000, 0.9486832980505138790 ) ) ;
#887 = VECTOR ( 'NONE', #2179, 1000.000000000000000 ) ;
#888 = FACE_OUTER_BOUND ( 'NONE', #1148, .T. ) ;
#889 = DIRECTION ( 'NONE',  ( 1.000000000000000000, 0.000000000000000000, 0.000000000000000000 ) ) ;
#890 = VECTOR ( 'NONE', #1583, 1000.000000000000000 ) ;
#891 = PLANE ( 'NONE',  #1942 ) ;
#892 = DIRECTION ( 'NONE',  ( -1.000000000000000000, 0.000000000000000000, 0.000000000000000000 ) ) ;
#893 = ORIENTED_EDGE ( 'NONE', *, *, #1904, .T. ) ;
#894 = AXIS2_PLACEMENT_3D ( 'NONE', #1154, #189, #961 ) ;
#895 = ORIENTED_EDGE ( 'NONE', *, *, #668, .T. ) ;
#896 = CIRCLE ( 'NONE', #2302, 1.499999999999996225 ) ;
#897 = LINE ( 'NONE', #1243, #745 ) ;
#898 = DIRECTION ( 'NONE',  ( 1.000000000000000000, -0.000000000000000000, -0.000000000000000000 ) ) ;
#899 = CARTESIAN_POINT ( 'NONE',  ( 80.00000000000005684, 20.29999999999998295, -73.29779015821748089 ) ) ;
#900 = EDGE_CURVE ( 'NONE', #1857, #282, #677, .T. ) ;
#901 = CARTESIAN_POINT ( 'NONE',  ( 21.24999999999999289, 1.640478855513117340, -104.1955961015159744 ) ) ;
#902 = EDGE_CURVE ( 'NONE', #1653, #1353, #2368, .T. ) ;
#903 = PLANE ( 'NONE',  #592 ) ;
#904 = EDGE_LOOP ( 'NONE', ( #1866, #1580, #1793, #1241 ) ) ;
#905 = VERTEX_POINT ( 'NONE', #1464 ) ;
#906 = ADVANCED_BREP_SHAPE_REPRESENTATION ( 'feed sideplate 2', ( #2476, #1199 ), #868 ) ;
#907 = CARTESIAN_POINT ( 'NONE',  ( 11.24999999999999645, 3.999999999999977351, -99.19559610151596019 ) ) ;
#908 = CARTESIAN_POINT ( 'NONE',  ( 4.000000000000000000, -1.800000000000000488, 0.000000000000000000 ) ) ;
#909 = CARTESIAN_POINT ( 'NONE',  ( -17.74999999999998934, 12.14999999999999503, -86.37525551735875240 ) ) ;
#910 = CARTESIAN_POINT ( 'NONE',  ( 17.74999999999998934, 1.638692345779117820, -104.2955803164349646 ) ) ;
#911 = EDGE_CURVE ( 'NONE', #61, #553, #1064, .T. ) ;
#912 = AXIS2_PLACEMENT_3D ( 'NONE', #1049, #438, #1401 ) ;
#913 = DIRECTION ( 'NONE',  ( -1.000000000000000000, 1.734723475976807341E-16, -0.000000000000000000 ) ) ;
#914 = AXIS2_PLACEMENT_3D ( 'NONE', #1056, #102, #1139 ) ;
#915 = DIRECTION ( 'NONE',  ( 0.000000000000000000, -0.000000000000000000, -1.000000000000000000 ) ) ;
#916 = ORIENTED_EDGE ( 'NONE', *, *, #1247, .T. ) ;
#917 = ORIENTED_EDGE ( 'NONE', *, *, #1626, .T. ) ;
#918 = LINE ( 'NONE', #1522, #471 ) ;
#919 = EDGE_LOOP ( 'NONE', ( #46, #1616, #2267, #215 ) ) ;
#920 = CARTESIAN_POINT ( 'NONE',  ( -170.0000000000000000, 28.44999999999998508, -58.42034058415723763 ) ) ;
#921 = VERTEX_POINT ( 'NONE', #500 ) ;
#922 = ORIENTED_EDGE ( 'NONE', *, *, #186, .F. ) ;
#923 = DIRECTION ( 'NONE',  ( 1.000000000000000000, -0.000000000000000000, 0.000000000000000000 ) ) ;
#924 = AXIS2_PLACEMENT_3D ( 'NONE', #494, #1667, #2033 ) ;
#925 = CARTESIAN_POINT ( 'NONE',  ( 21.24999999999997868, 1.638692345779117820, -104.2955803164349646 ) ) ;
#926 = ORIENTED_EDGE ( 'NONE', *, *, #149, .F. ) ;
#927 = AXIS2_PLACEMENT_3D ( 'NONE', #2345, #2333, #2146 ) ;
#928 = EDGE_CURVE ( 'NONE', #305, #2344, #444, .T. ) ;
#929 = ORIENTED_EDGE ( 'NONE', *, *, #1906, .F. ) ;
#930 = EDGE_CURVE ( 'NONE', #1731, #1328, #845, .T. ) ;
#931 = PLANE ( 'NONE',  #1699 ) ;
#932 = ORIENTED_EDGE ( 'NONE', *, *, #1826, .F. ) ;
#933 = PLANE ( 'NONE',  #1685 ) ;
#934 = ORIENTED_EDGE ( 'NONE', *, *, #2349, .T. ) ;
#935 = VECTOR ( 'NONE', #178, 1000.000000000000000 ) ;
#936 = DIRECTION ( 'NONE',  ( 2.891205793294678080E-17, 1.000000000000000000, 0.000000000000000000 ) ) ;
#937 = DIRECTION ( 'NONE',  ( 1.000000000000000000, -0.000000000000000000, -0.000000000000000000 ) ) ;
#938 = PRODUCT_RELATED_PRODUCT_CATEGORY ( 'part', '', ( #1684 ) ) ;
#939 = CARTESIAN_POINT ( 'NONE',  ( 16.24999999999999645, 60.00000000000000711, -38.23186536717199857 ) ) ;
#940 = CYLINDRICAL_SURFACE ( 'NONE', #2471, 1.499999999999994449 ) ;
#941 = ORIENTED_EDGE ( 'NONE', *, *, #556, .T. ) ;
#942 = ORIENTED_EDGE ( 'NONE', *, *, #419, .T. ) ;
#943 = EDGE_CURVE ( 'NONE', #1190, #1719, #73, .T. ) ;
#944 = DIRECTION ( 'NONE',  ( -1.000000000000000000, -1.040834085586084257E-16, 0.000000000000000000 ) ) ;
#945 = ORIENTED_EDGE ( 'NONE', *, *, #266, .F. ) ;
#946 = CARTESIAN_POINT ( 'NONE',  ( 13.24999999999997513, 3.144479452198249536, -16.22500000000001563 ) ) ;
#947 = EDGE_LOOP ( 'NONE', ( #1394, #2204, #2438, #1232, #1523 ) ) ;
#948 = ORIENTED_EDGE ( 'NONE', *, *, #293, .F. ) ;
#949 = LINE ( 'NONE', #2483, #1186 ) ;
#950 = DIRECTION ( 'NONE',  ( 1.000000000000000000, -1.734723475976807341E-16, -0.000000000000000000 ) ) ;
#951 = DIRECTION ( 'NONE',  ( -1.000000000000000000, 0.000000000000000000, 0.000000000000000000 ) ) ;
#952 = CIRCLE ( 'NONE', #2364, 14.00000000000000355 ) ;
#953 = EDGE_LOOP ( 'NONE', ( #1090, #348, #1431, #846 ) ) ;
#954 = ORIENTED_EDGE ( 'NONE', *, *, #1093, .T. ) ;
#955 = AXIS2_PLACEMENT_3D ( 'NONE', #909, #579, #2077 ) ;
#956 = FACE_OUTER_BOUND ( 'NONE', #1075, .T. ) ;
#957 = ORIENTED_EDGE ( 'NONE', *, *, #2148, .F. ) ;
#958 = FACE_OUTER_BOUND ( 'NONE', #2080, .T. ) ;
#959 = ORIENTED_EDGE ( 'NONE', *, *, #482, .F. ) ;
#960 = ORIENTED_EDGE ( 'NONE', *, *, #2214, .F. ) ;
#961 = DIRECTION ( 'NONE',  ( 0.000000000000000000, 1.000000000000000000, 0.000000000000000000 ) ) ;
#962 = DIRECTION ( 'NONE',  ( 0.000000000000000000, -1.000000000000000000, 0.000000000000000000 ) ) ;
#963 = DIRECTION ( 'NONE',  ( -1.000000000000000000, 0.000000000000000000, 0.000000000000000000 ) ) ;
#964 = DIRECTION ( 'NONE',  ( 2.128495062548227876E-16, 1.000000000000000000, 0.000000000000000000 ) ) ;
#965 = VECTOR ( 'NONE', #856, 1000.000000000000000 ) ;
#966 = ORIENTED_EDGE ( 'NONE', *, *, #234, .F. ) ;
#967 = VERTEX_POINT ( 'NONE', #281 ) ;
#968 = EDGE_CURVE ( 'NONE', #49, #1728, #2378, .T. ) ;
#969 = FACE_OUTER_BOUND ( 'NONE', #1416, .T. ) ;
#970 = EDGE_LOOP ( 'NONE', ( #1733, #560 ) ) ;
#971 = CARTESIAN_POINT ( 'NONE',  ( -170.0000000000000000, 1.638692345779117820, -104.2955803164349646 ) ) ;
#972 = ORIENTED_EDGE ( 'NONE', *, *, #1461, .F. ) ;
#973 = EDGE_CURVE ( 'NONE', #763, #282, #1627, .T. ) ;
#974 = DIRECTION ( 'NONE',  ( -0.000000000000000000, -0.000000000000000000, 1.000000000000000000 ) ) ;
#975 = LINE ( 'NONE', #582, #1755 ) ;
#976 = CARTESIAN_POINT ( 'NONE',  ( 11.24999999999998934, -60.00000000000002842, -275.4115261043579039 ) ) ;
#977 = AXIS2_PLACEMENT_3D ( 'NONE', #1967, #2348, #27 ) ;
#978 = EDGE_CURVE ( 'NONE', #1161, #714, #664, .T. ) ;
#979 = AXIS2_PLACEMENT_3D ( 'NONE', #208, #787, #1531 ) ;
#980 = DIRECTION ( 'NONE',  ( -0.000000000000000000, 0.000000000000000000, 1.000000000000000000 ) ) ;
#981 = CARTESIAN_POINT ( 'NONE',  ( 11.24999999999999112, -1.800000000000002931, 0.000000000000000000 ) ) ;
#982 = DIRECTION ( 'NONE',  ( 0.000000000000000000, 1.000000000000000000, 8.673617379884027583E-16 ) ) ;
#983 = EDGE_CURVE ( 'NONE', #180, #1690, #96, .T. ) ;
#984 = ORIENTED_EDGE ( 'NONE', *, *, #605, .T. ) ;
#985 = DIRECTION ( 'NONE',  ( 0.000000000000000000, 0.000000000000000000, 1.000000000000000000 ) ) ;
#986 = ORIENTED_EDGE ( 'NONE', *, *, #706, .F. ) ;
#987 = ADVANCED_FACE ( 'NONE', ( #1845 ), #2324, .T. ) ;
#988 = CIRCLE ( 'NONE', #2108, 1.499999999999994449 ) ;
#989 = VERTEX_POINT ( 'NONE', #731 ) ;
#990 = CARTESIAN_POINT ( 'NONE',  ( 21.24999999999998934, 20.29999999999999005, -37.30000000000001137 ) ) ;
#991 = PLANE ( 'NONE',  #866 ) ;
#992 = DIRECTION ( 'NONE',  ( -1.000000000000000000, 0.000000000000000000, 0.000000000000000000 ) ) ;
#993 = AXIS2_PLACEMENT_3D ( 'NONE', #1575, #1995, #789 ) ;
#994 = CARTESIAN_POINT ( 'NONE',  ( 21.24999999999997868, 1.638692345779117820, -104.2955803164349646 ) ) ;
#995 = CARTESIAN_POINT ( 'NONE',  ( 4.249999999999983125, 13.64999999999999147, -58.42034058415723763 ) ) ;
#996 = ADVANCED_FACE ( 'NONE', ( #397 ), #2312, .F. ) ;
#997 = VECTOR ( 'NONE', #181, 1000.000000000000000 ) ;
#998 = ORIENTED_EDGE ( 'NONE', *, *, #1118, .F. ) ;
#999 = LINE ( 'NONE', #2155, #804 ) ;
#1000 = EDGE_LOOP ( 'NONE', ( #1335, #174 ) ) ;
#1001 = VECTOR ( 'NONE', #1532, 1000.000000000000000 ) ;
#1002 = ORIENTED_EDGE ( 'NONE', *, *, #2177, .F. ) ;
#1003 = DIRECTION ( 'NONE',  ( 0.3162277660168379412, -1.534660244226794758E-16, -0.9486832980505138790 ) ) ;
#1004 = CARTESIAN_POINT ( 'NONE',  ( 13.24999999999998757, 20.29999999999999005, -23.30000000000000782 ) ) ;
#1005 = LINE ( 'NONE', #2135, #1262 ) ;
#1006 = CARTESIAN_POINT ( 'NONE',  ( 21.24999999999998934, 20.29999999999999005, -9.300000000000004263 ) ) ;
#1007 = DIRECTION ( 'NONE',  ( -1.000000000000000000, 1.387778780781445922E-16, -0.000000000000000000 ) ) ;
#1008 = CARTESIAN_POINT ( 'NONE',  ( 19.04353271799785574, 4.638692345779120707, -154.9955803164349675 ) ) ;
#1009 = ADVANCED_FACE ( 'NONE', ( #191 ), #891, .F. ) ;
#1010 = AXIS2_PLACEMENT_3D ( 'NONE', #1013, #214, #985 ) ;
#1011 = ORIENTED_EDGE ( 'NONE', *, *, #1053, .T. ) ;
#1012 = EDGE_CURVE ( 'NONE', #2068, #1715, #18, .T. ) ;
#1013 = CARTESIAN_POINT ( 'NONE',  ( 9.000000000000001776, -0.6000000000000007550, -149.9955803164349390 ) ) ;
#1014 = EDGE_CURVE ( 'NONE', #1138, #882, #177, .T. ) ;
#1015 = VERTEX_POINT ( 'NONE', #1082 ) ;
#1016 = ORIENTED_EDGE ( 'NONE', *, *, #1196, .F. ) ;
#1017 = CARTESIAN_POINT ( 'NONE',  ( 21.24999999999999289, 60.00000000000000711, -13.22499999999998721 ) ) ;
#1018 = PLANE ( 'NONE',  #1031 ) ;
#1019 = CYLINDRICAL_SURFACE ( 'NONE', #2381, 1.499999999999996225 ) ;
#1020 = DIRECTION ( 'NONE',  ( 0.000000000000000000, 1.246507886929442743E-15, -1.000000000000000000 ) ) ;
#1022 = VECTOR ( 'NONE', #1411, 1000.000000000000000 ) ;
#1021 = PLANE ( 'NONE',  #1244 ) ;
#1023 = ADVANCED_FACE ( 'NONE', ( #166 ), #584, .F. ) ;
#1024 = AXIS2_PLACEMENT_3D ( 'NONE', #841, #634, #1817 ) ;
#1025 = ORIENTED_EDGE ( 'NONE', *, *, #1492, .F. ) ;
#1026 = DIRECTION ( 'NONE',  ( -1.555805808050947504E-16, -1.000000000000000000, 0.000000000000000000 ) ) ;
#1027 = ORIENTED_EDGE ( 'NONE', *, *, #424, .F. ) ;
#1028 = ORIENTED_EDGE ( 'NONE', *, *, #2082, .F. ) ;
#1029 = EDGE_CURVE ( 'NONE', #603, #2193, #1927, .T. ) ;
#1030 = DIRECTION ( 'NONE',  ( -0.000000000000000000, -0.000000000000000000, -1.000000000000000000 ) ) ;
#1031 = AXIS2_PLACEMENT_3D ( 'NONE', #1966, #1032, #2134 ) ;
#1032 = DIRECTION ( 'NONE',  ( 0.000000000000000000, 1.000000000000000000, -0.000000000000000000 ) ) ;
#1033 = CARTESIAN_POINT ( 'NONE',  ( 19.04353271799785574, 46.63999999999996504, -93.82610086423677842 ) ) ;
#1034 = CARTESIAN_POINT ( 'NONE',  ( 11.24999999999999289, 57.00000000000000000, -154.9955803164349675 ) ) ;
#1035 = CARTESIAN_POINT ( 'NONE',  ( -170.0000000000000000, 29.94999999999998508, -58.42034058415723763 ) ) ;
#1036 =( GEOMETRIC_REPRESENTATION_CONTEXT ( 3 ) GLOBAL_UNCERTAINTY_ASSIGNED_CONTEXT ( ( #533 ) ) GLOBAL_UNIT_ASSIGNED_CONTEXT ( ( #1414, #250, #223 ) ) REPRESENTATION_CONTEXT ( 'NONE', 'WORKASPACE' ) );
#1037 = DIRECTION ( 'NONE',  ( 1.000000000000000000, 1.040834085586084257E-16, 0.000000000000000000 ) ) ;
#1038 = VERTEX_POINT ( 'NONE', #939 ) ;
#1039 = CARTESIAN_POINT ( 'NONE',  ( 60.46867409493046353, -8.324999999999995737, -6.714558031643478309 ) ) ;
#1040 = ORIENTED_EDGE ( 'NONE', *, *, #2132, .F. ) ;
#1041 = ORIENTED_EDGE ( 'NONE', *, *, #1451, .F. ) ;
#1042 = ADVANCED_FACE ( 'NONE', ( #1506 ), #2298, .F. ) ;
#1043 = CYLINDRICAL_SURFACE ( 'NONE', #924, 1.499999999999994449 ) ;
#1044 = CIRCLE ( 'NONE', #436, 1.499999999999996225 ) ;
#1045 = DIRECTION ( 'NONE',  ( 2.891205793294678080E-17, 1.000000000000000000, -0.000000000000000000 ) ) ;
#1046 = DIRECTION ( 'NONE',  ( -0.000000000000000000, -0.000000000000000000, -1.000000000000000000 ) ) ;
#1047 = VECTOR ( 'NONE', #474, 1000.000000000000114 ) ;
#1048 = CARTESIAN_POINT ( 'NONE',  ( 11.24999999999999645, 20.29999999999999005, -29.30000000000001492 ) ) ;
#1049 = CARTESIAN_POINT ( 'NONE',  ( 21.24999999999998934, 20.29999999999999005, -23.30000000000000782 ) ) ;
#1050 = FACE_OUTER_BOUND ( 'NONE', #510, .T. ) ;
#1051 = ORIENTED_EDGE ( 'NONE', *, *, #2311, .T. ) ;
#1052 = VERTEX_POINT ( 'NONE', #1332 ) ;
#1053 = EDGE_CURVE ( 'NONE', #1369, #1364, #1663, .T. ) ;
#1054 = DIRECTION ( 'NONE',  ( 0.000000000000000000, 0.000000000000000000, -1.000000000000000000 ) ) ;
#1055 = CARTESIAN_POINT ( 'NONE',  ( 14.24999999999996803, -8.324999999999988631, -13.22500000000001386 ) ) ;
#1056 = CARTESIAN_POINT ( 'NONE',  ( -52.08496759864498671, -30.00000000000001066, -138.2955803164349504 ) ) ;
#1057 = DIRECTION ( 'NONE',  ( 0.000000000000000000, 0.000000000000000000, 1.000000000000000000 ) ) ;
#1058 = LINE ( 'NONE', #506, #2202 ) ;
#1059 = VECTOR ( 'NONE', #1003, 1000.000000000000000 ) ;
#1060 = EDGE_CURVE ( 'NONE', #1885, #2167, #2385, .T. ) ;
#1061 = VECTOR ( 'NONE', #338, 1000.000000000000000 ) ;
#1062 = VECTOR ( 'NONE', #1343, 1000.000000000000000 ) ;
#1063 = EDGE_CURVE ( 'NONE', #1180, #905, #1144, .T. ) ;
#1064 = LINE ( 'NONE', #1832, #1330 ) ;
#1065 = VERTEX_POINT ( 'NONE', #1724 ) ;
#1066 = ORIENTED_EDGE ( 'NONE', *, *, #556, .F. ) ;
#1067 = CARTESIAN_POINT ( 'NONE',  ( 11.24999999999999289, 57.00000000000000000, -151.9955803164349390 ) ) ;
#1068 = DIRECTION ( 'NONE',  ( -1.000000000000000000, 0.000000000000000000, 0.000000000000000000 ) ) ;
#1069 = CARTESIAN_POINT ( 'NONE',  ( -170.0000000000000000, 26.94999999999998863, -86.37525551735875240 ) ) ;
#1070 = LINE ( 'NONE', #672, #2224 ) ;
#1071 = DIRECTION ( 'NONE',  ( -0.3959401535119435045, -0.9182763172580129529, 0.000000000000000000 ) ) ;
#1072 = DIRECTION ( 'NONE',  ( 0.000000000000000000, 0.000000000000000000, 1.000000000000000000 ) ) ;
#1073 = CARTESIAN_POINT ( 'NONE',  ( 19.24999999999993960, -60.00000000000002842, -16.22500000000001563 ) ) ;
#1074 = ORIENTED_EDGE ( 'NONE', *, *, #637, .F. ) ;
#1075 = EDGE_LOOP ( 'NONE', ( #642, #1308, #87, #2448 ) ) ;
#1076 = AXIS2_PLACEMENT_3D ( 'NONE', #77, #271, #2396 ) ;
#1077 = DIRECTION ( 'NONE',  ( 1.000000000000000000, -0.000000000000000000, -0.000000000000000000 ) ) ;
#1078 = LINE ( 'NONE', #908, #1507 ) ;
#1079 = DIRECTION ( 'NONE',  ( 0.000000000000000000, 0.000000000000000000, 1.000000000000000000 ) ) ;
#1080 = DIRECTION ( 'NONE',  ( -1.000000000000000000, 2.891205793294678080E-17, -0.000000000000000000 ) ) ;
#1081 = VECTOR ( 'NONE', #1981, 1000.000000000000000 ) ;
#1082 = CARTESIAN_POINT ( 'NONE',  ( 21.24999999999999289, -60.00000000000002842, -151.9955803164349390 ) ) ;
#1083 = ORIENTED_EDGE ( 'NONE', *, *, #1085, .F. ) ;
#1084 = ORIENTED_EDGE ( 'NONE', *, *, #1637, .T. ) ;
#1085 = EDGE_CURVE ( 'NONE', #2486, #1207, #570, .T. ) ;
#1086 = ADVANCED_FACE ( 'NONE', ( #1155 ), #544, .F. ) ;
#1087 = CARTESIAN_POINT ( 'NONE',  ( -170.0000000000000000, 49.63999999999997215, -104.2955803164349646 ) ) ;
#1088 = CARTESIAN_POINT ( 'NONE',  ( 7.249999999999985789, -50.00000000000001421, -144.1830803164349390 ) ) ;
#1089 = CARTESIAN_POINT ( 'NONE',  ( 14.74999999999998579, 49.63999999999997215, -104.2955803164349646 ) ) ;
#1090 = ORIENTED_EDGE ( 'NONE', *, *, #676, .F. ) ;
#1091 = AXIS2_PLACEMENT_3D ( 'NONE', #1429, #1417, #456 ) ;
#1092 = LINE ( 'NONE', #1852, #1768 ) ;
#1093 = EDGE_CURVE ( 'NONE', #1553, #520, #746, .T. ) ;
#1094 = PLANE ( 'NONE',  #548 ) ;
#1095 = ORIENTED_EDGE ( 'NONE', *, *, #2389, .F. ) ;
#1096 = VECTOR ( 'NONE', #937, 1000.000000000000000 ) ;
#1097 = ORIENTED_EDGE ( 'NONE', *, *, #2195, .T. ) ;
#1098 = VECTOR ( 'NONE', #1400, 1000.000000000000000 ) ;
#1099 = CARTESIAN_POINT ( 'NONE',  ( 0.000000000000000000, -57.00000000000002132, 0.000000000000000000 ) ) ;
#1100 = DIRECTION ( 'NONE',  ( 1.000000000000000000, 1.040834085586084257E-16, 0.000000000000000000 ) ) ;
#1101 = CARTESIAN_POINT ( 'NONE',  ( 13.24999999999998757, 20.29999999999999005, -23.30000000000000782 ) ) ;
#1102 = EDGE_CURVE ( 'NONE', #762, #989, #2186, .T. ) ;
#1103 = CARTESIAN_POINT ( 'NONE',  ( 11.24999999999999289, 60.00000000000000711, -154.9955803164349675 ) ) ;
#1104 = VECTOR ( 'NONE', #936, 1000.000000000000000 ) ;
#1105 = EDGE_CURVE ( 'NONE', #735, #443, #5, .T. ) ;
#1106 = DIRECTION ( 'NONE',  ( -1.000000000000000000, -1.040834085586084257E-16, 0.000000000000000000 ) ) ;
#1107 = EDGE_LOOP ( 'NONE', ( #819, #542, #316, #1418 ) ) ;
#1108 = AXIS2_PLACEMENT_3D ( 'NONE', #2096, #1726, #814 ) ;
#1109 = ORIENTED_EDGE ( 'NONE', *, *, #2097, .F. ) ;
#1110 = DIRECTION ( 'NONE',  ( -1.000000000000000000, 0.000000000000000000, 0.000000000000000000 ) ) ;
#1111 = ORIENTED_EDGE ( 'NONE', *, *, #2278, .F. ) ;
#1112 = CARTESIAN_POINT ( 'NONE',  ( 11.24999999999998934, -60.00000000000002842, -3.000000000000002665 ) ) ;
#1113 = EDGE_CURVE ( 'NONE', #257, #1921, #1790, .T. ) ;
#1114 = ORIENTED_EDGE ( 'NONE', *, *, #2002, .T. ) ;
#1115 = VERTEX_POINT ( 'NONE', #1048 ) ;
#1116 = CARTESIAN_POINT ( 'NONE',  ( 80.13019254381191558, 3.999999999999965361, -99.19559610151596019 ) ) ;
#1117 = EDGE_CURVE ( 'NONE', #1115, #1334, #212, .T. ) ;
#1118 = EDGE_CURVE ( 'NONE', #2086, #61, #1622, .T. ) ;
#1119 = AXIS2_PLACEMENT_3D ( 'NONE', #1944, #1106, #2110 ) ;
#1120 = CARTESIAN_POINT ( 'NONE',  ( 11.24999999999999645, 36.60000000000000853, -99.19559610151596019 ) ) ;
#1121 = ORIENTED_EDGE ( 'NONE', *, *, #600, .F. ) ;
#1122 = VERTEX_POINT ( 'NONE', #1804 ) ;
#1123 = CARTESIAN_POINT ( 'NONE',  ( -17.75000000000000355, 10.00000000000000178, -50.99019513592786268 ) ) ;
#1124 = ORIENTED_EDGE ( 'NONE', *, *, #1467, .T. ) ;
#1125 = DIRECTION ( 'NONE',  ( 0.000000000000000000, 0.000000000000000000, 1.000000000000000000 ) ) ;
#1126 = ORIENTED_EDGE ( 'NONE', *, *, #2315, .T. ) ;
#1127 = EDGE_CURVE ( 'NONE', #1512, #341, #1968, .T. ) ;
#1128 = DIRECTION ( 'NONE',  ( 0.000000000000000000, 1.000000000000000000, -0.000000000000000000 ) ) ;
#1129 = CARTESIAN_POINT ( 'NONE',  ( 0.000000000000000000, 57.00000000000000000, -154.9955803164349675 ) ) ;
#1130 = CIRCLE ( 'NONE', #1819, 3.000000000000002665 ) ;
#1131 = DIRECTION ( 'NONE',  ( 0.000000000000000000, 0.000000000000000000, 1.000000000000000000 ) ) ;
#1132 = LINE ( 'NONE', #193, #2354 ) ;
#1133 = EDGE_CURVE ( 'NONE', #1689, #49, #1223, .T. ) ;
#1134 = EDGE_LOOP ( 'NONE', ( #986, #616, #2074, #1357 ) ) ;
#1135 = AXIS2_PLACEMENT_3D ( 'NONE', #2407, #2183, #100 ) ;
#1136 = ORIENTED_EDGE ( 'NONE', *, *, #1700, .T. ) ;
#1137 = CARTESIAN_POINT ( 'NONE',  ( 4.249999999999979572, 28.45000000000000639, -58.42034058415723763 ) ) ;
#1138 = VERTEX_POINT ( 'NONE', #1236 ) ;
#1139 = DIRECTION ( 'NONE',  ( -1.000000000000000000, 0.000000000000000000, 0.000000000000000000 ) ) ;
#1140 = ORIENTED_EDGE ( 'NONE', *, *, #2022, .T. ) ;
#1141 = VECTOR ( 'NONE', #1317, 1000.000000000000000 ) ;
#1142 = VERTEX_POINT ( 'NONE', #1006 ) ;
#1143 = PLANE ( 'NONE',  #1703 ) ;
#1144 = LINE ( 'NONE', #2459, #1298 ) ;
#1145 = FACE_OUTER_BOUND ( 'NONE', #1000, .T. ) ;
#1146 = VECTOR ( 'NONE', #246, 1000.000000000000000 ) ;
#1147 = ORIENTED_EDGE ( 'NONE', *, *, #1996, .T. ) ;
#1148 = EDGE_LOOP ( 'NONE', ( #2170, #182 ) ) ;
#1149 = DIRECTION ( 'NONE',  ( 0.3162277660168379412, 0.000000000000000000, -0.9486832980505138790 ) ) ;
#1150 = ORIENTED_EDGE ( 'NONE', *, *, #1307, .T. ) ;
#1151 = DIRECTION ( 'NONE',  ( 0.000000000000000000, 1.000000000000000000, 0.000000000000000000 ) ) ;
#1152 = ORIENTED_EDGE ( 'NONE', *, *, #790, .T. ) ;
#1153 = EDGE_LOOP ( 'NONE', ( #581, #1, #1961, #1694, #1951, #1603, #2120, #202 ) ) ;
#1154 = CARTESIAN_POINT ( 'NONE',  ( -170.0000000000000000, 28.44999999999998508, -86.37525551735875240 ) ) ;
#1155 = FACE_OUTER_BOUND ( 'NONE', #919, .T. ) ;
#1156 = FACE_OUTER_BOUND ( 'NONE', #1756, .T. ) ;
#1157 = DIRECTION ( 'NONE',  ( -6.938893903907223447E-16, -1.000000000000000000, -0.000000000000000000 ) ) ;
#1158 = VECTOR ( 'NONE', #1201, 1000.000000000000000 ) ;
#1159 = ADVANCED_FACE ( 'NONE', ( #236 ), #1778, .F. ) ;
#1160 = ORIENTED_EDGE ( 'NONE', *, *, #1906, .T. ) ;
#1161 = VERTEX_POINT ( 'NONE', #261 ) ;
#1162 = AXIS2_PLACEMENT_3D ( 'NONE', #1876, #140, #915 ) ;
#1163 = VECTOR ( 'NONE', #1149, 1000.000000000000000 ) ;
#1164 = DIRECTION ( 'NONE',  ( 0.000000000000000000, 0.000000000000000000, 1.000000000000000000 ) ) ;
#1165 = EDGE_LOOP ( 'NONE', ( #1821, #972, #414, #109, #511, #2478, #1946, #2060 ) ) ;
#1166 = DIRECTION ( 'NONE',  ( 0.000000000000000000, -0.9998404069696859020, 0.01786506621014886595 ) ) ;
#1167 = ORIENTED_EDGE ( 'NONE', *, *, #1621, .T. ) ;
#1168 = EDGE_CURVE ( 'NONE', #2262, #735, #855, .T. ) ;
#1169 = CARTESIAN_POINT ( 'NONE',  ( 21.24999999999999289, -60.00000000000002842, -275.4115261043579039 ) ) ;
#1170 = VERTEX_POINT ( 'NONE', #1993 ) ;
#1171 = DIRECTION ( 'NONE',  ( -1.000000000000000000, 0.000000000000000000, 0.000000000000000000 ) ) ;
#1172 = VECTOR ( 'NONE', #669, 1000.000000000000000 ) ;
#1173 = CARTESIAN_POINT ( 'NONE',  ( 11.24999999999999289, 60.00000000000000711, -275.4115261043579039 ) ) ;
#1174 = CARTESIAN_POINT ( 'NONE',  ( 21.24999999999998579, 49.63999999999997215, -104.2955803164349646 ) ) ;
#1175 = CARTESIAN_POINT ( 'NONE',  ( 4.249999999999979572, 29.95000000000000284, -58.42034058415723763 ) ) ;
#1176 = CIRCLE ( 'NONE', #1010, 5.000000000000004441 ) ;
#1177 = EDGE_CURVE ( 'NONE', #666, #1038, #691, .T. ) ;
#1178 = EDGE_LOOP ( 'NONE', ( #1242, #264, #1510, #1342 ) ) ;
#1179 = DIRECTION ( 'NONE',  ( 1.000000000000000000, 0.000000000000000000, 0.000000000000000000 ) ) ;
#1180 = VERTEX_POINT ( 'NONE', #2362 ) ;
#1181 = ORIENTED_EDGE ( 'NONE', *, *, #337, .F. ) ;
#1182 = DIRECTION ( 'NONE',  ( 1.000000000000000000, -0.000000000000000000, -0.000000000000000000 ) ) ;
#1183 = DIRECTION ( 'NONE',  ( -0.3959401535119461135, 0.9182763172580117317, 0.000000000000000000 ) ) ;
#1184 = EDGE_CURVE ( 'NONE', #130, #967, #896, .T. ) ;
#1185 = LINE ( 'NONE', #1398, #1022 ) ;
#1186 = VECTOR ( 'NONE', #744, 1000.000000000000000 ) ;
#1187 = CARTESIAN_POINT ( 'NONE',  ( 21.24999999999999289, 20.29999999999999005, -73.29779015821748089 ) ) ;
#1188 = LINE ( 'NONE', #1623, #1808 ) ;
#1189 = PLANE ( 'NONE',  #427 ) ;
#1190 = VERTEX_POINT ( 'NONE', #2187 ) ;
#1191 = CARTESIAN_POINT ( 'NONE',  ( 13.45646728200210518, 4.638692345779120707, -93.82610086423677842 ) ) ;
#1192 = ORIENTED_EDGE ( 'NONE', *, *, #1809, .T. ) ;
#1193 = VECTOR ( 'NONE', #898, 1000.000000000000000 ) ;
#1194 = ORIENTED_EDGE ( 'NONE', *, *, #93, .T. ) ;
#1195 = PLANE ( 'NONE',  #521 ) ;
#1196 = EDGE_CURVE ( 'NONE', #2118, #2229, #1957, .T. ) ;
#1197 = CARTESIAN_POINT ( 'NONE',  ( 11.24999999999999112, -1.800000000000002931, -154.9955803164349675 ) ) ;
#1198 = CARTESIAN_POINT ( 'NONE',  ( 21.24999999999999289, -57.00000000000001421, 0.000000000000000000 ) ) ;
#1199 = AXIS2_PLACEMENT_3D ( 'NONE', #1830, #1072, #889 ) ;
#1200 = CARTESIAN_POINT ( 'NONE',  ( 11.24999999999999645, 20.29999999999999005, -23.30000000000000782 ) ) ;
#1201 = DIRECTION ( 'NONE',  ( 1.000000000000000000, 1.040834085586084257E-16, 0.000000000000000000 ) ) ;
#1202 = EDGE_CURVE ( 'NONE', #1521, #49, #1227, .T. ) ;
#1203 = VERTEX_POINT ( 'NONE', #1034 ) ;
#1204 = DIRECTION ( 'NONE',  ( 0.000000000000000000, -0.000000000000000000, 1.000000000000000000 ) ) ;
#1205 = EDGE_LOOP ( 'NONE', ( #807, #197 ) ) ;
#1206 = AXIS2_PLACEMENT_3D ( 'NONE', #209, #1474, #192 ) ;
#1207 = VERTEX_POINT ( 'NONE', #2337 ) ;
#1208 = FACE_BOUND ( 'NONE', #1903, .T. ) ;
#1209 = DIRECTION ( 'NONE',  ( 0.000000000000000000, -1.000000000000000000, 0.000000000000000000 ) ) ;
#1210 = CARTESIAN_POINT ( 'NONE',  ( 80.00000000000005684, -7.324999999999998401, -133.3705803164349390 ) ) ;
#1211 = CARTESIAN_POINT ( 'NONE',  ( 13.24999999999998757, 20.29999999999999005, -23.30000000000000782 ) ) ;
#1212 = FACE_OUTER_BOUND ( 'NONE', #168, .T. ) ;
#1213 = DIRECTION ( 'NONE',  ( -1.000000000000000000, 2.891205793294678080E-17, -0.000000000000000000 ) ) ;
#1214 = ADVANCED_FACE ( 'NONE', ( #852, #1980 ), #2006, .T. ) ;
#1215 = VECTOR ( 'NONE', #1230, 1000.000000000000000 ) ;
#1216 = VERTEX_POINT ( 'NONE', #994 ) ;
#1217 = LINE ( 'NONE', #1191, #486 ) ;
#1218 = ORIENTED_EDGE ( 'NONE', *, *, #637, .T. ) ;
#1219 = ORIENTED_EDGE ( 'NONE', *, *, #302, .F. ) ;
#1220 = LINE ( 'NONE', #1748, #890 ) ;
#1221 = CARTESIAN_POINT ( 'NONE',  ( 13.24999999999998757, 20.29999999999999005, -9.300000000000004263 ) ) ;
#1222 = CARTESIAN_POINT ( 'NONE',  ( 13.24999999999998757, 20.29999999999999005, -37.30000000000001137 ) ) ;
#1223 = LINE ( 'NONE', #610, #1952 ) ;
#1225 = CIRCLE ( 'NONE', #1863, 1.499999999999997780 ) ;
#1224 = CARTESIAN_POINT ( 'NONE',  ( -17.75000000000000355, -30.00000000000001066, -138.2955803164349504 ) ) ;
#1226 = CARTESIAN_POINT ( 'NONE',  ( 16.24999999999998934, 60.00000000000000711, -68.96373073434398293 ) ) ;
#1227 = CIRCLE ( 'NONE', #1542, 3.000000000000000000 ) ;
#1228 = EDGE_CURVE ( 'NONE', #1987, #527, #463, .T. ) ;
#1229 = ORIENTED_EDGE ( 'NONE', *, *, #1764, .T. ) ;
#1230 = DIRECTION ( 'NONE',  ( -1.000000000000000000, 0.000000000000000000, 0.000000000000000000 ) ) ;
#1231 = ORIENTED_EDGE ( 'NONE', *, *, #2315, .F. ) ;
#1232 = ORIENTED_EDGE ( 'NONE', *, *, #1196, .T. ) ;
#1233 = CARTESIAN_POINT ( 'NONE',  ( 14.24999999999993250, -60.00000000000002132, -133.3705803164349390 ) ) ;
#1234 = DIRECTION ( 'NONE',  ( 1.000000000000000000, -0.000000000000000000, -0.000000000000000000 ) ) ;
#1235 = CARTESIAN_POINT ( 'NONE',  ( 11.24999999999998224, 49.64177672930824059, -104.1955961015159744 ) ) ;
#1236 = CARTESIAN_POINT ( 'NONE',  ( 11.24999999999999289, 60.00000000000000711, -151.9955803164349390 ) ) ;
#1237 = CARTESIAN_POINT ( 'NONE',  ( -17.75000000000000355, -48.50000000000002132, -144.1830803164349390 ) ) ;
#1238 = CYLINDRICAL_SURFACE ( 'NONE', #1916, 1.499999999999996225 ) ;
#1239 = EDGE_CURVE ( 'NONE', #389, #1696, #2387, .T. ) ;
#1240 = CARTESIAN_POINT ( 'NONE',  ( 21.24999999999999289, -60.00000000000002842, -3.000000000000002665 ) ) ;
#1241 = ORIENTED_EDGE ( 'NONE', *, *, #2278, .T. ) ;
#1242 = ORIENTED_EDGE ( 'NONE', *, *, #63, .F. ) ;
#1243 = CARTESIAN_POINT ( 'NONE',  ( 13.24999999999993250, -60.00000000000002132, -130.3705803164349390 ) ) ;
#1244 = AXIS2_PLACEMENT_3D ( 'NONE', #426, #1588, #1438 ) ;
#1245 = CARTESIAN_POINT ( 'NONE',  ( 11.25000000000000000, -0.6000000000000007550, -154.9955803164349675 ) ) ;
#1246 = CARTESIAN_POINT ( 'NONE',  ( 13.24999999999993250, -60.00000000000002132, -16.22500000000001563 ) ) ;
#1247 = EDGE_CURVE ( 'NONE', #710, #538, #648, .T. ) ;
#1248 = AXIS2_PLACEMENT_3D ( 'NONE', #1326, #1732, #1125 ) ;
#1249 = DIRECTION ( 'NONE',  ( 0.3959401535119478899, 0.9182763172580108435, 0.000000000000000000 ) ) ;
#1250 = CARTESIAN_POINT ( 'NONE',  ( 16.24999999999998934, 30.00000000000000711, -71.96373073434399714 ) ) ;
#1251 = EDGE_CURVE ( 'NONE', #2262, #141, #1765, .T. ) ;
#1252 = EDGE_CURVE ( 'NONE', #534, #1590, #2015, .T. ) ;
#1253 = DIRECTION ( 'NONE',  ( -0.000000000000000000, 1.000000000000000000, -0.000000000000000000 ) ) ;
#1254 = VERTEX_POINT ( 'NONE', #1827 ) ;
#1255 = ORIENTED_EDGE ( 'NONE', *, *, #1461, .T. ) ;
#1256 = DIRECTION ( 'NONE',  ( 0.3162277660168379412, 0.000000000000000000, -0.9486832980505138790 ) ) ;
#1257 = DIRECTION ( 'NONE',  ( -1.000000000000000000, 0.000000000000000000, -0.000000000000000000 ) ) ;
#1258 = FACE_OUTER_BOUND ( 'NONE', #481, .T. ) ;
#1259 = LINE ( 'NONE', #475, #2259 ) ;
#1260 = LINE ( 'NONE', #673, #235 ) ;
#1261 = SHAPE_DEFINITION_REPRESENTATION ( #190, #906 ) ;
#1262 = VECTOR ( 'NONE', #260, 1000.000000000000000 ) ;
#1263 = CARTESIAN_POINT ( 'NONE',  ( 11.24999999999999289, 57.00000000000000000, 0.000000000000000000 ) ) ;
#1264 = ORIENTED_EDGE ( 'NONE', *, *, #1868, .T. ) ;
#1265 = EDGE_LOOP ( 'NONE', ( #373, #1192, #1538, #2113 ) ) ;
#1266 = FACE_OUTER_BOUND ( 'NONE', #1629, .T. ) ;
#1267 = DIRECTION ( 'NONE',  ( 0.000000000000000000, 0.000000000000000000, -1.000000000000000000 ) ) ;
#1268 = CARTESIAN_POINT ( 'NONE',  ( 17.74999999999998934, 1.638692345779117820, -93.82610086423677842 ) ) ;
#1269 = ORIENTED_EDGE ( 'NONE', *, *, #51, .T. ) ;
#1270 = ADVANCED_FACE ( 'NONE', ( #300 ), #1841, .F. ) ;
#1271 = CARTESIAN_POINT ( 'NONE',  ( 16.24999999999999645, 30.00000000000000711, -36.73186536717199857 ) ) ;
#1272 = AXIS2_PLACEMENT_3D ( 'NONE', #2164, #1806, #1753 ) ;
#1273 = EDGE_CURVE ( 'NONE', #2455, #1521, #1259, .T. ) ;
#1274 = DIRECTION ( 'NONE',  ( -0.3162277660168379412, -6.569518770826194517E-17, -0.9486832980505138790 ) ) ;
#1275 = ORIENTED_EDGE ( 'NONE', *, *, #1085, .T. ) ;
#1276 = ORIENTED_EDGE ( 'NONE', *, *, #983, .T. ) ;
#1277 = CARTESIAN_POINT ( 'NONE',  ( 21.24999999999999289, -57.00000000000002132, -151.9955803164349390 ) ) ;
#1278 = PLANE ( 'NONE',  #2067 ) ;
#1279 = DIRECTION ( 'NONE',  ( 0.000000000000000000, -1.000000000000000000, 0.000000000000000000 ) ) ;
#1280 = ORIENTED_EDGE ( 'NONE', *, *, #1426, .T. ) ;
#1281 = VECTOR ( 'NONE', #963, 1000.000000000000000 ) ;
#1282 = DIRECTION ( 'NONE',  ( 0.000000000000000000, 0.000000000000000000, -1.000000000000000000 ) ) ;
#1283 = CIRCLE ( 'NONE', #1604, 1.500000000000001332 ) ;
#1284 = EDGE_CURVE ( 'NONE', #1744, #2290, #1070, .T. ) ;
#1285 = DIRECTION ( 'NONE',  ( 0.000000000000000000, -1.000000000000000000, 0.000000000000000000 ) ) ;
#1286 = EDGE_LOOP ( 'NONE', ( #872, #417, #1503, #699 ) ) ;
#1287 = ORIENTED_EDGE ( 'NONE', *, *, #1803, .T. ) ;
#1288 = LINE ( 'NONE', #1324, #997 ) ;
#1289 = CYLINDRICAL_SURFACE ( 'NONE', #1550, 3.000000000000000000 ) ;
#1290 = CYLINDRICAL_SURFACE ( 'NONE', #707, 1.499999999999997780 ) ;
#1291 = VECTOR ( 'NONE', #479, 1000.000000000000000 ) ;
#1292 = LINE ( 'NONE', #115, #630 ) ;
#1293 = VECTOR ( 'NONE', #1100, 1000.000000000000000 ) ;
#1294 = CARTESIAN_POINT ( 'NONE',  ( 4.000000000000000000, -1.800000000000000488, 0.000000000000000000 ) ) ;
#1295 = ORIENTED_EDGE ( 'NONE', *, *, #63, .T. ) ;
#1296 = VECTOR ( 'NONE', #2400, 1000.000000000000000 ) ;
#1297 = EDGE_LOOP ( 'NONE', ( #2265, #1405, #1231, #385 ) ) ;
#1298 = VECTOR ( 'NONE', #2273, 1000.000000000000114 ) ;
#1299 = LINE ( 'NONE', #1880, #1931 ) ;
#1300 = ORIENTED_EDGE ( 'NONE', *, *, #266, .T. ) ;
#1301 = FACE_OUTER_BOUND ( 'NONE', #2219, .T. ) ;
#1302 = ORIENTED_EDGE ( 'NONE', *, *, #683, .F. ) ;
#1303 = EDGE_CURVE ( 'NONE', #97, #252, #1437, .T. ) ;
#1304 = CARTESIAN_POINT ( 'NONE',  ( 11.24999999999999112, -30.00000000000001066, -138.2955803164349504 ) ) ;
#1305 = DIRECTION ( 'NONE',  ( 1.040834085586084257E-16, -1.000000000000000000, 0.000000000000000000 ) ) ;
#1306 = ORIENTED_EDGE ( 'NONE', *, *, #218, .T. ) ;
#1307 = EDGE_CURVE ( 'NONE', #2068, #1190, #1634, .T. ) ;
#1308 = ORIENTED_EDGE ( 'NONE', *, *, #1451, .T. ) ;
#1309 = EDGE_CURVE ( 'NONE', #1696, #1122, #104, .T. ) ;
#1310 = PLANE ( 'NONE',  #39 ) ;
#1311 = VERTEX_POINT ( 'NONE', #2309 ) ;
#1312 = DIRECTION ( 'NONE',  ( -1.000000000000000000, 1.387778780781445922E-16, -0.000000000000000000 ) ) ;
#1313 = ORIENTED_EDGE ( 'NONE', *, *, #1609, .F. ) ;
#1314 = CIRCLE ( 'NONE', #1408, 1.500000000000001332 ) ;
#1315 = CARTESIAN_POINT ( 'NONE',  ( 7.249999999999985789, -48.50000000000002132, -144.1830803164349390 ) ) ;
#1316 = EDGE_CURVE ( 'NONE', #2229, #1311, #949, .T. ) ;
#1317 = DIRECTION ( 'NONE',  ( 1.000000000000000000, -2.891205793294678080E-17, -0.000000000000000000 ) ) ;
#1318 = CARTESIAN_POINT ( 'NONE',  ( 4.000000000000000000, -0.6000000000000007550, 17.79051713694687464 ) ) ;
#1319 = VECTOR ( 'NONE', #1792, 1000.000000000000000 ) ;
#1320 = EDGE_CURVE ( 'NONE', #1170, #305, #396, .T. ) ;
#1321 = CARTESIAN_POINT ( 'NONE',  ( 7.249999999999985789, -50.00000000000001421, -144.1830803164349390 ) ) ;
#1322 = VERTEX_POINT ( 'NONE', #1527 ) ;
#1323 = ORIENTED_EDGE ( 'NONE', *, *, #1012, .F. ) ;
#1324 = CARTESIAN_POINT ( 'NONE',  ( 14.24999999999997691, 3.144479452198249536, -133.3705803164349390 ) ) ;
#1325 = EDGE_LOOP ( 'NONE', ( #816, #1051, #1306, #2001, #2254, #62, #984, #1074 ) ) ;
#1326 = CARTESIAN_POINT ( 'NONE',  ( 9.000000000000001776, -0.6000000000000007550, -149.9955803164349390 ) ) ;
#1327 = VERTEX_POINT ( 'NONE', #529 ) ;
#1328 = VERTEX_POINT ( 'NONE', #555 ) ;
#1329 = CARTESIAN_POINT ( 'NONE',  ( 11.24999999999999645, 20.29999999999999005, -17.30000000000000426 ) ) ;
#1330 = VECTOR ( 'NONE', #2227, 1000.000000000000000 ) ;
#1331 = AXIS2_PLACEMENT_3D ( 'NONE', #512, #1705, #549 ) ;
#1332 = CARTESIAN_POINT ( 'NONE',  ( 11.25000000000000355, 49.63999999999997215, -104.2955803164349646 ) ) ;
#1333 = FACE_OUTER_BOUND ( 'NONE', #137, .T. ) ;
#1334 = VERTEX_POINT ( 'NONE', #1329 ) ;
#1335 = ORIENTED_EDGE ( 'NONE', *, *, #1543, .T. ) ;
#1336 = AXIS2_PLACEMENT_3D ( 'NONE', #1385, #992, #2185 ) ;
#1337 = DIRECTION ( 'NONE',  ( 1.000000000000000000, -0.000000000000000000, -0.000000000000000000 ) ) ;
#1338 = ORIENTED_EDGE ( 'NONE', *, *, #768, .F. ) ;
#1339 = CARTESIAN_POINT ( 'NONE',  ( -52.08496759864498671, -60.00000000000001421, -138.2955803164349504 ) ) ;
#1340 = EDGE_LOOP ( 'NONE', ( #2131, #440, #227, #2467 ) ) ;
#1341 = VECTOR ( 'NONE', #2150, 1000.000000000000000 ) ;
#1342 = ORIENTED_EDGE ( 'NONE', *, *, #1252, .F. ) ;
#1343 = DIRECTION ( 'NONE',  ( -1.000000000000000000, 1.734723475976807341E-16, -0.000000000000000000 ) ) ;
#1344 = DIRECTION ( 'NONE',  ( -0.3162277660168379412, -0.000000000000000000, -0.9486832980505138790 ) ) ;
#1345 = CARTESIAN_POINT ( 'NONE',  ( 13.24999999999998401, 20.29999999999999005, -29.30000000000001492 ) ) ;
#1346 = DIRECTION ( 'NONE',  ( 0.3959401535119416171, -0.9182763172580137301, 0.000000000000000000 ) ) ;
#1347 = VECTOR ( 'NONE', #484, 1000.000000000000000 ) ;
#1348 = ORIENTED_EDGE ( 'NONE', *, *, #196, .F. ) ;
#1349 = EDGE_CURVE ( 'NONE', #2229, #553, #2094, .T. ) ;
#1350 = EDGE_CURVE ( 'NONE', #1203, #1702, #1516, .T. ) ;
#1351 = EDGE_LOOP ( 'NONE', ( #2103, #179 ) ) ;
#1352 = DIRECTION ( 'NONE',  ( 0.000000000000000000, 0.000000000000000000, 1.000000000000000000 ) ) ;
#1353 = VERTEX_POINT ( 'NONE', #366 ) ;
#1354 = CARTESIAN_POINT ( 'NONE',  ( 4.249999999999979572, 26.95000000000000995, -58.42034058415723763 ) ) ;
#1355 = EDGE_LOOP ( 'NONE', ( #378, #2181 ) ) ;
#1356 = CARTESIAN_POINT ( 'NONE',  ( -170.0000000000000000, 1.640478855513117340, -104.1955961015159744 ) ) ;
#1357 = ORIENTED_EDGE ( 'NONE', *, *, #552, .F. ) ;
#1358 = CYLINDRICAL_SURFACE ( 'NONE', #1425, 1.499999999999997780 ) ;
#1359 = ADVANCED_FACE ( 'NONE', ( #2470 ), #2, .T. ) ;
#1360 = DIRECTION ( 'NONE',  ( 0.000000000000000000, 0.000000000000000000, 1.000000000000000000 ) ) ;
#1361 = DIRECTION ( 'NONE',  ( 2.891205793294678080E-17, 1.000000000000000000, 0.000000000000000000 ) ) ;
#1362 = DIRECTION ( 'NONE',  ( -1.000000000000000000, 1.387778780781445922E-16, -0.000000000000000000 ) ) ;
#1363 = VECTOR ( 'NONE', #1481, 1000.000000000000000 ) ;
#1364 = VERTEX_POINT ( 'NONE', #730 ) ;
#1365 = VECTOR ( 'NONE', #1539, 1000.000000000000000 ) ;
#1366 = EDGE_CURVE ( 'NONE', #243, #392, #2286, .T. ) ;
#1367 = CARTESIAN_POINT ( 'NONE',  ( 21.24999999999999289, 18.79999999999999361, -73.29779015821748089 ) ) ;
#1368 = ORIENTED_EDGE ( 'NONE', *, *, #1093, .F. ) ;
#1369 = VERTEX_POINT ( 'NONE', #770 ) ;
#1370 = CARTESIAN_POINT ( 'NONE',  ( 11.24999999999999645, 20.29999999999998295, -23.30000000000000782 ) ) ;
#1371 = LINE ( 'NONE', #1421, #1146 ) ;
#1372 = CARTESIAN_POINT ( 'NONE',  ( -170.0000000000000000, 13.64999999999997726, -86.37525551735875240 ) ) ;
#1373 = AXIS2_PLACEMENT_3D ( 'NONE', #2440, #2464, #1691 ) ;
#1374 = DIRECTION ( 'NONE',  ( 0.000000000000000000, 0.000000000000000000, 1.000000000000000000 ) ) ;
#1375 = LINE ( 'NONE', #1688, #1482 ) ;
#1376 = PLANE ( 'NONE',  #1272 ) ;
#1377 = ORIENTED_EDGE ( 'NONE', *, *, #1613, .F. ) ;
#1378 = EDGE_CURVE ( 'NONE', #38, #243, #2258, .T. ) ;
#1379 = VECTOR ( 'NONE', #203, 1000.000000000000000 ) ;
#1380 = CARTESIAN_POINT ( 'NONE',  ( 21.24999999999999289, -60.00000000000002842, -275.4115261043579039 ) ) ;
#1381 = ORIENTED_EDGE ( 'NONE', *, *, #2236, .F. ) ;
#1382 = EDGE_LOOP ( 'NONE', ( #1514, #333, #916, #563 ) ) ;
#1383 = LINE ( 'NONE', #433, #686 ) ;
#1384 = LINE ( 'NONE', #823, #536 ) ;
#1385 = CARTESIAN_POINT ( 'NONE',  ( -17.75000000000000355, -57.00000000000000711, -151.9955803164349390 ) ) ;
#1386 = AXIS2_PLACEMENT_3D ( 'NONE', #1101, #2409, #1079 ) ;
#1387 = EDGE_CURVE ( 'NONE', #1407, #38, #2271, .T. ) ;
#1388 = DIRECTION ( 'NONE',  ( -0.000000000000000000, -0.000000000000000000, 1.000000000000000000 ) ) ;
#1389 = CARTESIAN_POINT ( 'NONE',  ( 16.24999999999999645, 30.00000000000000711, -38.23186536717199857 ) ) ;
#1390 = ORIENTED_EDGE ( 'NONE', *, *, #2386, .T. ) ;
#1391 = ADVANCED_FACE ( 'NONE', ( #164 ), #1143, .T. ) ;
#1392 = DIRECTION ( 'NONE',  ( 0.000000000000000000, 0.000000000000000000, -1.000000000000000000 ) ) ;
#1393 = ORIENTED_EDGE ( 'NONE', *, *, #2165, .T. ) ;
#1394 = ORIENTED_EDGE ( 'NONE', *, *, #1541, .T. ) ;
#1395 = STYLED_ITEM ( 'NONE', ( #412 ), #2476 ) ;
#1396 = LINE ( 'NONE', #1169, #2257 ) ;
#1397 = CARTESIAN_POINT ( 'NONE',  ( 4.000000000000000000, -0.6000000000000007550, 0.000000000000000000 ) ) ;
#1398 = CARTESIAN_POINT ( 'NONE',  ( 21.24999999999999289, -7.324999999999977085, -275.4115261043579039 ) ) ;
#1399 = ADVANCED_FACE ( 'NONE', ( #2121 ), #175, .F. ) ;
#1400 = DIRECTION ( 'NONE',  ( 1.000000000000000000, -0.000000000000000000, -0.000000000000000000 ) ) ;
#1401 = DIRECTION ( 'NONE',  ( 0.000000000000000000, 0.000000000000000000, 1.000000000000000000 ) ) ;
#1402 = VECTOR ( 'NONE', #2207, 1000.000000000000000 ) ;
#1403 = VERTEX_POINT ( 'NONE', #1304 ) ;
#1404 = DIRECTION ( 'NONE',  ( 0.9486832980505138790, -6.582812753581311037E-16, -0.3162277660168379412 ) ) ;
#1405 = ORIENTED_EDGE ( 'NONE', *, *, #1320, .F. ) ;
#1406 = AXIS2_PLACEMENT_3D ( 'NONE', #759, #411, #572 ) ;
#1407 = VERTEX_POINT ( 'NONE', #543 ) ;
#1408 = AXIS2_PLACEMENT_3D ( 'NONE', #2102, #170, #2241 ) ;
#1409 = CARTESIAN_POINT ( 'NONE',  ( 16.24999999999998934, 30.00000000000000711, -70.46373073434399714 ) ) ;
#1410 = LINE ( 'NONE', #41, #336 ) ;
#1411 = DIRECTION ( 'NONE',  ( 0.000000000000000000, 0.000000000000000000, -1.000000000000000000 ) ) ;
#1412 = CARTESIAN_POINT ( 'NONE',  ( -170.0000000000000000, 10.64999999999998082, -86.37525551735875240 ) ) ;
#1413 = DIRECTION ( 'NONE',  ( 1.000000000000000000, -1.734723475976807341E-16, -0.000000000000000000 ) ) ;
#1414 =( LENGTH_UNIT ( ) NAMED_UNIT ( * ) SI_UNIT ( .MILLI., .METRE. ) );
#1415 = AXIS2_PLACEMENT_3D ( 'NONE', #1591, #1404, #441 ) ;
#1416 = EDGE_LOOP ( 'NONE', ( #2307, #1933, #2130, #1905 ) ) ;
#1417 = DIRECTION ( 'NONE',  ( -1.000000000000000000, -0.000000000000000000, -0.000000000000000000 ) ) ;
#1418 = ORIENTED_EDGE ( 'NONE', *, *, #1878, .F. ) ;
#1419 = ORIENTED_EDGE ( 'NONE', *, *, #706, .T. ) ;
#1420 = CARTESIAN_POINT ( 'NONE',  ( 21.24999999999999289, 60.00000000000000711, -275.4115261043579039 ) ) ;
#1421 = CARTESIAN_POINT ( 'NONE',  ( 11.24999999999999289, 46.60348315934761843, -275.1734686858065402 ) ) ;
#1422 = CARTESIAN_POINT ( 'NONE',  ( 80.13019254381192980, 36.59999999999999432, -99.19559610151596019 ) ) ;
#1423 = DIRECTION ( 'NONE',  ( 0.000000000000000000, 0.000000000000000000, -1.000000000000000000 ) ) ;
#1425 = AXIS2_PLACEMENT_3D ( 'NONE', #1505, #568, #2069 ) ;
#1424 = CARTESIAN_POINT ( 'NONE',  ( 11.24999999999999112, -7.324999999999977085, -275.4115261043579039 ) ) ;
#1426 = EDGE_CURVE ( 'NONE', #1785, #624, #1886, .T. ) ;
#1427 = VECTOR ( 'NONE', #2376, 1000.000000000000227 ) ;
#1428 = ADVANCED_FACE ( 'NONE', ( #2297 ), #1358, .F. ) ;
#1429 = CARTESIAN_POINT ( 'NONE',  ( 21.24999999999998934, 20.29999999999999005, -23.30000000000000782 ) ) ;
#1430 = ORIENTED_EDGE ( 'NONE', *, *, #943, .T. ) ;
#1431 = ORIENTED_EDGE ( 'NONE', *, *, #1320, .T. ) ;
#1432 = CARTESIAN_POINT ( 'NONE',  ( 11.24999999999999112, 1.640478855513119338, -104.1955961015159602 ) ) ;
#1433 = VECTOR ( 'NONE', #1584, 1000.000000000000000 ) ;
#1434 = EDGE_CURVE ( 'NONE', #626, #723, #355, .T. ) ;
#1435 = DIRECTION ( 'NONE',  ( -1.000000000000000000, 1.734723475976807341E-16, 0.000000000000000000 ) ) ;
#1436 = LINE ( 'NONE', #1069, #2366 ) ;
#1437 = LINE ( 'NONE', #2211, #815 ) ;
#1438 = DIRECTION ( 'NONE',  ( 0.000000000000000000, -0.000000000000000000, 1.000000000000000000 ) ) ;
#1439 = ADVANCED_FACE ( 'NONE', ( #2107 ), #379, .F. ) ;
#1440 = DIRECTION ( 'NONE',  ( -1.000000000000000000, 1.156482317317869753E-15, 0.000000000000000000 ) ) ;
#1441 = ORIENTED_EDGE ( 'NONE', *, *, #1657, .T. ) ;
#1442 = ORIENTED_EDGE ( 'NONE', *, *, #1168, .F. ) ;
#1443 = ADVANCED_FACE ( 'NONE', ( #1736 ), #838, .F. ) ;
#1444 = DIRECTION ( 'NONE',  ( -0.3162277660168379412, -0.000000000000000000, 0.9486832980505138790 ) ) ;
#1445 = AXIS2_PLACEMENT_3D ( 'NONE', #323, #129, #2436 ) ;
#1446 = FACE_OUTER_BOUND ( 'NONE', #1325, .T. ) ;
#1447 = LINE ( 'NONE', #1479, #126 ) ;
#1448 = VECTOR ( 'NONE', #2479, 1000.000000000000000 ) ;
#1449 = DIRECTION ( 'NONE',  ( -1.000000000000000000, -0.000000000000000000, -0.000000000000000000 ) ) ;
#1450 = CYLINDRICAL_SURFACE ( 'NONE', #69, 1.499999999999997780 ) ;
#1451 = EDGE_CURVE ( 'NONE', #1590, #389, #407, .T. ) ;
#1452 = CARTESIAN_POINT ( 'NONE',  ( 17.74999999999998934, 1.638692345779117820, -93.82610086423677842 ) ) ;
#1453 = AXIS2_PLACEMENT_3D ( 'NONE', #870, #303, #881 ) ;
#1454 = EDGE_LOOP ( 'NONE', ( #1833, #721, #1896, #1275 ) ) ;
#1455 = ORIENTED_EDGE ( 'NONE', *, *, #2127, .F. ) ;
#1456 = EDGE_CURVE ( 'NONE', #1161, #2032, #811, .T. ) ;
#1457 = FACE_OUTER_BOUND ( 'NONE', #1504, .T. ) ;
#1458 = DIRECTION ( 'NONE',  ( 0.000000000000000000, -1.000000000000000000, 0.000000000000000000 ) ) ;
#1459 = LINE ( 'NONE', #1620, #771 ) ;
#1460 = CARTESIAN_POINT ( 'NONE',  ( -17.75000000000000355, -60.00000000000001421, -138.2955803164349504 ) ) ;
#1461 = EDGE_CURVE ( 'NONE', #1328, #1322, #1608, .T. ) ;
#1462 = VECTOR ( 'NONE', #1046, 1000.000000000000000 ) ;
#1463 = AXIS2_PLACEMENT_3D ( 'NONE', #369, #1914, #962 ) ;
#1464 = CARTESIAN_POINT ( 'NONE',  ( 14.74999999999998579, 1.638692345779117820, -154.9955803164349675 ) ) ;
#1465 = ORIENTED_EDGE ( 'NONE', *, *, #1831, .T. ) ;
#1466 = ORIENTED_EDGE ( 'NONE', *, *, #517, .T. ) ;
#1467 = EDGE_CURVE ( 'NONE', #1784, #2454, #728, .T. ) ;
#1468 = FACE_BOUND ( 'NONE', #765, .T. ) ;
#1469 = DIRECTION ( 'NONE',  ( 0.000000000000000000, 0.000000000000000000, -1.000000000000000000 ) ) ;
#1470 = FACE_OUTER_BOUND ( 'NONE', #1796, .T. ) ;
#1471 = VECTOR ( 'NONE', #2013, 1000.000000000000000 ) ;
#1472 = CARTESIAN_POINT ( 'NONE',  ( 7.249999999999985789, -48.50000000000002132, -144.1830803164349390 ) ) ;
#1473 = EDGE_CURVE ( 'NONE', #1553, #1744, #462, .T. ) ;
#1474 = DIRECTION ( 'NONE',  ( 0.000000000000000000, 1.000000000000000000, 0.000000000000000000 ) ) ;
#1475 = EDGE_LOOP ( 'NONE', ( #895, #1883 ) ) ;
#1476 = ORIENTED_EDGE ( 'NONE', *, *, #234, .T. ) ;
#1477 = LINE ( 'NONE', #2477, #2336 ) ;
#1478 = DIRECTION ( 'NONE',  ( 0.000000000000000000, 0.000000000000000000, -1.000000000000000000 ) ) ;
#1479 = CARTESIAN_POINT ( 'NONE',  ( 21.24999999999999289, 60.00000000000000711, -154.9955803164349675 ) ) ;
#1480 = AXIS2_PLACEMENT_3D ( 'NONE', #488, #1080, #498 ) ;
#1481 = DIRECTION ( 'NONE',  ( -1.000000000000000000, 0.000000000000000000, 0.000000000000000000 ) ) ;
#1482 = VECTOR ( 'NONE', #1865, 1000.000000000000000 ) ;
#1483 = DIRECTION ( 'NONE',  ( 0.000000000000000000, -0.000000000000000000, -1.000000000000000000 ) ) ;
#1484 = VECTOR ( 'NONE', #1077, 1000.000000000000000 ) ;
#1485 = ORIENTED_EDGE ( 'NONE', *, *, #2235, .F. ) ;
#1486 = ORIENTED_EDGE ( 'NONE', *, *, #4, .F. ) ;
#1487 = FACE_OUTER_BOUND ( 'NONE', #492, .T. ) ;
#1488 = ORIENTED_EDGE ( 'NONE', *, *, #195, .F. ) ;
#1489 = CARTESIAN_POINT ( 'NONE',  ( -170.0000000000000000, 1.640478855513117340, -104.1955961015159744 ) ) ;
#1490 = AXIS2_PLACEMENT_3D ( 'NONE', #1537, #1771, #1352 ) ;
#1491 = DIRECTION ( 'NONE',  ( -1.000000000000000000, -0.000000000000000000, -0.000000000000000000 ) ) ;
#1492 = EDGE_CURVE ( 'NONE', #2169, #565, #1005, .T. ) ;
#1493 = VECTOR ( 'NONE', #1799, 1000.000000000000000 ) ;
#1494 = LINE ( 'NONE', #357, #1643 ) ;
#1495 = ADVANCED_FACE ( 'NONE', ( #447 ), #1597, .F. ) ;
#1496 = VERTEX_POINT ( 'NONE', #79 ) ;
#1497 = VECTOR ( 'NONE', #1992, 1000.000000000000000 ) ;
#1498 = ORIENTED_EDGE ( 'NONE', *, *, #287, .T. ) ;
#1499 = EDGE_CURVE ( 'NONE', #1921, #1115, #66, .T. ) ;
#1500 = DIRECTION ( 'NONE',  ( 1.387778780781445676E-16, 1.000000000000000000, -0.000000000000000000 ) ) ;
#1501 = ORIENTED_EDGE ( 'NONE', *, *, #1649, .T. ) ;
#1502 = CARTESIAN_POINT ( 'NONE',  ( 11.24999999999998934, -60.00000000000002842, -138.2955803164349504 ) ) ;
#1503 = ORIENTED_EDGE ( 'NONE', *, *, #499, .T. ) ;
#1504 = EDGE_LOOP ( 'NONE', ( #459, #2469, #1140, #159 ) ) ;
#1505 = CARTESIAN_POINT ( 'NONE',  ( -170.0000000000000000, 12.14999999999997904, -86.37525551735875240 ) ) ;
#1506 = FACE_OUTER_BOUND ( 'NONE', #194, .T. ) ;
#1507 = VECTOR ( 'NONE', #670, 1000.000000000000000 ) ;
#1508 = PLANE ( 'NONE',  #2283 ) ;
#1509 = ORIENTED_EDGE ( 'NONE', *, *, #862, .T. ) ;
#1510 = ORIENTED_EDGE ( 'NONE', *, *, #517, .F. ) ;
#1511 = CARTESIAN_POINT ( 'NONE',  ( 19.24999999999993960, -60.00000000000002842, -16.22500000000001563 ) ) ;
#1512 = VERTEX_POINT ( 'NONE', #1222 ) ;
#1513 = DIRECTION ( 'NONE',  ( 1.000000000000000000, 1.040834085586084257E-16, 0.000000000000000000 ) ) ;
#1514 = ORIENTED_EDGE ( 'NONE', *, *, #2165, .F. ) ;
#1515 = PLANE ( 'NONE',  #1794 ) ;
#1516 = LINE ( 'NONE', #1129, #8 ) ;
#1517 = DIRECTION ( 'NONE',  ( -2.891205793294678080E-17, -1.000000000000000000, 0.000000000000000000 ) ) ;
#1518 = AXIS2_PLACEMENT_3D ( 'NONE', #2299, #1752, #1673 ) ;
#1519 = DIRECTION ( 'NONE',  ( -1.000000000000000000, 1.734723475976807341E-16, 0.000000000000000000 ) ) ;
#1520 = ORIENTED_EDGE ( 'NONE', *, *, #451, .T. ) ;
#1521 = VERTEX_POINT ( 'NONE', #1198 ) ;
#1522 = CARTESIAN_POINT ( 'NONE',  ( 21.24999999999999289, 49.63999999999997215, -104.2955803164349646 ) ) ;
#1523 = ORIENTED_EDGE ( 'NONE', *, *, #1316, .T. ) ;
#1524 = LINE ( 'NONE', #564, #1365 ) ;
#1525 = ORIENTED_EDGE ( 'NONE', *, *, #274, .T. ) ;
#1526 = ORIENTED_EDGE ( 'NONE', *, *, #1202, .F. ) ;
#1527 = CARTESIAN_POINT ( 'NONE',  ( 14.24999999999996803, -8.325000000000002842, -133.3705803164349390 ) ) ;
#1528 = CIRCLE ( 'NONE', #1453, 1.499999999999994449 ) ;
#1529 = EDGE_CURVE ( 'NONE', #1734, #666, #1571, .T. ) ;
#1530 = EDGE_CURVE ( 'NONE', #1653, #1161, #1185, .T. ) ;
#1531 = DIRECTION ( 'NONE',  ( 1.000000000000000000, 0.000000000000000000, -0.000000000000000000 ) ) ;
#1532 = DIRECTION ( 'NONE',  ( -1.000000000000000000, 0.000000000000000000, 0.000000000000000000 ) ) ;
#1533 = CARTESIAN_POINT ( 'NONE',  ( 80.13019254381191558, 3.999999999999965361, -38.51840990379744767 ) ) ;
#1534 = ORIENTED_EDGE ( 'NONE', *, *, #911, .F. ) ;
#1535 = EDGE_LOOP ( 'NONE', ( #1488, #1544 ) ) ;
#1536 = VECTOR ( 'NONE', #1545, 1000.000000000000000 ) ;
#1537 = CARTESIAN_POINT ( 'NONE',  ( 16.24999999999999645, 30.00000000000000711, -36.73186536717199857 ) ) ;
#1538 = ORIENTED_EDGE ( 'NONE', *, *, #1888, .F. ) ;
#1539 = DIRECTION ( 'NONE',  ( 0.000000000000000000, 0.000000000000000000, -1.000000000000000000 ) ) ;
#1540 = ORIENTED_EDGE ( 'NONE', *, *, #424, .T. ) ;
#1541 = EDGE_CURVE ( 'NONE', #1311, #1065, #2420, .T. ) ;
#1542 = AXIS2_PLACEMENT_3D ( 'NONE', #437, #221, #275 ) ;
#1543 = EDGE_CURVE ( 'NONE', #99, #527, #253, .T. ) ;
#1544 = ORIENTED_EDGE ( 'NONE', *, *, #869, .F. ) ;
#1545 = DIRECTION ( 'NONE',  ( -1.000000000000000000, 1.387778780781445676E-16, 0.000000000000000000 ) ) ;
#1546 = DIRECTION ( 'NONE',  ( -1.000000000000000000, 1.387778780781445676E-16, -0.000000000000000000 ) ) ;
#1547 = CARTESIAN_POINT ( 'NONE',  ( 11.24999999999999289, 60.00000000000000711, -133.3705803164349390 ) ) ;
#1548 = DIRECTION ( 'NONE',  ( 0.000000000000000000, -1.000000000000000000, 0.000000000000000000 ) ) ;
#1549 = EDGE_CURVE ( 'NONE', #2316, #1170, #54, .T. ) ;
#1550 = AXIS2_PLACEMENT_3D ( 'NONE', #513, #504, #1267 ) ;
#1551 = ORIENTED_EDGE ( 'NONE', *, *, #1899, .T. ) ;
#1552 = PLANE ( 'NONE',  #1651 ) ;
#1553 = VERTEX_POINT ( 'NONE', #1235 ) ;
#1554 = VERTEX_POINT ( 'NONE', #2161 ) ;
#1555 = DIRECTION ( 'NONE',  ( -1.734723475976807341E-16, -1.000000000000000000, 0.000000000000000000 ) ) ;
#1556 = PLANE ( 'NONE',  #2153 ) ;
#1557 = CARTESIAN_POINT ( 'NONE',  ( 16.24999999999999645, 30.00000000000000711, -35.23186536717199857 ) ) ;
#1558 = DIRECTION ( 'NONE',  ( 1.000000000000000000, -0.000000000000000000, -0.000000000000000000 ) ) ;
#1559 = LINE ( 'NONE', #1547, #797 ) ;
#1560 = SURFACE_STYLE_USAGE ( .BOTH. , #2339 ) ;
#1561 = EDGE_CURVE ( 'NONE', #2332, #99, #1978, .T. ) ;
#1562 = CIRCLE ( 'NONE', #2079, 1.499999999999997780 ) ;
#1563 = ORIENTED_EDGE ( 'NONE', *, *, #2082, .T. ) ;
#1564 = LINE ( 'NONE', #35, #1892 ) ;
#1565 = ADVANCED_FACE ( 'NONE', ( #422 ), #2005, .F. ) ;
#1566 = EDGE_LOOP ( 'NONE', ( #522, #2318, #2427, #957 ) ) ;
#1567 = EDGE_LOOP ( 'NONE', ( #74, #776 ) ) ;
#1568 = EDGE_CURVE ( 'NONE', #1734, #2066, #528, .T. ) ;
#1569 = CYLINDRICAL_SURFACE ( 'NONE', #927, 14.00000000000000355 ) ;
#1570 = DIRECTION ( 'NONE',  ( -3.589083053745119197E-16, -1.000000000000000000, -0.000000000000000000 ) ) ;
#1571 = LINE ( 'NONE', #1557, #453 ) ;
#1572 = CIRCLE ( 'NONE', #1777, 1.499999999999997780 ) ;
#1573 = CARTESIAN_POINT ( 'NONE',  ( 80.00000000000005684, 21.79999999999998295, -73.29779015821748089 ) ) ;
#1574 = CARTESIAN_POINT ( 'NONE',  ( 7.249999999999985789, -41.50000000000000000, -144.1830803164349390 ) ) ;
#1575 = CARTESIAN_POINT ( 'NONE',  ( 11.24999999999999289, 60.00000000000000711, -275.4115261043579039 ) ) ;
#1576 = ADVANCED_FACE ( 'NONE', ( #247 ), #1019, .F. ) ;
#1577 = ADVANCED_FACE ( 'NONE', ( #505 ), #328, .F. ) ;
#1578 = ORIENTED_EDGE ( 'NONE', *, *, #983, .F. ) ;
#1579 = FACE_OUTER_BOUND ( 'NONE', #1153, .T. ) ;
#1580 = ORIENTED_EDGE ( 'NONE', *, *, #676, .T. ) ;
#1581 = VERTEX_POINT ( 'NONE', #1645 ) ;
#1582 = EDGE_CURVE ( 'NONE', #2038, #1857, #1447, .T. ) ;
#1583 = DIRECTION ( 'NONE',  ( -0.000000000000000000, -0.000000000000000000, -1.000000000000000000 ) ) ;
#1584 = DIRECTION ( 'NONE',  ( -2.891205793294678080E-17, -1.000000000000000000, 0.000000000000000000 ) ) ;
#1585 = DIRECTION ( 'NONE',  ( 1.000000000000000000, 0.000000000000000000, -0.000000000000000000 ) ) ;
#1586 = VECTOR ( 'NONE', #801, 1000.000000000000000 ) ;
#1587 = DIRECTION ( 'NONE',  ( 1.000000000000000000, -1.734723475976807341E-16, -0.000000000000000000 ) ) ;
#1588 = DIRECTION ( 'NONE',  ( 0.000000000000000000, 1.000000000000000000, 0.000000000000000000 ) ) ;
#1589 = DIRECTION ( 'NONE',  ( 0.000000000000000000, 1.000000000000000000, 0.000000000000000000 ) ) ;
#1590 = VERTEX_POINT ( 'NONE', #1089 ) ;
#1591 = CARTESIAN_POINT ( 'NONE',  ( 13.24999999999997513, 3.144479452198249536, -16.22500000000001563 ) ) ;
#1592 = VERTEX_POINT ( 'NONE', #2055 ) ;
#1593 = ORIENTED_EDGE ( 'NONE', *, *, #1467, .F. ) ;
#1594 = AXIS2_PLACEMENT_3D ( 'NONE', #1600, #1970, #450 ) ;
#1595 = CARTESIAN_POINT ( 'NONE',  ( -17.75000000000000355, 3.999999999999982681, -38.51840990379744767 ) ) ;
#1596 = CARTESIAN_POINT ( 'NONE',  ( 11.24999999999998934, -60.00000000000002842, -275.4115261043579039 ) ) ;
#1597 = PLANE ( 'NONE',  #1829 ) ;
#1598 = CARTESIAN_POINT ( 'NONE',  ( 13.24999999999998401, 20.29999999999999005, -23.30000000000000782 ) ) ;
#1599 = DIRECTION ( 'NONE',  ( -1.000000000000000000, -0.000000000000000000, -0.000000000000000000 ) ) ;
#1600 = CARTESIAN_POINT ( 'NONE',  ( 4.249999999999983125, 12.14999999999999503, -58.42034058415723763 ) ) ;
#1601 = ORIENTED_EDGE ( 'NONE', *, *, #1118, .T. ) ;
#1602 = CARTESIAN_POINT ( 'NONE',  ( -17.75000000000000355, -30.00000000000001066, -138.2955803164349504 ) ) ;
#1603 = ORIENTED_EDGE ( 'NONE', *, *, #840, .F. ) ;
#1604 = AXIS2_PLACEMENT_3D ( 'NONE', #2064, #1151, #740 ) ;
#1605 = ORIENTED_EDGE ( 'NONE', *, *, #1284, .T. ) ;
#1606 = CARTESIAN_POINT ( 'NONE',  ( 7.249999999999985789, -50.00000000000001421, -144.1830803164349390 ) ) ;
#1607 = PLANE ( 'NONE',  #58 ) ;
#1608 = LINE ( 'NONE', #1801, #1786 ) ;
#1609 = EDGE_CURVE ( 'NONE', #1512, #59, #2142, .T. ) ;
#1610 = EDGE_CURVE ( 'NONE', #1715, #180, #682, .T. ) ;
#1611 = DIRECTION ( 'NONE',  ( 0.000000000000000000, 0.000000000000000000, 1.000000000000000000 ) ) ;
#1612 = CARTESIAN_POINT ( 'NONE',  ( 9.000000000000001776, -0.6000000000000007550, -154.9955803164349675 ) ) ;
#1613 = EDGE_CURVE ( 'NONE', #1322, #2039, #2233, .T. ) ;
#1614 = AXIS2_PLACEMENT_3D ( 'NONE', #1318, #314, #980 ) ;
#1615 = CARTESIAN_POINT ( 'NONE',  ( -17.75000000000000355, -50.00000000000001421, -144.1830803164349390 ) ) ;
#1616 = ORIENTED_EDGE ( 'NONE', *, *, #372, .T. ) ;
#1617 = ORIENTED_EDGE ( 'NONE', *, *, #2210, .F. ) ;
#1618 = LINE ( 'NONE', #656, #715 ) ;
#1619 = DIRECTION ( 'NONE',  ( -0.9486832980505138790, 6.582812753581311037E-16, -0.3162277660168379412 ) ) ;
#1620 = CARTESIAN_POINT ( 'NONE',  ( 13.24999999999998757, 20.29999999999999005, -9.300000000000004263 ) ) ;
#1621 = EDGE_CURVE ( 'NONE', #534, #1696, #1871, .T. ) ;
#1622 = LINE ( 'NONE', #2162, #1341 ) ;
#1624 = VECTOR ( 'NONE', #886, 1000.000000000000000 ) ;
#1623 = CARTESIAN_POINT ( 'NONE',  ( 19.04353271799785574, 46.63999999999996504, -93.82610086423677842 ) ) ;
#1625 = VECTOR ( 'NONE', #1517, 1000.000000000000000 ) ;
#1626 = EDGE_CURVE ( 'NONE', #2454, #1784, #1225, .T. ) ;
#1627 = LINE ( 'NONE', #1452, #2375 ) ;
#1628 = ORIENTED_EDGE ( 'NONE', *, *, #1720, .T. ) ;
#1629 = EDGE_LOOP ( 'NONE', ( #2380, #1419, #550, #324, #2180, #24, #783, #678, #1997, #575, #948, #1540, #155, #2356, #1486, #1760, #1066, #339 ) ) ;
#1630 = CARTESIAN_POINT ( 'NONE',  ( 21.24999999999999289, 60.00000000000000711, -275.4115261043579039 ) ) ;
#1631 = CARTESIAN_POINT ( 'NONE',  ( 21.24999999999993960, -60.00000000000002842, -133.3705803164349390 ) ) ;
#1632 = CARTESIAN_POINT ( 'NONE',  ( 17.74999999999999645, 49.63999999999997215, -93.82610086423677842 ) ) ;
#1633 = EDGE_CURVE ( 'NONE', #2480, #392, #319, .T. ) ;
#1634 = LINE ( 'NONE', #2199, #1296 ) ;
#1635 = DIRECTION ( 'NONE',  ( 0.000000000000000000, 1.000000000000000000, 0.000000000000000000 ) ) ;
#1636 =( NAMED_UNIT ( * ) SI_UNIT ( $, .STERADIAN. ) SOLID_ANGLE_UNIT ( ) );
#1637 = EDGE_CURVE ( 'NONE', #59, #1142, #1459, .T. ) ;
#1638 = CARTESIAN_POINT ( 'NONE',  ( 4.249999999999983125, 10.65000000000000036, -58.42034058415723763 ) ) ;
#1639 = ORIENTED_EDGE ( 'NONE', *, *, #2349, .F. ) ;
#1640 = ORIENTED_EDGE ( 'NONE', *, *, #497, .F. ) ;
#1641 = EDGE_CURVE ( 'NONE', #741, #603, #514, .T. ) ;
#1642 = CARTESIAN_POINT ( 'NONE',  ( 13.45646728200210518, 46.63999999999996504, -104.2955803164349646 ) ) ;
#1643 = VECTOR ( 'NONE', #964, 1000.000000000000000 ) ;
#1644 = CARTESIAN_POINT ( 'NONE',  ( -17.74999999999998934, 12.14999999999999503, -58.42034058415723763 ) ) ;
#1645 = CARTESIAN_POINT ( 'NONE',  ( 11.24999999999993072, -60.00000000000002132, -13.22500000000001386 ) ) ;
#1646 = EDGE_LOOP ( 'NONE', ( #1908, #294, #171, #2353 ) ) ;
#1647 = CARTESIAN_POINT ( 'NONE',  ( 11.25000000000000000, -0.6000000000000007550, 17.79051713694687464 ) ) ;
#1648 = ADVANCED_FACE ( 'NONE', ( #1470 ), #2384, .F. ) ;
#1649 = EDGE_CURVE ( 'NONE', #520, #2068, #2035, .T. ) ;
#1650 = CARTESIAN_POINT ( 'NONE',  ( -17.75000000000000000, 20.29999999999998650, -23.30000000000000782 ) ) ;
#1651 = AXIS2_PLACEMENT_3D ( 'NONE', #388, #2355, #1783 ) ;
#1652 = ORIENTED_EDGE ( 'NONE', *, *, #117, .T. ) ;
#1653 = VERTEX_POINT ( 'NONE', #485 ) ;
#1654 = LINE ( 'NONE', #2041, #1729 ) ;
#1655 = DIRECTION ( 'NONE',  ( 1.000000000000000000, -1.734723475976807341E-16, -0.000000000000000000 ) ) ;
#1656 = DIRECTION ( 'NONE',  ( 0.000000000000000000, -1.000000000000000000, 0.000000000000000000 ) ) ;
#1657 = EDGE_CURVE ( 'NONE', #882, #565, #671, .T. ) ;
#1658 = ORIENTED_EDGE ( 'NONE', *, *, #187, .F. ) ;
#1659 = CARTESIAN_POINT ( 'NONE',  ( 13.24999999999998757, 20.29999999999999005, -23.30000000000000782 ) ) ;
#1660 = PRODUCT_CONTEXT ( 'NONE', #733, 'mechanical' ) ;
#1661 = VECTOR ( 'NONE', #1763, 1000.000000000000000 ) ;
#1662 = AXIS2_PLACEMENT_3D ( 'NONE', #1738, #2095, #1360 ) ;
#1663 = LINE ( 'NONE', #571, #455 ) ;
#1664 = CARTESIAN_POINT ( 'NONE',  ( 21.24999999999998579, 49.63999999999997215, -104.2955803164349646 ) ) ;
#1665 = ORIENTED_EDGE ( 'NONE', *, *, #2201, .F. ) ;
#1666 = ORIENTED_EDGE ( 'NONE', *, *, #2029, .F. ) ;
#1667 = DIRECTION ( 'NONE',  ( -1.000000000000000000, 1.387778780781445922E-16, -0.000000000000000000 ) ) ;
#1668 = LINE ( 'NONE', #1677, #1836 ) ;
#1669 = CARTESIAN_POINT ( 'NONE',  ( 16.24999999999999645, 60.00000000000000711, -36.73186536717199857 ) ) ;
#1670 = ADVANCED_FACE ( 'NONE', ( #1258 ), #1290, .F. ) ;
#1671 = ORIENTED_EDGE ( 'NONE', *, *, #1680, .F. ) ;
#1672 = CARTESIAN_POINT ( 'NONE',  ( -17.75000000000000355, -29.99999999999998934, -154.9955803164349675 ) ) ;
#1673 = DIRECTION ( 'NONE',  ( 0.000000000000000000, -1.000000000000000000, 0.000000000000000000 ) ) ;
#1674 = EDGE_LOOP ( 'NONE', ( #292, #2157, #834, #2295 ) ) ;
#1675 = ORIENTED_EDGE ( 'NONE', *, *, #2018, .T. ) ;
#1676 = FACE_OUTER_BOUND ( 'NONE', #947, .T. ) ;
#1677 = CARTESIAN_POINT ( 'NONE',  ( -170.0000000000000000, 13.64999999999997549, -58.42034058415723763 ) ) ;
#1678 = CYLINDRICAL_SURFACE ( 'NONE', #2242, 1.499999999999994449 ) ;
#1679 = ORIENTED_EDGE ( 'NONE', *, *, #2268, .F. ) ;
#1680 = EDGE_CURVE ( 'NONE', #1885, #1784, #1436, .T. ) ;
#1681 = VECTOR ( 'NONE', #127, 1000.000000000000114 ) ;
#1682 = EDGE_CURVE ( 'NONE', #1038, #666, #2010, .T. ) ;
#1683 = DIRECTION ( 'NONE',  ( 0.000000000000000000, 0.000000000000000000, -1.000000000000000000 ) ) ;
#1684 = PRODUCT ( 'feed sideplate 2', 'feed sideplate 2', '', ( #1660 ) ) ;
#1685 = AXIS2_PLACEMENT_3D ( 'NONE', #1707, #2466, #1882 ) ;
#1686 = LINE ( 'NONE', #1740, #477 ) ;
#1687 = ADVANCED_FACE ( 'NONE', ( #2014 ), #286, .F. ) ;
#1688 = CARTESIAN_POINT ( 'NONE',  ( 19.24999999999998579, 3.144479452198242875, -130.3705803164349390 ) ) ;
#1689 = VERTEX_POINT ( 'NONE', #726 ) ;
#1690 = VERTEX_POINT ( 'NONE', #340 ) ;
#1691 = DIRECTION ( 'NONE',  ( 0.3959401535119478899, 0.9182763172580108435, 0.000000000000000000 ) ) ;
#1692 = ORIENTED_EDGE ( 'NONE', *, *, #2374, .F. ) ;
#1693 = LINE ( 'NONE', #2255, #279 ) ;
#1694 = ORIENTED_EDGE ( 'NONE', *, *, #2415, .F. ) ;
#1695 = AXIS2_PLACEMENT_3D ( 'NONE', #1067, #700, #524 ) ;
#1696 = VERTEX_POINT ( 'NONE', #135 ) ;
#1697 = DIRECTION ( 'NONE',  ( 0.3162277660168379412, 6.569518770826194517E-17, 0.9486832980505138790 ) ) ;
#1698 = CARTESIAN_POINT ( 'NONE',  ( -17.75000000000000355, 20.29999999999999716, -73.29779015821748089 ) ) ;
#1699 = AXIS2_PLACEMENT_3D ( 'NONE', #537, #1500, #350 ) ;
#1700 = EDGE_CURVE ( 'NONE', #2038, #1311, #2117, .T. ) ;
#1701 = UNCERTAINTY_MEASURE_WITH_UNIT (LENGTH_MEASURE( 1.000000000000000082E-05 ), #70, 'distance_accuracy_value', 'NONE');
#1702 = VERTEX_POINT ( 'NONE', #753 ) ;
#1703 = AXIS2_PLACEMENT_3D ( 'NONE', #206, #1912, #2456 ) ;
#1704 = ORIENTED_EDGE ( 'NONE', *, *, #2285, .F. ) ;
#1705 = DIRECTION ( 'NONE',  ( -1.387778780781445676E-16, -1.000000000000000000, 1.155081008495165429E-16 ) ) ;
#1706 = ORIENTED_EDGE ( 'NONE', *, *, #1303, .F. ) ;
#1707 = CARTESIAN_POINT ( 'NONE',  ( 7.249999999999985789, -40.00000000000000711, -144.1830803164349390 ) ) ;
#1708 = EDGE_LOOP ( 'NONE', ( #1121, #304 ) ) ;
#1709 = FACE_OUTER_BOUND ( 'NONE', #1165, .T. ) ;
#1710 = DIRECTION ( 'NONE',  ( 0.000000000000000000, 0.000000000000000000, 1.000000000000000000 ) ) ;
#1711 = DIRECTION ( 'NONE',  ( -0.000000000000000000, 1.000000000000000000, -0.000000000000000000 ) ) ;
#1712 = FACE_OUTER_BOUND ( 'NONE', #1674, .T. ) ;
#1713 = EDGE_CURVE ( 'NONE', #2039, #37, #1693, .T. ) ;
#1714 = VERTEX_POINT ( 'NONE', #1922 ) ;
#1715 = VERTEX_POINT ( 'NONE', #2090 ) ;
#1716 = FACE_BOUND ( 'NONE', #1535, .T. ) ;
#1717 = EDGE_LOOP ( 'NONE', ( #110, #1011, #2296, #805 ) ) ;
#1718 = CARTESIAN_POINT ( 'NONE',  ( 0.000000000000000000, -57.00000000000002132, -154.9955803164349675 ) ) ;
#1719 = VERTEX_POINT ( 'NONE', #160 ) ;
#1720 = EDGE_CURVE ( 'NONE', #1975, #61, #1524, .T. ) ;
#1721 = ORIENTED_EDGE ( 'NONE', *, *, #2397, .F. ) ;
#1722 = DIRECTION ( 'NONE',  ( 0.000000000000000000, 0.000000000000000000, 1.000000000000000000 ) ) ;
#1723 = VECTOR ( 'NONE', #2036, 1000.000000000000000 ) ;
#1724 = CARTESIAN_POINT ( 'NONE',  ( -17.75000000000000355, -60.00000000000001421, -151.9955803164349390 ) ) ;
#1725 = VECTOR ( 'NONE', #68, 1000.000000000000000 ) ;
#1726 = DIRECTION ( 'NONE',  ( -0.000000000000000000, 1.000000000000000000, -0.000000000000000000 ) ) ;
#1727 = ORIENTED_EDGE ( 'NONE', *, *, #470, .T. ) ;
#1728 = VERTEX_POINT ( 'NONE', #1112 ) ;
#1729 = VECTOR ( 'NONE', #2221, 1000.000000000000000 ) ;
#1730 = PLANE ( 'NONE',  #401 ) ;
#1731 = VERTEX_POINT ( 'NONE', #352 ) ;
#1732 = DIRECTION ( 'NONE',  ( 0.000000000000000000, 1.000000000000000000, 0.000000000000000000 ) ) ;
#1733 = ORIENTED_EDGE ( 'NONE', *, *, #2235, .T. ) ;
#1734 = VERTEX_POINT ( 'NONE', #766 ) ;
#1735 = ADVANCED_FACE ( 'NONE', ( #183 ), #933, .T. ) ;
#1736 = FACE_OUTER_BOUND ( 'NONE', #953, .T. ) ;
#1737 = AXIS2_PLACEMENT_3D ( 'NONE', #360, #944, #2264 ) ;
#1738 = CARTESIAN_POINT ( 'NONE',  ( 16.24999999999998934, 60.00000000000000711, -70.46373073434399714 ) ) ;
#1739 = CARTESIAN_POINT ( 'NONE',  ( 11.25000000000000000, -0.6000000000000007550, 0.000000000000000000 ) ) ;
#1740 = CARTESIAN_POINT ( 'NONE',  ( 4.000000000000000000, -0.6000000000000007550, 0.000000000000000000 ) ) ;
#1741 = ORIENTED_EDGE ( 'NONE', *, *, #2195, .F. ) ;
#1742 = AXIS2_PLACEMENT_3D ( 'NONE', #2335, #2322, #1776 ) ;
#1743 = CARTESIAN_POINT ( 'NONE',  ( 7.249999999999985789, -51.50000000000001421, -144.1830803164349390 ) ) ;
#1744 = VERTEX_POINT ( 'NONE', #2294 ) ;
#1745 = DIRECTION ( 'NONE',  ( 1.000000000000000000, -0.000000000000000000, -0.000000000000000000 ) ) ;
#1746 = ORIENTED_EDGE ( 'NONE', *, *, #387, .T. ) ;
#1747 = AXIS2_PLACEMENT_3D ( 'NONE', #382, #950, #118 ) ;
#1748 = CARTESIAN_POINT ( 'NONE',  ( 11.25000000000000355, 49.63999999999997215, -93.82610086423677842 ) ) ;
#1749 = FACE_OUTER_BOUND ( 'NONE', #2252, .T. ) ;
#1750 = DIRECTION ( 'NONE',  ( -0.000000000000000000, -0.000000000000000000, 1.000000000000000000 ) ) ;
#1751 = DIRECTION ( 'NONE',  ( 1.000000000000000000, 0.000000000000000000, -0.000000000000000000 ) ) ;
#1752 = DIRECTION ( 'NONE',  ( 1.000000000000000000, -1.734723475976807341E-16, -0.000000000000000000 ) ) ;
#1753 = DIRECTION ( 'NONE',  ( -1.040834085586084257E-16, 1.000000000000000000, 0.000000000000000000 ) ) ;
#1754 = EDGE_CURVE ( 'NONE', #921, #2280, #1283, .T. ) ;
#1755 = VECTOR ( 'NONE', #755, 1000.000000000000227 ) ;
#1756 = EDGE_LOOP ( 'NONE', ( #1617, #2076, #1002, #2465, #230, #142, #614, #1338 ) ) ;
#1757 = CARTESIAN_POINT ( 'NONE',  ( 21.24999999999993960, -60.00000000000002842, -133.3705803164349390 ) ) ;
#1758 = PRESENTATION_LAYER_ASSIGNMENT (  '', '', ( #1395 ) ) ;
#1759 = ORIENTED_EDGE ( 'NONE', *, *, #1113, .F. ) ;
#1760 = ORIENTED_EDGE ( 'NONE', *, *, #1284, .F. ) ;
#1761 = LINE ( 'NONE', #798, #1493 ) ;
#1762 = CARTESIAN_POINT ( 'NONE',  ( 11.24999999999999289, 60.00000000000000711, -13.22499999999998721 ) ) ;
#1763 = DIRECTION ( 'NONE',  ( -1.000000000000000000, 1.734723475976807341E-16, -0.000000000000000000 ) ) ;
#1764 = EDGE_CURVE ( 'NONE', #2228, #1785, #390, .T. ) ;
#1765 = LINE ( 'NONE', #1573, #1586 ) ;
#1766 = FACE_OUTER_BOUND ( 'NONE', #270, .T. ) ;
#1767 =( NAMED_UNIT ( * ) PLANE_ANGLE_UNIT ( ) SI_UNIT ( $, .RADIAN. ) );
#1768 = VECTOR ( 'NONE', #289, 1000.000000000000000 ) ;
#1769 = ADVANCED_FACE ( 'NONE', ( #958 ), #2453, .F. ) ;
#1770 = VERTEX_POINT ( 'NONE', #2491 ) ;
#1771 = DIRECTION ( 'NONE',  ( 0.000000000000000000, 1.000000000000000000, 0.000000000000000000 ) ) ;
#1772 = ORIENTED_EDGE ( 'NONE', *, *, #482, .T. ) ;
#1773 = ORIENTED_EDGE ( 'NONE', *, *, #1809, .F. ) ;
#1774 = CARTESIAN_POINT ( 'NONE',  ( 11.24999999999998934, -57.00000000000001421, 0.000000000000000000 ) ) ;
#1775 = PLANE ( 'NONE',  #2269 ) ;
#1776 = DIRECTION ( 'NONE',  ( 0.000000000000000000, 1.000000000000000000, 0.000000000000000000 ) ) ;
#1777 = AXIS2_PLACEMENT_3D ( 'NONE', #1137, #1869, #2292 ) ;
#1778 = PLANE ( 'NONE',  #2100 ) ;
#1779 = CYLINDRICAL_SURFACE ( 'NONE', #2166, 1.499999999999997780 ) ;
#1780 = AXIS2_PLACEMENT_3D ( 'NONE', #1420, #1813, #1054 ) ;
#1781 = ORIENTED_EDGE ( 'NONE', *, *, #224, .F. ) ;
#1782 = ADVANCED_FACE ( 'NONE', ( #1301 ), #2443, .F. ) ;
#1783 = DIRECTION ( 'NONE',  ( -1.000000000000000000, 0.000000000000000000, -0.000000000000000000 ) ) ;
#1784 = VERTEX_POINT ( 'NONE', #2281 ) ;
#1785 = VERTEX_POINT ( 'NONE', #1502 ) ;
#1786 = VECTOR ( 'NONE', #2173, 1000.000000000000000 ) ;
#1787 = DIRECTION ( 'NONE',  ( 0.000000000000000000, 1.000000000000000000, 0.000000000000000000 ) ) ;
#1788 = DIRECTION ( 'NONE',  ( -0.000000000000000000, -0.000000000000000000, 1.000000000000000000 ) ) ;
#1789 = CARTESIAN_POINT ( 'NONE',  ( -170.0000000000000000, 12.14999999999997904, -58.42034058415723763 ) ) ;
#1790 = CIRCLE ( 'NONE', #254, 6.000000000000001776 ) ;
#1791 = CARTESIAN_POINT ( 'NONE',  ( 19.04353271799785574, 4.638692345779120707, -93.82610086423677842 ) ) ;
#1792 = DIRECTION ( 'NONE',  ( -1.000000000000000000, 1.387778780781445676E-16, -0.000000000000000000 ) ) ;
#1793 = ORIENTED_EDGE ( 'NONE', *, *, #337, .T. ) ;
#1794 = AXIS2_PLACEMENT_3D ( 'NONE', #2284, #554, #2093 ) ;
#1795 = CYLINDRICAL_SURFACE ( 'NONE', #244, 3.000000000000000000 ) ;
#1796 = EDGE_LOOP ( 'NONE', ( #2061, #1109, #169, #2289 ) ) ;
#1797 = ORIENTED_EDGE ( 'NONE', *, *, #1228, .T. ) ;
#1798 = AXIS2_PLACEMENT_3D ( 'NONE', #1959, #1213, #982 ) ;
#1799 = DIRECTION ( 'NONE',  ( -0.000000000000000000, 1.000000000000000000, -0.000000000000000000 ) ) ;
#1800 = LINE ( 'NONE', #1596, #780 ) ;
#1801 = CARTESIAN_POINT ( 'NONE',  ( 80.00000000000005684, -8.325000000000013500, -133.3705803164349390 ) ) ;
#1802 = ADVANCED_FACE ( 'NONE', ( #147 ), #2306, .T. ) ;
#1803 = EDGE_CURVE ( 'NONE', #1987, #2332, #508, .T. ) ;
#1804 = CARTESIAN_POINT ( 'NONE',  ( 19.04353271799785574, 46.63999999999996504, -154.9955803164349675 ) ) ;
#1805 = CARTESIAN_POINT ( 'NONE',  ( 11.24999999999999645, -7.324999999999988631, -133.3705803164349390 ) ) ;
#1806 = DIRECTION ( 'NONE',  ( 1.000000000000000000, 1.040834085586084257E-16, -0.000000000000000000 ) ) ;
#1807 = ORIENTED_EDGE ( 'NONE', *, *, #854, .F. ) ;
#1808 = VECTOR ( 'NONE', #622, 1000.000000000000000 ) ;
#1809 = EDGE_CURVE ( 'NONE', #37, #1369, #2266, .T. ) ;
#1810 = DIRECTION ( 'NONE',  ( -1.000000000000000000, 0.000000000000000000, 0.000000000000000000 ) ) ;
#1811 = VERTEX_POINT ( 'NONE', #1354 ) ;
#1812 = EDGE_LOOP ( 'NONE', ( #665, #14, #1040, #2218 ) ) ;
#1813 = DIRECTION ( 'NONE',  ( 0.000000000000000000, -1.000000000000000000, -0.000000000000000000 ) ) ;
#1814 = FACE_OUTER_BOUND ( 'NONE', #1964, .T. ) ;
#1815 = DIRECTION ( 'NONE',  ( -1.000000000000000000, -1.040834085586084257E-16, 0.000000000000000000 ) ) ;
#1816 = ADVANCED_FACE ( 'NONE', ( #551 ), #1678, .F. ) ;
#1817 = DIRECTION ( 'NONE',  ( 0.000000000000000000, 0.000000000000000000, 1.000000000000000000 ) ) ;
#1818 = DIRECTION ( 'NONE',  ( 2.891205793294678080E-17, 1.000000000000000000, 0.000000000000000000 ) ) ;
#1819 = AXIS2_PLACEMENT_3D ( 'NONE', #1949, #777, #625 ) ;
#1820 = DIRECTION ( 'NONE',  ( -1.000000000000000000, 1.734723475976807341E-16, 0.000000000000000000 ) ) ;
#1821 = ORIENTED_EDGE ( 'NONE', *, *, #599, .F. ) ;
#1822 = EDGE_LOOP ( 'NONE', ( #359, #1287 ) ) ;
#1823 = FACE_OUTER_BOUND ( 'NONE', #240, .T. ) ;
#1824 = DIRECTION ( 'NONE',  ( -1.000000000000000000, 0.000000000000000000, 0.000000000000000000 ) ) ;
#1825 = CARTESIAN_POINT ( 'NONE',  ( -15.21867409493052392, -8.324999999999988631, -44.96455803164352716 ) ) ;
#1826 = EDGE_CURVE ( 'NONE', #38, #2480, #172, .T. ) ;
#1827 = CARTESIAN_POINT ( 'NONE',  ( 11.25000000000000355, 49.63999999999997215, -154.9955803164349675 ) ) ;
#1829 = AXIS2_PLACEMENT_3D ( 'NONE', #1033, #1955, #2360 ) ;
#1828 = CARTESIAN_POINT ( 'NONE',  ( -17.74999999999998934, 29.94999999999999929, -86.37525551735875240 ) ) ;
#1830 = CARTESIAN_POINT ( 'NONE',  ( 0.000000000000000000, 0.000000000000000000, 0.000000000000000000 ) ) ;
#1831 = EDGE_CURVE ( 'NONE', #1715, #763, #13, .T. ) ;
#1832 = CARTESIAN_POINT ( 'NONE',  ( 11.24999999999999289, 60.00000000000000711, -154.9955803164349675 ) ) ;
#1833 = ORIENTED_EDGE ( 'NONE', *, *, #2245, .F. ) ;
#1834 = ORIENTED_EDGE ( 'NONE', *, *, #278, .T. ) ;
#1835 = LINE ( 'NONE', #873, #1402 ) ;
#1836 = VECTOR ( 'NONE', #1837, 1000.000000000000000 ) ;
#1837 = DIRECTION ( 'NONE',  ( 1.000000000000000000, 1.040834085586084257E-16, 0.000000000000000000 ) ) ;
#1838 = DIRECTION ( 'NONE',  ( 0.000000000000000000, 0.000000000000000000, 1.000000000000000000 ) ) ;
#1839 = PRODUCT_DEFINITION_FORMATION_WITH_SPECIFIED_SOURCE ( 'ANY', '', #1684, .NOT_KNOWN. ) ;
#1840 = ADVANCED_FACE ( 'NONE', ( #779 ), #1937, .F. ) ;
#1841 = CYLINDRICAL_SURFACE ( 'NONE', #2226, 6.000000000000001776 ) ;
#1842 = DIRECTION ( 'NONE',  ( -0.000000000000000000, 1.000000000000000000, -0.000000000000000000 ) ) ;
#1843 = AXIS2_PLACEMENT_3D ( 'NONE', #1858, #2003, #306 ) ;
#1844 = ADVANCED_FACE ( 'NONE', ( #1156 ), #903, .F. ) ;
#1845 = FACE_OUTER_BOUND ( 'NONE', #727, .T. ) ;
#1846 = ORIENTED_EDGE ( 'NONE', *, *, #1473, .T. ) ;
#1847 = ORIENTED_EDGE ( 'NONE', *, *, #928, .T. ) ;
#1848 = FACE_OUTER_BOUND ( 'NONE', #2020, .T. ) ;
#1849 = AXIS2_PLACEMENT_3D ( 'NONE', #222, #611, #2200 ) ;
#1850 = CARTESIAN_POINT ( 'NONE',  ( 16.24999999999999645, 30.00000000000000711, -36.73186536717199857 ) ) ;
#1851 = DIRECTION ( 'NONE',  ( 1.000000000000000000, 1.040834085586084257E-16, 0.000000000000000000 ) ) ;
#1852 = CARTESIAN_POINT ( 'NONE',  ( 21.24999999999998579, 49.63999999999997215, -93.82610086423677842 ) ) ;
#1853 = CARTESIAN_POINT ( 'NONE',  ( 80.00000000000005684, -8.324999999999999289, -13.22500000000000675 ) ) ;
#1854 = PLANE ( 'NONE',  #1406 ) ;
#1855 = AXIS2_PLACEMENT_3D ( 'NONE', #1650, #1820, #1026 ) ;
#1856 = ORIENTED_EDGE ( 'NONE', *, *, #973, .T. ) ;
#1857 = VERTEX_POINT ( 'NONE', #774 ) ;
#1858 = CARTESIAN_POINT ( 'NONE',  ( 7.249999999999985789, -40.00000000000000711, -144.1830803164349390 ) ) ;
#1859 = DIRECTION ( 'NONE',  ( 0.000000000000000000, -1.000000000000000000, 0.000000000000000000 ) ) ;
#1860 = DIRECTION ( 'NONE',  ( -0.3162277660168379412, 1.534660244226794758E-16, 0.9486832980505138790 ) ) ;
#1861 = ORIENTED_EDGE ( 'NONE', *, *, #2018, .F. ) ;
#1862 = CARTESIAN_POINT ( 'NONE',  ( 17.74999999999998934, 1.638692345779117820, -154.9955803164349675 ) ) ;
#1863 = AXIS2_PLACEMENT_3D ( 'NONE', #2044, #114, #851 ) ;
#1864 = AXIS2_PLACEMENT_3D ( 'NONE', #1211, #826, #1611 ) ;
#1865 = DIRECTION ( 'NONE',  ( -6.938893903907223447E-16, -1.000000000000000000, -0.000000000000000000 ) ) ;
#1866 = ORIENTED_EDGE ( 'NONE', *, *, #33, .T. ) ;
#1867 = EDGE_LOOP ( 'NONE', ( #491, #1759, #2328, #501 ) ) ;
#1868 = EDGE_CURVE ( 'NONE', #624, #2032, #1559, .T. ) ;
#1869 = DIRECTION ( 'NONE',  ( -1.000000000000000000, -1.040834085586084257E-16, 0.000000000000000000 ) ) ;
#1870 = CARTESIAN_POINT ( 'NONE',  ( -17.75000000000000355, -50.00000000000001421, -144.1830803164349390 ) ) ;
#1871 = LINE ( 'NONE', #2198, #2028 ) ;
#1872 = VERTEX_POINT ( 'NONE', #1174 ) ;
#1873 = CIRCLE ( 'NONE', #2390, 1.500000000000001332 ) ;
#1874 = EDGE_CURVE ( 'NONE', #565, #2455, #2205, .T. ) ;
#1875 = DIRECTION ( 'NONE',  ( 0.000000000000000000, -1.000000000000000000, 0.000000000000000000 ) ) ;
#1876 = CARTESIAN_POINT ( 'NONE',  ( 14.74999999999998579, 1.638692345779117820, -93.82610086423677842 ) ) ;
#1877 = ORIENTED_EDGE ( 'NONE', *, *, #287, .F. ) ;
#1878 = EDGE_CURVE ( 'NONE', #857, #2085, #1929, .T. ) ;
#1879 = ORIENTED_EDGE ( 'NONE', *, *, #874, .F. ) ;
#1880 = CARTESIAN_POINT ( 'NONE',  ( 0.000000000000000000, 57.00000000000000000, 0.000000000000000000 ) ) ;
#1881 = EDGE_LOOP ( 'NONE', ( #1658, #1393, #342, #21 ) ) ;
#1882 = DIRECTION ( 'NONE',  ( -1.387778780781445922E-16, -1.000000000000000000, 0.000000000000000000 ) ) ;
#1883 = ORIENTED_EDGE ( 'NONE', *, *, #1934, .T. ) ;
#1884 = AXIS2_PLACEMENT_3D ( 'NONE', #370, #2300, #1346 ) ;
#1885 = VERTEX_POINT ( 'NONE', #597 ) ;
#1886 = LINE ( 'NONE', #976, #2458 ) ;
#1887 = VECTOR ( 'NONE', #1745, 1000.000000000000000 ) ;
#1888 = EDGE_CURVE ( 'NONE', #1731, #1369, #1375, .T. ) ;
#1889 = LINE ( 'NONE', #152, #380 ) ;
#1890 = ORIENTED_EDGE ( 'NONE', *, *, #2236, .T. ) ;
#1891 = ORIENTED_EDGE ( 'NONE', *, *, #1307, .F. ) ;
#1892 = VECTOR ( 'NONE', #1973, 999.9999999999998863 ) ;
#1893 = CARTESIAN_POINT ( 'NONE',  ( 11.24999999999999289, 60.00000000000000711, 0.000000000000000000 ) ) ;
#1894 = VERTEX_POINT ( 'NONE', #1294 ) ;
#1895 = DIRECTION ( 'NONE',  ( 1.000000000000000000, -1.156482317317869753E-15, -0.000000000000000000 ) ) ;
#1896 = ORIENTED_EDGE ( 'NONE', *, *, #825, .T. ) ;
#1897 = CARTESIAN_POINT ( 'NONE',  ( 4.000000000000000000, -1.800000000000000488, 17.79051713694687464 ) ) ;
#1898 = CARTESIAN_POINT ( 'NONE',  ( 14.24999999999997691, 3.144479452198249536, -13.22500000000001386 ) ) ;
#1899 = EDGE_CURVE ( 'NONE', #1403, #553, #119, .T. ) ;
#1900 = CARTESIAN_POINT ( 'NONE',  ( 0.000000000000000000, 0.000000000000000000, -154.9955803164349675 ) ) ;
#1901 = CARTESIAN_POINT ( 'NONE',  ( 4.249999999999979572, 28.45000000000000639, -86.37525551735875240 ) ) ;
#1902 = ADVANCED_FACE ( 'NONE', ( #2447 ), #1854, .F. ) ;
#1903 = EDGE_LOOP ( 'NONE', ( #1525, #847 ) ) ;
#1904 = EDGE_CURVE ( 'NONE', #2437, #1180, #2124, .T. ) ;
#1905 = ORIENTED_EDGE ( 'NONE', *, *, #1378, .F. ) ;
#1906 = EDGE_CURVE ( 'NONE', #1872, #741, #509, .T. ) ;
#1907 = CARTESIAN_POINT ( 'NONE',  ( 11.24999999999993072, -60.00000000000002132, -133.3705803164349390 ) ) ;
#1908 = ORIENTED_EDGE ( 'NONE', *, *, #2397, .T. ) ;
#1909 = DIRECTION ( 'NONE',  ( 0.000000000000000000, -0.01786506621014886248, -0.9998404069696857910 ) ) ;
#1910 = ORIENTED_EDGE ( 'NONE', *, *, #2017, .T. ) ;
#1911 = ORIENTED_EDGE ( 'NONE', *, *, #1228, .F. ) ;
#1912 = DIRECTION ( 'NONE',  ( 0.000000000000000000, 1.000000000000000000, 0.000000000000000000 ) ) ;
#1913 = ADVANCED_FACE ( 'NONE', ( #2425 ), #1094, .F. ) ;
#1914 = DIRECTION ( 'NONE',  ( -1.000000000000000000, 1.387778780781445922E-16, 0.000000000000000000 ) ) ;
#1915 = PLANE ( 'NONE',  #1884 ) ;
#1916 = AXIS2_PLACEMENT_3D ( 'NONE', #2365, #1037, #1589 ) ;
#1917 = ORIENTED_EDGE ( 'NONE', *, *, #334, .T. ) ;
#1918 = ORIENTED_EDGE ( 'NONE', *, *, #1127, .T. ) ;
#1919 = EDGE_CURVE ( 'NONE', #1714, #793, #391, .T. ) ;
#1920 = CARTESIAN_POINT ( 'NONE',  ( 17.74999999999999645, 49.63999999999997215, -154.9955803164349675 ) ) ;
#1921 = VERTEX_POINT ( 'NONE', #1345 ) ;
#1922 = CARTESIAN_POINT ( 'NONE',  ( -17.74999999999998934, 26.95000000000000639, -58.42034058415723763 ) ) ;
#1923 = ORIENTED_EDGE ( 'NONE', *, *, #218, .F. ) ;
#1924 = ORIENTED_EDGE ( 'NONE', *, *, #552, .T. ) ;
#1925 = CARTESIAN_POINT ( 'NONE',  ( 16.24999999999998934, 30.00000000000000711, -70.46373073434399714 ) ) ;
#1926 = CIRCLE ( 'NONE', #312, 1.499999999999997780 ) ;
#1927 = LINE ( 'NONE', #758, #9 ) ;
#1928 = DIRECTION ( 'NONE',  ( 1.038756572441202368E-16, 1.246507886929442743E-15, -1.000000000000000000 ) ) ;
#1929 = CIRCLE ( 'NONE', #71, 1.499999999999996225 ) ;
#1930 = DIRECTION ( 'NONE',  ( 0.000000000000000000, 0.000000000000000000, 1.000000000000000000 ) ) ;
#1931 = VECTOR ( 'NONE', #562, 1000.000000000000000 ) ;
#1932 = ORIENTED_EDGE ( 'NONE', *, *, #93, .F. ) ;
#1933 = ORIENTED_EDGE ( 'NONE', *, *, #1633, .T. ) ;
#1934 = EDGE_CURVE ( 'NONE', #1811, #2370, #794, .T. ) ;
#1935 = CARTESIAN_POINT ( 'NONE',  ( 13.24999999999998401, 20.29999999999999005, -23.30000000000000782 ) ) ;
#1936 = ORIENTED_EDGE ( 'NONE', *, *, #347, .T. ) ;
#1937 = PLANE ( 'NONE',  #1162 ) ;
#1938 = ORIENTED_EDGE ( 'NONE', *, *, #749, .F. ) ;
#1939 = CARTESIAN_POINT ( 'NONE',  ( 17.74999999999998934, 1.638692345779117820, -154.9955803164349675 ) ) ;
#1940 = ORIENTED_EDGE ( 'NONE', *, *, #1387, .T. ) ;
#1941 = DIRECTION ( 'NONE',  ( -6.938893903907223447E-16, -1.000000000000000000, -0.000000000000000000 ) ) ;
#1942 = AXIS2_PLACEMENT_3D ( 'NONE', #557, #1374, #1751 ) ;
#1943 = DIRECTION ( 'NONE',  ( -0.000000000000000000, -0.000000000000000000, 1.000000000000000000 ) ) ;
#1944 = CARTESIAN_POINT ( 'NONE',  ( 4.249999999999979572, 28.45000000000000639, -58.42034058415723763 ) ) ;
#1945 = FACE_OUTER_BOUND ( 'NONE', #320, .T. ) ;
#1946 = ORIENTED_EDGE ( 'NONE', *, *, #1868, .F. ) ;
#1947 = EDGE_CURVE ( 'NONE', #1327, #97, #383, .T. ) ;
#1948 = AXIS2_PLACEMENT_3D ( 'NONE', #435, #273, #620 ) ;
#1949 = CARTESIAN_POINT ( 'NONE',  ( 21.24999999999999289, 57.00000000000000000, -151.9955803164349390 ) ) ;
#1950 = EDGE_LOOP ( 'NONE', ( #1083, #2105 ) ) ;
#1951 = ORIENTED_EDGE ( 'NONE', *, *, #1633, .F. ) ;
#1952 = VECTOR ( 'NONE', #1388, 1000.000000000000000 ) ;
#1953 = DIRECTION ( 'NONE',  ( 0.000000000000000000, 0.000000000000000000, -1.000000000000000000 ) ) ;
#1954 = DIRECTION ( 'NONE',  ( 1.000000000000000000, -3.469446951953613696E-16, 0.000000000000000000 ) ) ;
#1955 = DIRECTION ( 'NONE',  ( 0.000000000000000000, 1.000000000000000000, -0.000000000000000000 ) ) ;
#1956 = EDGE_CURVE ( 'NONE', #1207, #2486, #590, .T. ) ;
#1957 = LINE ( 'NONE', #2350, #128 ) ;
#1958 = CARTESIAN_POINT ( 'NONE',  ( 80.00000000000005684, -8.325000000000013500, -130.3705803164349390 ) ) ;
#1959 = CARTESIAN_POINT ( 'NONE',  ( 11.24999999999998934, -57.00000000000002132, -3.000000000000002665 ) ) ;
#1960 = CIRCLE ( 'NONE', #1998, 5.000000000000000888 ) ;
#1961 = ORIENTED_EDGE ( 'NONE', *, *, #117, .F. ) ;
#1962 = DIRECTION ( 'NONE',  ( -0.000000000000000000, -0.000000000000000000, -1.000000000000000000 ) ) ;
#1963 = EDGE_LOOP ( 'NONE', ( #2106, #2394, #1095, #10, #315, #922, #72, #1773, #1640, #400 ) ) ;
#1964 = EDGE_LOOP ( 'NONE', ( #698, #2194, #358, #1938 ) ) ;
#1965 = CARTESIAN_POINT ( 'NONE',  ( 14.74999999999999289, 49.63999999999997215, -154.9955803164349675 ) ) ;
#1966 = CARTESIAN_POINT ( 'NONE',  ( 14.74999999999999289, 49.63999999999997215, -93.82610086423677842 ) ) ;
#1967 = CARTESIAN_POINT ( 'NONE',  ( 80.13019254381192980, 36.59999999999999432, -99.19559610151596019 ) ) ;
#1968 = LINE ( 'NONE', #248, #1098 ) ;
#1969 = CARTESIAN_POINT ( 'NONE',  ( 9.000000000000001776, -1.800000000000002043, -154.9955803164349675 ) ) ;
#1970 = DIRECTION ( 'NONE',  ( -1.000000000000000000, -1.040834085586084257E-16, 0.000000000000000000 ) ) ;
#1971 = AXIS2_PLACEMENT_3D ( 'NONE', #2460, #2314, #2111 ) ;
#1972 = EDGE_LOOP ( 'NONE', ( #1846, #1605, #1219, #1368 ) ) ;
#1973 = DIRECTION ( 'NONE',  ( 0.3959401535119416171, -0.9182763172580137301, 0.000000000000000000 ) ) ;
#1974 = ORIENTED_EDGE ( 'NONE', *, *, #2445, .F. ) ;
#1975 = VERTEX_POINT ( 'NONE', #981 ) ;
#1976 = CARTESIAN_POINT ( 'NONE',  ( 14.24999999999993250, -60.00000000000002132, -13.22500000000001386 ) ) ;
#1977 = CARTESIAN_POINT ( 'NONE',  ( 18.24999999999998579, 3.144479452198242875, -13.22500000000001386 ) ) ;
#1978 = LINE ( 'NONE', #1372, #569 ) ;
#1979 = CIRCLE ( 'NONE', #1490, 1.500000000000001332 ) ;
#1980 = FACE_BOUND ( 'NONE', #1567, .T. ) ;
#1981 = DIRECTION ( 'NONE',  ( 1.000000000000000000, -0.000000000000000000, 0.000000000000000000 ) ) ;
#1982 = FILL_AREA_STYLE ('',( #623 ) ) ;
#1983 = ORIENTED_EDGE ( 'NONE', *, *, #2017, .F. ) ;
#1984 = ADVANCED_FACE ( 'NONE', ( #2237 ), #2048, .F. ) ;
#1985 = DIRECTION ( 'NONE',  ( -0.000000000000000000, -0.000000000000000000, -1.000000000000000000 ) ) ;
#1986 = ADVANCED_FACE ( 'NONE', ( #2249, #519, #635 ), #30, .F. ) ;
#1987 = VERTEX_POINT ( 'NONE', #449 ) ;
#1988 = EDGE_LOOP ( 'NONE', ( #998, #2442, #1348, #86, #945, #858, #242, #1704, #2251, #2301, #1136, #2239, #2357, #1534 ) ) ;
#1989 = AXIS2_PLACEMENT_3D ( 'NONE', #233, #42, #1585 ) ;
#1990 = FACE_BOUND ( 'NONE', #395, .T. ) ;
#1991 = CARTESIAN_POINT ( 'NONE',  ( 21.24999999999999289, -60.00000000000002842, -3.000000000000002665 ) ) ;
#1992 = DIRECTION ( 'NONE',  ( -1.000000000000000000, 1.387778780781445676E-16, -0.000000000000000000 ) ) ;
#1993 = CARTESIAN_POINT ( 'NONE',  ( -17.74999999999999645, 36.60000000000000853, -99.19559610151596019 ) ) ;
#1994 = LINE ( 'NONE', #1035, #1725 ) ;
#1995 = DIRECTION ( 'NONE',  ( 1.000000000000000000, -2.891205793294678080E-17, 0.000000000000000000 ) ) ;
#1996 = EDGE_CURVE ( 'NONE', #1142, #341, #2403, .T. ) ;
#1997 = ORIENTED_EDGE ( 'NONE', *, *, #1530, .T. ) ;
#1998 = AXIS2_PLACEMENT_3D ( 'NONE', #219, #1570, #1954 ) ;
#1999 = CARTESIAN_POINT ( 'NONE',  ( 80.00000000000005684, -7.324999999999998401, -13.22500000000000675 ) ) ;
#2000 = ORIENTED_EDGE ( 'NONE', *, *, #1387, .F. ) ;
#2001 = ORIENTED_EDGE ( 'NONE', *, *, #139, .F. ) ;
#2002 = EDGE_CURVE ( 'NONE', #2039, #1731, #2151, .T. ) ;
#2003 = DIRECTION ( 'NONE',  ( -1.000000000000000000, 1.387778780781445922E-16, -0.000000000000000000 ) ) ;
#2004 = DIRECTION ( 'NONE',  ( -2.891205793294678080E-17, -1.000000000000000000, -1.246507886929442743E-15 ) ) ;
#2005 = PLANE ( 'NONE',  #1989 ) ;
#2006 = PLANE ( 'NONE',  #1864 ) ;
#2007 = LINE ( 'NONE', #276, #1723 ) ;
#2008 = DIRECTION ( 'NONE',  ( 1.000000000000000000, -2.891205793294678080E-17, -0.000000000000000000 ) ) ;
#2009 = ORIENTED_EDGE ( 'NONE', *, *, #2261, .T. ) ;
#2010 = CIRCLE ( 'NONE', #2441, 1.500000000000001332 ) ;
#2011 = VERTEX_POINT ( 'NONE', #1237 ) ;
#2012 = CARTESIAN_POINT ( 'NONE',  ( 4.249999999999983125, 10.64999999999999858, -86.37525551735875240 ) ) ;
#2013 = DIRECTION ( 'NONE',  ( -1.000000000000000000, 0.000000000000000000, 0.000000000000000000 ) ) ;
#2014 = FACE_OUTER_BOUND ( 'NONE', #2178, .T. ) ;
#2015 = LINE ( 'NONE', #288, #2057 ) ;
#2016 = LINE ( 'NONE', #2225, #1363 ) ;
#2017 = EDGE_CURVE ( 'NONE', #641, #1122, #1188, .T. ) ;
#2018 = EDGE_CURVE ( 'NONE', #2167, #2454, #262, .T. ) ;
#2019 = DIRECTION ( 'NONE',  ( -1.000000000000000000, 0.000000000000000000, 0.000000000000000000 ) ) ;
#2020 = EDGE_LOOP ( 'NONE', ( #1025, #1924, #752, #1441 ) ) ;
#2021 = EDGE_LOOP ( 'NONE', ( #1181, #363, #1847, #2114 ) ) ;
#2022 = EDGE_CURVE ( 'NONE', #989, #1554, #2163, .T. ) ;
#2023 = CARTESIAN_POINT ( 'NONE',  ( -17.75000000000000355, -51.50000000000001421, -144.1830803164349390 ) ) ;
#2024 = CARTESIAN_POINT ( 'NONE',  ( 13.24999999999998401, 20.29999999999999005, -17.30000000000000426 ) ) ;
#2025 = DIRECTION ( 'NONE',  ( 0.000000000000000000, 1.000000000000000000, 0.000000000000000000 ) ) ;
#2026 = CARTESIAN_POINT ( 'NONE',  ( 80.00000000000004263, 20.29999999999999005, -23.30000000000000782 ) ) ;
#2028 = VECTOR ( 'NONE', #861, 1000.000000000000000 ) ;
#2027 = CARTESIAN_POINT ( 'NONE',  ( 4.249999999999983125, 12.14999999999999503, -58.42034058415723763 ) ) ;
#2029 = EDGE_CURVE ( 'NONE', #1065, #1015, #249, .T. ) ;
#2030 = DIRECTION ( 'NONE',  ( 1.000000000000000000, 0.000000000000000000, 0.000000000000000000 ) ) ;
#2031 = VERTEX_POINT ( 'NONE', #1612 ) ;
#2032 = VERTEX_POINT ( 'NONE', #1805 ) ;
#2033 = DIRECTION ( 'NONE',  ( 0.000000000000000000, -1.000000000000000000, 0.000000000000000000 ) ) ;
#2034 = FACE_OUTER_BOUND ( 'NONE', #1340, .T. ) ;
#2035 = LINE ( 'NONE', #308, #1047 ) ;
#2036 = DIRECTION ( 'NONE',  ( -1.000000000000000000, -0.000000000000000000, -0.000000000000000000 ) ) ;
#2037 = DIRECTION ( 'NONE',  ( -2.891205793294678080E-17, -1.000000000000000000, 0.000000000000000000 ) ) ;
#2038 = VERTEX_POINT ( 'NONE', #802 ) ;
#2039 = VERTEX_POINT ( 'NONE', #2338 ) ;
#2040 = AXIS2_PLACEMENT_3D ( 'NONE', #1271, #1635, #2422 ) ;
#2041 = CARTESIAN_POINT ( 'NONE',  ( 18.24999999999998579, 3.144479452198242875, -133.3705803164349390 ) ) ;
#2042 = AXIS2_PLACEMENT_3D ( 'NONE', #708, #332, #2325 ) ;
#2043 = LINE ( 'NONE', #1631, #1193 ) ;
#2044 = CARTESIAN_POINT ( 'NONE',  ( 4.249999999999979572, 28.45000000000000639, -86.37525551735875240 ) ) ;
#2045 = ORIENTED_EDGE ( 'NONE', *, *, #1541, .F. ) ;
#2046 = LINE ( 'NONE', #910, #2439 ) ;
#2047 = AXIS2_PLACEMENT_3D ( 'NONE', #1630, #460, #680 ) ;
#2048 = CYLINDRICAL_SURFACE ( 'NONE', #1445, 22.30000000000000782 ) ;
#2049 = VECTOR ( 'NONE', #2037, 1000.000000000000000 ) ;
#2050 = ORIENTED_EDGE ( 'NONE', *, *, #139, .T. ) ;
#2051 = ORIENTED_EDGE ( 'NONE', *, *, #968, .F. ) ;
#2052 = ADVANCED_FACE ( 'NONE', ( #1212 ), #1021, .T. ) ;
#2053 = LINE ( 'NONE', #738, #1061 ) ;
#2054 = FACE_OUTER_BOUND ( 'NONE', #767, .T. ) ;
#2055 = CARTESIAN_POINT ( 'NONE',  ( 11.24999999999999645, 36.60000000000000853, -38.51840990379744056 ) ) ;
#2056 = LINE ( 'NONE', #1647, #277 ) ;
#2057 = VECTOR ( 'NONE', #1249, 1000.000000000000114 ) ;
#2058 = VECTOR ( 'NONE', #660, 1000.000000000000000 ) ;
#2059 = CARTESIAN_POINT ( 'NONE',  ( 21.24999999999997868, 1.638692345779117820, -93.82610086423677842 ) ) ;
#2060 = ORIENTED_EDGE ( 'NONE', *, *, #2391, .T. ) ;
#2061 = ORIENTED_EDGE ( 'NONE', *, *, #1251, .F. ) ;
#2062 = CARTESIAN_POINT ( 'NONE',  ( 18.24999999999993960, -60.00000000000002842, -13.22500000000001386 ) ) ;
#2063 = EDGE_LOOP ( 'NONE', ( #1890, #1856, #754, #966 ) ) ;
#2064 = CARTESIAN_POINT ( 'NONE',  ( 16.24999999999998934, 30.00000000000000711, -70.46373073434399714 ) ) ;
#2065 = EDGE_CURVE ( 'NONE', #1334, #1115, #2122, .T. ) ;
#2066 = VERTEX_POINT ( 'NONE', #1389 ) ;
#2067 = AXIS2_PLACEMENT_3D ( 'NONE', #885, #1469, #1257 ) ;
#2068 = VERTEX_POINT ( 'NONE', #853 ) ;
#2069 = DIRECTION ( 'NONE',  ( 0.000000000000000000, 1.000000000000000000, 0.000000000000000000 ) ) ;
#2070 = CARTESIAN_POINT ( 'NONE',  ( 9.000000000000001776, -0.6000000000000007550, -154.9955803164349675 ) ) ;
#2071 = PRODUCT_DEFINITION_CONTEXT ( 'detailed design', #659, 'design' ) ;
#2072 = VECTOR ( 'NONE', #1337, 1000.000000000000000 ) ;
#2073 = ORIENTED_EDGE ( 'NONE', *, *, #1366, .T. ) ;
#2074 = ORIENTED_EDGE ( 'NONE', *, *, #540, .F. ) ;
#2075 = CARTESIAN_POINT ( 'NONE',  ( 19.04353271799785574, 46.63999999999996504, -104.2955803164349646 ) ) ;
#2076 = ORIENTED_EDGE ( 'NONE', *, *, #1350, .T. ) ;
#2077 = DIRECTION ( 'NONE',  ( 0.000000000000000000, -1.000000000000000000, 0.000000000000000000 ) ) ;
#2078 = EDGE_LOOP ( 'NONE', ( #1302, #1563, #2073, #2206, #926, #371, #229, #2263 ) ) ;
#2079 = AXIS2_PLACEMENT_3D ( 'NONE', #1698, #1519, #573 ) ;
#2080 = EDGE_LOOP ( 'NONE', ( #75, #546, #1721, #541, #1323, #2305 ) ) ;
#2081 = CARTESIAN_POINT ( 'NONE',  ( -17.74999999999999645, 36.60000000000000853, -99.19559610151596019 ) ) ;
#2082 = EDGE_CURVE ( 'NONE', #2405, #243, #842, .T. ) ;
#2083 = CARTESIAN_POINT ( 'NONE',  ( 16.24999999999999645, 30.00000000000000711, -36.73186536717199857 ) ) ;
#2084 = DIRECTION ( 'NONE',  ( -1.000000000000000000, -1.040834085586084257E-16, 0.000000000000000000 ) ) ;
#2085 = VERTEX_POINT ( 'NONE', #995 ) ;
#2086 = VERTEX_POINT ( 'NONE', #1969 ) ;
#2087 = CIRCLE ( 'NONE', #848, 6.000000000000001776 ) ;
#2088 = FACE_OUTER_BOUND ( 'NONE', #1812, .T. ) ;
#2089 = ORIENTED_EDGE ( 'NONE', *, *, #1682, .F. ) ;
#2090 = CARTESIAN_POINT ( 'NONE',  ( 14.74999999999998579, 1.638692345779118265, -104.2955803164349646 ) ) ;
#2091 = ORIENTED_EDGE ( 'NONE', *, *, #609, .T. ) ;
#2092 = ADVANCED_FACE ( 'NONE', ( #1766 ), #1779, .F. ) ;
#2093 = DIRECTION ( 'NONE',  ( -1.000000000000000000, 0.000000000000000000, -0.000000000000000000 ) ) ;
#2094 = LINE ( 'NONE', #151, #1141 ) ;
#2095 = DIRECTION ( 'NONE',  ( 0.000000000000000000, 1.000000000000000000, 0.000000000000000000 ) ) ;
#2096 = CARTESIAN_POINT ( 'NONE',  ( 16.24999999999998934, 30.00000000000000711, -70.46373073434399714 ) ) ;
#2097 = EDGE_CURVE ( 'NONE', #735, #2262, #311, .T. ) ;
#2098 = VECTOR ( 'NONE', #220, 1000.000000000000000 ) ;
#2099 = ORIENTED_EDGE ( 'NONE', *, *, #1303, .T. ) ;
#2100 = AXIS2_PLACEMENT_3D ( 'NONE', #1791, #55, #67 ) ;
#2101 = ORIENTED_EDGE ( 'NONE', *, *, #1014, .F. ) ;
#2102 = CARTESIAN_POINT ( 'NONE',  ( -17.75000000000000355, -40.00000000000000711, -144.1830803164349390 ) ) ;
#2103 = ORIENTED_EDGE ( 'NONE', *, *, #83, .T. ) ;
#2104 = DIRECTION ( 'NONE',  ( 1.000000000000000000, -2.891205793294678080E-17, -0.000000000000000000 ) ) ;
#2105 = ORIENTED_EDGE ( 'NONE', *, *, #1956, .F. ) ;
#2106 = ORIENTED_EDGE ( 'NONE', *, *, #1426, .F. ) ;
#2107 = FACE_OUTER_BOUND ( 'NONE', #377, .T. ) ;
#2108 = AXIS2_PLACEMENT_3D ( 'NONE', #1088, #657, #1859 ) ;
#2109 = DIRECTION ( 'NONE',  ( -0.000000000000000000, 0.000000000000000000, 1.000000000000000000 ) ) ;
#2110 = DIRECTION ( 'NONE',  ( 0.000000000000000000, 1.000000000000000000, 0.000000000000000000 ) ) ;
#2111 = DIRECTION ( 'NONE',  ( -1.040834085586084257E-16, 1.000000000000000000, 0.000000000000000000 ) ) ;
#2112 = EDGE_CURVE ( 'NONE', #2332, #1987, #1926, .T. ) ;
#2113 = ORIENTED_EDGE ( 'NONE', *, *, #2002, .F. ) ;
#2114 = ORIENTED_EDGE ( 'NONE', *, *, #2386, .F. ) ;
#2115 = FACE_OUTER_BOUND ( 'NONE', #1178, .T. ) ;
#2116 = ORIENTED_EDGE ( 'NONE', *, *, #2132, .T. ) ;
#2117 = LINE ( 'NONE', #1718, #1448 ) ;
#2118 = VERTEX_POINT ( 'NONE', #1224 ) ;
#2119 = DIRECTION ( 'NONE',  ( -1.387778780781445922E-16, -1.000000000000000000, 0.000000000000000000 ) ) ;
#2120 = ORIENTED_EDGE ( 'NONE', *, *, #609, .F. ) ;
#2121 = FACE_OUTER_BOUND ( 'NONE', #1454, .T. ) ;
#2122 = CIRCLE ( 'NONE', #1849, 6.000000000000001776 ) ;
#2123 = DIRECTION ( 'NONE',  ( -1.387778780781445676E-16, -1.000000000000000000, 1.155081008495165429E-16 ) ) ;
#2124 = LINE ( 'NONE', #398, #184 ) ;
#2125 = AXIS2_PLACEMENT_3D ( 'NONE', #124, #658, #1279 ) ;
#2126 = CARTESIAN_POINT ( 'NONE',  ( 18.24999999999997868, -8.324999999999992184, -13.22500000000001386 ) ) ;
#2127 = EDGE_CURVE ( 'NONE', #793, #2370, #1994, .T. ) ;
#2128 = ORIENTED_EDGE ( 'NONE', *, *, #2445, .T. ) ;
#2129 = CARTESIAN_POINT ( 'NONE',  ( 7.249999999999985789, -38.50000000000001421, -144.1830803164349390 ) ) ;
#2130 = ORIENTED_EDGE ( 'NONE', *, *, #1366, .F. ) ;
#2131 = ORIENTED_EDGE ( 'NONE', *, *, #372, .F. ) ;
#2132 = EDGE_CURVE ( 'NONE', #2032, #1353, #649, .T. ) ;
#2133 = DIRECTION ( 'NONE',  ( 0.000000000000000000, 1.000000000000000000, 9.334834848305687490E-16 ) ) ;
#2134 = DIRECTION ( 'NONE',  ( 0.000000000000000000, 0.000000000000000000, 1.000000000000000000 ) ) ;
#2135 = CARTESIAN_POINT ( 'NONE',  ( 21.24999999999999289, 60.00000000000000711, -275.4115261043579039 ) ) ;
#2136 = CIRCLE ( 'NONE', #1695, 3.000000000000002665 ) ;
#2137 = DIRECTION ( 'NONE',  ( -1.000000000000000000, -0.000000000000000000, -0.000000000000000000 ) ) ;
#2138 = CARTESIAN_POINT ( 'NONE',  ( 11.24999999999999112, -29.99999999999999289, -154.9955803164349675 ) ) ;
#2139 = FACE_OUTER_BOUND ( 'NONE', #750, .T. ) ;
#2140 = AXIS2_PLACEMENT_3D ( 'NONE', #1850, #113, #618 ) ;
#2141 = EDGE_LOOP ( 'NONE', ( #525, #1218, #567, #2101, #2367, #795, #1877, #576, #954, #1501, #1150, #1430 ) ) ;
#2142 = CIRCLE ( 'NONE', #1386, 14.00000000000000355 ) ;
#2143 = DIRECTION ( 'NONE',  ( 0.000000000000000000, 1.000000000000000000, 0.000000000000000000 ) ) ;
#2144 = ORIENTED_EDGE ( 'NONE', *, *, #1105, .F. ) ;
#2145 = ORIENTED_EDGE ( 'NONE', *, *, #790, .F. ) ;
#2146 = DIRECTION ( 'NONE',  ( 0.000000000000000000, 0.000000000000000000, 1.000000000000000000 ) ) ;
#2147 = CARTESIAN_POINT ( 'NONE',  ( -52.08496759864498671, -29.99999999999998934, -154.9955803164349675 ) ) ;
#2148 = EDGE_CURVE ( 'NONE', #257, #1334, #2007, .T. ) ;
#2149 = DIRECTION ( 'NONE',  ( 1.000000000000000000, 1.040834085586084257E-16, 0.000000000000000000 ) ) ;
#2150 = DIRECTION ( 'NONE',  ( 1.000000000000000000, -3.589083053745118704E-16, 0.000000000000000000 ) ) ;
#2151 = LINE ( 'NONE', #1958, #507 ) ;
#2152 = DIRECTION ( 'NONE',  ( 0.000000000000000000, 0.01776729308268480342, 0.9998421491898178415 ) ) ;
#2153 = AXIS2_PLACEMENT_3D ( 'NONE', #1897, #743, #2321 ) ;
#2154 = ORIENTED_EDGE ( 'NONE', *, *, #749, .T. ) ;
#2155 = CARTESIAN_POINT ( 'NONE',  ( 14.74999999999999289, 49.63999999999997215, -154.9955803164349675 ) ) ;
#2156 = ORIENTED_EDGE ( 'NONE', *, *, #911, .T. ) ;
#2157 = ORIENTED_EDGE ( 'NONE', *, *, #2245, .T. ) ;
#2158 = FACE_BOUND ( 'NONE', #1351, .T. ) ;
#2159 = ADVANCED_FACE ( 'NONE', ( #864 ), #1450, .F. ) ;
#2160 = CARTESIAN_POINT ( 'NONE',  ( -17.74999999999998934, 10.64999999999999858, -58.42034058415723763 ) ) ;
#2161 = CARTESIAN_POINT ( 'NONE',  ( -17.75000000000000355, -41.50000000000000000, -144.1830803164349390 ) ) ;
#2162 = CARTESIAN_POINT ( 'NONE',  ( 4.000000000000000000, -1.800000000000000488, -154.9955803164349675 ) ) ;
#2163 = LINE ( 'NONE', #1574, #107 ) ;
#2164 = CARTESIAN_POINT ( 'NONE',  ( 4.249999999999979572, 28.45000000000000639, -58.42034058415723763 ) ) ;
#2165 = EDGE_CURVE ( 'NONE', #12, #2011, #695, .T. ) ;
#2166 = AXIS2_PLACEMENT_3D ( 'NONE', #237, #827, #44 ) ;
#2167 = VERTEX_POINT ( 'NONE', #1828 ) ;
#2168 = DIRECTION ( 'NONE',  ( -6.938893903907223447E-16, -1.000000000000000000, -0.000000000000000000 ) ) ;
#2169 = VERTEX_POINT ( 'NONE', #717 ) ;
#2170 = ORIENTED_EDGE ( 'NONE', *, *, #1568, .T. ) ;
#2171 = FACE_OUTER_BOUND ( 'NONE', #791, .T. ) ;
#2172 = LINE ( 'NONE', #2346, #2191 ) ;
#2173 = DIRECTION ( 'NONE',  ( -1.000000000000000000, 1.387778780781445676E-16, -0.000000000000000000 ) ) ;
#2174 = CIRCLE ( 'NONE', #1091, 14.00000000000000355 ) ;
#2175 = CARTESIAN_POINT ( 'NONE',  ( 13.45646728200210518, 46.63999999999996504, -154.9955803164349675 ) ) ;
#2176 = DIRECTION ( 'NONE',  ( 0.000000000000000000, -1.000000000000000000, 0.000000000000000000 ) ) ;
#2177 = EDGE_CURVE ( 'NONE', #2193, #1702, #1292, .T. ) ;
#2178 = EDGE_LOOP ( 'NONE', ( #1879, #1229, #429, #1807 ) ) ;
#2179 = DIRECTION ( 'NONE',  ( 0.000000000000000000, 1.000000000000000000, 0.000000000000000000 ) ) ;
#2180 = ORIENTED_EDGE ( 'NONE', *, *, #1273, .T. ) ;
#2181 = ORIENTED_EDGE ( 'NONE', *, *, #1102, .T. ) ;
#2182 = VECTOR ( 'NONE', #1697, 1000.000000000000000 ) ;
#2183 = DIRECTION ( 'NONE',  ( -1.000000000000000000, 1.387778780781445922E-16, 0.000000000000000000 ) ) ;
#2184 = DIRECTION ( 'NONE',  ( 0.9182763172580117317, 0.3959401535119461135, -0.000000000000000000 ) ) ;
#2185 = DIRECTION ( 'NONE',  ( 0.000000000000000000, 0.000000000000000000, 1.000000000000000000 ) ) ;
#2186 = CIRCLE ( 'NONE', #1463, 1.499999999999994449 ) ;
#2187 = CARTESIAN_POINT ( 'NONE',  ( 11.24999999999999289, 1.638692345779117820, -154.9955803164349675 ) ) ;
#2188 = DIRECTION ( 'NONE',  ( 0.000000000000000000, 0.000000000000000000, 1.000000000000000000 ) ) ;
#2189 = CARTESIAN_POINT ( 'NONE',  ( 80.13019254381192980, 36.59999999999999432, -38.51840990379744056 ) ) ;
#2190 = ADVANCED_FACE ( 'NONE', ( #888 ), #138, .T. ) ;
#2191 = VECTOR ( 'NONE', #810, 999.9999999999998863 ) ;
#2192 = DIRECTION ( 'NONE',  ( 0.000000000000000000, 0.000000000000000000, 1.000000000000000000 ) ) ;
#2193 = VERTEX_POINT ( 'NONE', #330 ) ;
#2194 = ORIENTED_EDGE ( 'NONE', *, *, #734, .T. ) ;
#2195 = EDGE_CURVE ( 'NONE', #59, #1512, #952, .T. ) ;
#2196 = FACE_BOUND ( 'NONE', #1950, .T. ) ;
#2197 = DIRECTION ( 'NONE',  ( 1.734723475976807341E-16, 1.000000000000000000, 0.000000000000000000 ) ) ;
#2198 = CARTESIAN_POINT ( 'NONE',  ( 13.45646728200210518, 46.63999999999996504, -93.82610086423677842 ) ) ;
#2199 = CARTESIAN_POINT ( 'NONE',  ( 11.24999999999999289, 1.638692345779117820, -93.82610086423677842 ) ) ;
#2200 = DIRECTION ( 'NONE',  ( 0.000000000000000000, 1.000000000000000000, 0.000000000000000000 ) ) ;
#2201 = EDGE_CURVE ( 'NONE', #883, #882, #836, .T. ) ;
#2202 = VECTOR ( 'NONE', #1282, 1000.000000000000000 ) ;
#2203 = CARTESIAN_POINT ( 'NONE',  ( 21.24999999999999289, 60.00000000000000711, -133.3705803164349390 ) ) ;
#2204 = ORIENTED_EDGE ( 'NONE', *, *, #2389, .T. ) ;
#2205 = CIRCLE ( 'NONE', #2042, 3.000000000000000000 ) ;
#2206 = ORIENTED_EDGE ( 'NONE', *, *, #2415, .T. ) ;
#2207 = DIRECTION ( 'NONE',  ( 1.000000000000000000, -0.000000000000000000, -0.000000000000000000 ) ) ;
#2208 = DIRECTION ( 'NONE',  ( 1.000000000000000000, 1.040834085586084257E-16, 0.000000000000000000 ) ) ;
#2209 = CARTESIAN_POINT ( 'NONE',  ( 21.24999999999999289, 60.00000000000000711, -3.000000000000002665 ) ) ;
#2210 = EDGE_CURVE ( 'NONE', #1203, #1254, #105, .T. ) ;
#2211 = CARTESIAN_POINT ( 'NONE',  ( 4.000000000000000000, -0.6000000000000007550, 17.79051713694687464 ) ) ;
#2212 = CARTESIAN_POINT ( 'NONE',  ( -17.75000000000000355, 20.29999999999999716, -73.29779015821748089 ) ) ;
#2213 = APPLICATION_PROTOCOL_DEFINITION ( 'draft international standard', 'automotive_design', 1998, #659 ) ;
#2214 = EDGE_CURVE ( 'NONE', #141, #443, #28, .T. ) ;
#2215 = VECTOR ( 'NONE', #1962, 1000.000000000000000 ) ;
#2216 = EDGE_CURVE ( 'NONE', #762, #1496, #1260, .T. ) ;
#2217 = CARTESIAN_POINT ( 'NONE',  ( 19.04353271799785574, 4.638692345779120707, -104.2955803164349646 ) ) ;
#2218 = ORIENTED_EDGE ( 'NONE', *, *, #1456, .F. ) ;
#2219 = EDGE_LOOP ( 'NONE', ( #442, #1772, #2340, #1455 ) ) ;
#2220 = AXIS2_PLACEMENT_3D ( 'NONE', #1370, #258, #2133 ) ;
#2221 = DIRECTION ( 'NONE',  ( -6.938893903907223447E-16, -1.000000000000000000, -0.000000000000000000 ) ) ;
#2222 = LINE ( 'NONE', #495, #1293 ) ;
#2223 = DIRECTION ( 'NONE',  ( -0.000000000000000000, -0.000000000000000000, -1.000000000000000000 ) ) ;
#2224 = VECTOR ( 'NONE', #863, 1000.000000000000000 ) ;
#2226 = AXIS2_PLACEMENT_3D ( 'NONE', #2026, #1449, #1057 ) ;
#2225 = CARTESIAN_POINT ( 'NONE',  ( 21.24999999999993960, -60.00000000000002842, -13.22500000000001386 ) ) ;
#2227 = DIRECTION ( 'NONE',  ( -2.891205793294678080E-17, -1.000000000000000000, 0.000000000000000000 ) ) ;
#2228 = VERTEX_POINT ( 'NONE', #1460 ) ;
#2229 = VERTEX_POINT ( 'NONE', #1672 ) ;
#2230 = AXIS2_PLACEMENT_3D ( 'NONE', #681, #2208, #2232 ) ;
#2231 = CARTESIAN_POINT ( 'NONE',  ( -17.75000000000000355, 18.80000000000000071, -73.29779015821748089 ) ) ;
#2232 = DIRECTION ( 'NONE',  ( 0.000000000000000000, 1.000000000000000000, 0.000000000000000000 ) ) ;
#2233 = LINE ( 'NONE', #1825, #613 ) ;
#2234 = DIRECTION ( 'NONE',  ( 0.000000000000000000, 1.000000000000000000, 0.000000000000000000 ) ) ;
#2235 = EDGE_CURVE ( 'NONE', #2085, #857, #1044, .T. ) ;
#2236 = EDGE_CURVE ( 'NONE', #1690, #763, #2046, .T. ) ;
#2237 = FACE_OUTER_BOUND ( 'NONE', #2021, .T. ) ;
#2238 = ORIENTED_EDGE ( 'NONE', *, *, #451, .F. ) ;
#2239 = ORIENTED_EDGE ( 'NONE', *, *, #1316, .F. ) ;
#2240 = VECTOR ( 'NONE', #2434, 1000.000000000000000 ) ;
#2241 = DIRECTION ( 'NONE',  ( 0.000000000000000000, 0.000000000000000000, 1.000000000000000000 ) ) ;
#2242 = AXIS2_PLACEMENT_3D ( 'NONE', #713, #1312, #362 ) ;
#2243 = LINE ( 'NONE', #297, #2310 ) ;
#2244 = DIRECTION ( 'NONE',  ( 0.000000000000000000, 1.000000000000000000, 0.000000000000000000 ) ) ;
#2245 = EDGE_CURVE ( 'NONE', #921, #1207, #704, .T. ) ;
#2246 = CARTESIAN_POINT ( 'NONE',  ( 21.24999999999999289, 21.79999999999999005, -73.29779015821748089 ) ) ;
#2247 = AXIS2_PLACEMENT_3D ( 'NONE', #1277, #884, #692 ) ;
#2248 = EDGE_CURVE ( 'NONE', #1689, #2450, #2016, .T. ) ;
#2249 = FACE_OUTER_BOUND ( 'NONE', #2141, .T. ) ;
#2250 = VECTOR ( 'NONE', #2472, 1000.000000000000000 ) ;
#2251 = ORIENTED_EDGE ( 'NONE', *, *, #900, .F. ) ;
#2252 = EDGE_LOOP ( 'NONE', ( #1520, #1194, #1601, #654, #1923 ) ) ;
#2253 = CARTESIAN_POINT ( 'NONE',  ( 11.24999999999999112, -29.99999999999999289, -154.9955803164349675 ) ) ;
#2254 = ORIENTED_EDGE ( 'NONE', *, *, #574, .T. ) ;
#2255 = CARTESIAN_POINT ( 'NONE',  ( 13.24999999999997513, 3.144479452198249536, -130.3705803164349390 ) ) ;
#2256 = ORIENTED_EDGE ( 'NONE', *, *, #1613, .T. ) ;
#2257 = VECTOR ( 'NONE', #974, 1000.000000000000000 ) ;
#2258 = LINE ( 'NONE', #344, #2182 ) ;
#2259 = VECTOR ( 'NONE', #91, 1000.000000000000000 ) ;
#2260 = CARTESIAN_POINT ( 'NONE',  ( 19.24999999999998579, 3.144479452198242875, -16.22500000000001563 ) ) ;
#2261 = EDGE_CURVE ( 'NONE', #1327, #1719, #2056, .T. ) ;
#2262 = VERTEX_POINT ( 'NONE', #2246 ) ;
#2263 = ORIENTED_EDGE ( 'NONE', *, *, #2248, .T. ) ;
#2264 = DIRECTION ( 'NONE',  ( 0.000000000000000000, 1.000000000000000000, 0.000000000000000000 ) ) ;
#2265 = ORIENTED_EDGE ( 'NONE', *, *, #928, .F. ) ;
#2266 = LINE ( 'NONE', #539, #145 ) ;
#2267 = ORIENTED_EDGE ( 'NONE', *, *, #1682, .T. ) ;
#2268 = EDGE_CURVE ( 'NONE', #1872, #2193, #1092, .T. ) ;
#2269 = AXIS2_PLACEMENT_3D ( 'NONE', #607, #2184, #1183 ) ;
#2270 = ORIENTED_EDGE ( 'NONE', *, *, #1609, .T. ) ;
#2271 = LINE ( 'NONE', #784, #1536 ) ;
#2272 = VECTOR ( 'NONE', #1930, 1000.000000000000000 ) ;
#2273 = DIRECTION ( 'NONE',  ( 0.3959401535119460580, -0.9182763172580116207, 0.000000000000000000 ) ) ;
#2274 = PLANE ( 'NONE',  #828 ) ;
#2275 = ORIENTED_EDGE ( 'NONE', *, *, #1060, .F. ) ;
#2276 = PRODUCT_DEFINITION ( 'UNKNOWN', '', #1839, #2071 ) ;
#2277 = ORIENTED_EDGE ( 'NONE', *, *, #1700, .F. ) ;
#2278 = EDGE_CURVE ( 'NONE', #871, #626, #1058, .T. ) ;
#2279 = DIRECTION ( 'NONE',  ( -1.000000000000000000, 0.000000000000000000, 0.000000000000000000 ) ) ;
#2280 = VERTEX_POINT ( 'NONE', #515 ) ;
#2281 = CARTESIAN_POINT ( 'NONE',  ( 4.249999999999979572, 26.95000000000000995, -86.37525551735875240 ) ) ;
#2282 = ORIENTED_EDGE ( 'NONE', *, *, #1251, .T. ) ;
#2283 = AXIS2_PLACEMENT_3D ( 'NONE', #1901, #2084, #1305 ) ;
#2284 = CARTESIAN_POINT ( 'NONE',  ( 80.00000000000005684, -8.325000000000013500, -133.3705803164349390 ) ) ;
#2285 = EDGE_CURVE ( 'NONE', #282, #2437, #321, .T. ) ;
#2286 = LINE ( 'NONE', #1898, #689 ) ;
#2287 = CARTESIAN_POINT ( 'NONE',  ( 11.24999999999999289, 60.00000000000000711, -104.1955961015159602 ) ) ;
#2288 = FACE_OUTER_BOUND ( 'NONE', #404, .T. ) ;
#2289 = ORIENTED_EDGE ( 'NONE', *, *, #2341, .T. ) ;
#2290 = VERTEX_POINT ( 'NONE', #901 ) ;
#2291 = AXIS2_PLACEMENT_3D ( 'NONE', #764, #402, #1179 ) ;
#2292 = DIRECTION ( 'NONE',  ( 0.000000000000000000, 1.000000000000000000, 0.000000000000000000 ) ) ;
#2293 = ORIENTED_EDGE ( 'NONE', *, *, #1473, .F. ) ;
#2294 = CARTESIAN_POINT ( 'NONE',  ( 21.24999999999999289, 49.64177672930824059, -104.1955961015159602 ) ) ;
#2295 = ORIENTED_EDGE ( 'NONE', *, *, #825, .F. ) ;
#2296 = ORIENTED_EDGE ( 'NONE', *, *, #454, .F. ) ;
#2297 = FACE_OUTER_BOUND ( 'NONE', #2492, .T. ) ;
#2298 = PLANE ( 'NONE',  #772 ) ;
#2299 = CARTESIAN_POINT ( 'NONE',  ( -17.74999999999998934, 28.45000000000000284, -58.42034058415723763 ) ) ;
#2300 = DIRECTION ( 'NONE',  ( -0.9182763172580137301, -0.3959401535119416171, 0.000000000000000000 ) ) ;
#2301 = ORIENTED_EDGE ( 'NONE', *, *, #1582, .F. ) ;
#2302 = AXIS2_PLACEMENT_3D ( 'NONE', #812, #1587, #621 ) ;
#2303 = ORIENTED_EDGE ( 'NONE', *, *, #1610, .F. ) ;
#2304 = DIRECTION ( 'NONE',  ( 0.000000000000000000, 0.000000000000000000, 1.000000000000000000 ) ) ;
#2305 = ORIENTED_EDGE ( 'NONE', *, *, #1649, .F. ) ;
#2306 = CYLINDRICAL_SURFACE ( 'NONE', #1248, 5.000000000000004441 ) ;
#2307 = ORIENTED_EDGE ( 'NONE', *, *, #1826, .T. ) ;
#2308 = DIRECTION ( 'NONE',  ( 0.000000000000000000, 0.000000000000000000, 1.000000000000000000 ) ) ;
#2309 = CARTESIAN_POINT ( 'NONE',  ( -17.75000000000000355, -57.00000000000001421, -154.9955803164349675 ) ) ;
#2310 = VECTOR ( 'NONE', #1068, 1000.000000000000000 ) ;
#2311 = EDGE_CURVE ( 'NONE', #97, #1894, #1686, .T. ) ;
#2312 = PLANE ( 'NONE',  #516 ) ;
#2313 = CARTESIAN_POINT ( 'NONE',  ( 4.249999999999983125, 12.14999999999999503, -58.42034058415723763 ) ) ;
#2314 = DIRECTION ( 'NONE',  ( 1.000000000000000000, 1.040834085586084257E-16, -0.000000000000000000 ) ) ;
#2315 = EDGE_CURVE ( 'NONE', #723, #1170, #1494, .T. ) ;
#2316 = VERTEX_POINT ( 'NONE', #1120 ) ;
#2317 = DIRECTION ( 'NONE',  ( -1.000000000000000000, 0.000000000000000000, -0.000000000000000000 ) ) ;
#2318 = ORIENTED_EDGE ( 'NONE', *, *, #1499, .T. ) ;
#2319 = EDGE_LOOP ( 'NONE', ( #2331, #1280, #1264, #2116, #604, #1652, #2128, #2050, #1628, #2156, #173 ) ) ;
#2320 = LINE ( 'NONE', #593, #1059 ) ;
#2321 = DIRECTION ( 'NONE',  ( 1.000000000000000000, -3.589083053745119197E-16, 0.000000000000000000 ) ) ;
#2322 = DIRECTION ( 'NONE',  ( -1.000000000000000000, -1.040834085586084257E-16, 0.000000000000000000 ) ) ;
#2323 = VECTOR ( 'NONE', #1842, 1000.000000000000000 ) ;
#2324 = PLANE ( 'NONE',  #1614 ) ;
#2325 = DIRECTION ( 'NONE',  ( 0.000000000000000000, 0.000000000000000000, 1.000000000000000000 ) ) ;
#2326 = AXIS2_PLACEMENT_3D ( 'NONE', #920, #1513, #376 ) ;
#2327 = CARTESIAN_POINT ( 'NONE',  ( 21.24999999999999289, 57.00000000000000000, 0.000000000000000000 ) ) ;
#2328 = ORIENTED_EDGE ( 'NONE', *, *, #2148, .T. ) ;
#2329 = ADVANCED_FACE ( 'NONE', ( #1145 ), #760, .F. ) ;
#2330 = CARTESIAN_POINT ( 'NONE',  ( -17.74999999999998934, 29.94999999999999929, -58.42034058415723763 ) ) ;
#2331 = ORIENTED_EDGE ( 'NONE', *, *, #663, .F. ) ;
#2332 = VERTEX_POINT ( 'NONE', #399 ) ;
#2333 = DIRECTION ( 'NONE',  ( 1.000000000000000000, -0.000000000000000000, -0.000000000000000000 ) ) ;
#2334 = FACE_OUTER_BOUND ( 'NONE', #146, .T. ) ;
#2335 = CARTESIAN_POINT ( 'NONE',  ( 4.249999999999983125, 12.14999999999999503, -86.37525551735875240 ) ) ;
#2336 = VECTOR ( 'NONE', #2279, 1000.000000000000000 ) ;
#2337 = CARTESIAN_POINT ( 'NONE',  ( 16.24999999999998934, 60.00000000000000711, -71.96373073434399714 ) ) ;
#2338 = CARTESIAN_POINT ( 'NONE',  ( 13.24999999999996625, -8.325000000000004619, -130.3705803164349390 ) ) ;
#2339 = SURFACE_SIDE_STYLE ('',( #636 ) ) ;
#2340 = ORIENTED_EDGE ( 'NONE', *, *, #668, .F. ) ;
#2341 = EDGE_CURVE ( 'NONE', #443, #141, #1562, .T. ) ;
#2342 = DIRECTION ( 'NONE',  ( -1.000000000000000000, -0.000000000000000000, -0.000000000000000000 ) ) ;
#2343 = ORIENTED_EDGE ( 'NONE', *, *, #1561, .T. ) ;
#2344 = VERTEX_POINT ( 'NONE', #532 ) ;
#2345 = CARTESIAN_POINT ( 'NONE',  ( 13.24999999999998757, 20.29999999999999005, -23.30000000000000782 ) ) ;
#2347 = ADVANCED_FACE ( 'NONE', ( #1945 ), #1915, .F. ) ;
#2346 = CARTESIAN_POINT ( 'NONE',  ( 17.74999999999999645, 49.63999999999997215, -154.9955803164349675 ) ) ;
#2348 = DIRECTION ( 'NONE',  ( -1.734723475976807341E-16, -1.000000000000000000, 0.000000000000000000 ) ) ;
#2349 = EDGE_CURVE ( 'NONE', #1407, #655, #545, .T. ) ;
#2350 = CARTESIAN_POINT ( 'NONE',  ( -17.75000000000000355, -29.99999999999998934, -154.9955803164349675 ) ) ;
#2351 = CARTESIAN_POINT ( 'NONE',  ( -17.74999999999998934, 12.14999999999999503, -86.37525551735875240 ) ) ;
#2352 = CARTESIAN_POINT ( 'NONE',  ( 4.249999999999979572, 29.95000000000000284, -86.37525551735875240 ) ) ;
#2353 = ORIENTED_EDGE ( 'NONE', *, *, #973, .F. ) ;
#2354 = VECTOR ( 'NONE', #747, 1000.000000000000000 ) ;
#2355 = DIRECTION ( 'NONE',  ( 0.000000000000000000, 0.000000000000000000, -1.000000000000000000 ) ) ;
#2356 = ORIENTED_EDGE ( 'NONE', *, *, #343, .F. ) ;
#2357 = ORIENTED_EDGE ( 'NONE', *, *, #1349, .T. ) ;
#2358 = FACE_OUTER_BOUND ( 'NONE', #690, .T. ) ;
#2359 = FACE_OUTER_BOUND ( 'NONE', #781, .T. ) ;
#2360 = DIRECTION ( 'NONE',  ( 0.000000000000000000, 0.000000000000000000, 1.000000000000000000 ) ) ;
#2361 = ADVANCED_FACE ( 'NONE', ( #2288 ), #1508, .T. ) ;
#2362 = CARTESIAN_POINT ( 'NONE',  ( 13.45646728200210518, 4.638692345779120707, -154.9955803164349675 ) ) ;
#2363 = DIRECTION ( 'NONE',  ( 0.000000000000000000, 0.000000000000000000, 1.000000000000000000 ) ) ;
#2364 = AXIS2_PLACEMENT_3D ( 'NONE', #1659, #1491, #92 ) ;
#2365 = CARTESIAN_POINT ( 'NONE',  ( -170.0000000000000000, 12.14999999999997904, -58.42034058415723763 ) ) ;
#2366 = VECTOR ( 'NONE', #1851, 1000.000000000000000 ) ;
#2367 = ORIENTED_EDGE ( 'NONE', *, *, #540, .T. ) ;
#2368 = LINE ( 'NONE', #1999, #116 ) ;
#2369 = ORIENTED_EDGE ( 'NONE', *, *, #497, .T. ) ;
#2370 = VERTEX_POINT ( 'NONE', #1175 ) ;
#2371 = DIRECTION ( 'NONE',  ( -1.000000000000000000, -0.000000000000000000, -0.000000000000000000 ) ) ;
#2372 = DIRECTION ( 'NONE',  ( 0.000000000000000000, 1.246507886929442743E-15, -1.000000000000000000 ) ) ;
#2373 = CARTESIAN_POINT ( 'NONE',  ( 80.00000000000004263, 20.29999999999999005, -29.30000000000001137 ) ) ;
#2374 = EDGE_CURVE ( 'NONE', #2086, #2031, #384, .T. ) ;
#2375 = VECTOR ( 'NONE', #2392, 1000.000000000000000 ) ;
#2376 = DIRECTION ( 'NONE',  ( -0.3959401535119478899, -0.9182763172580108435, -0.000000000000000000 ) ) ;
#2377 = CARTESIAN_POINT ( 'NONE',  ( 80.00000000000005684, -8.324999999999999289, -13.22500000000000675 ) ) ;
#2378 = LINE ( 'NONE', #1240, #965 ) ;
#2379 = ORIENTED_EDGE ( 'NONE', *, *, #840, .T. ) ;
#2380 = ORIENTED_EDGE ( 'NONE', *, *, #2177, .T. ) ;
#2381 = AXIS2_PLACEMENT_3D ( 'NONE', #1789, #2399, #2244 ) ;
#2382 = FACE_BOUND ( 'NONE', #213, .T. ) ;
#2383 = CARTESIAN_POINT ( 'NONE',  ( -17.74999999999998934, 28.45000000000000284, -86.37525551735875240 ) ) ;
#2384 = CYLINDRICAL_SURFACE ( 'NONE', #2125, 1.499999999999997780 ) ;
#2385 = CIRCLE ( 'NONE', #1747, 1.499999999999997780 ) ;
#2386 = EDGE_CURVE ( 'NONE', #871, #2344, #345, .T. ) ;
#2387 = LINE ( 'NONE', #2175, #1427 ) ;
#2388 = CARTESIAN_POINT ( 'NONE',  ( 11.24999999999999289, 60.00000000000000711, -275.4115261043579039 ) ) ;
#2389 = EDGE_CURVE ( 'NONE', #1065, #2228, #2446, .T. ) ;
#2390 = AXIS2_PLACEMENT_3D ( 'NONE', #1870, #1824, #473 ) ;
#2391 = EDGE_CURVE ( 'NONE', #624, #418, #1132, .T. ) ;
#2392 = DIRECTION ( 'NONE',  ( -0.000000000000000000, -0.000000000000000000, -1.000000000000000000 ) ) ;
#2393 = ORIENTED_EDGE ( 'NONE', *, *, #1874, .F. ) ;
#2394 = ORIENTED_EDGE ( 'NONE', *, *, #1764, .F. ) ;
#2395 = CIRCLE ( 'NONE', #1798, 3.000000000000002665 ) ;
#2396 = DIRECTION ( 'NONE',  ( 0.000000000000000000, 0.000000000000000000, 1.000000000000000000 ) ) ;
#2397 = EDGE_CURVE ( 'NONE', #763, #1216, #719, .T. ) ;
#2398 = CYLINDRICAL_SURFACE ( 'NONE', #2468, 3.000000000000002665 ) ;
#2399 = DIRECTION ( 'NONE',  ( 1.000000000000000000, 1.040834085586084257E-16, 0.000000000000000000 ) ) ;
#2400 = DIRECTION ( 'NONE',  ( -0.000000000000000000, -0.000000000000000000, -1.000000000000000000 ) ) ;
#2401 = DIRECTION ( 'NONE',  ( -2.891205793294678080E-17, -1.000000000000000000, 0.000000000000000000 ) ) ;
#2402 = ADVANCED_FACE ( 'NONE', ( #1333 ), #2274, .F. ) ;
#2403 = CIRCLE ( 'NONE', #912, 14.00000000000000355 ) ;
#2404 = CARTESIAN_POINT ( 'NONE',  ( 11.24999999999999289, 60.00000000000000711, -3.000000000000002665 ) ) ;
#2405 = VERTEX_POINT ( 'NONE', #2126 ) ;
#2406 = ORIENTED_EDGE ( 'NONE', *, *, #334, .F. ) ;
#2407 = CARTESIAN_POINT ( 'NONE',  ( 7.249999999999985789, -50.00000000000001421, -144.1830803164349390 ) ) ;
#2408 = DIRECTION ( 'NONE',  ( 1.000000000000000000, -1.734723475976807341E-16, -0.000000000000000000 ) ) ;
#2409 = DIRECTION ( 'NONE',  ( -1.000000000000000000, -0.000000000000000000, -0.000000000000000000 ) ) ;
#2410 = DIRECTION ( 'NONE',  ( -1.000000000000000000, 1.734723475976807341E-16, 0.000000000000000000 ) ) ;
#2411 = VECTOR ( 'NONE', #2008, 1000.000000000000000 ) ;
#2412 = CARTESIAN_POINT ( 'NONE',  ( 11.24999999999999289, 60.00000000000000711, -154.9955803164349675 ) ) ;
#2413 = ORIENTED_EDGE ( 'NONE', *, *, #205, .F. ) ;
#2414 = ORIENTED_EDGE ( 'NONE', *, *, #1657, .F. ) ;
#2415 = EDGE_CURVE ( 'NONE', #392, #1581, #1889, .T. ) ;
#2416 = CARTESIAN_POINT ( 'NONE',  ( 4.000000000000000000, -1.800000000000000488, 17.79051713694687464 ) ) ;
#2417 = DIRECTION ( 'NONE',  ( 0.000000000000000000, -1.000000000000000000, 0.000000000000000000 ) ) ;
#2418 = DIRECTION ( 'NONE',  ( -0.9182763172580129529, 0.3959401535119435045, 0.000000000000000000 ) ) ;
#2419 = ORIENTED_EDGE ( 'NONE', *, *, #2112, .F. ) ;
#2420 = CIRCLE ( 'NONE', #1336, 3.000000000000002665 ) ;
#2421 = ADVANCED_FACE ( 'NONE', ( #775 ), #940, .F. ) ;
#2423 = VECTOR ( 'NONE', #1546, 1000.000000000000000 ) ;
#2422 = DIRECTION ( 'NONE',  ( 0.000000000000000000, -0.000000000000000000, 1.000000000000000000 ) ) ;
#2424 = ADVANCED_FACE ( 'NONE', ( #1712 ), #2473, .F. ) ;
#2425 = FACE_OUTER_BOUND ( 'NONE', #1646, .T. ) ;
#2426 = ORIENTED_EDGE ( 'NONE', *, *, #683, .T. ) ;
#2427 = ORIENTED_EDGE ( 'NONE', *, *, #2065, .F. ) ;
#2428 = AXIS2_PLACEMENT_3D ( 'NONE', #1004, #1234, #272 ) ;
#2429 = ADVANCED_FACE ( 'NONE', ( #238 ), #612, .T. ) ;
#2430 = LINE ( 'NONE', #2062, #1163 ) ;
#2431 = CARTESIAN_POINT ( 'NONE',  ( 4.000000000000000000, -0.6000000000000007550, -149.9955803164349390 ) ) ;
#2432 = DIRECTION ( 'NONE',  ( 0.000000000000000000, 1.000000000000000000, 0.000000000000000000 ) ) ;
#2433 = VECTOR ( 'NONE', #913, 1000.000000000000000 ) ;
#2434 = DIRECTION ( 'NONE',  ( -1.000000000000000000, 1.387778780781445922E-16, -0.000000000000000000 ) ) ;
#2435 = EDGE_CURVE ( 'NONE', #1592, #305, #32, .T. ) ;
#2436 = DIRECTION ( 'NONE',  ( 0.000000000000000000, -1.000000000000000000, 0.000000000000000000 ) ) ;
#2437 = VERTEX_POINT ( 'NONE', #1008 ) ;
#2438 = ORIENTED_EDGE ( 'NONE', *, *, #874, .T. ) ;
#2439 = VECTOR ( 'NONE', #1071, 999.9999999999998863 ) ;
#2440 = CARTESIAN_POINT ( 'NONE',  ( 13.45646728200210518, 46.63999999999996504, -93.82610086423677842 ) ) ;
#2441 = AXIS2_PLACEMENT_3D ( 'NONE', #1669, #2432, #1838 ) ;
#2442 = ORIENTED_EDGE ( 'NONE', *, *, #2374, .T. ) ;
#2443 = CYLINDRICAL_SURFACE ( 'NONE', #2326, 1.499999999999997780 ) ;
#2444 = DIRECTION ( 'NONE',  ( 1.000000000000000000, 1.040834085586084257E-16, 0.000000000000000000 ) ) ;
#2445 = EDGE_CURVE ( 'NONE', #1728, #361, #2395, .T. ) ;
#2446 = LINE ( 'NONE', #2485, #2272 ) ;
#2447 = FACE_OUTER_BOUND ( 'NONE', #1717, .T. ) ;
#2448 = ORIENTED_EDGE ( 'NONE', *, *, #1621, .F. ) ;
#2449 = ADVANCED_FACE ( 'NONE', ( #598 ), #1238, .F. ) ;
#2450 = VERTEX_POINT ( 'NONE', #428 ) ;
#2451 = PLANE ( 'NONE',  #1331 ) ;
#2452 = ORIENTED_EDGE ( 'NONE', *, *, #1626, .F. ) ;
#2453 = PLANE ( 'NONE',  #839 ) ;
#2454 = VERTEX_POINT ( 'NONE', #2352 ) ;
#2455 = VERTEX_POINT ( 'NONE', #2327 ) ;
#2456 = DIRECTION ( 'NONE',  ( 0.000000000000000000, -0.000000000000000000, 1.000000000000000000 ) ) ;
#2457 = ADVANCED_FACE ( 'NONE', ( #2139 ), #1189, .F. ) ;
#2458 = VECTOR ( 'NONE', #1750, 1000.000000000000000 ) ;
#2459 = CARTESIAN_POINT ( 'NONE',  ( 13.45646728200210518, 4.638692345779120707, -154.9955803164349675 ) ) ;
#2460 = CARTESIAN_POINT ( 'NONE',  ( 4.249999999999983125, 12.14999999999999503, -86.37525551735875240 ) ) ;
#2461 = ORIENTED_EDGE ( 'NONE', *, *, #1996, .F. ) ;
#2462 = EDGE_LOOP ( 'NONE', ( #833, #960 ) ) ;
#2463 = ADVANCED_FACE ( 'NONE', ( #803 ), #1376, .F. ) ;
#2464 = DIRECTION ( 'NONE',  ( 0.9182763172580109545, -0.3959401535119479454, 0.000000000000000000 ) ) ;
#2465 = ORIENTED_EDGE ( 'NONE', *, *, #1029, .F. ) ;
#2466 = DIRECTION ( 'NONE',  ( -1.000000000000000000, 1.387778780781445922E-16, 0.000000000000000000 ) ) ;
#2467 = ORIENTED_EDGE ( 'NONE', *, *, #1177, .T. ) ;
#2468 = AXIS2_PLACEMENT_3D ( 'NONE', #285, #327, #1478 ) ;
#2469 = ORIENTED_EDGE ( 'NONE', *, *, #831, .F. ) ;
#2470 = FACE_OUTER_BOUND ( 'NONE', #1134, .T. ) ;
#2471 = AXIS2_PLACEMENT_3D ( 'NONE', #1321, #1362, #1548 ) ;
#2472 = DIRECTION ( 'NONE',  ( 1.000000000000000000, -0.000000000000000000, -0.000000000000000000 ) ) ;
#2473 = CYLINDRICAL_SURFACE ( 'NONE', #1108, 1.500000000000001332 ) ;
#2474 = EDGE_LOOP ( 'NONE', ( #375, #2270, #1084, #535 ) ) ;
#2475 = ORIENTED_EDGE ( 'NONE', *, *, #1803, .F. ) ;
#2476 = MANIFOLD_SOLID_BREP ( 'Stock-minilip main body-1', #423 ) ;
#2477 = CARTESIAN_POINT ( 'NONE',  ( 21.24999999999999289, 60.00000000000000711, -151.9955803164349390 ) ) ;
#2478 = ORIENTED_EDGE ( 'NONE', *, *, #1456, .T. ) ;
#2479 = DIRECTION ( 'NONE',  ( -1.000000000000000000, -0.000000000000000000, -0.000000000000000000 ) ) ;
#2480 = VERTEX_POINT ( 'NONE', #57 ) ;
#2481 = AXIS2_PLACEMENT_3D ( 'NONE', #813, #1599, #2363 ) ;
#2482 = CARTESIAN_POINT ( 'NONE',  ( 21.24999999999998579, 49.63999999999997215, -93.82610086423677842 ) ) ;
#2483 = CARTESIAN_POINT ( 'NONE',  ( -17.75000000000000355, -57.00000000000001421, -154.9955803164349675 ) ) ;
#2484 = DIRECTION ( 'NONE',  ( 1.000000000000000000, 0.000000000000000000, 0.000000000000000000 ) ) ;
#2485 = CARTESIAN_POINT ( 'NONE',  ( -17.75000000000000355, -60.00000000000001421, -151.9955803164349390 ) ) ;
#2486 = VERTEX_POINT ( 'NONE', #1226 ) ;
#2487 = EDGE_LOOP ( 'NONE', ( #561, #1834, #1485, #1781 ) ) ;
#2488 = VECTOR ( 'NONE', #2168, 1000.000000000000000 ) ;
#2489 = LINE ( 'NONE', #792, #2215 ) ;
#2490 = ORIENTED_EDGE ( 'NONE', *, *, #605, .F. ) ;
#2491 = CARTESIAN_POINT ( 'NONE',  ( 4.000000000000000000, -1.800000000000000488, -149.9955803164349390 ) ) ;
#2492 = EDGE_LOOP ( 'NONE', ( #1911, #2419, #2343, #256 ) ) ;
#2493 = ADVANCED_FACE ( 'NONE', ( #439 ), #829, .F. ) ;
ENDSEC;
END-ISO-10303-21;
