ISO-10303-21;
HEADER;
FILE_DESCRIPTION (( 'STEP AP203' ),
    '1' );
FILE_NAME ('worm wheel bearing.STEP',
    '2026-06-02T08:28:56',
    ( '' ),
    ( '' ),
    'SwSTEP 2.0',
    'SolidWorks 2024',
    '' );
FILE_SCHEMA (( 'CONFIG_CONTROL_DESIGN' ));
ENDSEC;

DATA;
#1 = FACE_OUTER_BOUND ( 'NONE', #702, .T. ) ;
#2 = LINE ( 'NONE', #143, #212 ) ;
#3 = CARTESIAN_POINT ( 'NONE',  ( -77.13890089934365335, -9.900000000000009237, 4.690102840931834827 ) ) ;
#4 = CIRCLE ( 'NONE', #773, 2.000000000000000000 ) ;
#5 = CARTESIAN_POINT ( 'NONE',  ( -63.00000000000000000, -0.1000000000000147993, -8.136144949255148973 ) ) ;
#6 = EDGE_LOOP ( 'NONE', ( #693, #1600, #1243, #1032 ) ) ;
#7 = ORIENTED_EDGE ( 'NONE', *, *, #1375, .T. ) ;
#8 = DIRECTION ( 'NONE',  ( -2.463512628606118072E-16, 1.000000000000000000, 1.740923997763740123E-31 ) ) ;
#9 = EDGE_CURVE ( 'NONE', #582, #265, #555, .T. ) ;
#10 = CARTESIAN_POINT ( 'NONE',  ( -67.71296696644787971, -9.900000000000009237, 14.56336761364393517 ) ) ;
#11 = CARTESIAN_POINT ( 'NONE',  ( -77.13890089934365335, -9.900000000000009237, 4.690102840931834827 ) ) ;
#12 = FACE_OUTER_BOUND ( 'NONE', #1274, .T. ) ;
#13 = AXIS2_PLACEMENT_3D ( 'NONE', #1638, #477, #231 ) ;
#14 = VERTEX_POINT ( 'NONE', #610 ) ;
#15 = DIRECTION ( 'NONE',  ( -2.463512628606118072E-16, 1.000000000000000000, 1.740923997763740123E-31 ) ) ;
#16 = FACE_OUTER_BOUND ( 'NONE', #850, .T. ) ;
#17 = DIRECTION ( 'NONE',  ( -2.463512628606118072E-16, 1.000000000000000000, 1.740923997763740123E-31 ) ) ;
#18 = CARTESIAN_POINT ( 'NONE',  ( -77.13890089934365335, -9.900000000000009237, 4.690102840931834827 ) ) ;
#19 = EDGE_CURVE ( 'NONE', #196, #105, #1518, .T. ) ;
#20 = ORIENTED_EDGE ( 'NONE', *, *, #1326, .T. ) ;
#21 = AXIS2_PLACEMENT_3D ( 'NONE', #1653, #240, #637 ) ;
#22 = ORIENTED_EDGE ( 'NONE', *, *, #862, .T. ) ;
#23 = CARTESIAN_POINT ( 'NONE',  ( 24.34235294322776966, 30.10000000000001563, 17.49999999999996803 ) ) ;
#24 = VECTOR ( 'NONE', #499, 1000.000000000000000 ) ;
#25 = AXIS2_PLACEMENT_3D ( 'NONE', #1432, #1456, #650 ) ;
#26 = FACE_BOUND ( 'NONE', #444, .T. ) ;
#27 = DIRECTION ( 'NONE',  ( -2.463512628606118072E-16, 1.000000000000000000, 1.740923997763740123E-31 ) ) ;
#28 = DIRECTION ( 'NONE',  ( -2.463512628606117579E-16, 1.000000000000000000, 0.000000000000000000 ) ) ;
#29 = CARTESIAN_POINT ( 'NONE',  ( -77.13890089934365335, -0.1000000000000150630, 8.190102840931819728 ) ) ;
#30 = FACE_OUTER_BOUND ( 'NONE', #1302, .T. ) ;
#31 = ADVANCED_FACE ( 'NONE', ( #279 ), #386, .T. ) ;
#32 = AXIS2_PLACEMENT_3D ( 'NONE', #777, #1273, #127 ) ;
#33 = ORIENTED_EDGE ( 'NONE', *, *, #719, .F. ) ;
#34 = CIRCLE ( 'NONE', #273, 1.499999999999996891 ) ;
#35 = VERTEX_POINT ( 'NONE', #1298 ) ;
#36 = CARTESIAN_POINT ( 'NONE',  ( -67.71296696644789392, 28.09999999999998366, 6.190102840931832162 ) ) ;
#37 = PERSON_AND_ORGANIZATION ( #1079, #1360 ) ;
#38 = VERTEX_POINT ( 'NONE', #627 ) ;
#39 = DIRECTION ( 'NONE',  ( -0.000000000000000000, -0.000000000000000000, -1.000000000000000000 ) ) ;
#40 = DIRECTION ( 'NONE',  ( 0.000000000000000000, 1.000000000000000000, 0.000000000000000000 ) ) ;
#41 = ORIENTED_EDGE ( 'NONE', *, *, #427, .T. ) ;
#42 = VERTEX_POINT ( 'NONE', #152 ) ;
#43 = CYLINDRICAL_SURFACE ( 'NONE', #363, 25.05000000000000426 ) ;
#44 = EDGE_CURVE ( 'NONE', #1129, #523, #2, .T. ) ;
#45 = CARTESIAN_POINT ( 'NONE',  ( -69.21296696644789392, 28.09999999999998366, 4.690102840931834827 ) ) ;
#46 = PRODUCT_DEFINITION_SHAPE ( 'NONE', 'NONE',  #988 ) ;
#47 = CARTESIAN_POINT ( 'NONE',  ( 24.34235294322776966, -0.09999999999998857025, 17.49999999999997158 ) ) ;
#48 = DIRECTION ( 'NONE',  ( 0.000000000000000000, 0.000000000000000000, 1.000000000000000000 ) ) ;
#49 = ORIENTED_EDGE ( 'NONE', *, *, #1124, .T. ) ;
#50 = ORIENTED_EDGE ( 'NONE', *, *, #1253, .T. ) ;
#51 = AXIS2_PLACEMENT_3D ( 'NONE', #1306, #1160, #150 ) ;
#52 = EDGE_CURVE ( 'NONE', #1365, #594, #746, .T. ) ;
#53 = CIRCLE ( 'NONE', #1011, 3.500000000000016875 ) ;
#54 = VECTOR ( 'NONE', #1358, 1000.000000000000000 ) ;
#55 = DIRECTION ( 'NONE',  ( -2.463512628606118072E-16, 1.000000000000000000, 1.740923997763740123E-31 ) ) ;
#56 = DIRECTION ( 'NONE',  ( 2.770017526509871338E-16, -1.000000000000000000, 0.000000000000000000 ) ) ;
#57 = VERTEX_POINT ( 'NONE', #640 ) ;
#58 = VERTEX_POINT ( 'NONE', #619 ) ;
#59 = AXIS2_PLACEMENT_3D ( 'NONE', #657, #258, #136 ) ;
#60 = SHAPE_DEFINITION_REPRESENTATION ( #46, #1058 ) ;
#61 = ADVANCED_FACE ( 'NONE', ( #1161, #509, #1178, #26 ), #1563, .T. ) ;
#62 = FACE_OUTER_BOUND ( 'NONE', #187, .T. ) ;
#63 = CARTESIAN_POINT ( 'NONE',  ( -63.00000000000000000, 20.29999999999998295, -23.30000000000000782 ) ) ;
#64 = ADVANCED_FACE ( 'NONE', ( #917 ), #1400, .F. ) ;
#65 = ORIENTED_EDGE ( 'NONE', *, *, #402, .F. ) ;
#66 = ORIENTED_EDGE ( 'NONE', *, *, #1630, .F. ) ;
#67 = PERSON_AND_ORGANIZATION ( #1079, #1360 ) ;
#68 = VERTEX_POINT ( 'NONE', #1333 ) ;
#69 = CARTESIAN_POINT ( 'NONE',  ( -81.85186786579157570, 20.29999999999997939, -23.30000000000000426 ) ) ;
#70 = CARTESIAN_POINT ( 'NONE',  ( 24.34235294322775900, 20.30000000000000426, -23.30000000000002913 ) ) ;
#71 = ADVANCED_FACE ( 'NONE', ( #186 ), #1102, .F. ) ;
#72 = ORIENTED_EDGE ( 'NONE', *, *, #672, .T. ) ;
#73 = DIRECTION ( 'NONE',  ( 1.000000000000000000, -7.709882115452476934E-17, 0.000000000000000000 ) ) ;
#74 = VERTEX_POINT ( 'NONE', #1433 ) ;
#75 = VERTEX_POINT ( 'NONE', #528 ) ;
#76 = CARTESIAN_POINT ( 'NONE',  ( 24.34235294322776610, 28.10000000000001563, 17.49999999999996803 ) ) ;
#77 = AXIS2_PLACEMENT_3D ( 'NONE', #1648, #1288, #896 ) ;
#78 = CYLINDRICAL_SURFACE ( 'NONE', #344, 2.000000000000000000 ) ;
#79 = AXIS2_PLACEMENT_3D ( 'NONE', #514, #795, #701 ) ;
#80 = DIRECTION ( 'NONE',  ( 0.000000000000000000, 1.000000000000000000, 0.000000000000000000 ) ) ;
#81 = EDGE_CURVE ( 'NONE', #1522, #489, #926, .T. ) ;
#82 = EDGE_LOOP ( 'NONE', ( #1396, #616, #692, #965 ) ) ;
#83 = AXIS2_PLACEMENT_3D ( 'NONE', #1540, #512, #890 ) ;
#84 = AXIS2_PLACEMENT_3D ( 'NONE', #345, #80, #459 ) ;
#85 = ORIENTED_EDGE ( 'NONE', *, *, #502, .F. ) ;
#86 = CYLINDRICAL_SURFACE ( 'NONE', #841, 1.500000000000001332 ) ;
#87 = CARTESIAN_POINT ( 'NONE',  ( -66.09873483242084546, -0.09405050412408574867, 17.66659784848122428 ) ) ;
#88 = DIRECTION ( 'NONE',  ( 0.000000000000000000, 0.000000000000000000, -1.000000000000000000 ) ) ;
#89 = ORIENTED_EDGE ( 'NONE', *, *, #889, .T. ) ;
#90 = ORIENTED_EDGE ( 'NONE', *, *, #1332, .F. ) ;
#91 = EDGE_CURVE ( 'NONE', #374, #622, #1398, .T. ) ;
#92 = CARTESIAN_POINT ( 'NONE',  ( -77.13890089934365335, 1.899999999999967715, 6.190102840931832162 ) ) ;
#93 = DIRECTION ( 'NONE',  ( 1.000000000000000000, 2.463512628606117579E-16, 0.000000000000000000 ) ) ;
#94 = CARTESIAN_POINT ( 'NONE',  ( -77.13890089934366756, 30.09999999999999076, 4.690102840931834827 ) ) ;
#95 = ORIENTED_EDGE ( 'NONE', *, *, #1139, .T. ) ;
#96 = VERTEX_POINT ( 'NONE', #451 ) ;
#97 = ADVANCED_FACE ( 'NONE', ( #1114 ), #1361, .F. ) ;
#98 = CARTESIAN_POINT ( 'NONE',  ( 24.34235294322776966, 9.900000000000011013, -5.500000000000035527 ) ) ;
#99 = EDGE_LOOP ( 'NONE', ( #1613, #276 ) ) ;
#100 = DIRECTION ( 'NONE',  ( 7.709882115452476934E-17, 1.000000000000000000, -3.469446951953614189E-16 ) ) ;
#101 = PRODUCT_DEFINITION_FORMATION_WITH_SPECIFIED_SOURCE ( 'ANY', '', #295, .NOT_KNOWN. ) ;
#102 = DIRECTION ( 'NONE',  ( -1.000000000000000000, 0.000000000000000000, 0.000000000000000000 ) ) ;
#103 = CIRCLE ( 'NONE', #180, 1.499999999999996891 ) ;
#104 = VECTOR ( 'NONE', #803, 1000.000000000000000 ) ;
#105 = VERTEX_POINT ( 'NONE', #998 ) ;
#106 = ORIENTED_EDGE ( 'NONE', *, *, #167, .F. ) ;
#107 = CARTESIAN_POINT ( 'NONE',  ( -75.37618983490872893, 30.09999999999998721, 17.59178453030270006 ) ) ;
#108 = CARTESIAN_POINT ( 'NONE',  ( -77.13890089934366756, 20.09999999999999076, 14.56336761364393872 ) ) ;
#109 = ORIENTED_EDGE ( 'NONE', *, *, #571, .F. ) ;
#110 = EDGE_CURVE ( 'NONE', #1499, #1391, #138, .T. ) ;
#111 = CARTESIAN_POINT ( 'NONE',  ( -67.71296696644789392, 30.09999999999999076, 4.690102840931834827 ) ) ;
#112 = LINE ( 'NONE', #452, #316 ) ;
#113 = EDGE_CURVE ( 'NONE', #318, #1417, #876, .T. ) ;
#114 = ORIENTED_EDGE ( 'NONE', *, *, #980, .F. ) ;
#115 = EDGE_LOOP ( 'NONE', ( #263, #1071, #473, #1389 ) ) ;
#116 = FACE_OUTER_BOUND ( 'NONE', #428, .T. ) ;
#117 = DIRECTION ( 'NONE',  ( -1.000000000000000000, -2.463512628606117579E-16, 2.301457347896260623E-16 ) ) ;
#118 = DIRECTION ( 'NONE',  ( 0.000000000000000000, 0.000000000000000000, 1.000000000000000000 ) ) ;
#119 = CARTESIAN_POINT ( 'NONE',  ( -81.85186786579156148, 9.899999999999984368, 19.49999999999998934 ) ) ;
#120 = DIRECTION ( 'NONE',  ( 0.000000000000000000, -1.000000000000000000, 0.000000000000000000 ) ) ;
#121 = ORIENTED_EDGE ( 'NONE', *, *, #1294, .T. ) ;
#122 = EDGE_CURVE ( 'NONE', #323, #318, #718, .T. ) ;
#123 = VERTEX_POINT ( 'NONE', #354 ) ;
#124 = DIRECTION ( 'NONE',  ( 0.000000000000000000, 0.000000000000000000, 1.000000000000000000 ) ) ;
#125 = DIRECTION ( 'NONE',  ( -1.000000000000000000, 0.000000000000000000, 0.000000000000000000 ) ) ;
#126 = DIRECTION ( 'NONE',  ( 0.000000000000000000, 1.000000000000000000, 0.000000000000000000 ) ) ;
#127 = DIRECTION ( 'NONE',  ( 7.709882115452476934E-17, 1.000000000000000000, 0.000000000000000000 ) ) ;
#128 = AXIS2_PLACEMENT_3D ( 'NONE', #1544, #542, #797 ) ;
#129 = EDGE_LOOP ( 'NONE', ( #1514, #713, #1465, #89, #569, #331, #1385 ) ) ;
#130 = AXIS2_PLACEMENT_3D ( 'NONE', #772, #256, #1141 ) ;
#131 = EDGE_CURVE ( 'NONE', #383, #504, #112, .T. ) ;
#132 = AXIS2_PLACEMENT_3D ( 'NONE', #1220, #705, #1211 ) ;
#133 = ORIENTED_EDGE ( 'NONE', *, *, #1319, .F. ) ;
#134 = CARTESIAN_POINT ( 'NONE',  ( -63.00000000000000000, 30.09999999999999432, 1.040552582059421693 ) ) ;
#135 = CARTESIAN_POINT ( 'NONE',  ( 24.34235294322776610, 28.10000000000001563, 19.49999999999996447 ) ) ;
#136 = DIRECTION ( 'NONE',  ( 0.000000000000000000, -1.000000000000000000, 0.000000000000000000 ) ) ;
#137 = LINE ( 'NONE', #379, #1603 ) ;
#138 = CIRCLE ( 'NONE', #1503, 1.500000000000001332 ) ;
#139 = CARTESIAN_POINT ( 'NONE',  ( 24.34235294322777676, 9.900000000000011013, 17.49999999999996803 ) ) ;
#140 = ORIENTED_EDGE ( 'NONE', *, *, #646, .T. ) ;
#141 = ORIENTED_EDGE ( 'NONE', *, *, #154, .F. ) ;
#142 = CARTESIAN_POINT ( 'NONE',  ( 24.34235294322776966, 9.900000000000011013, -5.500000000000035527 ) ) ;
#143 = CARTESIAN_POINT ( 'NONE',  ( -66.21296696644787971, -9.900000000000009237, 4.690102840931834827 ) ) ;
#144 = CARTESIAN_POINT ( 'NONE',  ( -67.71296696644789392, 28.09999999999998366, 4.690102840931834827 ) ) ;
#145 = EDGE_CURVE ( 'NONE', #1331, #1401, #1497, .T. ) ;
#146 = DIRECTION ( 'NONE',  ( -1.000000000000000000, 0.000000000000000000, 0.000000000000000000 ) ) ;
#147 = DIRECTION ( 'NONE',  ( -1.000000000000000000, -2.463512628606117579E-16, 2.301457347896261116E-16 ) ) ;
#148 = ORIENTED_EDGE ( 'NONE', *, *, #232, .T. ) ;
#149 = CARTESIAN_POINT ( 'NONE',  ( -81.85186786579156148, 20.09999999999998721, -5.500000000000011546 ) ) ;
#150 = DIRECTION ( 'NONE',  ( 1.000000000000000000, 2.439454888092383004E-16, 0.000000000000000000 ) ) ;
#151 = EDGE_CURVE ( 'NONE', #635, #1175, #1479, .T. ) ;
#152 = CARTESIAN_POINT ( 'NONE',  ( -65.80871114660516241, -0.1000000000000107608, 17.49999999999999289 ) ) ;
#153 = LINE ( 'NONE', #641, #546 ) ;
#154 = EDGE_CURVE ( 'NONE', #74, #1104, #443, .T. ) ;
#155 = DIRECTION ( 'NONE',  ( 0.000000000000000000, 1.000000000000000000, 1.734723475976805517E-15 ) ) ;
#156 = DIRECTION ( 'NONE',  ( 2.463512628606117579E-16, -1.000000000000000000, 0.000000000000000000 ) ) ;
#157 = APPROVAL_PERSON_ORGANIZATION ( #975, #1618, #1468 ) ;
#158 = AXIS2_PLACEMENT_3D ( 'NONE', #1313, #73, #1577 ) ;
#159 = EDGE_LOOP ( 'NONE', ( #213, #185, #1402, #1116, #1005 ) ) ;
#160 = DIRECTION ( 'NONE',  ( 0.000000000000000000, 1.000000000000000000, 0.000000000000000000 ) ) ;
#161 = AXIS2_PLACEMENT_3D ( 'NONE', #970, #1481, #560 ) ;
#162 = LINE ( 'NONE', #1034, #1148 ) ;
#163 = CIRCLE ( 'NONE', #664, 2.000000000000000000 ) ;
#164 = DIRECTION ( 'NONE',  ( -1.000000000000000000, 0.000000000000000000, 0.000000000000000000 ) ) ;
#165 = CARTESIAN_POINT ( 'NONE',  ( -66.21296696644789392, 28.09999999999998366, 4.690102840931834827 ) ) ;
#166 = VERTEX_POINT ( 'NONE', #338 ) ;
#167 = EDGE_CURVE ( 'NONE', #238, #196, #34, .T. ) ;
#168 = ORIENTED_EDGE ( 'NONE', *, *, #1507, .T. ) ;
#169 = DIRECTION ( 'NONE',  ( 0.000000000000000000, 0.000000000000000000, 1.000000000000000000 ) ) ;
#170 = CARTESIAN_POINT ( 'NONE',  ( -69.61722278629059701, -0.1000000000000117184, 17.49999999999999289 ) ) ;
#171 = CARTESIAN_POINT ( 'NONE',  ( -66.21296696644789392, 20.09999999999999076, 4.690102840931834827 ) ) ;
#172 = CARTESIAN_POINT ( 'NONE',  ( -77.13890089934366756, 28.09999999999998366, 13.06336761364394050 ) ) ;
#173 = ORIENTED_EDGE ( 'NONE', *, *, #1262, .T. ) ;
#174 = EDGE_CURVE ( 'NONE', #547, #220, #1454, .T. ) ;
#175 = EDGE_LOOP ( 'NONE', ( #1442, #1138 ) ) ;
#176 = DIRECTION ( 'NONE',  ( -1.000000000000000000, 7.709882115452476934E-17, -0.000000000000000000 ) ) ;
#177 = CYLINDRICAL_SURFACE ( 'NONE', #337, 25.05000000000000426 ) ;
#178 = ADVANCED_FACE ( 'NONE', ( #852 ), #1210, .F. ) ;
#179 = ORIENTED_EDGE ( 'NONE', *, *, #728, .F. ) ;
#180 = AXIS2_PLACEMENT_3D ( 'NONE', #1411, #482, #1536 ) ;
#181 = EDGE_CURVE ( 'NONE', #1187, #1568, #962, .T. ) ;
#182 = VECTOR ( 'NONE', #941, 1000.000000000000000 ) ;
#183 = CARTESIAN_POINT ( 'NONE',  ( -77.13890089934365335, -0.1000000000000159234, 4.690102840931834827 ) ) ;
#184 = CARTESIAN_POINT ( 'NONE',  ( -69.21296696644787971, 9.899999999999984368, 4.690102840931834827 ) ) ;
#185 = ORIENTED_EDGE ( 'NONE', *, *, #816, .T. ) ;
#186 = FACE_OUTER_BOUND ( 'NONE', #993, .T. ) ;
#187 = EDGE_LOOP ( 'NONE', ( #883, #809, #304, #356, #255, #911, #414 ) ) ;
#188 = LINE ( 'NONE', #1106, #182 ) ;
#189 = EDGE_CURVE ( 'NONE', #1059, #222, #4, .T. ) ;
#190 = LINE ( 'NONE', #919, #1586 ) ;
#191 = VECTOR ( 'NONE', #1464, 1000.000000000000000 ) ;
#192 = EDGE_LOOP ( 'NONE', ( #709, #65, #1165, #840 ) ) ;
#193 = DIRECTION ( 'NONE',  ( 0.000000000000000000, 1.000000000000000000, 0.000000000000000000 ) ) ;
#194 = ORIENTED_EDGE ( 'NONE', *, *, #154, .T. ) ;
#195 = PERSON_AND_ORGANIZATION_ROLE ( 'creator' ) ;
#196 = VERTEX_POINT ( 'NONE', #1126 ) ;
#197 = B_SPLINE_CURVE_WITH_KNOTS ( 'NONE', 3,
 ( #1107, #1623, #978, #1261, #987, #1495, #334, #843 ),
 .UNSPECIFIED., .F., .F.,
 ( 4, 2, 2, 4 ),
 ( 0.001989902204046396089, 0.002984405152486607413, 0.003481656626706714375, 0.003978908100926821338 ),
 .UNSPECIFIED. ) ;
#198 = CC_DESIGN_PERSON_AND_ORGANIZATION_ASSIGNMENT ( #67, #1086, ( #101 ) ) ;
#199 = LINE ( 'NONE', #576, #365 ) ;
#200 = CARTESIAN_POINT ( 'NONE',  ( -81.85186786579157570, 5.249999999999978684, -23.30000000000000426 ) ) ;
#201 = CARTESIAN_POINT ( 'NONE',  ( -78.28818600406633266, 30.07084778834346039, 17.84268606031016091 ) ) ;
#202 = ORIENTED_EDGE ( 'NONE', *, *, #1061, .F. ) ;
#203 = ORIENTED_EDGE ( 'NONE', *, *, #217, .T. ) ;
#204 = AXIS2_PLACEMENT_3D ( 'NONE', #249, #1277, #125 ) ;
#205 = FACE_BOUND ( 'NONE', #722, .T. ) ;
#206 = CIRCLE ( 'NONE', #130, 1.500000000000001332 ) ;
#207 = DIRECTION ( 'NONE',  ( 1.000000000000000000, 0.000000000000000000, 0.000000000000000000 ) ) ;
#208 = AXIS2_PLACEMENT_3D ( 'NONE', #417, #1561, #1571 ) ;
#209 = CARTESIAN_POINT ( 'NONE',  ( -63.00000000000000000, 1.899999999999990141, 19.49999999999998934 ) ) ;
#210 = VERTEX_POINT ( 'NONE', #364 ) ;
#211 = EDGE_CURVE ( 'NONE', #1223, #348, #1157, .T. ) ;
#212 = VECTOR ( 'NONE', #886, 1000.000000000000000 ) ;
#213 = ORIENTED_EDGE ( 'NONE', *, *, #44, .F. ) ;
#214 = DIRECTION ( 'NONE',  ( -1.000000000000000000, 0.000000000000000000, 0.000000000000000000 ) ) ;
#215 = CARTESIAN_POINT ( 'NONE',  ( -67.38124571394462237, -0.03652054656798674886, 17.99988816021191695 ) ) ;
#216 = DIRECTION ( 'NONE',  ( 0.000000000000000000, 1.000000000000000000, 0.000000000000000000 ) ) ;
#217 = EDGE_CURVE ( 'NONE', #57, #1365, #860, .T. ) ;
#218 = ORIENTED_EDGE ( 'NONE', *, *, #287, .T. ) ;
#219 = EDGE_CURVE ( 'NONE', #1234, #1059, #1513, .T. ) ;
#220 = VERTEX_POINT ( 'NONE', #1246 ) ;
#221 = FACE_OUTER_BOUND ( 'NONE', #115, .T. ) ;
#222 = VERTEX_POINT ( 'NONE', #1115 ) ;
#223 = FACE_BOUND ( 'NONE', #1090, .T. ) ;
#224 = CARTESIAN_POINT ( 'NONE',  ( -63.00000000000000000, 9.899999999999989697, -5.500000000000035527 ) ) ;
#225 = VERTEX_POINT ( 'NONE', #1631 ) ;
#226 = EDGE_CURVE ( 'NONE', #902, #1226, #1414, .T. ) ;
#227 = VERTEX_POINT ( 'NONE', #836 ) ;
#228 = LINE ( 'NONE', #856, #24 ) ;
#229 = DIRECTION ( 'NONE',  ( 0.000000000000000000, 0.000000000000000000, -1.000000000000000000 ) ) ;
#230 = VERTEX_POINT ( 'NONE', #209 ) ;
#231 = DIRECTION ( 'NONE',  ( 1.000000000000000000, 0.000000000000000000, -2.301457347896260623E-16 ) ) ;
#232 = EDGE_CURVE ( 'NONE', #1295, #166, #340, .T. ) ;
#233 = VECTOR ( 'NONE', #1529, 1000.000000000000000 ) ;
#234 = DIRECTION ( 'NONE',  ( 1.000000000000000000, 0.000000000000000000, 0.000000000000000000 ) ) ;
#235 = CIRCLE ( 'NONE', #1474, 1.500000000000001332 ) ;
#236 = CIRCLE ( 'NONE', #1070, 25.05000000000000426 ) ;
#237 = CIRCLE ( 'NONE', #1184, 25.05000000000000426 ) ;
#238 = VERTEX_POINT ( 'NONE', #881 ) ;
#239 = EDGE_LOOP ( 'NONE', ( #1103, #837, #505, #1156 ) ) ;
#240 = DIRECTION ( 'NONE',  ( -2.463512628606118072E-16, 1.000000000000000000, 1.740923997763740123E-31 ) ) ;
#241 = AXIS2_PLACEMENT_3D ( 'NONE', #1301, #1399, #389 ) ;
#242 = FACE_OUTER_BOUND ( 'NONE', #700, .T. ) ;
#243 = CARTESIAN_POINT ( 'NONE',  ( -81.85186786579157570, -2.100000000000017852, -8.136144949255145420 ) ) ;
#244 = EDGE_CURVE ( 'NONE', #1417, #1592, #910, .T. ) ;
#245 = PLANE ( 'NONE',  #32 ) ;
#246 = EDGE_LOOP ( 'NONE', ( #1419, #148, #22, #114 ) ) ;
#247 = ORIENTED_EDGE ( 'NONE', *, *, #405, .F. ) ;
#248 = CARTESIAN_POINT ( 'NONE',  ( -77.13890089934365335, -9.900000000000009237, 14.56336761364393872 ) ) ;
#249 = CARTESIAN_POINT ( 'NONE',  ( -77.13890089934365335, 9.899999999999984368, 4.690102840931834827 ) ) ;
#250 = FACE_OUTER_BOUND ( 'NONE', #129, .T. ) ;
#251 = APPROVAL ( #385, 'UNSPECIFIED' ) ;
#252 = ADVANCED_FACE ( 'NONE', ( #30 ), #282, .F. ) ;
#253 = FACE_BOUND ( 'NONE', #1535, .T. ) ;
#254 = EDGE_LOOP ( 'NONE', ( #301, #753, #564, #599 ) ) ;
#255 = ORIENTED_EDGE ( 'NONE', *, *, #1002, .F. ) ;
#256 = DIRECTION ( 'NONE',  ( 2.463512628606117579E-16, -1.000000000000000000, 0.000000000000000000 ) ) ;
#257 = CARTESIAN_POINT ( 'NONE',  ( -67.71296696644789392, 30.09999999999999076, 1.190102840931822614 ) ) ;
#258 = DIRECTION ( 'NONE',  ( -1.000000000000000000, -2.463512628606117579E-16, 2.301457347896260623E-16 ) ) ;
#259 = DIRECTION ( 'NONE',  ( -1.000000000000000000, 0.000000000000000000, 0.000000000000000000 ) ) ;
#260 = DIRECTION ( 'NONE',  ( -2.463512628606118072E-16, 1.000000000000000000, 1.740923997763740123E-31 ) ) ;
#261 = DIRECTION ( 'NONE',  ( 1.000000000000000000, 0.000000000000000000, 0.000000000000000000 ) ) ;
#262 = AXIS2_PLACEMENT_3D ( 'NONE', #609, #1510, #1133 ) ;
#263 = ORIENTED_EDGE ( 'NONE', *, *, #1253, .F. ) ;
#264 = CONICAL_SURFACE ( 'NONE', #292, 1.499999999999996891, 0.7853981633974496113 ) ;
#265 = VERTEX_POINT ( 'NONE', #1434 ) ;
#266 = ADVANCED_FACE ( 'NONE', ( #1030 ), #380, .T. ) ;
#267 = FACE_BOUND ( 'NONE', #1043, .T. ) ;
#268 =( NAMED_UNIT ( * ) PLANE_ANGLE_UNIT ( ) SI_UNIT ( $, .RADIAN. ) );
#269 = DIRECTION ( 'NONE',  ( 2.770017526509871338E-16, -1.000000000000000000, 0.000000000000000000 ) ) ;
#270 = DIRECTION ( 'NONE',  ( 0.000000000000000000, 0.7071067811865486830, 0.7071067811865464625 ) ) ;
#271 = CIRCLE ( 'NONE', #471, 1.500000000000001332 ) ;
#272 = DIRECTION ( 'NONE',  ( 0.000000000000000000, 1.000000000000000000, 0.000000000000000000 ) ) ;
#273 = AXIS2_PLACEMENT_3D ( 'NONE', #1640, #1264, #603 ) ;
#274 = DIRECTION ( 'NONE',  ( 0.000000000000000000, -1.000000000000000000, 0.000000000000000000 ) ) ;
#275 = ADVANCED_FACE ( 'NONE', ( #1049, #253 ), #245, .T. ) ;
#276 = ORIENTED_EDGE ( 'NONE', *, *, #427, .F. ) ;
#277 = CARTESIAN_POINT ( 'NONE',  ( -75.63890089934366756, 30.09999999999999076, 4.690102840931834827 ) ) ;
#278 = CARTESIAN_POINT ( 'NONE',  ( -77.13890089934366756, 20.09999999999999076, 4.690102840931834827 ) ) ;
#279 = FACE_OUTER_BOUND ( 'NONE', #1485, .T. ) ;
#280 = CARTESIAN_POINT ( 'NONE',  ( -69.21296696644789392, 30.09999999999999076, 14.56336761364393517 ) ) ;
#281 = CYLINDRICAL_SURFACE ( 'NONE', #1013, 15.04999999999999893 ) ;
#282 = CYLINDRICAL_SURFACE ( 'NONE', #1343, 1.500000000000001332 ) ;
#283 = EDGE_LOOP ( 'NONE', ( #823, #595 ) ) ;
#284 = CARTESIAN_POINT ( 'NONE',  ( -67.71296696644789392, 28.09999999999998366, 3.190102840931838379 ) ) ;
#285 = CARTESIAN_POINT ( 'NONE',  ( 0.000000000000000000, 0.000000000000000000, 0.000000000000000000 ) ) ;
#286 = LINE ( 'NONE', #1573, #522 ) ;
#287 = EDGE_CURVE ( 'NONE', #227, #230, #759, .T. ) ;
#288 = CARTESIAN_POINT ( 'NONE',  ( -75.63890089934366756, 28.09999999999998366, 14.56336761364393872 ) ) ;
#289 = ORIENTED_EDGE ( 'NONE', *, *, #19, .T. ) ;
#290 = EDGE_LOOP ( 'NONE', ( #945, #813, #455, #1174 ) ) ;
#291 = DIRECTION ( 'NONE',  ( 1.000000000000000000, 2.463512628606117579E-16, -2.301457347896260623E-16 ) ) ;
#292 = AXIS2_PLACEMENT_3D ( 'NONE', #1450, #682, #1300 ) ;
#293 = DIRECTION ( 'NONE',  ( -1.000000000000000000, -2.463512628606117579E-16, 2.301457347896260623E-16 ) ) ;
#294 = CARTESIAN_POINT ( 'NONE',  ( -81.85186786579156148, 22.09999999999999076, 19.49999999999998934 ) ) ;
#295 = PRODUCT ( 'worm wheel bearing', 'worm wheel bearing', '', ( #1446 ) ) ;
#296 = ORIENTED_EDGE ( 'NONE', *, *, #1460, .F. ) ;
#297 = DIRECTION ( 'NONE',  ( -1.000000000000000000, 0.000000000000000000, 0.000000000000000000 ) ) ;
#298 = DIRECTION ( 'NONE',  ( 0.000000000000000000, 0.000000000000000000, 1.000000000000000000 ) ) ;
#299 = APPROVAL ( #968, 'UNSPECIFIED' ) ;
#300 = EDGE_CURVE ( 'NONE', #265, #582, #990, .T. ) ;
#301 = ORIENTED_EDGE ( 'NONE', *, *, #539, .F. ) ;
#302 = DIRECTION ( 'NONE',  ( -1.000000000000000000, 0.000000000000000000, 0.000000000000000000 ) ) ;
#303 = CARTESIAN_POINT ( 'NONE',  ( -67.71296696644789392, 28.09999999999998366, 4.690102840931834827 ) ) ;
#304 = ORIENTED_EDGE ( 'NONE', *, *, #947, .F. ) ;
#305 = SECURITY_CLASSIFICATION ( '', '', #330 ) ;
#306 = ADVANCED_FACE ( 'NONE', ( #767 ), #631, .T. ) ;
#307 = PERSON_AND_ORGANIZATION_ROLE ( 'classification_officer' ) ;
#308 = AXIS2_PLACEMENT_3D ( 'NONE', #248, #8, #506 ) ;
#309 = CIRCLE ( 'NONE', #931, 25.05000000000000426 ) ;
#310 = CYLINDRICAL_SURFACE ( 'NONE', #1526, 2.000000000000001776 ) ;
#311 = DIRECTION ( 'NONE',  ( -1.000000000000000000, 7.709882115452476934E-17, -0.000000000000000000 ) ) ;
#312 = DIRECTION ( 'NONE',  ( -2.463512628606118072E-16, 1.000000000000000000, 1.740923997763740123E-31 ) ) ;
#313 = ORIENTED_EDGE ( 'NONE', *, *, #812, .T. ) ;
#314 = LINE ( 'NONE', #1168, #437 ) ;
#315 = EDGE_LOOP ( 'NONE', ( #531, #1541, #695, #1119 ) ) ;
#316 = VECTOR ( 'NONE', #1649, 1000.000000000000000 ) ;
#317 = ADVANCED_FACE ( 'NONE', ( #1173 ), #1155, .F. ) ;
#318 = VERTEX_POINT ( 'NONE', #5 ) ;
#319 = CARTESIAN_POINT ( 'NONE',  ( -81.85186786579157570, 20.29999999999997939, -23.30000000000000426 ) ) ;
#320 = CARTESIAN_POINT ( 'NONE',  ( 24.34235294322776966, 20.10000000000001208, -5.500000000000036415 ) ) ;
#321 = ORIENTED_EDGE ( 'NONE', *, *, #1583, .F. ) ;
#322 = DIRECTION ( 'NONE',  ( 1.000000000000000000, 2.463512628606117579E-16, -2.301457347896260623E-16 ) ) ;
#323 = VERTEX_POINT ( 'NONE', #1557 ) ;
#324 = EDGE_LOOP ( 'NONE', ( #969, #1158, #409, #1511, #433 ) ) ;
#325 = FACE_OUTER_BOUND ( 'NONE', #932, .T. ) ;
#326 = LINE ( 'NONE', #458, #1072 ) ;
#327 = ADVANCED_FACE ( 'NONE', ( #503 ), #1183, .F. ) ;
#328 = CARTESIAN_POINT ( 'NONE',  ( -77.47062215184691070, 30.03652054656796722, 17.99988816021191695 ) ) ;
#329 = VERTEX_POINT ( 'NONE', #1656 ) ;
#330 = SECURITY_CLASSIFICATION_LEVEL ( 'unclassified' ) ;
#331 = ORIENTED_EDGE ( 'NONE', *, *, #419, .F. ) ;
#332 = AXIS2_PLACEMENT_3D ( 'NONE', #483, #879, #756 ) ;
#333 = CARTESIAN_POINT ( 'NONE',  ( -77.13890089934366756, 30.09999999999999076, 4.690102840931834827 ) ) ;
#334 = CARTESIAN_POINT ( 'NONE',  ( -69.47567803088283256, -0.1000000000000119127, 17.59178453030270717 ) ) ;
#335 = AXIS2_PLACEMENT_3D ( 'NONE', #1566, #55, #164 ) ;
#336 = EDGE_CURVE ( 'NONE', #520, #75, #529, .T. ) ;
#337 = AXIS2_PLACEMENT_3D ( 'NONE', #70, #1204, #56 ) ;
#338 = CARTESIAN_POINT ( 'NONE',  ( -63.00000000000000000, -4.750000000000017764, -23.30000000000000782 ) ) ;
#339 = ORIENTED_EDGE ( 'NONE', *, *, #688, .T. ) ;
#340 = CIRCLE ( 'NONE', #1292, 25.05000000000000426 ) ;
#341 = VERTEX_POINT ( 'NONE', #1424 ) ;
#342 = CARTESIAN_POINT ( 'NONE',  ( -67.71296696644789392, 28.09999999999998366, 3.190102840931837935 ) ) ;
#343 = DIRECTION ( 'NONE',  ( 0.000000000000000000, 0.000000000000000000, 1.000000000000000000 ) ) ;
#344 = AXIS2_PLACEMENT_3D ( 'NONE', #716, #1512, #577 ) ;
#345 = CARTESIAN_POINT ( 'NONE',  ( -77.13890089934366756, 28.09999999999998366, 14.56336761364393872 ) ) ;
#346 = EDGE_CURVE ( 'NONE', #1175, #1650, #1263, .T. ) ;
#347 = ORIENTED_EDGE ( 'NONE', *, *, #131, .F. ) ;
#348 = VERTEX_POINT ( 'NONE', #1040 ) ;
#349 = EDGE_CURVE ( 'NONE', #38, #1560, #796, .T. ) ;
#350 = DIRECTION ( 'NONE',  ( 1.000000000000000000, 2.478176394252569801E-16, 0.000000000000000000 ) ) ;
#351 = DIRECTION ( 'NONE',  ( 0.000000000000000000, 1.000000000000000000, 0.000000000000000000 ) ) ;
#352 = EDGE_LOOP ( 'NONE', ( #892, #1570, #355, #1096, #1633 ) ) ;
#353 = LINE ( 'NONE', #1386, #484 ) ;
#354 = CARTESIAN_POINT ( 'NONE',  ( -77.13890089934365335, 1.899999999999971045, 6.190102840931832162 ) ) ;
#355 = ORIENTED_EDGE ( 'NONE', *, *, #349, .F. ) ;
#356 = ORIENTED_EDGE ( 'NONE', *, *, #1494, .F. ) ;
#357 = CARTESIAN_POINT ( 'NONE',  ( -77.13890089934366756, 30.03652054656796366, 17.99988816021191695 ) ) ;
#358 = EDGE_CURVE ( 'NONE', #222, #1331, #1289, .T. ) ;
#359 = CYLINDRICAL_SURFACE ( 'NONE', #1657, 2.000000000000000000 ) ;
#360 = CARTESIAN_POINT ( 'NONE',  ( -75.63890089934365335, -9.900000000000009237, 4.690102840931834827 ) ) ;
#361 =( GEOMETRIC_REPRESENTATION_CONTEXT ( 3 ) GLOBAL_UNCERTAINTY_ASSIGNED_CONTEXT ( ( #1267 ) ) GLOBAL_UNIT_ASSIGNED_CONTEXT ( ( #647, #268, #1455 ) ) REPRESENTATION_CONTEXT ( 'NONE', 'WORKASPACE' ) );
#362 = DIRECTION ( 'NONE',  ( 0.000000000000000000, 0.000000000000000000, 1.000000000000000000 ) ) ;
#363 = AXIS2_PLACEMENT_3D ( 'NONE', #645, #1321, #1444 ) ;
#364 = CARTESIAN_POINT ( 'NONE',  ( -69.21296696644789392, 20.09999999999999076, 4.690102840931834827 ) ) ;
#365 = VECTOR ( 'NONE', #833, 1000.000000000000000 ) ;
#366 = AXIS2_PLACEMENT_3D ( 'NONE', #1384, #1627, #229 ) ;
#367 = ORIENTED_EDGE ( 'NONE', *, *, #999, .T. ) ;
#368 = ORIENTED_EDGE ( 'NONE', *, *, #1147, .F. ) ;
#369 = CARTESIAN_POINT ( 'NONE',  ( -67.71296696644787971, -9.900000000000009237, 4.690102840931834827 ) ) ;
#370 = ADVANCED_FACE ( 'NONE', ( #12 ), #667, .F. ) ;
#371 = DIRECTION ( 'NONE',  ( 1.000000000000000000, 2.463512628606117579E-16, -2.301457347896260623E-16 ) ) ;
#372 = DIRECTION ( 'NONE',  ( -1.000000000000000000, 0.000000000000000000, 0.000000000000000000 ) ) ;
#373 = DIRECTION ( 'NONE',  ( -1.000000000000000000, -2.463512628606117579E-16, 2.301457347896260623E-16 ) ) ;
#374 = VERTEX_POINT ( 'NONE', #184 ) ;
#375 = ORIENTED_EDGE ( 'NONE', *, *, #244, .T. ) ;
#376 = FACE_BOUND ( 'NONE', #1598, .T. ) ;
#377 = FACE_OUTER_BOUND ( 'NONE', #352, .T. ) ;
#378 = DIRECTION ( 'NONE',  ( -2.463512628606118072E-16, 1.000000000000000000, 1.740923997763740123E-31 ) ) ;
#379 = CARTESIAN_POINT ( 'NONE',  ( -77.13890089934366756, 28.09999999999998366, 16.06336761364393695 ) ) ;
#380 = CYLINDRICAL_SURFACE ( 'NONE', #1186, 2.000000000000000000 ) ;
#381 = EDGE_CURVE ( 'NONE', #225, #410, #1198, .T. ) ;
#382 = ORIENTED_EDGE ( 'NONE', *, *, #1221, .F. ) ;
#383 = VERTEX_POINT ( 'NONE', #294 ) ;
#384 = CYLINDRICAL_SURFACE ( 'NONE', #21, 1.500000000000001332 ) ;
#385 = APPROVAL_STATUS ( 'not_yet_approved' ) ;
#386 = CYLINDRICAL_SURFACE ( 'NONE', #1099, 25.05000000000000426 ) ;
#387 = CARTESIAN_POINT ( 'NONE',  ( -78.63890089934365335, -9.900000000000009237, 14.56336761364393872 ) ) ;
#388 = CARTESIAN_POINT ( 'NONE',  ( -81.85186786579157570, 22.09999999999998721, 17.49999999999999289 ) ) ;
#389 = DIRECTION ( 'NONE',  ( -1.000000000000000000, 0.000000000000000000, 0.000000000000000000 ) ) ;
#390 = EDGE_CURVE ( 'NONE', #58, #1282, #1610, .T. ) ;
#391 = EDGE_CURVE ( 'NONE', #1266, #227, #1531, .T. ) ;
#392 = ORIENTED_EDGE ( 'NONE', *, *, #1105, .T. ) ;
#393 = VECTOR ( 'NONE', #124, 1000.000000000000000 ) ;
#394 = AXIS2_PLACEMENT_3D ( 'NONE', #949, #1614, #302 ) ;
#395 = ORIENTED_EDGE ( 'NONE', *, *, #1139, .F. ) ;
#396 = DIRECTION ( 'NONE',  ( 1.000000000000000000, -7.709882115452476934E-17, 0.000000000000000000 ) ) ;
#397 = FACE_OUTER_BOUND ( 'NONE', #441, .T. ) ;
#398 = VECTOR ( 'NONE', #1015, 1000.000000000000000 ) ;
#399 = DIRECTION ( 'NONE',  ( 0.000000000000000000, 1.000000000000000000, 0.000000000000000000 ) ) ;
#400 = AXIS2_PLACEMENT_3D ( 'NONE', #94, #1520, #102 ) ;
#401 = DIRECTION ( 'NONE',  ( -1.000000000000000000, 7.709882115452476934E-17, -0.000000000000000000 ) ) ;
#402 = EDGE_CURVE ( 'NONE', #383, #1009, #190, .T. ) ;
#403 = EDGE_LOOP ( 'NONE', ( #679, #1658, #1355, #41, #1109 ) ) ;
#404 = CARTESIAN_POINT ( 'NONE',  ( 24.34235294322776966, 30.10000000000001563, 17.49999999999996803 ) ) ;
#405 = EDGE_CURVE ( 'NONE', #318, #1051, #1345, .T. ) ;
#406 = DIRECTION ( 'NONE',  ( -1.000000000000000000, 0.000000000000000000, 0.000000000000000000 ) ) ;
#407 = CARTESIAN_POINT ( 'NONE',  ( 24.34235294322776255, 5.250000000000006217, -23.30000000000002913 ) ) ;
#408 = DIRECTION ( 'NONE',  ( -1.000000000000000000, 0.000000000000000000, 0.000000000000000000 ) ) ;
#409 = ORIENTED_EDGE ( 'NONE', *, *, #532, .T. ) ;
#410 = VERTEX_POINT ( 'NONE', #288 ) ;
#411 = DIRECTION ( 'NONE',  ( -1.000000000000000000, -2.463512628606117579E-16, 2.301457347896260623E-16 ) ) ;
#412 = DIRECTION ( 'NONE',  ( 2.305280366746587440E-16, -1.000000000000000000, 0.000000000000000000 ) ) ;
#413 = DIRECTION ( 'NONE',  ( 1.000000000000000000, 2.463512628606117579E-16, -2.301457347896260623E-16 ) ) ;
#414 = ORIENTED_EDGE ( 'NONE', *, *, #927, .F. ) ;
#415 = CIRCLE ( 'NONE', #1205, 2.000000000000001776 ) ;
#416 = ORIENTED_EDGE ( 'NONE', *, *, #448, .F. ) ;
#417 = CARTESIAN_POINT ( 'NONE',  ( -77.13890089934365335, 1.899999999999971045, 4.690102840931834827 ) ) ;
#418 = AXIS2_PLACEMENT_3D ( 'NONE', #442, #964, #655 ) ;
#419 = EDGE_CURVE ( 'NONE', #323, #1266, #430, .T. ) ;
#420 = CARTESIAN_POINT ( 'NONE',  ( -63.00000000000000000, 32.09999999999999432, 1.040552582059421027 ) ) ;
#421 = DIRECTION ( 'NONE',  ( -1.000000000000000000, 0.000000000000000000, 0.000000000000000000 ) ) ;
#422 = AXIS2_PLACEMENT_3D ( 'NONE', #614, #1101, #1137 ) ;
#423 = ORIENTED_EDGE ( 'NONE', *, *, #391, .F. ) ;
#424 = LINE ( 'NONE', #92, #1121 ) ;
#425 = DIRECTION ( 'NONE',  ( -0.000000000000000000, 1.841377510045589761E-16, 1.000000000000000000 ) ) ;
#426 = ORIENTED_EDGE ( 'NONE', *, *, #1630, .T. ) ;
#427 = EDGE_CURVE ( 'NONE', #882, #684, #271, .T. ) ;
#428 = EDGE_LOOP ( 'NONE', ( #1275, #1515, #121, #1478, #1303 ) ) ;
#429 = LINE ( 'NONE', #1589, #54 ) ;
#430 = LINE ( 'NONE', #1335, #553 ) ;
#431 = ORIENTED_EDGE ( 'NONE', *, *, #1383, .F. ) ;
#432 = EDGE_CURVE ( 'NONE', #547, #939, #942, .T. ) ;
#433 = ORIENTED_EDGE ( 'NONE', *, *, #958, .T. ) ;
#434 = LOCAL_TIME ( 10, 28, 56.00000000000000000, #1356 ) ;
#435 = CIRCLE ( 'NONE', #1390, 25.05000000000000426 ) ;
#436 = EDGE_LOOP ( 'NONE', ( #395, #1017, #488, #168 ) ) ;
#437 = VECTOR ( 'NONE', #1188, 1000.000000000000000 ) ;
#438 = CIRCLE ( 'NONE', #1393, 1.500000000000001332 ) ;
#439 = DIRECTION ( 'NONE',  ( -2.463512628606118072E-16, 1.000000000000000000, 1.740923997763740342E-31 ) ) ;
#440 = DIRECTION ( 'NONE',  ( -1.000000000000000000, -2.463512628606117579E-16, 2.301457347896260623E-16 ) ) ;
#441 = EDGE_LOOP ( 'NONE', ( #1312, #786, #66, #1123, #1597, #1410 ) ) ;
#442 = CARTESIAN_POINT ( 'NONE',  ( -77.13890089934365335, 9.899999999999984368, 14.56336761364393872 ) ) ;
#443 = CIRCLE ( 'NONE', #400, 1.500000000000001332 ) ;
#444 = EDGE_LOOP ( 'NONE', ( #1575, #1593 ) ) ;
#445 = AXIS2_PLACEMENT_3D ( 'NONE', #1254, #1230, #586 ) ;
#446 = PERSON_AND_ORGANIZATION ( #1079, #1360 ) ;
#447 = ORIENTED_EDGE ( 'NONE', *, *, #1480, .T. ) ;
#448 = EDGE_CURVE ( 'NONE', #57, #1241, #904, .T. ) ;
#449 = DIRECTION ( 'NONE',  ( 8.659560562354943952E-17, -0.7071067811865465735, 0.7071067811865484609 ) ) ;
#450 = DIRECTION ( 'NONE',  ( 0.000000000000000000, -1.000000000000000000, 0.000000000000000000 ) ) ;
#451 = CARTESIAN_POINT ( 'NONE',  ( -78.63890089934366756, 20.09999999999999076, 14.56336761364393872 ) ) ;
#452 = CARTESIAN_POINT ( 'NONE',  ( -81.85186786579156148, 20.09999999999998721, 19.49999999999998934 ) ) ;
#453 = ORIENTED_EDGE ( 'NONE', *, *, #1466, .T. ) ;
#454 = DATE_TIME_ROLE ( 'classification_date' ) ;
#455 = ORIENTED_EDGE ( 'NONE', *, *, #612, .T. ) ;
#456 = EDGE_CURVE ( 'NONE', #635, #684, #1076, .T. ) ;
#457 = CARTESIAN_POINT ( 'NONE',  ( -63.00000000000000000, 9.899999999999989697, -5.500000000000035527 ) ) ;
#458 = CARTESIAN_POINT ( 'NONE',  ( -75.63890089934365335, -9.900000000000009237, 14.56336761364393872 ) ) ;
#459 = DIRECTION ( 'NONE',  ( 0.000000000000000000, 0.000000000000000000, 1.000000000000000000 ) ) ;
#460 = ORIENTED_EDGE ( 'NONE', *, *, #189, .T. ) ;
#461 = ORIENTED_EDGE ( 'NONE', *, *, #624, .T. ) ;
#462 = CARTESIAN_POINT ( 'NONE',  ( -67.71296696644787971, -0.1000000000000126482, 11.06336761364392096 ) ) ;
#463 = CIRCLE ( 'NONE', #686, 1.499999999999996891 ) ;
#464 = EDGE_CURVE ( 'NONE', #1626, #1026, #912, .T. ) ;
#465 = DIRECTION ( 'NONE',  ( 0.000000000000000000, 1.000000000000000000, 0.000000000000000000 ) ) ;
#466 = CIRCLE ( 'NONE', #1316, 2.000000000000001776 ) ;
#467 = B_SPLINE_CURVE_WITH_KNOTS ( 'NONE', 3,
 ( #1482, #835, #87, #1245, #851, #1628, #215, #859 ),
 .UNSPECIFIED., .F., .F.,
 ( 4, 2, 2, 4 ),
 ( 0.000000000000000000, 0.0004974755510115895897, 0.0009949511020231791795, 0.001989902204046396089 ),
 .UNSPECIFIED. ) ;
#468 = CARTESIAN_POINT ( 'NONE',  ( 24.34235294322776966, 7.900000000000011013, 19.49999999999996447 ) ) ;
#469 = EDGE_CURVE ( 'NONE', #1026, #38, #538, .T. ) ;
#470 = ORIENTED_EDGE ( 'NONE', *, *, #1061, .T. ) ;
#471 = AXIS2_PLACEMENT_3D ( 'NONE', #799, #1451, #421 ) ;
#472 = VECTOR ( 'NONE', #373, 1000.000000000000000 ) ;
#473 = ORIENTED_EDGE ( 'NONE', *, *, #1438, .F. ) ;
#474 = DIRECTION ( 'NONE',  ( -2.463512628606118072E-16, 1.000000000000000000, 1.740923997763740123E-31 ) ) ;
#475 = LINE ( 'NONE', #1527, #685 ) ;
#476 = ORIENTED_EDGE ( 'NONE', *, *, #1416, .T. ) ;
#477 = DIRECTION ( 'NONE',  ( 2.301457347896260623E-16, -0.000000000000000000, 1.000000000000000000 ) ) ;
#478 = DIRECTION ( 'NONE',  ( -1.000000000000000000, -2.463512628606117579E-16, 2.301457347896260623E-16 ) ) ;
#479 = ORIENTED_EDGE ( 'NONE', *, *, #1242, .T. ) ;
#480 = ADVANCED_FACE ( 'NONE', ( #691 ), #928, .T. ) ;
#481 = EDGE_LOOP ( 'NONE', ( #1257, #1609, #453, #1311, #1647 ) ) ;
#482 = DIRECTION ( 'NONE',  ( 0.000000000000000000, -1.000000000000000000, 0.000000000000000000 ) ) ;
#483 = CARTESIAN_POINT ( 'NONE',  ( 24.34235294322776255, 32.10000000000001563, 1.040552582059400821 ) ) ;
#484 = VECTOR ( 'NONE', #100, 1000.000000000000000 ) ;
#485 = CARTESIAN_POINT ( 'NONE',  ( -67.71296696644789392, 20.09999999999999076, 14.56336761364393517 ) ) ;
#486 = CARTESIAN_POINT ( 'NONE',  ( -69.21296696644787971, 9.899999999999984368, 14.56336761364393517 ) ) ;
#487 = CARTESIAN_POINT ( 'NONE',  ( -79.04315671918637065, 30.09999999999999076, 17.49999999999998934 ) ) ;
#488 = ORIENTED_EDGE ( 'NONE', *, *, #145, .T. ) ;
#489 = VERTEX_POINT ( 'NONE', #1318 ) ;
#490 = DIRECTION ( 'NONE',  ( -1.000000000000000000, -2.463512628606117579E-16, 0.000000000000000000 ) ) ;
#491 = LINE ( 'NONE', #98, #733 ) ;
#492 = AXIS2_PLACEMENT_3D ( 'NONE', #1012, #1004, #1517 ) ;
#493 = LINE ( 'NONE', #119, #233 ) ;
#494 = AXIS2_PLACEMENT_3D ( 'NONE', #828, #675, #541 ) ;
#495 = CARTESIAN_POINT ( 'NONE',  ( 24.34235294322776610, -0.4438077634011001749, -9.257317226574567570 ) ) ;
#496 = CIRCLE ( 'NONE', #574, 1.499999999999997780 ) ;
#497 = ORIENTED_EDGE ( 'NONE', *, *, #826, .T. ) ;
#498 = ORIENTED_EDGE ( 'NONE', *, *, #999, .F. ) ;
#499 = DIRECTION ( 'NONE',  ( -1.000000000000000000, -2.463512628606117579E-16, 2.301457347896260623E-16 ) ) ;
#500 = DIRECTION ( 'NONE',  ( 1.000000000000000000, -7.709882115452476934E-17, 0.000000000000000000 ) ) ;
#501 = DIRECTION ( 'NONE',  ( -1.000000000000000000, 0.000000000000000000, 0.000000000000000000 ) ) ;
#502 = EDGE_CURVE ( 'NONE', #329, #410, #1134, .T. ) ;
#503 = FACE_OUTER_BOUND ( 'NONE', #914, .T. ) ;
#504 = VERTEX_POINT ( 'NONE', #804 ) ;
#505 = ORIENTED_EDGE ( 'NONE', *, *, #189, .F. ) ;
#506 = DIRECTION ( 'NONE',  ( -1.000000000000000000, 0.000000000000000000, 0.000000000000000000 ) ) ;
#507 = PERSON_AND_ORGANIZATION_ROLE ( 'design_owner' ) ;
#508 = EDGE_CURVE ( 'NONE', #1391, #622, #1213, .T. ) ;
#509 = FACE_BOUND ( 'NONE', #283, .T. ) ;
#510 = DIRECTION ( 'NONE',  ( -2.463512628606118072E-16, 1.000000000000000000, 1.740923997763740123E-31 ) ) ;
#511 = ADVANCED_FACE ( 'NONE', ( #1330 ), #177, .T. ) ;
#512 = DIRECTION ( 'NONE',  ( 2.463512628606117579E-16, -1.000000000000000000, -1.731347548591861703E-31 ) ) ;
#513 = ORIENTED_EDGE ( 'NONE', *, *, #1105, .F. ) ;
#514 = CARTESIAN_POINT ( 'NONE',  ( -77.13890089934366756, 30.09999999999999076, 14.56336761364393872 ) ) ;
#515 = DIRECTION ( 'NONE',  ( -2.463512628606118072E-16, 1.000000000000000000, 1.740923997763740123E-31 ) ) ;
#516 = CYLINDRICAL_SURFACE ( 'NONE', #77, 15.04999999999999893 ) ;
#517 = EDGE_CURVE ( 'NONE', #75, #1295, #236, .T. ) ;
#518 = CARTESIAN_POINT ( 'NONE',  ( -78.63890089934365335, -0.1000000000000153683, 14.56336761364393872 ) ) ;
#519 = CARTESIAN_POINT ( 'NONE',  ( -67.71296696644787971, 1.900000000000002354, 14.56336761364393517 ) ) ;
#520 = VERTEX_POINT ( 'NONE', #566 ) ;
#521 = VECTOR ( 'NONE', #1299, 1000.000000000000000 ) ;
#522 = VECTOR ( 'NONE', #39, 1000.000000000000000 ) ;
#523 = VERTEX_POINT ( 'NONE', #165 ) ;
#524 = DIRECTION ( 'NONE',  ( -1.000000000000000000, -2.463512628606117579E-16, 2.301457347896260623E-16 ) ) ;
#525 = APPLICATION_PROTOCOL_DEFINITION ( 'international standard', 'config_control_design', 1994, #580 ) ;
#526 = FACE_OUTER_BOUND ( 'NONE', #1585, .T. ) ;
#527 = CARTESIAN_POINT ( 'NONE',  ( -81.85186786579156148, 9.899999999999984368, -5.500000000000010658 ) ) ;
#528 = CARTESIAN_POINT ( 'NONE',  ( -63.00000000000000000, 31.22754158964879423, -0.7591185885179874138 ) ) ;
#529 = LINE ( 'NONE', #1415, #398 ) ;
#530 = ORIENTED_EDGE ( 'NONE', *, *, #1283, .F. ) ;
#531 = ORIENTED_EDGE ( 'NONE', *, *, #1599, .T. ) ;
#532 = EDGE_CURVE ( 'NONE', #875, #635, #1068, .T. ) ;
#533 = DIRECTION ( 'NONE',  ( 0.000000000000000000, 1.000000000000000000, 0.000000000000000000 ) ) ;
#534 = AXIS2_PLACEMENT_3D ( 'NONE', #938, #1458, #298 ) ;
#535 = APPROVAL_DATE_TIME ( #1572, #251 ) ;
#536 = ORIENTED_EDGE ( 'NONE', *, *, #1408, .F. ) ;
#537 = CARTESIAN_POINT ( 'NONE',  ( -77.13890089934365335, 9.899999999999984368, 4.690102840931834827 ) ) ;
#538 = LINE ( 'NONE', #1057, #191 ) ;
#539 = EDGE_CURVE ( 'NONE', #58, #1625, #326, .T. ) ;
#540 = ORIENTED_EDGE ( 'NONE', *, *, #1332, .T. ) ;
#541 = DIRECTION ( 'NONE',  ( 0.000000000000000000, 0.000000000000000000, 1.000000000000000000 ) ) ;
#542 = DIRECTION ( 'NONE',  ( 2.463512628606117579E-16, -1.000000000000000000, -1.731347548591861703E-31 ) ) ;
#543 = CARTESIAN_POINT ( 'NONE',  ( -75.63890089934366756, 20.09999999999999076, 4.690102840931834827 ) ) ;
#544 = CARTESIAN_POINT ( 'NONE',  ( 24.34235294322776966, 9.900000000000011013, 19.49999999999996447 ) ) ;
#545 = ORIENTED_EDGE ( 'NONE', *, *, #847, .T. ) ;
#546 = VECTOR ( 'NONE', #1538, 1000.000000000000000 ) ;
#547 = VERTEX_POINT ( 'NONE', #1378 ) ;
#548 = AXIS2_PLACEMENT_3D ( 'NONE', #961, #706, #1489 ) ;
#549 = AXIS2_PLACEMENT_3D ( 'NONE', #723, #807, #1463 ) ;
#550 = PERSON_AND_ORGANIZATION ( #1079, #1360 ) ;
#551 = DIRECTION ( 'NONE',  ( -1.000000000000000000, -2.463512628606117579E-16, 2.301457347896260623E-16 ) ) ;
#552 = EDGE_CURVE ( 'NONE', #1291, #68, #1136, .T. ) ;
#553 = VECTOR ( 'NONE', #425, 1000.000000000000000 ) ;
#554 = CARTESIAN_POINT ( 'NONE',  ( -75.63890089934365335, -9.900000000000009237, 14.56336761364393872 ) ) ;
#555 = CIRCLE ( 'NONE', #638, 1.500000000000001332 ) ;
#556 = ORIENTED_EDGE ( 'NONE', *, *, #719, .T. ) ;
#557 = EDGE_LOOP ( 'NONE', ( #296, #721 ) ) ;
#558 = APPROVAL_DATE_TIME ( #1588, #1618 ) ;
#559 = AXIS2_PLACEMENT_3D ( 'NONE', #303, #791, #48 ) ;
#560 = DIRECTION ( 'NONE',  ( 1.000000000000000000, 0.000000000000000000, 0.000000000000000000 ) ) ;
#561 = DIRECTION ( 'NONE',  ( -1.000000000000000000, 7.709882115452476934E-17, -0.000000000000000000 ) ) ;
#562 = ORIENTED_EDGE ( 'NONE', *, *, #1476, .F. ) ;
#563 = ORIENTED_EDGE ( 'NONE', *, *, #151, .F. ) ;
#564 = ORIENTED_EDGE ( 'NONE', *, *, #728, .T. ) ;
#565 = CARTESIAN_POINT ( 'NONE',  ( -63.00000000000000000, 9.899999999999989697, 17.49999999999998934 ) ) ;
#566 = CARTESIAN_POINT ( 'NONE',  ( -81.85186786579157570, 31.22754158964879423, -0.7591185885179839721 ) ) ;
#567 = EDGE_LOOP ( 'NONE', ( #1524, #1199 ) ) ;
#568 = DIRECTION ( 'NONE',  ( 1.000000000000000000, 2.439454888092383004E-16, 0.000000000000000000 ) ) ;
#569 = ORIENTED_EDGE ( 'NONE', *, *, #935, .T. ) ;
#570 = AXIS2_PLACEMENT_3D ( 'NONE', #626, #1404, #1142 ) ;
#571 = EDGE_CURVE ( 'NONE', #42, #1461, #467, .T. ) ;
#572 = AXIS2_PLACEMENT_3D ( 'NONE', #1655, #1162, #362 ) ;
#573 = ORIENTED_EDGE ( 'NONE', *, *, #1639, .T. ) ;
#574 = AXIS2_PLACEMENT_3D ( 'NONE', #1439, #790, #1317 ) ;
#575 = CONICAL_SURFACE ( 'NONE', #366, 1.499999999999997780, 0.7853981633974495002 ) ;
#576 = CARTESIAN_POINT ( 'NONE',  ( -81.85186786579157570, 30.09999999999998721, 1.040552582059425246 ) ) ;
#577 = DIRECTION ( 'NONE',  ( 0.000000000000000000, -1.000000000000000000, 0.000000000000000000 ) ) ;
#578 = DIRECTION ( 'NONE',  ( 0.000000000000000000, 0.000000000000000000, -1.000000000000000000 ) ) ;
#579 = EDGE_LOOP ( 'NONE', ( #1459, #853, #587, #654, #133, #1140 ) ) ;
#580 = APPLICATION_CONTEXT ( 'configuration controlled 3d designs of mechanical parts and assemblies' ) ;
#581 = APPROVAL_ROLE ( '' ) ;
#582 = VERTEX_POINT ( 'NONE', #1252 ) ;
#583 = MANIFOLD_SOLID_BREP ( 'Stock-minilip main body-1', #845 ) ;
#584 = PLANE ( 'NONE',  #985 ) ;
#585 = CARTESIAN_POINT ( 'NONE',  ( -77.13890089934366756, 28.09999999999998366, 14.56336761364393872 ) ) ;
#586 = DIRECTION ( 'NONE',  ( 0.000000000000000000, 1.000000000000000000, 0.000000000000000000 ) ) ;
#587 = ORIENTED_EDGE ( 'NONE', *, *, #346, .F. ) ;
#588 = CC_DESIGN_DATE_AND_TIME_ASSIGNMENT ( #703, #712, ( #988 ) ) ;
#589 = ADVANCED_FACE ( 'NONE', ( #223, #1359, #1352, #997, #592 ), #1504, .T. ) ;
#590 = VERTEX_POINT ( 'NONE', #827 ) ;
#591 = CARTESIAN_POINT ( 'NONE',  ( -66.21296696644787971, -0.1000000000000146466, 4.690102840931834827 ) ) ;
#592 = FACE_OUTER_BOUND ( 'NONE', #1473, .T. ) ;
#593 = DIRECTION ( 'NONE',  ( -1.000000000000000000, -2.463512628606117579E-16, 2.301457347896261116E-16 ) ) ;
#594 = VERTEX_POINT ( 'NONE', #200 ) ;
#595 = ORIENTED_EDGE ( 'NONE', *, *, #662, .T. ) ;
#596 = CIRCLE ( 'NONE', #128, 3.500000000000003109 ) ;
#597 = LINE ( 'NONE', #135, #1496 ) ;
#598 = AXIS2_PLACEMENT_3D ( 'NONE', #1027, #1052, #568 ) ;
#599 = ORIENTED_EDGE ( 'NONE', *, *, #1053, .T. ) ;
#600 = FACE_OUTER_BOUND ( 'NONE', #1381, .T. ) ;
#601 = CIRCLE ( 'NONE', #1232, 1.499999999999996891 ) ;
#602 = ADVANCED_FACE ( 'NONE', ( #1228 ), #78, .F. ) ;
#603 = DIRECTION ( 'NONE',  ( 0.000000000000000000, 0.000000000000000000, -1.000000000000000000 ) ) ;
#604 = ORIENTED_EDGE ( 'NONE', *, *, #1480, .F. ) ;
#605 = VECTOR ( 'NONE', #869, 1000.000000000000000 ) ;
#606 = EDGE_LOOP ( 'NONE', ( #1217, #831 ) ) ;
#607 = CARTESIAN_POINT ( 'NONE',  ( -75.23464507950096447, 30.09999999999999076, 17.49999999999999289 ) ) ;
#608 = AXIS2_PLACEMENT_3D ( 'NONE', #320, #1113, #93 ) ;
#609 = CARTESIAN_POINT ( 'NONE',  ( -63.00000000000000000, 1.899999999999989919, 17.49999999999999289 ) ) ;
#610 = CARTESIAN_POINT ( 'NONE',  ( -81.85186786579156148, 20.09999999999998721, 17.49999999999999289 ) ) ;
#611 = DIRECTION ( 'NONE',  ( -2.463512628606118072E-16, 1.000000000000000000, 1.740923997763740123E-31 ) ) ;
#612 = EDGE_CURVE ( 'NONE', #1374, #726, #1642, .T. ) ;
#613 = EDGE_CURVE ( 'NONE', #1650, #875, #1132, .T. ) ;
#614 = CARTESIAN_POINT ( 'NONE',  ( -77.13890089934365335, -0.1000000000000159234, 4.690102840931834827 ) ) ;
#615 = ORIENTED_EDGE ( 'NONE', *, *, #469, .T. ) ;
#616 = ORIENTED_EDGE ( 'NONE', *, *, #1569, .T. ) ;
#617 = PLANE ( 'NONE',  #1067 ) ;
#618 = DIRECTION ( 'NONE',  ( -1.000000000000000000, -2.463512628606117579E-16, 2.301457347896260623E-16 ) ) ;
#619 = CARTESIAN_POINT ( 'NONE',  ( -75.63890089934365335, -0.1000000000000146466, 14.56336761364393872 ) ) ;
#620 = CARTESIAN_POINT ( 'NONE',  ( -67.71296696644787971, -9.900000000000009237, 4.690102840931834827 ) ) ;
#621 = CARTESIAN_POINT ( 'NONE',  ( 24.34235294322777321, 1.900000000000011013, 19.49999999999996803 ) ) ;
#622 = VERTEX_POINT ( 'NONE', #971 ) ;
#623 = ORIENTED_EDGE ( 'NONE', *, *, #508, .F. ) ;
#624 = EDGE_CURVE ( 'NONE', #230, #1234, #353, .T. ) ;
#625 = CARTESIAN_POINT ( 'NONE',  ( -69.21296696644787971, -9.900000000000009237, 4.690102840931834827 ) ) ;
#626 = CARTESIAN_POINT ( 'NONE',  ( -77.13890089934365335, 1.899999999999971045, 4.690102840931834827 ) ) ;
#627 = CARTESIAN_POINT ( 'NONE',  ( -67.71296696644789392, 30.09999999999999076, 8.190102840931848149 ) ) ;
#628 = LOCAL_TIME ( 10, 28, 56.00000000000000000, #1081 ) ;
#629 = DIRECTION ( 'NONE',  ( 0.000000000000000000, 1.000000000000000000, 0.000000000000000000 ) ) ;
#630 = CIRCLE ( 'NONE', #838, 2.000000000000000000 ) ;
#631 = CYLINDRICAL_SURFACE ( 'NONE', #636, 2.000000000000001776 ) ;
#632 = AXIS2_PLACEMENT_3D ( 'NONE', #670, #17, #146 ) ;
#633 = ORIENTED_EDGE ( 'NONE', *, *, #1375, .F. ) ;
#634 = ADVANCED_FACE ( 'NONE', ( #1238 ), #943, .F. ) ;
#635 = VERTEX_POINT ( 'NONE', #730 ) ;
#636 = AXIS2_PLACEMENT_3D ( 'NONE', #660, #1547, #1144 ) ;
#637 = DIRECTION ( 'NONE',  ( -1.000000000000000000, 0.000000000000000000, 0.000000000000000000 ) ) ;
#638 = AXIS2_PLACEMENT_3D ( 'NONE', #485, #858, #740 ) ;
#639 = CARTESIAN_POINT ( 'NONE',  ( -75.63890089934365335, 9.899999999999984368, 14.56336761364393872 ) ) ;
#640 = CARTESIAN_POINT ( 'NONE',  ( -63.00000000000000000, 35.34999999999998721, -23.30000000000000071 ) ) ;
#641 = CARTESIAN_POINT ( 'NONE',  ( -75.63890089934365335, -9.900000000000009237, 4.690102840931834827 ) ) ;
#642 = DIRECTION ( 'NONE',  ( 1.000000000000000000, 2.463512628606117579E-16, -2.301457347896261116E-16 ) ) ;
#643 = ORIENTED_EDGE ( 'NONE', *, *, #1530, .F. ) ;
#644 = ORIENTED_EDGE ( 'NONE', *, *, #91, .F. ) ;
#645 = CARTESIAN_POINT ( 'NONE',  ( 24.34235294322775900, 20.30000000000000426, -23.30000000000002913 ) ) ;
#646 = EDGE_CURVE ( 'NONE', #1461, #1606, #197, .T. ) ;
#647 =( LENGTH_UNIT ( ) NAMED_UNIT ( * ) SI_UNIT ( .MILLI., .METRE. ) );
#648 = CARTESIAN_POINT ( 'NONE',  ( 24.34235294322776966, 30.10000000000001563, 19.49999999999996447 ) ) ;
#649 = DIRECTION ( 'NONE',  ( -1.000000000000000000, 0.000000000000000000, 0.000000000000000000 ) ) ;
#650 = DIRECTION ( 'NONE',  ( 0.000000000000000000, 1.000000000000000000, 0.000000000000000000 ) ) ;
#651 = ADVANCED_FACE ( 'NONE', ( #600 ), #1125, .T. ) ;
#652 = DIRECTION ( 'NONE',  ( -1.000000000000000000, 0.000000000000000000, 0.000000000000000000 ) ) ;
#653 = EDGE_LOOP ( 'NONE', ( #1634, #687, #1373, #1435, #247, #1477, #1219, #1085, #1008, #50, #633, #1255, #1621, #1050, #778, #90 ) ) ;
#654 = ORIENTED_EDGE ( 'NONE', *, *, #801, .T. ) ;
#655 = DIRECTION ( 'NONE',  ( -1.000000000000000000, 0.000000000000000000, 0.000000000000000000 ) ) ;
#656 = PLANE ( 'NONE',  #925 ) ;
#657 = CARTESIAN_POINT ( 'NONE',  ( -81.85186786579157570, 20.29999999999997939, -23.30000000000000426 ) ) ;
#658 = DIRECTION ( 'NONE',  ( 1.000000000000000000, 2.463512628606117579E-16, -2.301457347896260623E-16 ) ) ;
#659 = LINE ( 'NONE', #1039, #1153 ) ;
#660 = CARTESIAN_POINT ( 'NONE',  ( 24.34235294322777676, 22.10000000000001563, 17.49999999999996803 ) ) ;
#661 = VECTOR ( 'NONE', #169, 1000.000000000000000 ) ;
#662 = EDGE_CURVE ( 'NONE', #1560, #38, #1063, .T. ) ;
#663 = VECTOR ( 'NONE', #1622, 1000.000000000000000 ) ;
#664 = AXIS2_PLACEMENT_3D ( 'NONE', #1022, #500, #1260 ) ;
#665 = ORIENTED_EDGE ( 'NONE', *, *, #1438, .T. ) ;
#666 = DIRECTION ( 'NONE',  ( -1.000000000000000000, 0.000000000000000000, 0.000000000000000000 ) ) ;
#667 = CONICAL_SURFACE ( 'NONE', #874, 1.499999999999997780, 0.7853981633974495002 ) ;
#668 = CALENDAR_DATE ( 2026, 2, 6 ) ;
#669 = AXIS2_PLACEMENT_3D ( 'NONE', #1239, #28, #1055 ) ;
#670 = CARTESIAN_POINT ( 'NONE',  ( -67.71296696644787971, -9.900000000000009237, 4.690102840931834827 ) ) ;
#671 = DIRECTION ( 'NONE',  ( 8.659560562354921765E-17, 0.7071067811865486830, -0.7071067811865464625 ) ) ;
#672 = EDGE_CURVE ( 'NONE', #1592, #323, #630, .T. ) ;
#673 = ORIENTED_EDGE ( 'NONE', *, *, #1372, .F. ) ;
#674 = ORIENTED_EDGE ( 'NONE', *, *, #244, .F. ) ;
#675 = DIRECTION ( 'NONE',  ( 0.000000000000000000, 1.000000000000000000, 0.000000000000000000 ) ) ;
#676 = DIRECTION ( 'NONE',  ( -1.000000000000000000, -2.463512628606117579E-16, 2.301457347896260623E-16 ) ) ;
#677 = DIRECTION ( 'NONE',  ( -2.463512628606118072E-16, 1.000000000000000000, 1.740923997763740123E-31 ) ) ;
#678 = ORIENTED_EDGE ( 'NONE', *, *, #1111, .F. ) ;
#679 = ORIENTED_EDGE ( 'NONE', *, *, #151, .T. ) ;
#680 = EDGE_CURVE ( 'NONE', #1026, #523, #463, .T. ) ;
#681 = CALENDAR_DATE ( 2026, 2, 6 ) ;
#682 = DIRECTION ( 'NONE',  ( 0.000000000000000000, -1.000000000000000000, 0.000000000000000000 ) ) ;
#683 = DIRECTION ( 'NONE',  ( -1.000000000000000000, -2.463512628606117579E-16, 2.301457347896260623E-16 ) ) ;
#684 = VERTEX_POINT ( 'NONE', #486 ) ;
#685 = VECTOR ( 'NONE', #1112, 1000.000000000000000 ) ;
#686 = AXIS2_PLACEMENT_3D ( 'NONE', #144, #629, #1519 ) ;
#687 = ORIENTED_EDGE ( 'NONE', *, *, #1448, .T. ) ;
#688 = EDGE_CURVE ( 'NONE', #1534, #1626, #1256, .T. ) ;
#689 = CARTESIAN_POINT ( 'NONE',  ( -63.00000000000000000, -0.4438077634011210471, -9.257317226574548030 ) ) ;
#690 = AXIS2_PLACEMENT_3D ( 'NONE', #519, #274, #1024 ) ;
#691 = FACE_OUTER_BOUND ( 'NONE', #1441, .T. ) ;
#692 = ORIENTED_EDGE ( 'NONE', *, *, #1394, .F. ) ;
#693 = ORIENTED_EDGE ( 'NONE', *, *, #110, .T. ) ;
#694 = APPROVAL_STATUS ( 'not_yet_approved' ) ;
#695 = ORIENTED_EDGE ( 'NONE', *, *, #1305, .T. ) ;
#696 = EDGE_CURVE ( 'NONE', #1187, #1104, #153, .T. ) ;
#697 = DIRECTION ( 'NONE',  ( -1.000000000000000000, 0.000000000000000000, 0.000000000000000000 ) ) ;
#698 = DIRECTION ( 'NONE',  ( -2.463512628606118072E-16, 1.000000000000000000, 1.740923997763740123E-31 ) ) ;
#699 = EDGE_CURVE ( 'NONE', #329, #1226, #137, .T. ) ;
#700 = EDGE_LOOP ( 'NONE', ( #562, #704, #423, #802, #992, #109, #1576 ) ) ;
#701 = DIRECTION ( 'NONE',  ( -1.000000000000000000, 0.000000000000000000, 0.000000000000000000 ) ) ;
#702 = EDGE_LOOP ( 'NONE', ( #769, #540, #946, #530 ) ) ;
#703 = DATE_AND_TIME ( #1612, #1065 ) ;
#704 = ORIENTED_EDGE ( 'NONE', *, *, #287, .F. ) ;
#705 = DIRECTION ( 'NONE',  ( -2.463512628606118072E-16, 1.000000000000000000, -1.841377510045590008E-16 ) ) ;
#706 = DIRECTION ( 'NONE',  ( 0.000000000000000000, -1.000000000000000000, 0.000000000000000000 ) ) ;
#707 = CARTESIAN_POINT ( 'NONE',  ( -77.80028827727235807, 30.04734621471770950, 17.96318644519674734 ) ) ;
#708 = ADVANCED_FACE ( 'NONE', ( #1143 ), #887, .F. ) ;
#709 = ORIENTED_EDGE ( 'NONE', *, *, #1031, .F. ) ;
#710 = APPROVAL_PERSON_ORGANIZATION ( #1028, #251, #789 ) ;
#711 = CIRCLE ( 'NONE', #598, 1.500000000000001332 ) ;
#712 = DATE_TIME_ROLE ( 'creation_date' ) ;
#713 = ORIENTED_EDGE ( 'NONE', *, *, #1185, .T. ) ;
#714 = VECTOR ( 'NONE', #291, 1000.000000000000000 ) ;
#715 = CARTESIAN_POINT ( 'NONE',  ( -81.85186786579157570, 35.34999999999998010, -23.30000000000000071 ) ) ;
#716 = CARTESIAN_POINT ( 'NONE',  ( 24.34235294322776610, -2.099999999999991651, -8.136144949255168513 ) ) ;
#717 = AXIS2_PLACEMENT_3D ( 'NONE', #1164, #156, #261 ) ;
#718 = LINE ( 'NONE', #1240, #1045 ) ;
#719 = EDGE_CURVE ( 'NONE', #227, #1059, #493, .T. ) ;
#720 = AXIS2_PLACEMENT_3D ( 'NONE', #725, #844, #234 ) ;
#721 = ORIENTED_EDGE ( 'NONE', *, *, #1021, .F. ) ;
#722 = EDGE_LOOP ( 'NONE', ( #604, #1084 ) ) ;
#723 = CARTESIAN_POINT ( 'NONE',  ( -67.71296696644789392, 30.09999999999999076, 14.56336761364393517 ) ) ;
#724 = DIRECTION ( 'NONE',  ( 0.000000000000000000, 0.000000000000000000, -1.000000000000000000 ) ) ;
#725 = CARTESIAN_POINT ( 'NONE',  ( -77.13890089934366756, 20.09999999999999076, 4.690102840931834827 ) ) ;
#726 = VERTEX_POINT ( 'NONE', #280 ) ;
#727 = ORIENTED_EDGE ( 'NONE', *, *, #532, .F. ) ;
#728 = EDGE_CURVE ( 'NONE', #1282, #794, #1555, .T. ) ;
#729 = DIRECTION ( 'NONE',  ( -2.463512628606118072E-16, 1.000000000000000000, 1.740923997763740123E-31 ) ) ;
#730 = CARTESIAN_POINT ( 'NONE',  ( -69.21296696644787971, 1.900000000000002354, 14.56336761364393517 ) ) ;
#731 = DIRECTION ( 'NONE',  ( 0.000000000000000000, -1.000000000000000000, 0.000000000000000000 ) ) ;
#732 = ORIENTED_EDGE ( 'NONE', *, *, #1599, .F. ) ;
#733 = VECTOR ( 'NONE', #117, 1000.000000000000000 ) ;
#734 = EDGE_LOOP ( 'NONE', ( #1339, #1000, #1508, #615, #1320 ) ) ;
#735 = CARTESIAN_POINT ( 'NONE',  ( -75.83440426000187529, 30.07939478566918012, 17.79321399325798225 ) ) ;
#736 = AXIS2_PLACEMENT_3D ( 'NONE', #278, #1322, #1046 ) ;
#737 = ADVANCED_FACE ( 'NONE', ( #1171 ), #1406, .F. ) ;
#738 = LINE ( 'NONE', #1537, #1095 ) ;
#739 = VECTOR ( 'NONE', #474, 1000.000000000000000 ) ;
#740 = DIRECTION ( 'NONE',  ( 1.000000000000000000, 0.000000000000000000, 0.000000000000000000 ) ) ;
#741 = CARTESIAN_POINT ( 'NONE',  ( -67.71296696644787971, 1.900000000000002354, 14.56336761364393517 ) ) ;
#742 = VECTOR ( 'NONE', #551, 1000.000000000000000 ) ;
#743 = AXIS2_PLACEMENT_3D ( 'NONE', #111, #1006, #372 ) ;
#744 = DIRECTION ( 'NONE',  ( 1.000000000000000000, 2.463512628606117579E-16, -2.301457347896260623E-16 ) ) ;
#745 = ORIENTED_EDGE ( 'NONE', *, *, #1181, .T. ) ;
#746 = CIRCLE ( 'NONE', #59, 15.04999999999999893 ) ;
#747 = EDGE_LOOP ( 'NONE', ( #1641, #1377 ) ) ;
#748 = FACE_BOUND ( 'NONE', #1251, .T. ) ;
#749 = LINE ( 'NONE', #1270, #1471 ) ;
#750 = DIRECTION ( 'NONE',  ( 0.000000000000000000, 0.000000000000000000, 1.000000000000000000 ) ) ;
#751 = CARTESIAN_POINT ( 'NONE',  ( -63.00000000000000000, 20.29999999999998295, -23.30000000000000782 ) ) ;
#752 = ADVANCED_FACE ( 'NONE', ( #1397, #250, #758, #1278 ), #1029, .T. ) ;
#753 = ORIENTED_EDGE ( 'NONE', *, *, #390, .T. ) ;
#754 = ORIENTED_EDGE ( 'NONE', *, *, #1212, .T. ) ;
#755 = CARTESIAN_POINT ( 'NONE',  ( -77.13890089934366756, 30.09999999999999076, 11.06336761364393872 ) ) ;
#756 = DIRECTION ( 'NONE',  ( 0.000000000000000000, -1.000000000000000000, 0.000000000000000000 ) ) ;
#757 = CARTESIAN_POINT ( 'NONE',  ( 24.34235294322775900, 20.30000000000000426, -23.30000000000002913 ) ) ;
#758 = FACE_BOUND ( 'NONE', #606, .T. ) ;
#759 = LINE ( 'NONE', #621, #1235 ) ;
#760 = ADVANCED_FACE ( 'NONE', ( #397 ), #1552, .F. ) ;
#761 = ORIENTED_EDGE ( 'NONE', *, *, #1372, .T. ) ;
#762 = ORIENTED_EDGE ( 'NONE', *, *, #44, .T. ) ;
#763 = CARTESIAN_POINT ( 'NONE',  ( -79.04315671918637065, 30.09999999999999076, 17.49999999999998934 ) ) ;
#764 = CARTESIAN_POINT ( 'NONE',  ( -78.63890089934366756, 20.09999999999999076, 4.690102840931834827 ) ) ;
#765 = LINE ( 'NONE', #782, #521 ) ;
#766 = VECTOR ( 'NONE', #880, 1000.000000000000000 ) ;
#767 = FACE_OUTER_BOUND ( 'NONE', #192, .T. ) ;
#768 = AXIS2_PLACEMENT_3D ( 'NONE', #1182, #176, #399 ) ;
#769 = ORIENTED_EDGE ( 'NONE', *, *, #1507, .F. ) ;
#770 = ADVANCED_FACE ( 'NONE', ( #16 ), #516, .F. ) ;
#771 = EDGE_LOOP ( 'NONE', ( #1467, #1249, #289, #1146, #1542 ) ) ;
#772 = CARTESIAN_POINT ( 'NONE',  ( -67.71296696644789392, 20.09999999999999076, 4.690102840931834827 ) ) ;
#773 = AXIS2_PLACEMENT_3D ( 'NONE', #1363, #1371, #216 ) ;
#774 = ADVANCED_FACE ( 'NONE', ( #1272 ), #1154, .F. ) ;
#775 = DIRECTION ( 'NONE',  ( 1.000000000000000000, 2.463512628606118072E-16, 0.000000000000000000 ) ) ;
#776 = CYLINDRICAL_SURFACE ( 'NONE', #632, 1.500000000000001332 ) ;
#777 = CARTESIAN_POINT ( 'NONE',  ( -63.00000000000000000, 60.00000000000000711, -127.2792206135786017 ) ) ;
#778 = ORIENTED_EDGE ( 'NONE', *, *, #834, .F. ) ;
#779 = CARTESIAN_POINT ( 'NONE',  ( -63.00000000000000000, 30.09999999999999432, 17.49999999999998934 ) ) ;
#780 = DIRECTION ( 'NONE',  ( -1.000000000000000000, 0.000000000000000000, 0.000000000000000000 ) ) ;
#781 = DIRECTION ( 'NONE',  ( -1.000000000000000000, -2.463512628606117579E-16, 2.301457347896260623E-16 ) ) ;
#782 = CARTESIAN_POINT ( 'NONE',  ( -67.71296696644787971, 1.899999999999999023, 13.06336761364393695 ) ) ;
#783 = EDGE_CURVE ( 'NONE', #582, #726, #1307, .T. ) ;
#784 = CYLINDRICAL_SURFACE ( 'NONE', #335, 1.500000000000001332 ) ;
#785 = DIRECTION ( 'NONE',  ( -2.463512628606118072E-16, 1.000000000000000000, 1.740923997763740123E-31 ) ) ;
#786 = ORIENTED_EDGE ( 'NONE', *, *, #432, .T. ) ;
#787 = EDGE_LOOP ( 'NONE', ( #1208, #1042, #1268, #447 ) ) ;
#788 = CARTESIAN_POINT ( 'NONE',  ( -63.00000000000000000, 22.09999999999999432, 19.49999999999998579 ) ) ;
#789 = APPROVAL_ROLE ( '' ) ;
#790 = DIRECTION ( 'NONE',  ( 0.000000000000000000, 1.000000000000000000, 0.000000000000000000 ) ) ;
#791 = DIRECTION ( 'NONE',  ( 0.000000000000000000, 1.000000000000000000, 0.000000000000000000 ) ) ;
#792 = AXIS2_PLACEMENT_3D ( 'NONE', #620, #870, #1014 ) ;
#793 = CIRCLE ( 'NONE', #872, 2.000000000000001776 ) ;
#794 = VERTEX_POINT ( 'NONE', #1431 ) ;
#795 = DIRECTION ( 'NONE',  ( 2.463512628606117579E-16, -1.000000000000000000, -1.731347548591861703E-31 ) ) ;
#796 = CIRCLE ( 'NONE', #83, 3.500000000000016875 ) ;
#797 = DIRECTION ( 'NONE',  ( -1.000000000000000000, 0.000000000000000000, 0.000000000000000000 ) ) ;
#798 = CARTESIAN_POINT ( 'NONE',  ( -63.00000000000000000, 5.249999999999985789, -23.30000000000000782 ) ) ;
#799 = CARTESIAN_POINT ( 'NONE',  ( -67.71296696644787971, 9.899999999999984368, 14.56336761364393517 ) ) ;
#800 = ORIENTED_EDGE ( 'NONE', *, *, #219, .T. ) ;
#801 = EDGE_CURVE ( 'NONE', #1175, #1453, #765, .T. ) ;
#802 = ORIENTED_EDGE ( 'NONE', *, *, #935, .F. ) ;
#803 = DIRECTION ( 'NONE',  ( -1.000000000000000000, -2.463512628606117579E-16, 2.301457347896261116E-16 ) ) ;
#804 = CARTESIAN_POINT ( 'NONE',  ( -81.85186786579156148, 28.09999999999998721, 19.49999999999998934 ) ) ;
#805 = ADVANCED_FACE ( 'NONE', ( #526 ), #1047, .F. ) ;
#806 = ORIENTED_EDGE ( 'NONE', *, *, #1408, .T. ) ;
#807 = DIRECTION ( 'NONE',  ( -2.463512628606118072E-16, 1.000000000000000000, 1.740923997763740342E-31 ) ) ;
#808 = DIRECTION ( 'NONE',  ( 2.301457347896260130E-16, 3.469446951953614189E-16, 1.000000000000000000 ) ) ;
#809 = ORIENTED_EDGE ( 'NONE', *, *, #1093, .F. ) ;
#810 = LOCAL_TIME ( 10, 28, 56.00000000000000000, #1314 ) ;
#811 = CIRCLE ( 'NONE', #1231, 1.500000000000001332 ) ;
#812 = EDGE_CURVE ( 'NONE', #1499, #374, #1179, .T. ) ;
#813 = ORIENTED_EDGE ( 'NONE', *, *, #1340, .T. ) ;
#814 = CIRCLE ( 'NONE', #1660, 2.000000000000001776 ) ;
#815 = CALENDAR_DATE ( 2026, 2, 6 ) ;
#816 = EDGE_CURVE ( 'NONE', #1129, #210, #206, .T. ) ;
#817 = FACE_OUTER_BOUND ( 'NONE', #481, .T. ) ;
#818 = DIRECTION ( 'NONE',  ( 1.000000000000000000, 2.439454888092383004E-16, 0.000000000000000000 ) ) ;
#819 = AXIS2_PLACEMENT_3D ( 'NONE', #1036, #1564, #118 ) ;
#820 = ORIENTED_EDGE ( 'NONE', *, *, #847, .F. ) ;
#821 = LINE ( 'NONE', #23, #714 ) ;
#822 = AXIS2_PLACEMENT_3D ( 'NONE', #585, #465, #343 ) ;
#823 = ORIENTED_EDGE ( 'NONE', *, *, #349, .T. ) ;
#824 = ORIENTED_EDGE ( 'NONE', *, *, #1530, .T. ) ;
#825 = DIRECTION ( 'NONE',  ( -1.000000000000000000, -2.463512628606117579E-16, 2.301457347896260623E-16 ) ) ;
#826 = EDGE_CURVE ( 'NONE', #1568, #74, #1269, .T. ) ;
#827 = CARTESIAN_POINT ( 'NONE',  ( -63.00000000000000000, 20.09999999999999432, 17.49999999999998934 ) ) ;
#828 = CARTESIAN_POINT ( 'NONE',  ( -77.13890089934366756, 28.09999999999998366, 14.56336761364393872 ) ) ;
#829 = ORIENTED_EDGE ( 'NONE', *, *, #889, .F. ) ;
#830 = PERSON_AND_ORGANIZATION_ROLE ( 'design_supplier' ) ;
#831 = ORIENTED_EDGE ( 'NONE', *, *, #1661, .F. ) ;
#832 = CC_DESIGN_DATE_AND_TIME_ASSIGNMENT ( #1462, #454, ( #305 ) ) ;
#833 = DIRECTION ( 'NONE',  ( -1.000000000000000000, -2.463512628606117579E-16, 2.301457347896260623E-16 ) ) ;
#834 = EDGE_CURVE ( 'NONE', #1291, #590, #1420, .T. ) ;
#835 = CARTESIAN_POINT ( 'NONE',  ( -65.95032074063557559, -0.1000000000000107331, 17.59182657483136225 ) ) ;
#836 = CARTESIAN_POINT ( 'NONE',  ( -81.85186786579156148, 1.899999999999986811, 19.49999999999999289 ) ) ;
#837 = ORIENTED_EDGE ( 'NONE', *, *, #358, .F. ) ;
#838 = AXIS2_PLACEMENT_3D ( 'NONE', #243, #658, #1422 ) ;
#839 = PERSON_AND_ORGANIZATION ( #1079, #1360 ) ;
#840 = ORIENTED_EDGE ( 'NONE', *, *, #1073, .F. ) ;
#841 = AXIS2_PLACEMENT_3D ( 'NONE', #1344, #1368, #214 ) ;
#842 = CARTESIAN_POINT ( 'NONE',  ( -75.23464507950096447, 30.09999999999999076, 17.49999999999999289 ) ) ;
#843 = CARTESIAN_POINT ( 'NONE',  ( -69.61722278629059701, -0.1000000000000117184, 17.49999999999999289 ) ) ;
#844 = DIRECTION ( 'NONE',  ( 2.463512628606117579E-16, -1.000000000000000000, 0.000000000000000000 ) ) ;
#845 = CLOSED_SHELL ( 'NONE', ( #1546, #760, #370, #178, #774, #1248, #71, #317, #708, #854, #937, #1652, #770, #511, #967, #1596, #903, #480, #752, #31, #61, #651, #589, #1163, #1362, #275, #252, #1309, #1194, #805, #871, #97, #737, #327, #1200, #1437, #634, #64, #266, #1548, #602, #1539, #306, #1426 ) ) ;
#846 = ORIENTED_EDGE ( 'NONE', *, *, #211, .F. ) ;
#847 = EDGE_CURVE ( 'NONE', #196, #123, #103, .T. ) ;
#848 = ORIENTED_EDGE ( 'NONE', *, *, #181, .F. ) ;
#849 = CARTESIAN_POINT ( 'NONE',  ( -81.85186786579157570, 20.29999999999997939, -23.30000000000000426 ) ) ;
#850 = EDGE_LOOP ( 'NONE', ( #416, #203, #1201, #382 ) ) ;
#851 = CARTESIAN_POINT ( 'NONE',  ( -66.56368186172522883, -0.07084778834347379983, 17.84268606031016446 ) ) ;
#852 = FACE_OUTER_BOUND ( 'NONE', #959, .T. ) ;
#853 = ORIENTED_EDGE ( 'NONE', *, *, #613, .F. ) ;
#854 = ADVANCED_FACE ( 'NONE', ( #1150 ), #1645, .F. ) ;
#855 = ORIENTED_EDGE ( 'NONE', *, *, #131, .T. ) ;
#856 = CARTESIAN_POINT ( 'NONE',  ( 24.34235294322776610, -4.749999999999997335, -23.30000000000002913 ) ) ;
#857 = CYLINDRICAL_SURFACE ( 'NONE', #332, 2.000000000000001776 ) ;
#858 = DIRECTION ( 'NONE',  ( 2.463512628606117579E-16, -1.000000000000000000, 0.000000000000000000 ) ) ;
#859 = CARTESIAN_POINT ( 'NONE',  ( -67.71296696644787971, -0.03652054656798699867, 17.99988816021192051 ) ) ;
#860 = LINE ( 'NONE', #1379, #1369 ) ;
#861 = ORIENTED_EDGE ( 'NONE', *, *, #1147, .T. ) ;
#862 = EDGE_CURVE ( 'NONE', #166, #1558, #228, .T. ) ;
#863 = AXIS2_PLACEMENT_3D ( 'NONE', #10, #515, #780 ) ;
#864 = ORIENTED_EDGE ( 'NONE', *, *, #113, .F. ) ;
#865 = CARTESIAN_POINT ( 'NONE',  ( 24.34235294322776966, -0.09999999999998857025, 17.49999999999997158 ) ) ;
#866 = AXIS2_PLACEMENT_3D ( 'NONE', #11, #510, #649 ) ;
#867 = DIRECTION ( 'NONE',  ( 0.000000000000000000, -1.000000000000000000, 0.000000000000000000 ) ) ;
#868 = CIRCLE ( 'NONE', #161, 1.500000000000001332 ) ;
#869 = DIRECTION ( 'NONE',  ( -2.463512628606118072E-16, 1.000000000000000000, 1.740923997763740123E-31 ) ) ;
#870 = DIRECTION ( 'NONE',  ( -2.463512628606118072E-16, 1.000000000000000000, 1.740923997763740123E-31 ) ) ;
#871 = ADVANCED_FACE ( 'NONE', ( #1543 ), #384, .F. ) ;
#872 = AXIS2_PLACEMENT_3D ( 'NONE', #1122, #371, #351 ) ;
#873 = CARTESIAN_POINT ( 'NONE',  ( -78.44649249718726480, 30.07955821929320095, 17.79213269680866105 ) ) ;
#874 = AXIS2_PLACEMENT_3D ( 'NONE', #1310, #1324, #1591 ) ;
#875 = VERTEX_POINT ( 'NONE', #1296 ) ;
#876 = CIRCLE ( 'NONE', #445, 2.000000000000000000 ) ;
#877 = ORIENTED_EDGE ( 'NONE', *, *, #1429, .T. ) ;
#878 = CARTESIAN_POINT ( 'NONE',  ( -75.99141693921403373, 30.07076455061118736, 17.84308936986364458 ) ) ;
#879 = DIRECTION ( 'NONE',  ( -1.000000000000000000, -2.463512628606117579E-16, 2.301457347896260623E-16 ) ) ;
#880 = DIRECTION ( 'NONE',  ( -2.463512628606118072E-16, 1.000000000000000000, 1.740923997763740123E-31 ) ) ;
#881 = CARTESIAN_POINT ( 'NONE',  ( -77.13890089934365335, 1.899999999999971045, 3.190102840931837935 ) ) ;
#882 = VERTEX_POINT ( 'NONE', #1382 ) ;
#883 = ORIENTED_EDGE ( 'NONE', *, *, #226, .F. ) ;
#884 = CARTESIAN_POINT ( 'NONE',  ( -81.85186786579156148, 30.09999999999998721, 19.49999999999998934 ) ) ;
#885 = CARTESIAN_POINT ( 'NONE',  ( 24.34235294322776966, 1.900000000000011458, 17.49999999999997158 ) ) ;
#886 = DIRECTION ( 'NONE',  ( -2.463512628606118072E-16, 1.000000000000000000, 1.740923997763740123E-31 ) ) ;
#887 = CYLINDRICAL_SURFACE ( 'NONE', #866, 1.500000000000001332 ) ;
#888 = CC_DESIGN_PERSON_AND_ORGANIZATION_ASSIGNMENT ( #446, #830, ( #101 ) ) ;
#889 = EDGE_CURVE ( 'NONE', #1453, #1606, #53, .T. ) ;
#890 = DIRECTION ( 'NONE',  ( -1.000000000000000000, 0.000000000000000000, 0.000000000000000000 ) ) ;
#891 = VERTEX_POINT ( 'NONE', #134 ) ;
#892 = ORIENTED_EDGE ( 'NONE', *, *, #688, .F. ) ;
#893 = DIRECTION ( 'NONE',  ( -2.463512628606118072E-16, 1.000000000000000000, -1.841377510045590008E-16 ) ) ;
#894 = DIRECTION ( 'NONE',  ( -2.463512628606118072E-16, 1.000000000000000000, 1.740923997763740123E-31 ) ) ;
#895 = AXIS2_PLACEMENT_3D ( 'NONE', #1430, #1196, #1421 ) ;
#896 = DIRECTION ( 'NONE',  ( 2.305280366746587440E-16, -1.000000000000000000, 0.000000000000000000 ) ) ;
#897 = VECTOR ( 'NONE', #1276, 1000.000000000000000 ) ;
#898 = CARTESIAN_POINT ( 'NONE',  ( -67.71296696644787971, 1.900000000000002354, 13.06336761364393695 ) ) ;
#899 = DIRECTION ( 'NONE',  ( -1.000000000000000000, 0.000000000000000000, 0.000000000000000000 ) ) ;
#900 = CARTESIAN_POINT ( 'NONE',  ( 24.34235294322776966, 7.900000000000011013, 17.49999999999996803 ) ) ;
#901 = VECTOR ( 'NONE', #322, 1000.000000000000000 ) ;
#902 = VERTEX_POINT ( 'NONE', #763 ) ;
#903 = ADVANCED_FACE ( 'NONE', ( #748, #267, #376, #1516, #1403 ), #617, .T. ) ;
#904 = CIRCLE ( 'NONE', #1215, 15.05000000000000071 ) ;
#905 = CARTESIAN_POINT ( 'NONE',  ( -63.00000000000000000, -0.1000000000000100947, 17.49999999999999289 ) ) ;
#906 = AXIS2_PLACEMENT_3D ( 'NONE', #973, #1528, #899 ) ;
#907 = LINE ( 'NONE', #1553, #1037 ) ;
#908 = CARTESIAN_POINT ( 'NONE',  ( -77.13890089934366756, 28.09999999999998366, 14.56336761364393872 ) ) ;
#909 = FACE_OUTER_BOUND ( 'NONE', #1190, .T. ) ;
#910 = LINE ( 'NONE', #495, #472 ) ;
#911 = ORIENTED_EDGE ( 'NONE', *, *, #1124, .F. ) ;
#912 = CIRCLE ( 'NONE', #559, 1.499999999999996891 ) ;
#913 = EDGE_CURVE ( 'NONE', #35, #1214, #1509, .T. ) ;
#914 = EDGE_LOOP ( 'NONE', ( #921, #545, #392, #1135, #861 ) ) ;
#915 = FACE_OUTER_BOUND ( 'NONE', #246, .T. ) ;
#916 = APPLICATION_PROTOCOL_DEFINITION ( 'international standard', 'config_control_design', 1994, #1366 ) ;
#917 = FACE_OUTER_BOUND ( 'NONE', #734, .T. ) ;
#918 = CARTESIAN_POINT ( 'NONE',  ( -63.00000000000000000, 20.09999999999999432, -5.500000000000036415 ) ) ;
#919 = CARTESIAN_POINT ( 'NONE',  ( 24.34235294322776966, 22.10000000000001563, 19.49999999999996447 ) ) ;
#920 = ORIENTED_EDGE ( 'NONE', *, *, #1661, .T. ) ;
#921 = ORIENTED_EDGE ( 'NONE', *, *, #19, .F. ) ;
#922 = DIRECTION ( 'NONE',  ( 8.659560562354948882E-17, 0.7071067811865463515, -0.7071067811865487940 ) ) ;
#923 = DIRECTION ( 'NONE',  ( 0.000000000000000000, 0.000000000000000000, 1.000000000000000000 ) ) ;
#924 = DIRECTION ( 'NONE',  ( -2.463512628606117579E-16, 1.000000000000000000, 0.000000000000000000 ) ) ;
#926 = LINE ( 'NONE', #1457, #1237 ) ;
#925 = AXIS2_PLACEMENT_3D ( 'NONE', #1579, #933, #1297 ) ;
#927 = EDGE_CURVE ( 'NONE', #1226, #1425, #1443, .T. ) ;
#928 = PLANE ( 'NONE',  #1271 ) ;
#929 = VECTOR ( 'NONE', #1392, 1000.000000000000000 ) ;
#930 = ORIENTED_EDGE ( 'NONE', *, *, #419, .T. ) ;
#931 = AXIS2_PLACEMENT_3D ( 'NONE', #1195, #1044, #533 ) ;
#932 = EDGE_LOOP ( 'NONE', ( #556, #460, #95, #1452, #367, #754, #855, #1280, #1087, #665, #1080, #1167, #470, #72, #930, #1357 ) ) ;
#933 = DIRECTION ( 'NONE',  ( 2.301457347896260623E-16, 8.503546450866703280E-17, 1.000000000000000000 ) ) ;
#934 = AXIS2_PLACEMENT_3D ( 'NONE', #1505, #731, #1108 ) ;
#935 = EDGE_CURVE ( 'NONE', #1606, #1266, #1159, .T. ) ;
#936 = DIRECTION ( 'NONE',  ( -1.000000000000000000, 7.709882115452476934E-17, -0.000000000000000000 ) ) ;
#937 = ADVANCED_FACE ( 'NONE', ( #116 ), #1525, .F. ) ;
#938 = CARTESIAN_POINT ( 'NONE',  ( -77.13890089934366756, 28.09999999999998366, 14.56336761364393872 ) ) ;
#939 = VERTEX_POINT ( 'NONE', #755 ) ;
#940 = CALENDAR_DATE ( 2026, 2, 6 ) ;
#941 = DIRECTION ( 'NONE',  ( -2.463512628606118072E-16, 1.000000000000000000, 1.740923997763740123E-31 ) ) ;
#942 = LINE ( 'NONE', #172, #1636 ) ;
#943 = CONICAL_SURFACE ( 'NONE', #822, 1.499999999999997780, 0.7853981633974468357 ) ;
#944 = EDGE_CURVE ( 'NONE', #1282, #58, #711, .T. ) ;
#945 = ORIENTED_EDGE ( 'NONE', *, *, #9, .T. ) ;
#946 = ORIENTED_EDGE ( 'NONE', *, *, #552, .T. ) ;
#947 = EDGE_CURVE ( 'NONE', #504, #35, #1092, .T. ) ;
#948 = PERSON_AND_ORGANIZATION ( #1079, #1360 ) ;
#949 = CARTESIAN_POINT ( 'NONE',  ( -77.13890089934365335, 9.899999999999984368, 14.56336761364393872 ) ) ;
#950 = CARTESIAN_POINT ( 'NONE',  ( -66.21296696644787971, -9.900000000000009237, 4.690102840931834827 ) ) ;
#951 = CIRCLE ( 'NONE', #204, 1.500000000000001332 ) ;
#952 = ORIENTED_EDGE ( 'NONE', *, *, #300, .T. ) ;
#953 = CARTESIAN_POINT ( 'NONE',  ( -81.85186786579156148, 28.09999999999998721, 17.49999999999999289 ) ) ;
#954 = AXIS2_PLACEMENT_3D ( 'NONE', #953, #524, #193 ) ;
#955 = AXIS2_PLACEMENT_3D ( 'NONE', #1545, #1413, #775 ) ;
#956 = ORIENTED_EDGE ( 'NONE', *, *, #1383, .T. ) ;
#957 = CIRCLE ( 'NONE', #394, 1.500000000000001332 ) ;
#958 = EDGE_CURVE ( 'NONE', #684, #882, #811, .T. ) ;
#959 = EDGE_LOOP ( 'NONE', ( #513, #761, #536, #643, #321 ) ) ;
#960 = CARTESIAN_POINT ( 'NONE',  ( -66.21296696644789392, 30.09999999999999076, 14.56336761364393517 ) ) ;
#961 = CARTESIAN_POINT ( 'NONE',  ( -67.71296696644787971, 1.900000000000002354, 14.56336761364393517 ) ) ;
#962 = CIRCLE ( 'NONE', #720, 1.500000000000001332 ) ;
#963 = VERTEX_POINT ( 'NONE', #779 ) ;
#964 = DIRECTION ( 'NONE',  ( -2.463512628606117579E-16, 1.000000000000000000, 0.000000000000000000 ) ) ;
#965 = ORIENTED_EDGE ( 'NONE', *, *, #336, .T. ) ;
#966 = CC_DESIGN_PERSON_AND_ORGANIZATION_ASSIGNMENT ( #839, #307, ( #305 ) ) ;
#967 = ADVANCED_FACE ( 'NONE', ( #915 ), #43, .T. ) ;
#968 = APPROVAL_STATUS ( 'not_yet_approved' ) ;
#969 = ORIENTED_EDGE ( 'NONE', *, *, #1077, .F. ) ;
#970 = CARTESIAN_POINT ( 'NONE',  ( -67.71296696644789392, 20.09999999999999076, 4.690102840931834827 ) ) ;
#971 = CARTESIAN_POINT ( 'NONE',  ( -66.21296696644787971, 9.899999999999984368, 4.690102840931834827 ) ) ;
#972 = DIRECTION ( 'NONE',  ( 1.000000000000000000, 2.439454888092383004E-16, 0.000000000000000000 ) ) ;
#973 = CARTESIAN_POINT ( 'NONE',  ( -77.13890089934365335, -9.900000000000009237, 14.56336761364393872 ) ) ;
#974 = ORIENTED_EDGE ( 'NONE', *, *, #1073, .T. ) ;
#975 = PERSON_AND_ORGANIZATION ( #1079, #1360 ) ;
#976 = ORIENTED_EDGE ( 'NONE', *, *, #1111, .T. ) ;
#977 = DIRECTION ( 'NONE',  ( 0.000000000000000000, 1.000000000000000000, 0.000000000000000000 ) ) ;
#978 = CARTESIAN_POINT ( 'NONE',  ( -68.38060780186224008, -0.04764042357920869608, 17.96172470052724535 ) ) ;
#979 = CARTESIAN_POINT ( 'NONE',  ( -77.13890089934365335, -9.900000000000009237, 14.56336761364393872 ) ) ;
#980 = EDGE_CURVE ( 'NONE', #341, #1558, #435, .T. ) ;
#981 = CARTESIAN_POINT ( 'NONE',  ( -67.71296696644787971, -0.1000000000000150074, 4.690102840931834827 ) ) ;
#982 = ORIENTED_EDGE ( 'NONE', *, *, #1590, .F. ) ;
#983 = CIRCLE ( 'NONE', #158, 2.000000000000001776 ) ;
#984 = ORIENTED_EDGE ( 'NONE', *, *, #696, .F. ) ;
#985 = AXIS2_PLACEMENT_3D ( 'NONE', #69, #1244, #1594 ) ;
#986 = DIRECTION ( 'NONE',  ( 2.463512628606117579E-16, -1.000000000000000000, 0.000000000000000000 ) ) ;
#987 = CARTESIAN_POINT ( 'NONE',  ( -69.01746360578968620, -0.07939478566919602742, 17.79321399325798225 ) ) ;
#988 = PRODUCT_DEFINITION ( 'UNKNOWN', '', #101, #1166 ) ;
#989 = EDGE_CURVE ( 'NONE', #220, #329, #1498, .T. ) ;
#990 = CIRCLE ( 'NONE', #717, 1.500000000000001332 ) ;
#991 = CARTESIAN_POINT ( 'NONE',  ( -78.90154712515600011, 30.09999999999998721, 17.59182657483135159 ) ) ;
#992 = ORIENTED_EDGE ( 'NONE', *, *, #646, .F. ) ;
#993 = EDGE_LOOP ( 'NONE', ( #1349, #1662, #956, #179 ) ) ;
#994 = CARTESIAN_POINT ( 'NONE',  ( -63.00000000000000000, 20.09999999999999432, -5.500000000000036415 ) ) ;
#995 = DIRECTION ( 'NONE',  ( -1.000000000000000000, -2.463512628606117579E-16, 2.301457347896260623E-16 ) ) ;
#996 = ORIENTED_EDGE ( 'NONE', *, *, #211, .T. ) ;
#997 = FACE_BOUND ( 'NONE', #747, .T. ) ;
#998 = CARTESIAN_POINT ( 'NONE',  ( -75.63890089934365335, 9.899999999999984368, 4.690102840931834827 ) ) ;
#999 = EDGE_CURVE ( 'NONE', #68, #14, #1060, .T. ) ;
#1000 = ORIENTED_EDGE ( 'NONE', *, *, #1242, .F. ) ;
#1001 = ORIENTED_EDGE ( 'NONE', *, *, #672, .F. ) ;
#1002 = EDGE_CURVE ( 'NONE', #963, #1492, #983, .T. ) ;
#1003 = DIRECTION ( 'NONE',  ( -1.000000000000000000, 0.000000000000000000, 0.000000000000000000 ) ) ;
#1004 = DIRECTION ( 'NONE',  ( 0.000000000000000000, 1.000000000000000000, 0.000000000000000000 ) ) ;
#1005 = ORIENTED_EDGE ( 'NONE', *, *, #680, .T. ) ;
#1006 = DIRECTION ( 'NONE',  ( 2.463512628606117579E-16, -1.000000000000000000, -1.731347548591861703E-31 ) ) ;
#1007 = CARTESIAN_POINT ( 'NONE',  ( -78.75313303337068760, 30.09405050412406268, 17.66659784848122072 ) ) ;
#1008 = ORIENTED_EDGE ( 'NONE', *, *, #517, .F. ) ;
#1009 = VERTEX_POINT ( 'NONE', #788 ) ;
#1010 = CARTESIAN_POINT ( 'NONE',  ( -76.80732906329670584, 30.03652054656796011, 17.99988816021190985 ) ) ;
#1011 = AXIS2_PLACEMENT_3D ( 'NONE', #1020, #893, #350 ) ;
#1012 = CARTESIAN_POINT ( 'NONE',  ( -67.71296696644789392, 28.09999999999998366, 4.690102840931834827 ) ) ;
#1013 = AXIS2_PLACEMENT_3D ( 'NONE', #1582, #676, #412 ) ;
#1014 = DIRECTION ( 'NONE',  ( -1.000000000000000000, 0.000000000000000000, 0.000000000000000000 ) ) ;
#1015 = DIRECTION ( 'NONE',  ( 1.000000000000000000, 2.463512628606117579E-16, -2.301457347896260623E-16 ) ) ;
#1016 = VECTOR ( 'NONE', #642, 1000.000000000000000 ) ;
#1017 = ORIENTED_EDGE ( 'NONE', *, *, #358, .T. ) ;
#1018 = AXIS2_PLACEMENT_3D ( 'NONE', #1490, #1624, #578 ) ;
#1019 = ORIENTED_EDGE ( 'NONE', *, *, #432, .F. ) ;
#1020 = CARTESIAN_POINT ( 'NONE',  ( -67.71296696644787971, -0.1000000000000117878, 14.56336761364393517 ) ) ;
#1021 = EDGE_CURVE ( 'NONE', #225, #96, #1447, .T. ) ;
#1022 = CARTESIAN_POINT ( 'NONE',  ( -63.00000000000000000, 7.899999999999990585, 17.49999999999998934 ) ) ;
#1023 = CARTESIAN_POINT ( 'NONE',  ( -69.21296696644787971, -9.900000000000009237, 14.56336761364393517 ) ) ;
#1024 = DIRECTION ( 'NONE',  ( 0.000000000000000000, 0.000000000000000000, -1.000000000000000000 ) ) ;
#1025 = ORIENTED_EDGE ( 'NONE', *, *, #913, .F. ) ;
#1026 = VERTEX_POINT ( 'NONE', #36 ) ;
#1027 = CARTESIAN_POINT ( 'NONE',  ( -77.13890089934365335, -0.1000000000000150074, 14.56336761364393872 ) ) ;
#1028 = PERSON_AND_ORGANIZATION ( #1079, #1360 ) ;
#1029 = PLANE ( 'NONE',  #955 ) ;
#1030 = FACE_OUTER_BOUND ( 'NONE', #239, .T. ) ;
#1031 = EDGE_CURVE ( 'NONE', #1009, #590, #415, .T. ) ;
#1032 = ORIENTED_EDGE ( 'NONE', *, *, #812, .F. ) ;
#1033 = CARTESIAN_POINT ( 'NONE',  ( -67.71296696644787971, 9.899999999999984368, 14.56336761364393517 ) ) ;
#1034 = CARTESIAN_POINT ( 'NONE',  ( -63.00000000000000000, 20.10000000000001918, 19.49999999999998579 ) ) ;
#1035 = DIRECTION ( 'NONE',  ( -1.000000000000000000, -2.463512628606117579E-16, 0.000000000000000000 ) ) ;
#1036 = CARTESIAN_POINT ( 'NONE',  ( -67.71296696644789392, 28.09999999999998366, 4.690102840931834827 ) ) ;
#1037 = VECTOR ( 'NONE', #894, 1000.000000000000000 ) ;
#1038 = DIRECTION ( 'NONE',  ( -2.463512628606118072E-16, 1.000000000000000000, 1.740923997763740123E-31 ) ) ;
#1039 = CARTESIAN_POINT ( 'NONE',  ( -81.85186786579156148, 20.09999999999998721, -5.500000000000011546 ) ) ;
#1040 = CARTESIAN_POINT ( 'NONE',  ( -77.13890089934365335, -0.1000000000000167977, 1.190102840931848593 ) ) ;
#1041 = VECTOR ( 'NONE', #15, 1000.000000000000000 ) ;
#1042 = ORIENTED_EDGE ( 'NONE', *, *, #1181, .F. ) ;
#1043 = EDGE_LOOP ( 'NONE', ( #644, #1427 ) ) ;
#1044 = DIRECTION ( 'NONE',  ( -1.000000000000000000, -2.463512628606117579E-16, 2.301457347896260623E-16 ) ) ;
#1045 = VECTOR ( 'NONE', #744, 1000.000000000000000 ) ;
#1046 = DIRECTION ( 'NONE',  ( 1.000000000000000000, 0.000000000000000000, 0.000000000000000000 ) ) ;
#1047 = CYLINDRICAL_SURFACE ( 'NONE', #1118, 1.500000000000001332 ) ;
#1048 = DIRECTION ( 'NONE',  ( -0.000000000000000000, 1.000000000000000000, -8.503546450866702047E-17 ) ) ;
#1049 = FACE_OUTER_BOUND ( 'NONE', #653, .T. ) ;
#1050 = ORIENTED_EDGE ( 'NONE', *, *, #1031, .T. ) ;
#1051 = VERTEX_POINT ( 'NONE', #905 ) ;
#1052 = DIRECTION ( 'NONE',  ( 2.463512628606118072E-16, -1.000000000000000000, 1.841377510045590008E-16 ) ) ;
#1053 = EDGE_CURVE ( 'NONE', #794, #1625, #1364, .T. ) ;
#1054 = CARTESIAN_POINT ( 'NONE',  ( -66.21296696644787971, 1.900000000000002354, 14.56336761364393517 ) ) ;
#1055 = DIRECTION ( 'NONE',  ( -1.000000000000000000, 0.000000000000000000, 0.000000000000000000 ) ) ;
#1056 = LINE ( 'NONE', #47, #104 ) ;
#1057 = CARTESIAN_POINT ( 'NONE',  ( -67.71296696644789392, 28.09999999999998366, 6.190102840931832162 ) ) ;
#1058 = ADVANCED_BREP_SHAPE_REPRESENTATION ( 'worm wheel bearing', ( #583, #1388 ), #361 ) ;
#1059 = VERTEX_POINT ( 'NONE', #1428 ) ;
#1060 = LINE ( 'NONE', #149, #661 ) ;
#1061 = EDGE_CURVE ( 'NONE', #1558, #1592, #309, .T. ) ;
#1062 = DIRECTION ( 'NONE',  ( 7.709882115452476934E-17, 1.000000000000000000, -1.774396484602206864E-32 ) ) ;
#1063 = CIRCLE ( 'NONE', #743, 3.500000000000016875 ) ;
#1064 = FACE_OUTER_BOUND ( 'NONE', #6, .T. ) ;
#1065 = LOCAL_TIME ( 10, 28, 56.00000000000000000, #1620 ) ;
#1066 = DIRECTION ( 'NONE',  ( 1.419680353249690700E-32, 1.841377510045590008E-16, 1.000000000000000000 ) ) ;
#1067 = AXIS2_PLACEMENT_3D ( 'NONE', #142, #1284, #490 ) ;
#1068 = CIRCLE ( 'NONE', #548, 1.499999999999997780 ) ;
#1069 = VECTOR ( 'NONE', #1227, 1000.000000000000000 ) ;
#1070 = AXIS2_PLACEMENT_3D ( 'NONE', #63, #561, #1222 ) ;
#1071 = ORIENTED_EDGE ( 'NONE', *, *, #336, .F. ) ;
#1072 = VECTOR ( 'NONE', #611, 1000.000000000000000 ) ;
#1073 = EDGE_CURVE ( 'NONE', #590, #14, #314, .T. ) ;
#1074 = VECTOR ( 'NONE', #593, 1000.000000000000000 ) ;
#1075 = CARTESIAN_POINT ( 'NONE',  ( -77.13890089934366756, 30.03652054656796366, 17.99988816021191695 ) ) ;
#1076 = LINE ( 'NONE', #1595, #1643 ) ;
#1077 = EDGE_CURVE ( 'NONE', #1650, #882, #1176, .T. ) ;
#1078 = ORIENTED_EDGE ( 'NONE', *, *, #834, .T. ) ;
#1079 = PERSON ( 'UNSPECIFIED', 'UNSPECIFIED', 'UNSPECIFIED', ('UNSPECIFIED'), ('UNSPECIFIED'), ('UNSPECIFIED') ) ;
#1080 = ORIENTED_EDGE ( 'NONE', *, *, #1394, .T. ) ;
#1081 = COORDINATED_UNIVERSAL_TIME_OFFSET ( 1, 0, .AHEAD. ) ;
#1082 = CARTESIAN_POINT ( 'NONE',  ( -63.00000000000000000, 20.10000000000001918, -5.500000000000015987 ) ) ;
#1083 = DIRECTION ( 'NONE',  ( -2.463512628606118072E-16, 1.000000000000000000, 1.740923997763740123E-31 ) ) ;
#1084 = ORIENTED_EDGE ( 'NONE', *, *, #52, .F. ) ;
#1085 = ORIENTED_EDGE ( 'NONE', *, *, #232, .F. ) ;
#1086 = PERSON_AND_ORGANIZATION_ROLE ( 'creator' ) ;
#1087 = ORIENTED_EDGE ( 'NONE', *, *, #913, .T. ) ;
#1088 = CARTESIAN_POINT ( 'NONE',  ( -63.00000000000000000, 30.09999999999999432, 19.49999999999996447 ) ) ;
#1089 = CARTESIAN_POINT ( 'NONE',  ( -77.13890089934365335, -0.1000000000000150074, 14.56336761364393872 ) ) ;
#1090 = EDGE_LOOP ( 'NONE', ( #732, #848 ) ) ;
#1091 = DIRECTION ( 'NONE',  ( -2.463512628606117579E-16, 1.000000000000000000, 0.000000000000000000 ) ) ;
#1092 = CIRCLE ( 'NONE', #954, 2.000000000000001776 ) ;
#1093 = EDGE_CURVE ( 'NONE', #35, #902, #821, .T. ) ;
#1094 = ORIENTED_EDGE ( 'NONE', *, *, #699, .T. ) ;
#1095 = VECTOR ( 'NONE', #729, 1000.000000000000000 ) ;
#1096 = ORIENTED_EDGE ( 'NONE', *, *, #469, .F. ) ;
#1097 = AXIS2_PLACEMENT_3D ( 'NONE', #1089, #1472, #818 ) ;
#1098 = LINE ( 'NONE', #1088, #663 ) ;
#1099 = AXIS2_PLACEMENT_3D ( 'NONE', #757, #781, #269 ) ;
#1100 = CARTESIAN_POINT ( 'NONE',  ( -67.71296696644789392, 30.09999999999999076, 14.56336761364393517 ) ) ;
#1101 = DIRECTION ( 'NONE',  ( -2.463512628606118072E-16, 1.000000000000000000, -1.841377510045590008E-16 ) ) ;
#1102 = CYLINDRICAL_SURFACE ( 'NONE', #906, 1.500000000000001332 ) ;
#1103 = ORIENTED_EDGE ( 'NONE', *, *, #1448, .F. ) ;
#1104 = VERTEX_POINT ( 'NONE', #277 ) ;
#1105 = EDGE_CURVE ( 'NONE', #123, #1522, #1259, .T. ) ;
#1106 = CARTESIAN_POINT ( 'NONE',  ( -66.21296696644787971, -9.900000000000009237, 14.56336761364393517 ) ) ;
#1107 = CARTESIAN_POINT ( 'NONE',  ( -67.71296696644787971, -0.03652054656798699867, 17.99988816021192051 ) ) ;
#1108 = DIRECTION ( 'NONE',  ( 0.000000000000000000, 0.000000000000000000, -1.000000000000000000 ) ) ;
#1109 = ORIENTED_EDGE ( 'NONE', *, *, #456, .F. ) ;
#1110 = ORIENTED_EDGE ( 'NONE', *, *, #927, .T. ) ;
#1111 = EDGE_CURVE ( 'NONE', #939, #1425, #1554, .T. ) ;
#1112 = DIRECTION ( 'NONE',  ( 0.000000000000000000, -0.7071067811865465735, -0.7071067811865484609 ) ) ;
#1113 = DIRECTION ( 'NONE',  ( 2.463512628606117579E-16, -1.000000000000000000, 0.000000000000000000 ) ) ;
#1114 = FACE_OUTER_BOUND ( 'NONE', #254, .T. ) ;
#1115 = CARTESIAN_POINT ( 'NONE',  ( -81.85186786579156148, 9.899999999999984368, 17.49999999999999289 ) ) ;
#1116 = ORIENTED_EDGE ( 'NONE', *, *, #464, .T. ) ;
#1117 = AXIS2_PLACEMENT_3D ( 'NONE', #849, #1376, #1286 ) ;
#1118 = AXIS2_PLACEMENT_3D ( 'NONE', #1565, #27, #406 ) ;
#1119 = ORIENTED_EDGE ( 'NONE', *, *, #826, .F. ) ;
#1120 = DIRECTION ( 'NONE',  ( -7.027962952117996648E-16, 0.000000000000000000, -1.000000000000000000 ) ) ;
#1121 = VECTOR ( 'NONE', #449, 1000.000000000000000 ) ;
#1122 = CARTESIAN_POINT ( 'NONE',  ( -81.85186786579157570, 32.09999999999998721, 1.040552582059425246 ) ) ;
#1123 = ORIENTED_EDGE ( 'NONE', *, *, #226, .T. ) ;
#1124 = EDGE_CURVE ( 'NONE', #1425, #963, #1224, .T. ) ;
#1125 = PLANE ( 'NONE',  #13 ) ;
#1126 = CARTESIAN_POINT ( 'NONE',  ( -75.63890089934365335, 1.899999999999971045, 4.690102840931834827 ) ) ;
#1127 = VECTOR ( 'NONE', #440, 1000.000000000000000 ) ;
#1128 = EDGE_CURVE ( 'NONE', #1534, #1560, #1436, .T. ) ;
#1129 = VERTEX_POINT ( 'NONE', #171 ) ;
#1130 = ORIENTED_EDGE ( 'NONE', *, *, #1353, .T. ) ;
#1131 = CARTESIAN_POINT ( 'NONE',  ( -78.63890089934365335, -9.900000000000009237, 4.690102840931834827 ) ) ;
#1132 = CIRCLE ( 'NONE', #1348, 1.499999999999997780 ) ;
#1133 = DIRECTION ( 'NONE',  ( 0.000000000000000000, 1.000000000000000000, 0.000000000000000000 ) ) ;
#1134 = CIRCLE ( 'NONE', #534, 1.499999999999997780 ) ;
#1135 = ORIENTED_EDGE ( 'NONE', *, *, #81, .T. ) ;
#1136 = LINE ( 'NONE', #1370, #1127 ) ;
#1137 = DIRECTION ( 'NONE',  ( 1.000000000000000000, 2.478176394252589029E-16, 0.000000000000000000 ) ) ;
#1138 = ORIENTED_EDGE ( 'NONE', *, *, #816, .F. ) ;
#1139 = EDGE_CURVE ( 'NONE', #222, #1233, #286, .T. ) ;
#1140 = ORIENTED_EDGE ( 'NONE', *, *, #571, .T. ) ;
#1141 = DIRECTION ( 'NONE',  ( 1.000000000000000000, 0.000000000000000000, 0.000000000000000000 ) ) ;
#1142 = DIRECTION ( 'NONE',  ( 0.000000000000000000, 0.000000000000000000, -1.000000000000000000 ) ) ;
#1143 = FACE_OUTER_BOUND ( 'NONE', #315, .T. ) ;
#1144 = DIRECTION ( 'NONE',  ( 0.000000000000000000, -1.000000000000000000, 0.000000000000000000 ) ) ;
#1145 = CC_DESIGN_PERSON_AND_ORGANIZATION_ASSIGNMENT ( #948, #195, ( #988 ) ) ;
#1146 = ORIENTED_EDGE ( 'NONE', *, *, #1590, .T. ) ;
#1147 = EDGE_CURVE ( 'NONE', #489, #105, #235, .T. ) ;
#1148 = VECTOR ( 'NONE', #1062, 1000.000000000000000 ) ;
#1149 = ORIENTED_EDGE ( 'NONE', *, *, #1340, .F. ) ;
#1150 = FACE_OUTER_BOUND ( 'NONE', #1350, .T. ) ;
#1151 = AXIS2_PLACEMENT_3D ( 'NONE', #369, #1663, #1003 ) ;
#1152 = CARTESIAN_POINT ( 'NONE',  ( -81.85186786579156148, -0.4438077634011279304, -9.257317226574540925 ) ) ;
#1153 = VECTOR ( 'NONE', #1048, 1000.000000000000000 ) ;
#1154 = CYLINDRICAL_SURFACE ( 'NONE', #1285, 1.500000000000001332 ) ;
#1155 = CYLINDRICAL_SURFACE ( 'NONE', #241, 1.500000000000001332 ) ;
#1156 = ORIENTED_EDGE ( 'NONE', *, *, #219, .F. ) ;
#1157 = CIRCLE ( 'NONE', #422, 3.499999999999989342 ) ;
#1158 = ORIENTED_EDGE ( 'NONE', *, *, #613, .T. ) ;
#1159 = LINE ( 'NONE', #865, #929 ) ;
#1160 = DIRECTION ( 'NONE',  ( 2.463512628606118072E-16, -1.000000000000000000, 1.841377510045590008E-16 ) ) ;
#1161 = FACE_OUTER_BOUND ( 'NONE', #1206, .T. ) ;
#1162 = DIRECTION ( 'NONE',  ( 0.000000000000000000, 1.000000000000000000, 0.000000000000000000 ) ) ;
#1163 = ADVANCED_FACE ( 'NONE', ( #1197 ), #281, .F. ) ;
#1164 = CARTESIAN_POINT ( 'NONE',  ( -67.71296696644789392, 20.09999999999999076, 14.56336761364393517 ) ) ;
#1165 = ORIENTED_EDGE ( 'NONE', *, *, #1212, .F. ) ;
#1166 = DESIGN_CONTEXT ( 'detailed design', #1366, 'design' ) ;
#1167 = ORIENTED_EDGE ( 'NONE', *, *, #980, .T. ) ;
#1168 = CARTESIAN_POINT ( 'NONE',  ( 24.34235294322777676, 20.10000000000001208, 17.49999999999996803 ) ) ;
#1169 = CYLINDRICAL_SURFACE ( 'NONE', #863, 1.500000000000001332 ) ;
#1170 = DIRECTION ( 'NONE',  ( -2.463512628606117579E-16, 1.000000000000000000, 1.731347548591861703E-31 ) ) ;
#1171 = FACE_OUTER_BOUND ( 'NONE', #1487, .T. ) ;
#1172 = CARTESIAN_POINT ( 'NONE',  ( -67.71296696644789392, 28.09999999999998366, 4.690102840931834827 ) ) ;
#1173 = FACE_OUTER_BOUND ( 'NONE', #403, .T. ) ;
#1174 = ORIENTED_EDGE ( 'NONE', *, *, #783, .F. ) ;
#1175 = VERTEX_POINT ( 'NONE', #898 ) ;
#1176 = LINE ( 'NONE', #1484, #1041 ) ;
#1177 = CIRCLE ( 'NONE', #895, 1.500000000000001332 ) ;
#1178 = FACE_BOUND ( 'NONE', #1483, .T. ) ;
#1179 = LINE ( 'NONE', #625, #739 ) ;
#1180 = CIRCLE ( 'NONE', #1605, 3.499999999999989342 ) ;
#1181 = EDGE_CURVE ( 'NONE', #1241, #57, #1338, .T. ) ;
#1182 = CARTESIAN_POINT ( 'NONE',  ( -63.00000000000000000, 20.29999999999998295, -23.30000000000000782 ) ) ;
#1183 = CYLINDRICAL_SURFACE ( 'NONE', #1501, 1.500000000000001332 ) ;
#1184 = AXIS2_PLACEMENT_3D ( 'NONE', #319, #1493, #977 ) ;
#1185 = EDGE_CURVE ( 'NONE', #1051, #42, #1056, .T. ) ;
#1186 = AXIS2_PLACEMENT_3D ( 'NONE', #900, #147, #120 ) ;
#1187 = VERTEX_POINT ( 'NONE', #543 ) ;
#1188 = DIRECTION ( 'NONE',  ( -1.000000000000000000, -2.463512628606117579E-16, 2.301457347896260623E-16 ) ) ;
#1189 = FACE_OUTER_BOUND ( 'NONE', #290, .T. ) ;
#1190 = EDGE_LOOP ( 'NONE', ( #673, #820, #106, #824, #846 ) ) ;
#1191 = DIRECTION ( 'NONE',  ( 0.000000000000000000, 1.000000000000000000, 0.000000000000000000 ) ) ;
#1192 = CARTESIAN_POINT ( 'NONE',  ( -63.00000000000000000, 20.29999999999998295, -23.30000000000000782 ) ) ;
#1193 = ORIENTED_EDGE ( 'NONE', *, *, #181, .T. ) ;
#1194 = ADVANCED_FACE ( 'NONE', ( #1202 ), #784, .F. ) ;
#1195 = CARTESIAN_POINT ( 'NONE',  ( -81.85186786579157570, 20.29999999999997939, -23.30000000000000426 ) ) ;
#1196 = DIRECTION ( 'NONE',  ( -2.463512628606117579E-16, 1.000000000000000000, 0.000000000000000000 ) ) ;
#1197 = FACE_OUTER_BOUND ( 'NONE', #787, .T. ) ;
#1198 = LINE ( 'NONE', #554, #1209 ) ;
#1199 = ORIENTED_EDGE ( 'NONE', *, *, #390, .F. ) ;
#1200 = ADVANCED_FACE ( 'NONE', ( #909 ), #264, .F. ) ;
#1201 = ORIENTED_EDGE ( 'NONE', *, *, #52, .T. ) ;
#1202 = FACE_OUTER_BOUND ( 'NONE', #159, .T. ) ;
#1203 = CIRCLE ( 'NONE', #51, 1.500000000000001332 ) ;
#1204 = DIRECTION ( 'NONE',  ( -1.000000000000000000, -2.463512628606117579E-16, 2.301457347896260623E-16 ) ) ;
#1205 = AXIS2_PLACEMENT_3D ( 'NONE', #1475, #396, #160 ) ;
#1206 = EDGE_LOOP ( 'NONE', ( #7, #877, #1025, #1380, #426, #976, #49 ) ) ;
#1207 = CIRCLE ( 'NONE', #25, 25.05000000000000426 ) ;
#1208 = ORIENTED_EDGE ( 'NONE', *, *, #217, .F. ) ;
#1209 = VECTOR ( 'NONE', #1083, 1000.000000000000000 ) ;
#1210 = CONICAL_SURFACE ( 'NONE', #1018, 1.499999999999996891, 0.7853981633974496113 ) ;
#1211 = DIRECTION ( 'NONE',  ( 1.000000000000000000, 2.478176394252569801E-16, 0.000000000000000000 ) ) ;
#1212 = EDGE_CURVE ( 'NONE', #14, #383, #466, .T. ) ;
#1213 = LINE ( 'NONE', #950, #1405 ) ;
#1214 = VERTEX_POINT ( 'NONE', #1556 ) ;
#1215 = AXIS2_PLACEMENT_3D ( 'NONE', #1192, #311, #40 ) ;
#1216 = AXIS2_PLACEMENT_3D ( 'NONE', #1100, #1615, #207 ) ;
#1217 = ORIENTED_EDGE ( 'NONE', *, *, #110, .F. ) ;
#1218 = APPROVAL_DATE_TIME ( #1486, #299 ) ;
#1219 = ORIENTED_EDGE ( 'NONE', *, *, #1262, .F. ) ;
#1220 = CARTESIAN_POINT ( 'NONE',  ( -67.71296696644787971, -0.1000000000000117878, 14.56336761364393517 ) ) ;
#1221 = EDGE_CURVE ( 'NONE', #1241, #594, #1308, .T. ) ;
#1222 = DIRECTION ( 'NONE',  ( 0.000000000000000000, 1.000000000000000000, -1.800511392231416419E-15 ) ) ;
#1223 = VERTEX_POINT ( 'NONE', #29 ) ;
#1224 = LINE ( 'NONE', #404, #901 ) ;
#1225 = ORIENTED_EDGE ( 'NONE', *, *, #1305, .F. ) ;
#1226 = VERTEX_POINT ( 'NONE', #1075 ) ;
#1227 = DIRECTION ( 'NONE',  ( 7.709882115452476934E-17, 1.000000000000000000, -8.503546450866704513E-17 ) ) ;
#1228 = FACE_OUTER_BOUND ( 'NONE', #1550, .T. ) ;
#1229 = CC_DESIGN_APPROVAL ( #251, ( #988 ) ) ;
#1230 = DIRECTION ( 'NONE',  ( -1.000000000000000000, 7.709882115452476934E-17, -0.000000000000000000 ) ) ;
#1231 = AXIS2_PLACEMENT_3D ( 'NONE', #1033, #1091, #666 ) ;
#1232 = AXIS2_PLACEMENT_3D ( 'NONE', #1172, #272, #1323 ) ;
#1233 = VERTEX_POINT ( 'NONE', #527 ) ;
#1234 = VERTEX_POINT ( 'NONE', #1423 ) ;
#1235 = VECTOR ( 'NONE', #1279, 1000.000000000000000 ) ;
#1236 = LINE ( 'NONE', #1082, #1069 ) ;
#1237 = VECTOR ( 'NONE', #312, 1000.000000000000000 ) ;
#1238 = FACE_OUTER_BOUND ( 'NONE', #1617, .T. ) ;
#1239 = CARTESIAN_POINT ( 'NONE',  ( -67.71296696644787971, 9.899999999999984368, 4.690102840931834827 ) ) ;
#1240 = CARTESIAN_POINT ( 'NONE',  ( -63.00000000000000000, -0.1000000000000147993, -8.136144949255148973 ) ) ;
#1241 = VERTEX_POINT ( 'NONE', #798 ) ;
#1242 = EDGE_CURVE ( 'NONE', #523, #1534, #601, .T. ) ;
#1243 = ORIENTED_EDGE ( 'NONE', *, *, #1619, .T. ) ;
#1244 = DIRECTION ( 'NONE',  ( 1.000000000000000000, 2.463512628606117579E-16, -2.301457347896260623E-16 ) ) ;
#1245 = CARTESIAN_POINT ( 'NONE',  ( -66.40537536860423984, -0.07955821929323052266, 17.79213269680867171 ) ) ;
#1246 = CARTESIAN_POINT ( 'NONE',  ( -78.63890089934366756, 28.09999999999998366, 14.56336761364393872 ) ) ;
#1247 = ORIENTED_EDGE ( 'NONE', *, *, #1294, .F. ) ;
#1248 = ADVANCED_FACE ( 'NONE', ( #1064 ), #776, .F. ) ;
#1249 = ORIENTED_EDGE ( 'NONE', *, *, #167, .T. ) ;
#1250 = CARTESIAN_POINT ( 'NONE',  ( -67.71296696644787971, -0.03652054656798699867, 17.99988816021192051 ) ) ;
#1251 = EDGE_LOOP ( 'NONE', ( #368, #982 ) ) ;
#1252 = CARTESIAN_POINT ( 'NONE',  ( -69.21296696644789392, 20.09999999999999076, 14.56336761364393517 ) ) ;
#1253 = EDGE_CURVE ( 'NONE', #75, #891, #814, .T. ) ;
#1254 = CARTESIAN_POINT ( 'NONE',  ( -63.00000000000000000, -2.100000000000013411, -8.136144949255148973 ) ) ;
#1255 = ORIENTED_EDGE ( 'NONE', *, *, #1002, .T. ) ;
#1256 = CIRCLE ( 'NONE', #572, 1.499999999999996891 ) ;
#1257 = ORIENTED_EDGE ( 'NONE', *, *, #381, .F. ) ;
#1258 = CARTESIAN_POINT ( 'NONE',  ( -75.52742792773412361, 30.09393693831347605, 17.66790964655335472 ) ) ;
#1259 = CIRCLE ( 'NONE', #208, 1.499999999999996891 ) ;
#1260 = DIRECTION ( 'NONE',  ( 0.000000000000000000, 1.000000000000000000, 0.000000000000000000 ) ) ;
#1261 = CARTESIAN_POINT ( 'NONE',  ( -68.86045092657751354, -0.07076455061120542900, 17.84308936986365524 ) ) ;
#1262 = EDGE_CURVE ( 'NONE', #166, #1417, #1207, .T. ) ;
#1263 = CIRCLE ( 'NONE', #690, 1.499999999999997780 ) ;
#1264 = DIRECTION ( 'NONE',  ( 0.000000000000000000, -1.000000000000000000, 0.000000000000000000 ) ) ;
#1265 = VECTOR ( 'NONE', #88, 1000.000000000000000 ) ;
#1266 = VERTEX_POINT ( 'NONE', #1329 ) ;
#1267 = UNCERTAINTY_MEASURE_WITH_UNIT (LENGTH_MEASURE( 1.000000000000000082E-05 ), #647, 'distance_accuracy_value', 'NONE');
#1268 = ORIENTED_EDGE ( 'NONE', *, *, #1221, .T. ) ;
#1269 = LINE ( 'NONE', #1131, #897 ) ;
#1270 = CARTESIAN_POINT ( 'NONE',  ( 24.34235294322775189, 45.35000000000000853, -23.30000000000002558 ) ) ;
#1271 = AXIS2_PLACEMENT_3D ( 'NONE', #544, #808, #1584 ) ;
#1272 = FACE_OUTER_BOUND ( 'NONE', #771, .T. ) ;
#1273 = DIRECTION ( 'NONE',  ( 1.000000000000000000, -7.709882115452476934E-17, 0.000000000000000000 ) ) ;
#1274 = EDGE_LOOP ( 'NONE', ( #727, #20, #140, #829, #1506, #563 ) ) ;
#1275 = ORIENTED_EDGE ( 'NONE', *, *, #1460, .T. ) ;
#1276 = DIRECTION ( 'NONE',  ( -2.463512628606118072E-16, 1.000000000000000000, 1.740923997763740123E-31 ) ) ;
#1277 = DIRECTION ( 'NONE',  ( -2.463512628606117579E-16, 1.000000000000000000, 0.000000000000000000 ) ) ;
#1278 = FACE_BOUND ( 'NONE', #567, .T. ) ;
#1279 = DIRECTION ( 'NONE',  ( 1.000000000000000000, 2.463512628606117579E-16, -2.301457347896261116E-16 ) ) ;
#1280 = ORIENTED_EDGE ( 'NONE', *, *, #947, .T. ) ;
#1281 = CC_DESIGN_SECURITY_CLASSIFICATION ( #305, ( #101 ) ) ;
#1282 = VERTEX_POINT ( 'NONE', #518 ) ;
#1283 = EDGE_CURVE ( 'NONE', #1233, #68, #659, .T. ) ;
#1284 = DIRECTION ( 'NONE',  ( -2.463512628606117579E-16, 1.000000000000000000, 0.000000000000000000 ) ) ;
#1285 = AXIS2_PLACEMENT_3D ( 'NONE', #3, #1038, #501 ) ;
#1286 = DIRECTION ( 'NONE',  ( 0.000000000000000000, -1.000000000000000000, 0.000000000000000000 ) ) ;
#1287 = CIRCLE ( 'NONE', #1581, 1.500000000000001332 ) ;
#1288 = DIRECTION ( 'NONE',  ( -1.000000000000000000, -2.463512628606117579E-16, 2.301457347896260623E-16 ) ) ;
#1289 = LINE ( 'NONE', #139, #1016 ) ;
#1290 = VECTOR ( 'NONE', #1066, 1000.000000000000000 ) ;
#1291 = VERTEX_POINT ( 'NONE', #918 ) ;
#1292 = AXIS2_PLACEMENT_3D ( 'NONE', #751, #401, #1533 ) ;
#1293 = CC_DESIGN_PERSON_AND_ORGANIZATION_ASSIGNMENT ( #37, #507, ( #295 ) ) ;
#1294 = EDGE_CURVE ( 'NONE', #410, #547, #496, .T. ) ;
#1295 = VERTEX_POINT ( 'NONE', #1602 ) ;
#1296 = CARTESIAN_POINT ( 'NONE',  ( -67.71296696644787971, 1.900000000000002354, 16.06336761364393340 ) ) ;
#1297 = DIRECTION ( 'NONE',  ( 1.000000000000000000, 0.000000000000000000, -2.301457347896260623E-16 ) ) ;
#1298 = CARTESIAN_POINT ( 'NONE',  ( -81.85186786579156148, 30.09999999999998721, 17.49999999999999289 ) ) ;
#1299 = DIRECTION ( 'NONE',  ( 0.000000000000000000, -0.7071067811865466846, -0.7071067811865483499 ) ) ;
#1300 = DIRECTION ( 'NONE',  ( 0.000000000000000000, 0.000000000000000000, -1.000000000000000000 ) ) ;
#1301 = CARTESIAN_POINT ( 'NONE',  ( -67.71296696644787971, -9.900000000000009237, 14.56336761364393517 ) ) ;
#1302 = EDGE_LOOP ( 'NONE', ( #1149, #952, #1346, #1130 ) ) ;
#1303 = ORIENTED_EDGE ( 'NONE', *, *, #1466, .F. ) ;
#1304 = CARTESIAN_POINT ( 'NONE',  ( -81.85186786579157570, 20.29999999999997939, -23.30000000000000426 ) ) ;
#1305 = EDGE_CURVE ( 'NONE', #1104, #74, #1287, .T. ) ;
#1306 = CARTESIAN_POINT ( 'NONE',  ( -67.71296696644787971, -0.1000000000000150074, 4.690102840931834827 ) ) ;
#1307 = LINE ( 'NONE', #1023, #1580 ) ;
#1308 = LINE ( 'NONE', #407, #742 ) ;
#1309 = ADVANCED_FACE ( 'NONE', ( #817 ), #86, .F. ) ;
#1310 = CARTESIAN_POINT ( 'NONE',  ( -67.71296696644787971, 1.899999999999999023, 14.56336761364393517 ) ) ;
#1311 = ORIENTED_EDGE ( 'NONE', *, *, #989, .T. ) ;
#1312 = ORIENTED_EDGE ( 'NONE', *, *, #174, .F. ) ;
#1313 = CARTESIAN_POINT ( 'NONE',  ( -63.00000000000000000, 28.09999999999999432, 17.49999999999998934 ) ) ;
#1314 = COORDINATED_UNIVERSAL_TIME_OFFSET ( 1, 0, .AHEAD. ) ;
#1315 = AXIS2_PLACEMENT_3D ( 'NONE', #908, #126, #750 ) ;
#1316 = AXIS2_PLACEMENT_3D ( 'NONE', #388, #293, #1191 ) ;
#1317 = DIRECTION ( 'NONE',  ( 0.000000000000000000, 0.000000000000000000, 1.000000000000000000 ) ) ;
#1318 = CARTESIAN_POINT ( 'NONE',  ( -78.63890089934365335, 9.899999999999984368, 4.690102840931834827 ) ) ;
#1319 = EDGE_CURVE ( 'NONE', #42, #1453, #1449, .T. ) ;
#1320 = ORIENTED_EDGE ( 'NONE', *, *, #662, .F. ) ;
#1321 = DIRECTION ( 'NONE',  ( -1.000000000000000000, -2.463512628606117579E-16, 2.301457347896260623E-16 ) ) ;
#1322 = DIRECTION ( 'NONE',  ( 2.463512628606117579E-16, -1.000000000000000000, 0.000000000000000000 ) ) ;
#1323 = DIRECTION ( 'NONE',  ( 0.000000000000000000, 0.000000000000000000, 1.000000000000000000 ) ) ;
#1324 = DIRECTION ( 'NONE',  ( 0.000000000000000000, -1.000000000000000000, 0.000000000000000000 ) ) ;
#1325 = PRODUCT_RELATED_PRODUCT_CATEGORY ( 'detail', '', ( #295 ) ) ;
#1326 = EDGE_CURVE ( 'NONE', #875, #1461, #429, .T. ) ;
#1327 = ORIENTED_EDGE ( 'NONE', *, *, #1611, .F. ) ;
#1328 = ORIENTED_EDGE ( 'NONE', *, *, #1494, .T. ) ;
#1329 = CARTESIAN_POINT ( 'NONE',  ( -81.85186786579156148, -0.1000000000000147160, 17.49999999999999645 ) ) ;
#1330 = FACE_OUTER_BOUND ( 'NONE', #82, .T. ) ;
#1331 = VERTEX_POINT ( 'NONE', #565 ) ;
#1332 = EDGE_CURVE ( 'NONE', #1401, #1291, #1236, .T. ) ;
#1333 = CARTESIAN_POINT ( 'NONE',  ( -81.85186786579156148, 20.09999999999998721, -5.500000000000011546 ) ) ;
#1334 = DIRECTION ( 'NONE',  ( 1.000000000000000000, 2.478176394252589029E-16, 0.000000000000000000 ) ) ;
#1335 = CARTESIAN_POINT ( 'NONE',  ( -81.85186786579156148, -0.1000000000000143552, 19.49999999999999289 ) ) ;
#1336 = VECTOR ( 'NONE', #1120, 1000.000000000000000 ) ;
#1337 = ORIENTED_EDGE ( 'NONE', *, *, #862, .F. ) ;
#1338 = CIRCLE ( 'NONE', #768, 15.05000000000000071 ) ;
#1339 = ORIENTED_EDGE ( 'NONE', *, *, #1128, .F. ) ;
#1340 = EDGE_CURVE ( 'NONE', #265, #1374, #188, .T. ) ;
#1341 = AXIS2_PLACEMENT_3D ( 'NONE', #1574, #683, #1604 ) ;
#1342 = COORDINATED_UNIVERSAL_TIME_OFFSET ( 1, 0, .AHEAD. ) ;
#1343 = AXIS2_PLACEMENT_3D ( 'NONE', #1407, #1567, #408 ) ;
#1344 = CARTESIAN_POINT ( 'NONE',  ( -77.13890089934365335, -9.900000000000009237, 14.56336761364393872 ) ) ;
#1345 = LINE ( 'NONE', #1440, #1290 ) ;
#1346 = ORIENTED_EDGE ( 'NONE', *, *, #783, .T. ) ;
#1347 = CARTESIAN_POINT ( 'NONE',  ( -77.13890089934366756, 20.09999999999999076, 14.56336761364393872 ) ) ;
#1348 = AXIS2_PLACEMENT_3D ( 'NONE', #741, #450, #724 ) ;
#1349 = ORIENTED_EDGE ( 'NONE', *, *, #944, .T. ) ;
#1350 = EDGE_LOOP ( 'NONE', ( #476, #762, #479, #339, #1327 ) ) ;
#1351 = DIRECTION ( 'NONE',  ( 0.000000000000000000, -1.000000000000000000, 0.000000000000000000 ) ) ;
#1352 = FACE_BOUND ( 'NONE', #557, .T. ) ;
#1353 = EDGE_CURVE ( 'NONE', #726, #1374, #1632, .T. ) ;
#1354 = DIRECTION ( 'NONE',  ( 0.000000000000000000, 1.000000000000000000, 0.000000000000000000 ) ) ;
#1355 = ORIENTED_EDGE ( 'NONE', *, *, #1077, .T. ) ;
#1356 = COORDINATED_UNIVERSAL_TIME_OFFSET ( 1, 0, .AHEAD. ) ;
#1357 = ORIENTED_EDGE ( 'NONE', *, *, #391, .T. ) ;
#1358 = DIRECTION ( 'NONE',  ( 8.659560562354942719E-17, -0.7071067811865466846, 0.7071067811865483499 ) ) ;
#1359 = FACE_BOUND ( 'NONE', #175, .T. ) ;
#1360 = ORGANIZATION ( 'UNSPECIFIED', 'UNSPECIFIED', '' ) ;
#1361 = CYLINDRICAL_SURFACE ( 'NONE', #1559, 1.500000000000001332 ) ;
#1362 = ADVANCED_FACE ( 'NONE', ( #205, #325 ), #584, .F. ) ;
#1363 = CARTESIAN_POINT ( 'NONE',  ( -81.85186786579156148, 7.899999999999985256, 17.49999999999999289 ) ) ;
#1364 = CIRCLE ( 'NONE', #418, 1.500000000000001332 ) ;
#1365 = VERTEX_POINT ( 'NONE', #715 ) ;
#1366 = APPLICATION_CONTEXT ( 'configuration controlled 3d designs of mechanical parts and assemblies' ) ;
#1367 = ORIENTED_EDGE ( 'NONE', *, *, #122, .F. ) ;
#1368 = DIRECTION ( 'NONE',  ( -2.463512628606118072E-16, 1.000000000000000000, 1.740923997763740123E-31 ) ) ;
#1369 = VECTOR ( 'NONE', #478, 1000.000000000000000 ) ;
#1370 = CARTESIAN_POINT ( 'NONE',  ( 24.34235294322776966, 20.10000000000001208, -5.500000000000036415 ) ) ;
#1371 = DIRECTION ( 'NONE',  ( -1.000000000000000000, -2.463512628606117579E-16, 2.301457347896260623E-16 ) ) ;
#1372 = EDGE_CURVE ( 'NONE', #123, #1223, #424, .T. ) ;
#1373 = ORIENTED_EDGE ( 'NONE', *, *, #624, .F. ) ;
#1374 = VERTEX_POINT ( 'NONE', #960 ) ;
#1375 = EDGE_CURVE ( 'NONE', #963, #891, #1098, .T. ) ;
#1376 = DIRECTION ( 'NONE',  ( -1.000000000000000000, -2.463512628606117579E-16, 2.301457347896260623E-16 ) ) ;
#1377 = ORIENTED_EDGE ( 'NONE', *, *, #300, .F. ) ;
#1378 = CARTESIAN_POINT ( 'NONE',  ( -77.13890089934366756, 28.09999999999998366, 13.06336761364394050 ) ) ;
#1379 = CARTESIAN_POINT ( 'NONE',  ( 24.34235294322775545, 35.35000000000000853, -23.30000000000002558 ) ) ;
#1380 = ORIENTED_EDGE ( 'NONE', *, *, #1093, .T. ) ;
#1381 = EDGE_LOOP ( 'NONE', ( #347, #1651, #573, #1328 ) ) ;
#1382 = CARTESIAN_POINT ( 'NONE',  ( -66.21296696644787971, 9.899999999999984368, 14.56336761364393517 ) ) ;
#1383 = EDGE_CURVE ( 'NONE', #1625, #794, #957, .T. ) ;
#1384 = CARTESIAN_POINT ( 'NONE',  ( -67.71296696644787971, 1.899999999999999023, 14.56336761364393517 ) ) ;
#1385 = ORIENTED_EDGE ( 'NONE', *, *, #122, .T. ) ;
#1386 = CARTESIAN_POINT ( 'NONE',  ( -63.00000000000000000, 9.900000000000018119, 19.49999999999998579 ) ) ;
#1387 = DIRECTION ( 'NONE',  ( 2.463512628606118072E-16, -1.000000000000000000, 1.841377510045590008E-16 ) ) ;
#1388 = AXIS2_PLACEMENT_3D ( 'NONE', #285, #923, #1562 ) ;
#1389 = ORIENTED_EDGE ( 'NONE', *, *, #1429, .F. ) ;
#1390 = AXIS2_PLACEMENT_3D ( 'NONE', #1304, #411, #1354 ) ;
#1391 = VERTEX_POINT ( 'NONE', #591 ) ;
#1392 = DIRECTION ( 'NONE',  ( -1.000000000000000000, -2.463512628606117579E-16, 2.301457347896261116E-16 ) ) ;
#1393 = AXIS2_PLACEMENT_3D ( 'NONE', #108, #986, #1654 ) ;
#1394 = EDGE_CURVE ( 'NONE', #520, #341, #237, .T. ) ;
#1395 = CARTESIAN_POINT ( 'NONE',  ( -81.85186786579157570, -4.750000000000028422, -23.30000000000000782 ) ) ;
#1396 = ORIENTED_EDGE ( 'NONE', *, *, #517, .T. ) ;
#1397 = FACE_BOUND ( 'NONE', #1500, .T. ) ;
#1398 = CIRCLE ( 'NONE', #669, 1.500000000000001332 ) ;
#1399 = DIRECTION ( 'NONE',  ( -2.463512628606118072E-16, 1.000000000000000000, 1.740923997763740123E-31 ) ) ;
#1400 = CONICAL_SURFACE ( 'NONE', #819, 1.499999999999996891, 0.7853981633974500554 ) ;
#1401 = VERTEX_POINT ( 'NONE', #457 ) ;
#1402 = ORIENTED_EDGE ( 'NONE', *, *, #1611, .T. ) ;
#1403 = FACE_OUTER_BOUND ( 'NONE', #436, .T. ) ;
#1404 = DIRECTION ( 'NONE',  ( 0.000000000000000000, -1.000000000000000000, 0.000000000000000000 ) ) ;
#1405 = VECTOR ( 'NONE', #698, 1000.000000000000000 ) ;
#1406 = CYLINDRICAL_SURFACE ( 'NONE', #792, 1.500000000000001332 ) ;
#1407 = CARTESIAN_POINT ( 'NONE',  ( -67.71296696644787971, -9.900000000000009237, 14.56336761364393517 ) ) ;
#1408 = EDGE_CURVE ( 'NONE', #348, #1223, #1180, .T. ) ;
#1409 = ORIENTED_EDGE ( 'NONE', *, *, #1053, .F. ) ;
#1410 = ORIENTED_EDGE ( 'NONE', *, *, #989, .F. ) ;
#1411 = CARTESIAN_POINT ( 'NONE',  ( -77.13890089934365335, 1.899999999999971045, 4.690102840931834827 ) ) ;
#1412 = DIRECTION ( 'NONE',  ( -1.000000000000000000, -2.463512628606117579E-16, 2.301457347896261116E-16 ) ) ;
#1413 = DIRECTION ( 'NONE',  ( 2.463512628606118072E-16, -1.000000000000000000, 1.841377510045590008E-16 ) ) ;
#1414 = B_SPLINE_CURVE_WITH_KNOTS ( 'NONE', 3,
 ( #487, #991, #1007, #873, #201, #707, #328, #1616 ),
 .UNSPECIFIED., .F., .F.,
 ( 4, 2, 2, 4 ),
 ( 0.000000000000000000, 0.0004974755510116055275, 0.0009949511020232110550, 0.001989902204046379609 ),
 .UNSPECIFIED. ) ;
#1415 = CARTESIAN_POINT ( 'NONE',  ( 24.34235294322776255, 31.22754158964881199, -0.7591185885180082860 ) ) ;
#1416 = EDGE_CURVE ( 'NONE', #210, #1129, #868, .T. ) ;
#1417 = VERTEX_POINT ( 'NONE', #689 ) ;
#1418 = CIRCLE ( 'NONE', #736, 1.500000000000001332 ) ;
#1419 = ORIENTED_EDGE ( 'NONE', *, *, #1569, .F. ) ;
#1420 = LINE ( 'NONE', #994, #393 ) ;
#1421 = DIRECTION ( 'NONE',  ( -1.000000000000000000, 0.000000000000000000, 0.000000000000000000 ) ) ;
#1422 = DIRECTION ( 'NONE',  ( 0.000000000000000000, 1.000000000000000000, 0.000000000000000000 ) ) ;
#1423 = CARTESIAN_POINT ( 'NONE',  ( -63.00000000000000000, 7.899999999999990585, 19.49999999999998579 ) ) ;
#1424 = CARTESIAN_POINT ( 'NONE',  ( -81.85186786579157570, 45.34999999999998010, -23.30000000000000071 ) ) ;
#1425 = VERTEX_POINT ( 'NONE', #842 ) ;
#1426 = ADVANCED_FACE ( 'NONE', ( #62 ), #310, .T. ) ;
#1427 = ORIENTED_EDGE ( 'NONE', *, *, #1619, .F. ) ;
#1428 = CARTESIAN_POINT ( 'NONE',  ( -81.85186786579156148, 7.899999999999985256, 19.49999999999998934 ) ) ;
#1429 = EDGE_CURVE ( 'NONE', #891, #1214, #199, .T. ) ;
#1430 = CARTESIAN_POINT ( 'NONE',  ( -67.71296696644787971, 9.899999999999984368, 4.690102840931834827 ) ) ;
#1431 = CARTESIAN_POINT ( 'NONE',  ( -78.63890089934365335, 9.899999999999984368, 14.56336761364393872 ) ) ;
#1432 = CARTESIAN_POINT ( 'NONE',  ( -63.00000000000000000, 20.29999999999998295, -23.30000000000000782 ) ) ;
#1433 = CARTESIAN_POINT ( 'NONE',  ( -78.63890089934366756, 30.09999999999999076, 4.690102840931834827 ) ) ;
#1434 = CARTESIAN_POINT ( 'NONE',  ( -66.21296696644789392, 20.09999999999999076, 14.56336761364393517 ) ) ;
#1435 = ORIENTED_EDGE ( 'NONE', *, *, #1476, .T. ) ;
#1436 = LINE ( 'NONE', #284, #1523 ) ;
#1437 = ADVANCED_FACE ( 'NONE', ( #1488 ), #575, .F. ) ;
#1438 = EDGE_CURVE ( 'NONE', #1214, #520, #793, .T. ) ;
#1439 = CARTESIAN_POINT ( 'NONE',  ( -77.13890089934366756, 28.09999999999998366, 14.56336761364393872 ) ) ;
#1440 = CARTESIAN_POINT ( 'NONE',  ( -63.00000000000000000, -0.1000000000000097200, 19.49999999999996803 ) ) ;
#1441 = EDGE_LOOP ( 'NONE', ( #461, #800, #33, #218 ) ) ;
#1442 = ORIENTED_EDGE ( 'NONE', *, *, #1416, .F. ) ;
#1443 = B_SPLINE_CURVE_WITH_KNOTS ( 'NONE', 3,
 ( #357, #1010, #1635, #878, #735, #1258, #107, #607 ),
 .UNSPECIFIED., .F., .F.,
 ( 4, 2, 2, 4 ),
 ( 0.001989902204046379609, 0.002984405152486585729, 0.003481656626706687487, 0.003978908100926789246 ),
 .UNSPECIFIED. ) ;
#1444 = DIRECTION ( 'NONE',  ( 2.770017526509871338E-16, -1.000000000000000000, 0.000000000000000000 ) ) ;
#1445 = CC_DESIGN_APPROVAL ( #299, ( #305 ) ) ;
#1446 = MECHANICAL_CONTEXT ( 'NONE', #580, 'mechanical' ) ;
#1447 = CIRCLE ( 'NONE', #1659, 1.500000000000001332 ) ;
#1448 = EDGE_CURVE ( 'NONE', #1331, #1234, #163, .T. ) ;
#1449 = CIRCLE ( 'NONE', #132, 3.500000000000016875 ) ;
#1450 = CARTESIAN_POINT ( 'NONE',  ( -77.13890089934365335, 1.899999999999967715, 4.690102840931834827 ) ) ;
#1451 = DIRECTION ( 'NONE',  ( -2.463512628606117579E-16, 1.000000000000000000, 0.000000000000000000 ) ) ;
#1452 = ORIENTED_EDGE ( 'NONE', *, *, #1283, .T. ) ;
#1453 = VERTEX_POINT ( 'NONE', #462 ) ;
#1454 = CIRCLE ( 'NONE', #84, 1.499999999999997780 ) ;
#1455 =( NAMED_UNIT ( * ) SI_UNIT ( $, .STERADIAN. ) SOLID_ANGLE_UNIT ( ) );
#1456 = DIRECTION ( 'NONE',  ( -1.000000000000000000, 7.709882115452476934E-17, -0.000000000000000000 ) ) ;
#1457 = CARTESIAN_POINT ( 'NONE',  ( -78.63890089934365335, -9.900000000000009237, 4.690102840931834827 ) ) ;
#1458 = DIRECTION ( 'NONE',  ( 0.000000000000000000, 1.000000000000000000, 0.000000000000000000 ) ) ;
#1459 = ORIENTED_EDGE ( 'NONE', *, *, #1326, .F. ) ;
#1460 = EDGE_CURVE ( 'NONE', #96, #225, #438, .T. ) ;
#1461 = VERTEX_POINT ( 'NONE', #1250 ) ;
#1462 = DATE_AND_TIME ( #815, #628 ) ;
#1463 = DIRECTION ( 'NONE',  ( 1.000000000000000000, 0.000000000000000000, 0.000000000000000000 ) ) ;
#1464 = DIRECTION ( 'NONE',  ( 0.000000000000000000, 0.7071067811865463515, 0.7071067811865487940 ) ) ;
#1465 = ORIENTED_EDGE ( 'NONE', *, *, #1319, .T. ) ;
#1466 = EDGE_CURVE ( 'NONE', #96, #220, #738, .T. ) ;
#1467 = ORIENTED_EDGE ( 'NONE', *, *, #1583, .T. ) ;
#1468 = APPROVAL_ROLE ( '' ) ;
#1469 = CC_DESIGN_APPROVAL ( #1618, ( #101 ) ) ;
#1470 = DIRECTION ( 'NONE',  ( -2.463512628606118072E-16, 1.000000000000000000, -1.841377510045590008E-16 ) ) ;
#1471 = VECTOR ( 'NONE', #618, 1000.000000000000000 ) ;
#1472 = DIRECTION ( 'NONE',  ( 2.463512628606118072E-16, -1.000000000000000000, 1.841377510045590008E-16 ) ) ;
#1473 = EDGE_LOOP ( 'NONE', ( #1078, #974, #498, #1644 ) ) ;
#1474 = AXIS2_PLACEMENT_3D ( 'NONE', #537, #924, #297 ) ;
#1475 = CARTESIAN_POINT ( 'NONE',  ( -63.00000000000000000, 22.09999999999999432, 17.49999999999998934 ) ) ;
#1476 = EDGE_CURVE ( 'NONE', #230, #1051, #1607, .T. ) ;
#1477 = ORIENTED_EDGE ( 'NONE', *, *, #113, .T. ) ;
#1478 = ORIENTED_EDGE ( 'NONE', *, *, #174, .T. ) ;
#1479 = CIRCLE ( 'NONE', #934, 1.499999999999997780 ) ;
#1480 = EDGE_CURVE ( 'NONE', #594, #1365, #1601, .T. ) ;
#1481 = DIRECTION ( 'NONE',  ( 2.463512628606117579E-16, -1.000000000000000000, 0.000000000000000000 ) ) ;
#1482 = CARTESIAN_POINT ( 'NONE',  ( -65.80871114660516241, -0.1000000000000107608, 17.49999999999999289 ) ) ;
#1483 = EDGE_LOOP ( 'NONE', ( #141, #1225 ) ) ;
#1484 = CARTESIAN_POINT ( 'NONE',  ( -66.21296696644787971, -9.900000000000009237, 14.56336761364393517 ) ) ;
#1485 = EDGE_LOOP ( 'NONE', ( #1337, #173, #375, #202 ) ) ;
#1486 = DATE_AND_TIME ( #681, #1629 ) ;
#1487 = EDGE_LOOP ( 'NONE', ( #623, #920, #313, #1491 ) ) ;
#1488 = FACE_OUTER_BOUND ( 'NONE', #579, .T. ) ;
#1489 = DIRECTION ( 'NONE',  ( 0.000000000000000000, 0.000000000000000000, -1.000000000000000000 ) ) ;
#1490 = CARTESIAN_POINT ( 'NONE',  ( -77.13890089934365335, 1.899999999999967715, 4.690102840931834827 ) ) ;
#1491 = ORIENTED_EDGE ( 'NONE', *, *, #91, .T. ) ;
#1492 = VERTEX_POINT ( 'NONE', #1646 ) ;
#1493 = DIRECTION ( 'NONE',  ( -1.000000000000000000, -2.463512628606117579E-16, 2.301457347896260623E-16 ) ) ;
#1494 = EDGE_CURVE ( 'NONE', #1492, #504, #597, .T. ) ;
#1495 = CARTESIAN_POINT ( 'NONE',  ( -69.32443993805743787, -0.09393693831350130585, 17.66790964655335827 ) ) ;
#1496 = VECTOR ( 'NONE', #995, 1000.000000000000000 ) ;
#1497 = LINE ( 'NONE', #224, #1265 ) ;
#1498 = CIRCLE ( 'NONE', #494, 1.499999999999997780 ) ;
#1499 = VERTEX_POINT ( 'NONE', #1502 ) ;
#1500 = EDGE_LOOP ( 'NONE', ( #806, #996 ) ) ;
#1501 = AXIS2_PLACEMENT_3D ( 'NONE', #18, #785, #652 ) ;
#1502 = CARTESIAN_POINT ( 'NONE',  ( -69.21296696644787971, -0.1000000000000153683, 4.690102840931834827 ) ) ;
#1503 = AXIS2_PLACEMENT_3D ( 'NONE', #981, #1387, #972 ) ;
#1504 = PLANE ( 'NONE',  #608 ) ;
#1505 = CARTESIAN_POINT ( 'NONE',  ( -67.71296696644787971, 1.900000000000002354, 14.56336761364393517 ) ) ;
#1506 = ORIENTED_EDGE ( 'NONE', *, *, #801, .F. ) ;
#1507 = EDGE_CURVE ( 'NONE', #1401, #1233, #491, .T. ) ;
#1508 = ORIENTED_EDGE ( 'NONE', *, *, #680, .F. ) ;
#1509 = LINE ( 'NONE', #884, #1336 ) ;
#1510 = DIRECTION ( 'NONE',  ( 1.000000000000000000, -7.709882115452476934E-17, 0.000000000000000000 ) ) ;
#1511 = ORIENTED_EDGE ( 'NONE', *, *, #456, .T. ) ;
#1512 = DIRECTION ( 'NONE',  ( -1.000000000000000000, -2.463512628606117579E-16, 2.301457347896260623E-16 ) ) ;
#1513 = LINE ( 'NONE', #468, #1074 ) ;
#1514 = ORIENTED_EDGE ( 'NONE', *, *, #405, .T. ) ;
#1515 = ORIENTED_EDGE ( 'NONE', *, *, #381, .T. ) ;
#1516 = FACE_BOUND ( 'NONE', #99, .T. ) ;
#1517 = DIRECTION ( 'NONE',  ( 0.000000000000000000, 0.000000000000000000, 1.000000000000000000 ) ) ;
#1518 = LINE ( 'NONE', #360, #605 ) ;
#1519 = DIRECTION ( 'NONE',  ( 0.000000000000000000, 0.000000000000000000, 1.000000000000000000 ) ) ;
#1520 = DIRECTION ( 'NONE',  ( -2.463512628606118072E-16, 1.000000000000000000, 1.740923997763740342E-31 ) ) ;
#1521 = CIRCLE ( 'NONE', #570, 1.499999999999996891 ) ;
#1522 = VERTEX_POINT ( 'NONE', #1637 ) ;
#1523 = VECTOR ( 'NONE', #922, 1000.000000000000000 ) ;
#1524 = ORIENTED_EDGE ( 'NONE', *, *, #944, .F. ) ;
#1525 = CYLINDRICAL_SURFACE ( 'NONE', #308, 1.500000000000001332 ) ;
#1526 = AXIS2_PLACEMENT_3D ( 'NONE', #76, #825, #1351 ) ;
#1527 = CARTESIAN_POINT ( 'NONE',  ( -77.13890089934365335, 1.899999999999967715, 3.190102840931838379 ) ) ;
#1528 = DIRECTION ( 'NONE',  ( -2.463512628606118072E-16, 1.000000000000000000, 1.740923997763740123E-31 ) ) ;
#1529 = DIRECTION ( 'NONE',  ( -0.000000000000000000, 1.000000000000000000, -3.469446951953614189E-16 ) ) ;
#1530 = EDGE_CURVE ( 'NONE', #238, #348, #475, .T. ) ;
#1531 = CIRCLE ( 'NONE', #1341, 2.000000000000000000 ) ;
#1532 = AXIS2_PLACEMENT_3D ( 'NONE', #648, #1170, #1035 ) ;
#1533 = DIRECTION ( 'NONE',  ( 0.000000000000000000, 1.000000000000000000, 0.000000000000000000 ) ) ;
#1534 = VERTEX_POINT ( 'NONE', #342 ) ;
#1535 = EDGE_LOOP ( 'NONE', ( #745, #1587 ) ) ;
#1536 = DIRECTION ( 'NONE',  ( 0.000000000000000000, 0.000000000000000000, -1.000000000000000000 ) ) ;
#1537 = CARTESIAN_POINT ( 'NONE',  ( -78.63890089934365335, -9.900000000000009237, 14.56336761364393872 ) ) ;
#1538 = DIRECTION ( 'NONE',  ( -2.463512628606118072E-16, 1.000000000000000000, 1.740923997763740123E-31 ) ) ;
#1539 = ADVANCED_FACE ( 'NONE', ( #221 ), #857, .F. ) ;
#1540 = CARTESIAN_POINT ( 'NONE',  ( -67.71296696644789392, 30.09999999999999076, 4.690102840931834827 ) ) ;
#1541 = ORIENTED_EDGE ( 'NONE', *, *, #696, .T. ) ;
#1542 = ORIENTED_EDGE ( 'NONE', *, *, #81, .F. ) ;
#1543 = FACE_OUTER_BOUND ( 'NONE', #324, .T. ) ;
#1544 = CARTESIAN_POINT ( 'NONE',  ( -77.13890089934366756, 30.09999999999999076, 14.56336761364393872 ) ) ;
#1545 = CARTESIAN_POINT ( 'NONE',  ( 24.34235294322776966, -0.09999999999998819555, 19.49999999999996803 ) ) ;
#1546 = ADVANCED_FACE ( 'NONE', ( #377 ), #1549, .F. ) ;
#1547 = DIRECTION ( 'NONE',  ( -1.000000000000000000, -2.463512628606117579E-16, 2.301457347896260623E-16 ) ) ;
#1548 = ADVANCED_FACE ( 'NONE', ( #242 ), #359, .T. ) ;
#1549 = CONICAL_SURFACE ( 'NONE', #492, 1.499999999999996891, 0.7853981633974500554 ) ;
#1550 = EDGE_LOOP ( 'NONE', ( #864, #1367, #1001, #674 ) ) ;
#1551 = DIRECTION ( 'NONE',  ( 2.463512628606117579E-16, -1.000000000000000000, 0.000000000000000000 ) ) ;
#1552 = CONICAL_SURFACE ( 'NONE', #1315, 1.499999999999997780, 0.7853981633974468357 ) ;
#1553 = CARTESIAN_POINT ( 'NONE',  ( -69.21296696644787971, -9.900000000000009237, 4.690102840931834827 ) ) ;
#1554 = CIRCLE ( 'NONE', #79, 3.500000000000003109 ) ;
#1555 = LINE ( 'NONE', #387, #766 ) ;
#1556 = CARTESIAN_POINT ( 'NONE',  ( -81.85186786579157570, 30.09999999999998721, 1.040552582059425024 ) ) ;
#1557 = CARTESIAN_POINT ( 'NONE',  ( -81.85186786579156148, -0.1000000000000194345, -8.136144949255141867 ) ) ;
#1558 = VERTEX_POINT ( 'NONE', #1395 ) ;
#1559 = AXIS2_PLACEMENT_3D ( 'NONE', #979, #378, #259 ) ;
#1560 = VERTEX_POINT ( 'NONE', #257 ) ;
#1561 = DIRECTION ( 'NONE',  ( 0.000000000000000000, -1.000000000000000000, 0.000000000000000000 ) ) ;
#1562 = DIRECTION ( 'NONE',  ( 1.000000000000000000, 0.000000000000000000, 0.000000000000000000 ) ) ;
#1563 = PLANE ( 'NONE',  #1532 ) ;
#1564 = DIRECTION ( 'NONE',  ( 0.000000000000000000, 1.000000000000000000, 0.000000000000000000 ) ) ;
#1565 = CARTESIAN_POINT ( 'NONE',  ( -77.13890089934365335, -9.900000000000009237, 4.690102840931834827 ) ) ;
#1566 = CARTESIAN_POINT ( 'NONE',  ( -67.71296696644787971, -9.900000000000009237, 4.690102840931834827 ) ) ;
#1567 = DIRECTION ( 'NONE',  ( -2.463512628606118072E-16, 1.000000000000000000, 1.740923997763740123E-31 ) ) ;
#1568 = VERTEX_POINT ( 'NONE', #764 ) ;
#1569 = EDGE_CURVE ( 'NONE', #1295, #341, #749, .T. ) ;
#1570 = ORIENTED_EDGE ( 'NONE', *, *, #1128, .T. ) ;
#1571 = DIRECTION ( 'NONE',  ( 0.000000000000000000, 0.000000000000000000, -1.000000000000000000 ) ) ;
#1572 = DATE_AND_TIME ( #668, #810 ) ;
#1573 = CARTESIAN_POINT ( 'NONE',  ( -81.85186786579156148, 9.899999999999984368, -5.500000000000010658 ) ) ;
#1574 = CARTESIAN_POINT ( 'NONE',  ( -81.85186786579156148, 1.899999999999985256, 17.49999999999999645 ) ) ;
#1575 = ORIENTED_EDGE ( 'NONE', *, *, #1353, .F. ) ;
#1576 = ORIENTED_EDGE ( 'NONE', *, *, #1185, .F. ) ;
#1577 = DIRECTION ( 'NONE',  ( 0.000000000000000000, 1.000000000000000000, 0.000000000000000000 ) ) ;
#1578 = APPROVAL_PERSON_ORGANIZATION ( #550, #299, #581 ) ;
#1579 = CARTESIAN_POINT ( 'NONE',  ( 24.34235294322776966, 20.10000000000001208, -5.500000000000036415 ) ) ;
#1580 = VECTOR ( 'NONE', #260, 1000.000000000000000 ) ;
#1581 = AXIS2_PLACEMENT_3D ( 'NONE', #333, #439, #697 ) ;
#1582 = CARTESIAN_POINT ( 'NONE',  ( 24.34235294322775900, 20.30000000000000426, -23.30000000000002913 ) ) ;
#1583 = EDGE_CURVE ( 'NONE', #1522, #238, #1521, .T. ) ;
#1584 = DIRECTION ( 'NONE',  ( 0.000000000000000000, -1.000000000000000000, 3.469446951953614189E-16 ) ) ;
#1585 = EDGE_LOOP ( 'NONE', ( #984, #1193, #497, #194 ) ) ;
#1586 = VECTOR ( 'NONE', #413, 1000.000000000000000 ) ;
#1587 = ORIENTED_EDGE ( 'NONE', *, *, #448, .T. ) ;
#1588 = DATE_AND_TIME ( #940, #434 ) ;
#1589 = CARTESIAN_POINT ( 'NONE',  ( -67.71296696644787971, 1.899999999999999023, 16.06336761364393340 ) ) ;
#1590 = EDGE_CURVE ( 'NONE', #105, #489, #951, .T. ) ;
#1591 = DIRECTION ( 'NONE',  ( 0.000000000000000000, 0.000000000000000000, -1.000000000000000000 ) ) ;
#1592 = VERTEX_POINT ( 'NONE', #1152 ) ;
#1593 = ORIENTED_EDGE ( 'NONE', *, *, #612, .F. ) ;
#1594 = DIRECTION ( 'NONE',  ( -2.463512628606117579E-16, 1.000000000000000000, 0.000000000000000000 ) ) ;
#1595 = CARTESIAN_POINT ( 'NONE',  ( -69.21296696644787971, -9.900000000000009237, 14.56336761364393517 ) ) ;
#1596 = ADVANCED_FACE ( 'NONE', ( #1 ), #656, .T. ) ;
#1597 = ORIENTED_EDGE ( 'NONE', *, *, #699, .F. ) ;
#1598 = EDGE_LOOP ( 'NONE', ( #1409, #431 ) ) ;
#1599 = EDGE_CURVE ( 'NONE', #1568, #1187, #1418, .T. ) ;
#1600 = ORIENTED_EDGE ( 'NONE', *, *, #508, .T. ) ;
#1601 = CIRCLE ( 'NONE', #1117, 15.04999999999999893 ) ;
#1602 = CARTESIAN_POINT ( 'NONE',  ( -63.00000000000000000, 45.34999999999998721, -23.30000000000000071 ) ) ;
#1603 = VECTOR ( 'NONE', #270, 999.9999999999998863 ) ;
#1604 = DIRECTION ( 'NONE',  ( 0.000000000000000000, 1.000000000000000000, 0.000000000000000000 ) ) ;
#1605 = AXIS2_PLACEMENT_3D ( 'NONE', #183, #1470, #1334 ) ;
#1606 = VERTEX_POINT ( 'NONE', #170 ) ;
#1607 = CIRCLE ( 'NONE', #262, 2.000000000000000000 ) ;
#1608 = DIRECTION ( 'NONE',  ( 1.000000000000000000, 0.000000000000000000, 0.000000000000000000 ) ) ;
#1609 = ORIENTED_EDGE ( 'NONE', *, *, #1021, .T. ) ;
#1610 = CIRCLE ( 'NONE', #1097, 1.500000000000001332 ) ;
#1611 = EDGE_CURVE ( 'NONE', #210, #1626, #907, .T. ) ;
#1612 = CALENDAR_DATE ( 2026, 2, 6 ) ;
#1613 = ORIENTED_EDGE ( 'NONE', *, *, #958, .F. ) ;
#1614 = DIRECTION ( 'NONE',  ( -2.463512628606117579E-16, 1.000000000000000000, 0.000000000000000000 ) ) ;
#1615 = DIRECTION ( 'NONE',  ( -2.463512628606118072E-16, 1.000000000000000000, 1.740923997763740342E-31 ) ) ;
#1616 = CARTESIAN_POINT ( 'NONE',  ( -77.13890089934366756, 30.03652054656796366, 17.99988816021191695 ) ) ;
#1617 = EDGE_LOOP ( 'NONE', ( #1019, #1247, #85, #1094, #1110, #678 ) ) ;
#1618 = APPROVAL ( #694, 'UNSPECIFIED' ) ;
#1619 = EDGE_CURVE ( 'NONE', #622, #374, #1177, .T. ) ;
#1620 = COORDINATED_UNIVERSAL_TIME_OFFSET ( 1, 0, .AHEAD. ) ;
#1621 = ORIENTED_EDGE ( 'NONE', *, *, #1639, .F. ) ;
#1622 = DIRECTION ( 'NONE',  ( 1.334848550052088236E-47, 1.731347548591861703E-31, -1.000000000000000000 ) ) ;
#1623 = CARTESIAN_POINT ( 'NONE',  ( -68.04453880249482722, -0.03652054656798672805, 17.99988816021191695 ) ) ;
#1624 = DIRECTION ( 'NONE',  ( 0.000000000000000000, -1.000000000000000000, 0.000000000000000000 ) ) ;
#1625 = VERTEX_POINT ( 'NONE', #639 ) ;
#1626 = VERTEX_POINT ( 'NONE', #45 ) ;
#1627 = DIRECTION ( 'NONE',  ( 0.000000000000000000, -1.000000000000000000, 0.000000000000000000 ) ) ;
#1628 = CARTESIAN_POINT ( 'NONE',  ( -67.05157958851917499, -0.04734621471773466789, 17.96318644519675090 ) ) ;
#1629 = LOCAL_TIME ( 10, 28, 56.00000000000000000, #1342 ) ;
#1630 = EDGE_CURVE ( 'NONE', #902, #939, #596, .T. ) ;
#1631 = CARTESIAN_POINT ( 'NONE',  ( -75.63890089934366756, 20.09999999999999076, 14.56336761364393872 ) ) ;
#1632 = CIRCLE ( 'NONE', #549, 1.500000000000001332 ) ;
#1633 = ORIENTED_EDGE ( 'NONE', *, *, #464, .F. ) ;
#1634 = ORIENTED_EDGE ( 'NONE', *, *, #145, .F. ) ;
#1635 = CARTESIAN_POINT ( 'NONE',  ( -76.47126006392930719, 30.04764042357917830, 17.96172470052723469 ) ) ;
#1636 = VECTOR ( 'NONE', #671, 999.9999999999998863 ) ;
#1637 = CARTESIAN_POINT ( 'NONE',  ( -78.63890089934365335, 1.899999999999971045, 4.690102840931834827 ) ) ;
#1638 = CARTESIAN_POINT ( 'NONE',  ( 24.34235294322776966, 20.10000000000001208, 19.49999999999996447 ) ) ;
#1639 = EDGE_CURVE ( 'NONE', #1009, #1492, #162, .T. ) ;
#1640 = CARTESIAN_POINT ( 'NONE',  ( -77.13890089934365335, 1.899999999999971045, 4.690102840931834827 ) ) ;
#1641 = ORIENTED_EDGE ( 'NONE', *, *, #9, .F. ) ;
#1642 = CIRCLE ( 'NONE', #1216, 1.500000000000001332 ) ;
#1643 = VECTOR ( 'NONE', #677, 1000.000000000000000 ) ;
#1644 = ORIENTED_EDGE ( 'NONE', *, *, #552, .F. ) ;
#1645 = CYLINDRICAL_SURFACE ( 'NONE', #1151, 1.500000000000001332 ) ;
#1646 = CARTESIAN_POINT ( 'NONE',  ( -63.00000000000000000, 28.09999999999999076, 19.49999999999998579 ) ) ;
#1647 = ORIENTED_EDGE ( 'NONE', *, *, #502, .T. ) ;
#1648 = CARTESIAN_POINT ( 'NONE',  ( 24.34235294322775900, 20.30000000000000426, -23.30000000000002913 ) ) ;
#1649 = DIRECTION ( 'NONE',  ( 0.000000000000000000, 1.000000000000000000, 0.000000000000000000 ) ) ;
#1650 = VERTEX_POINT ( 'NONE', #1054 ) ;
#1651 = ORIENTED_EDGE ( 'NONE', *, *, #402, .T. ) ;
#1652 = ADVANCED_FACE ( 'NONE', ( #1189 ), #1169, .F. ) ;
#1653 = CARTESIAN_POINT ( 'NONE',  ( -67.71296696644787971, -9.900000000000009237, 14.56336761364393517 ) ) ;
#1654 = DIRECTION ( 'NONE',  ( 1.000000000000000000, 0.000000000000000000, 0.000000000000000000 ) ) ;
#1655 = CARTESIAN_POINT ( 'NONE',  ( -67.71296696644789392, 28.09999999999998366, 4.690102840931834827 ) ) ;
#1656 = CARTESIAN_POINT ( 'NONE',  ( -77.13890089934366756, 28.09999999999998366, 16.06336761364393695 ) ) ;
#1657 = AXIS2_PLACEMENT_3D ( 'NONE', #885, #1412, #867 ) ;
#1658 = ORIENTED_EDGE ( 'NONE', *, *, #346, .T. ) ;
#1659 = AXIS2_PLACEMENT_3D ( 'NONE', #1347, #1551, #1608 ) ;
#1660 = AXIS2_PLACEMENT_3D ( 'NONE', #420, #936, #155 ) ;
#1661 = EDGE_CURVE ( 'NONE', #1391, #1499, #1203, .T. ) ;
#1662 = ORIENTED_EDGE ( 'NONE', *, *, #539, .T. ) ;
#1663 = DIRECTION ( 'NONE',  ( -2.463512628606118072E-16, 1.000000000000000000, 1.740923997763740123E-31 ) ) ;
ENDSEC;
END-ISO-10303-21;
