ISO-10303-21;
HEADER;
FILE_DESCRIPTION (( 'STEP AP203' ),
    '1' );
FILE_NAME ('worm gear mounting plate.STEP',
    '2026-06-02T08:29:11',
    ( '' ),
    ( '' ),
    'SwSTEP 2.0',
    'SolidWorks 2024',
    '' );
FILE_SCHEMA (( 'CONFIG_CONTROL_DESIGN' ));
ENDSEC;

DATA;
#1 = DIRECTION ( 'NONE',  ( -1.000000000000000000, 0.000000000000000000, 0.000000000000000000 ) ) ;
#2 = VECTOR ( 'NONE', #902, 1000.000000000000000 ) ;
#3 = ORIENTED_EDGE ( 'NONE', *, *, #24, .F. ) ;
#4 = ORIENTED_EDGE ( 'NONE', *, *, #926, .T. ) ;
#5 = DIRECTION ( 'NONE',  ( 0.000000000000000000, 0.000000000000000000, 1.000000000000000000 ) ) ;
#6 = EDGE_LOOP ( 'NONE', ( #2564, #983 ) ) ;
#7 = PLANE ( 'NONE',  #1531 ) ;
#8 = CARTESIAN_POINT ( 'NONE',  ( -69.21296696644787971, 9.999999999999987566, 14.56336761364393517 ) ) ;
#9 = DIRECTION ( 'NONE',  ( -2.454725278939251986E-16, 1.000000000000000000, 1.412361382570359924E-32 ) ) ;
#10 = DIRECTION ( 'NONE',  ( 0.000000000000000000, 1.000000000000000000, 0.000000000000000000 ) ) ;
#11 = DIRECTION ( 'NONE',  ( -1.000000000000000000, 0.000000000000000000, 0.000000000000000000 ) ) ;
#12 = DIRECTION ( 'NONE',  ( -2.454725278939251986E-16, 1.000000000000000000, 1.412361382570359924E-32 ) ) ;
#13 = DIRECTION ( 'NONE',  ( 0.000000000000000000, 0.000000000000000000, 1.000000000000000000 ) ) ;
#14 = CARTESIAN_POINT ( 'NONE',  ( -49.41666666666665719, -15.00000000000001066, 34.37500000000000000 ) ) ;
#15 = EDGE_CURVE ( 'NONE', #1047, #1001, #1978, .T. ) ;
#16 = ORIENTED_EDGE ( 'NONE', *, *, #2582, .T. ) ;
#17 = CARTESIAN_POINT ( 'NONE',  ( -40.33333333333333570, 18.00000000000000711, 34.37499999999999289 ) ) ;
#18 = ORIENTED_EDGE ( 'NONE', *, *, #2009, .T. ) ;
#19 = AXIS2_PLACEMENT_3D ( 'NONE', #973, #400, #803 ) ;
#20 = FACE_OUTER_BOUND ( 'NONE', #1717, .T. ) ;
#21 = DIRECTION ( 'NONE',  ( 2.454725278939251986E-16, -1.000000000000000000, 0.000000000000000000 ) ) ;
#22 = CARTESIAN_POINT ( 'NONE',  ( -49.41666666666666430, 17.99999999999999289, 34.37500000000000000 ) ) ;
#23 = VECTOR ( 'NONE', #169, 1000.000000000000000 ) ;
#24 = EDGE_CURVE ( 'NONE', #2075, #967, #1799, .T. ) ;
#25 = AXIS2_PLACEMENT_3D ( 'NONE', #1256, #267, #1271 ) ;
#26 = CYLINDRICAL_SURFACE ( 'NONE', #130, 1.500000000000001332 ) ;
#27 = AXIS2_PLACEMENT_3D ( 'NONE', #821, #866, #1633 ) ;
#28 = CARTESIAN_POINT ( 'NONE',  ( -62.83333333333330728, 9.999999999999991118, 41.25000000000000000 ) ) ;
#29 = FACE_OUTER_BOUND ( 'NONE', #1089, .T. ) ;
#30 = VECTOR ( 'NONE', #2101, 1000.000000000000000 ) ;
#31 = EDGE_CURVE ( 'NONE', #2156, #1331, #1577, .T. ) ;
#32 = VERTEX_POINT ( 'NONE', #1774 ) ;
#33 = CIRCLE ( 'NONE', #1411, 2.000000000000001776 ) ;
#34 = VERTEX_POINT ( 'NONE', #1018 ) ;
#35 = ORIENTED_EDGE ( 'NONE', *, *, #357, .T. ) ;
#36 = APPLICATION_CONTEXT ( 'configuration controlled 3d designs of mechanical parts and assemblies' ) ;
#37 = DIRECTION ( 'NONE',  ( -2.463512628606118072E-16, 1.000000000000000000, 1.740923997763740123E-31 ) ) ;
#38 = CARTESIAN_POINT ( 'NONE',  ( -30.24999999999999289, 19.99999999999999645, 55.00000000000000000 ) ) ;
#39 = DIRECTION ( 'NONE',  ( -2.454725278939251986E-16, 1.000000000000000000, 1.412361382570359924E-32 ) ) ;
#40 = CARTESIAN_POINT ( 'NONE',  ( -49.41666666666667140, 9.999999999999994671, 20.62499999999999645 ) ) ;
#41 = ORIENTED_EDGE ( 'NONE', *, *, #451, .F. ) ;
#42 = CARTESIAN_POINT ( 'NONE',  ( -30.24999999999999645, 10.00000000000000178, 2.000000000000000000 ) ) ;
#43 = DIRECTION ( 'NONE',  ( -2.454725278939251986E-16, 1.000000000000000000, 1.412361382570359924E-32 ) ) ;
#44 = MANIFOLD_SOLID_BREP ( 'Stock-minilip main body-1', #864 ) ;
#45 = VERTEX_POINT ( 'NONE', #579 ) ;
#46 = EDGE_CURVE ( 'NONE', #1653, #1047, #114, .T. ) ;
#47 = DIRECTION ( 'NONE',  ( -1.000000000000000000, 0.000000000000000000, 0.000000000000000000 ) ) ;
#48 = ORIENTED_EDGE ( 'NONE', *, *, #1044, .T. ) ;
#49 = LINE ( 'NONE', #483, #595 ) ;
#50 = DIRECTION ( 'NONE',  ( 0.000000000000000000, 0.7071067811865464625, 0.7071067811865486830 ) ) ;
#51 = CARTESIAN_POINT ( 'NONE',  ( -49.41666666666666430, -15.00000000000001066, 6.874999999999999112 ) ) ;
#52 = CIRCLE ( 'NONE', #257, 1.500000000000001332 ) ;
#53 = PLANE ( 'NONE',  #1891 ) ;
#54 = EDGE_LOOP ( 'NONE', ( #2183, #2371, #932, #1393, #2313 ) ) ;
#55 = DIRECTION ( 'NONE',  ( 0.000000000000000000, 1.000000000000000000, 0.000000000000000000 ) ) ;
#56 = EDGE_CURVE ( 'NONE', #1509, #989, #2081, .T. ) ;
#57 = ORIENTED_EDGE ( 'NONE', *, *, #954, .T. ) ;
#58 = APPROVAL_ROLE ( '' ) ;
#59 = CIRCLE ( 'NONE', #19, 1.500000000000001332 ) ;
#60 = DIRECTION ( 'NONE',  ( 0.000000000000000000, 0.000000000000000000, 1.000000000000000000 ) ) ;
#61 = DIRECTION ( 'NONE',  ( -1.000000000000000000, 0.000000000000000000, 0.000000000000000000 ) ) ;
#62 = CARTESIAN_POINT ( 'NONE',  ( -37.33333333333333570, 18.00000000000000711, 34.37499999999999289 ) ) ;
#63 = VERTEX_POINT ( 'NONE', #749 ) ;
#64 = CIRCLE ( 'NONE', #2291, 1.500000000000001332 ) ;
#65 = DIRECTION ( 'NONE',  ( 0.000000000000000000, 1.000000000000000000, 0.000000000000000000 ) ) ;
#66 = CARTESIAN_POINT ( 'NONE',  ( -49.41666666666667140, 17.99999999999999289, 20.62499999999999645 ) ) ;
#67 = AXIS2_PLACEMENT_3D ( 'NONE', #1549, #112, #915 ) ;
#68 = ORIENTED_EDGE ( 'NONE', *, *, #2004, .F. ) ;
#69 = AXIS2_PLACEMENT_3D ( 'NONE', #974, #2577, #986 ) ;
#70 = VECTOR ( 'NONE', #1514, 999.9999999999998863 ) ;
#71 = ORIENTED_EDGE ( 'NONE', *, *, #2128, .T. ) ;
#72 = CARTESIAN_POINT ( 'NONE',  ( -81.73936786579155012, -9.900000000000005684, 24.64999999999999147 ) ) ;
#73 = DIRECTION ( 'NONE',  ( -2.454725278939251986E-16, 1.000000000000000000, 1.412361382570359924E-32 ) ) ;
#74 = EDGE_CURVE ( 'NONE', #124, #1913, #1559, .T. ) ;
#75 = EDGE_CURVE ( 'NONE', #1197, #1115, #2424, .T. ) ;
#76 = CYLINDRICAL_SURFACE ( 'NONE', #1127, 1.500000000000001332 ) ;
#77 = ORIENTED_EDGE ( 'NONE', *, *, #175, .T. ) ;
#78 = DIRECTION ( 'NONE',  ( 0.000000000000000000, 0.000000000000000000, 1.000000000000000000 ) ) ;
#79 = DIRECTION ( 'NONE',  ( 0.000000000000000000, 1.000000000000000000, 0.000000000000000000 ) ) ;
#80 = ORIENTED_EDGE ( 'NONE', *, *, #1021, .F. ) ;
#81 = VECTOR ( 'NONE', #2354, 1000.000000000000000 ) ;
#82 = CARTESIAN_POINT ( 'NONE',  ( -49.41666666666666430, 19.99999999999999289, 30.87499999999999289 ) ) ;
#83 = ORIENTED_EDGE ( 'NONE', *, *, #690, .F. ) ;
#84 = ORIENTED_EDGE ( 'NONE', *, *, #1297, .F. ) ;
#85 = EDGE_CURVE ( 'NONE', #2271, #2350, #2124, .T. ) ;
#86 = AXIS2_PLACEMENT_3D ( 'NONE', #1453, #1244, #1884 ) ;
#87 = CYLINDRICAL_SURFACE ( 'NONE', #928, 1.499999999999997780 ) ;
#88 = DIRECTION ( 'NONE',  ( -3.285523800833660592E-48, 1.000000000000000000, -3.023623362212761042E-32 ) ) ;
#89 = EDGE_CURVE ( 'NONE', #751, #924, #2016, .T. ) ;
#90 = DIRECTION ( 'NONE',  ( -1.000000000000000000, 0.000000000000000000, 0.000000000000000000 ) ) ;
#91 = VERTEX_POINT ( 'NONE', #1391 ) ;
#92 = DIRECTION ( 'NONE',  ( 0.000000000000000000, 0.000000000000000000, 1.000000000000000000 ) ) ;
#93 = CARTESIAN_POINT ( 'NONE',  ( -28.24999999999999645, 19.99999999999999645, 2.000000000000001776 ) ) ;
#94 = ADVANCED_FACE ( 'NONE', ( #1798 ), #1149, .F. ) ;
#95 = VERTEX_POINT ( 'NONE', #1965 ) ;
#96 = DIRECTION ( 'NONE',  ( -2.454725278939251986E-16, 1.000000000000000000, 1.412361382570359924E-32 ) ) ;
#97 = EDGE_LOOP ( 'NONE', ( #1334, #118, #589, #1473, #1940 ) ) ;
#98 = CARTESIAN_POINT ( 'NONE',  ( -49.41666666666666430, 17.99999999999999289, 34.37500000000000000 ) ) ;
#99 = ORIENTED_EDGE ( 'NONE', *, *, #2347, .F. ) ;
#100 = CARTESIAN_POINT ( 'NONE',  ( -49.41666666666666430, 17.99999999999999289, 48.12500000000000000 ) ) ;
#101 = LINE ( 'NONE', #2508, #1275 ) ;
#102 = FACE_OUTER_BOUND ( 'NONE', #1446, .T. ) ;
#103 = CC_DESIGN_DATE_AND_TIME_ASSIGNMENT ( #1069, #2273, ( #838 ) ) ;
#104 = CARTESIAN_POINT ( 'NONE',  ( -38.83333333333333570, 18.00000000000000000, 6.874999999999999112 ) ) ;
#105 = LINE ( 'NONE', #907, #1834 ) ;
#106 = AXIS2_PLACEMENT_3D ( 'NONE', #2576, #748, #960 ) ;
#107 = CIRCLE ( 'NONE', #1746, 1.500000000000001332 ) ;
#108 = VERTEX_POINT ( 'NONE', #2384 ) ;
#109 = CARTESIAN_POINT ( 'NONE',  ( -49.41666666666667140, 17.99999999999999289, 5.374999999999995559 ) ) ;
#110 = ORIENTED_EDGE ( 'NONE', *, *, #205, .F. ) ;
#111 = EDGE_CURVE ( 'NONE', #2066, #1913, #1003, .T. ) ;
#112 = DIRECTION ( 'NONE',  ( 0.000000000000000000, 1.000000000000000000, 0.000000000000000000 ) ) ;
#113 = ORIENTED_EDGE ( 'NONE', *, *, #511, .T. ) ;
#114 = CIRCLE ( 'NONE', #1318, 1.500000000000001332 ) ;
#115 = ORIENTED_EDGE ( 'NONE', *, *, #2455, .F. ) ;
#116 = CIRCLE ( 'NONE', #1571, 1.499999999999994449 ) ;
#117 = CARTESIAN_POINT ( 'NONE',  ( -62.83333333333332149, 17.99999999999997513, 41.25000000000000000 ) ) ;
#118 = ORIENTED_EDGE ( 'NONE', *, *, #249, .F. ) ;
#119 = DIRECTION ( 'NONE',  ( -1.000000000000000000, 0.000000000000000000, 0.000000000000000000 ) ) ;
#120 = CARTESIAN_POINT ( 'NONE',  ( -62.83333333333332149, 17.99999999999998224, 42.74999999999999289 ) ) ;
#121 = CARTESIAN_POINT ( 'NONE',  ( -77.13890089934365335, 9.999999999999987566, 14.56336761364393872 ) ) ;
#122 = ORIENTED_EDGE ( 'NONE', *, *, #2597, .F. ) ;
#123 = DIRECTION ( 'NONE',  ( -2.463512628606118072E-16, 1.000000000000000000, 1.740923997763740123E-31 ) ) ;
#124 = VERTEX_POINT ( 'NONE', #1204 ) ;
#125 = DIRECTION ( 'NONE',  ( 2.454725278939251986E-16, -1.000000000000000000, 0.000000000000000000 ) ) ;
#126 = EDGE_LOOP ( 'NONE', ( #2386, #1900, #496, #530, #68 ) ) ;
#127 = EDGE_CURVE ( 'NONE', #712, #1550, #2003, .T. ) ;
#128 = VECTOR ( 'NONE', #2569, 1000.000000000000000 ) ;
#129 = LINE ( 'NONE', #2532, #809 ) ;
#130 = AXIS2_PLACEMENT_3D ( 'NONE', #618, #12, #818 ) ;
#131 = FACE_OUTER_BOUND ( 'NONE', #1028, .T. ) ;
#132 = LINE ( 'NONE', #2137, #70 ) ;
#133 = VERTEX_POINT ( 'NONE', #214 ) ;
#134 = CARTESIAN_POINT ( 'NONE',  ( -58.01912799868533455, 19.99999999999998934, 6.091275942655906786E-31 ) ) ;
#135 = VERTEX_POINT ( 'NONE', #2193 ) ;
#136 = ORIENTED_EDGE ( 'NONE', *, *, #857, .T. ) ;
#137 = ORIENTED_EDGE ( 'NONE', *, *, #2404, .F. ) ;
#138 = ADVANCED_FACE ( 'NONE', ( #2001 ), #1810, .F. ) ;
#139 = EDGE_CURVE ( 'NONE', #204, #1400, #394, .T. ) ;
#140 = FACE_BOUND ( 'NONE', #994, .T. ) ;
#141 = DIRECTION ( 'NONE',  ( 0.000000000000000000, 0.000000000000000000, 1.000000000000000000 ) ) ;
#142 = CYLINDRICAL_SURFACE ( 'NONE', #532, 1.500000000000001332 ) ;
#143 = ORIENTED_EDGE ( 'NONE', *, *, #363, .T. ) ;
#144 = CARTESIAN_POINT ( 'NONE',  ( -62.83333333333332149, 19.99999999999998934, 41.25000000000000000 ) ) ;
#145 = AXIS2_PLACEMENT_3D ( 'NONE', #1716, #1133, #740 ) ;
#146 = VERTEX_POINT ( 'NONE', #360 ) ;
#147 = PERSON_AND_ORGANIZATION ( #310, #2284 ) ;
#148 = VERTEX_POINT ( 'NONE', #1376 ) ;
#149 = VECTOR ( 'NONE', #456, 1000.000000000000000 ) ;
#150 = CIRCLE ( 'NONE', #2213, 1.500000000000001332 ) ;
#151 = ORIENTED_EDGE ( 'NONE', *, *, #2598, .T. ) ;
#152 = CIRCLE ( 'NONE', #2126, 1.500000000000001332 ) ;
#153 = CARTESIAN_POINT ( 'NONE',  ( -50.91666666666667140, 17.99999999999999289, 20.62499999999999645 ) ) ;
#154 = CONICAL_SURFACE ( 'NONE', #1226, 1.500000000000004885, 0.7853981633974498333 ) ;
#155 = DIRECTION ( 'NONE',  ( -1.000000000000000000, 0.000000000000000000, 0.000000000000000000 ) ) ;
#156 = CARTESIAN_POINT ( 'NONE',  ( -47.91666666666665719, -15.00000000000001066, 48.12500000000000000 ) ) ;
#157 = ADVANCED_FACE ( 'NONE', ( #2180 ), #2044, .F. ) ;
#158 = EDGE_LOOP ( 'NONE', ( #1420, #319, #2469, #1650 ) ) ;
#159 = CARTESIAN_POINT ( 'NONE',  ( -58.01912799868533455, 9.999999999999991118, 4.678914560085547354E-31 ) ) ;
#160 = CARTESIAN_POINT ( 'NONE',  ( -81.85186786579157570, 44.99999999999998579, 46.11622933630809484 ) ) ;
#161 = PERSON_AND_ORGANIZATION_ROLE ( 'classification_officer' ) ;
#162 = EDGE_LOOP ( 'NONE', ( #741, #2279, #1508, #2399 ) ) ;
#163 = DIRECTION ( 'NONE',  ( 0.000000000000000000, 1.000000000000000000, 0.000000000000000000 ) ) ;
#164 = FACE_OUTER_BOUND ( 'NONE', #2255, .T. ) ;
#165 = ORIENTED_EDGE ( 'NONE', *, *, #2217, .T. ) ;
#166 = EDGE_CURVE ( 'NONE', #541, #2312, #150, .T. ) ;
#167 = FACE_BOUND ( 'NONE', #2292, .T. ) ;
#168 = DIRECTION ( 'NONE',  ( 0.000000000000000000, 1.000000000000000000, 0.000000000000000000 ) ) ;
#169 = DIRECTION ( 'NONE',  ( -2.463512628606118072E-16, 1.000000000000000000, 1.740923997763740123E-31 ) ) ;
#170 = EDGE_CURVE ( 'NONE', #632, #2259, #765, .T. ) ;
#171 = EDGE_CURVE ( 'NONE', #512, #1969, #1622, .T. ) ;
#172 = ORIENTED_EDGE ( 'NONE', *, *, #1597, .F. ) ;
#173 = DIRECTION ( 'NONE',  ( 0.000000000000000000, 1.000000000000000000, 0.000000000000000000 ) ) ;
#174 = CARTESIAN_POINT ( 'NONE',  ( -87.00186786579155296, 9.999999999999984013, 19.69999999999999574 ) ) ;
#175 = EDGE_CURVE ( 'NONE', #548, #375, #475, .T. ) ;
#176 = ORIENTED_EDGE ( 'NONE', *, *, #85, .T. ) ;
#177 = AXIS2_PLACEMENT_3D ( 'NONE', #1130, #1371, #2548 ) ;
#178 = DIRECTION ( 'NONE',  ( -2.454725278939251986E-16, 1.000000000000000000, 1.412361382570359924E-32 ) ) ;
#179 = VERTEX_POINT ( 'NONE', #2475 ) ;
#180 = DIRECTION ( 'NONE',  ( -2.454725278939251986E-16, 1.000000000000000000, 1.412361382570359924E-32 ) ) ;
#181 = DIRECTION ( 'NONE',  ( -3.285523800833660592E-48, 1.000000000000000000, -3.023623362212761042E-32 ) ) ;
#182 = CARTESIAN_POINT ( 'NONE',  ( -87.00186786579155296, 19.99999999999998224, 4.699999999999990408 ) ) ;
#183 = ORIENTED_EDGE ( 'NONE', *, *, #15, .F. ) ;
#184 = CARTESIAN_POINT ( 'NONE',  ( -85.04870901093198654, 19.99999999999998224, 55.00000000000000711 ) ) ;
#185 = CARTESIAN_POINT ( 'NONE',  ( -37.33333333333332149, -15.00000000000001066, 48.12499999999999289 ) ) ;
#186 = ORIENTED_EDGE ( 'NONE', *, *, #1157, .F. ) ;
#187 = CC_DESIGN_APPROVAL ( #1215, ( #838 ) ) ;
#188 = DIRECTION ( 'NONE',  ( 0.000000000000000000, 1.000000000000000000, 0.000000000000000000 ) ) ;
#189 = EDGE_CURVE ( 'NONE', #179, #135, #1958, .T. ) ;
#190 = EDGE_CURVE ( 'NONE', #2312, #2271, #1223, .T. ) ;
#191 = AXIS2_PLACEMENT_3D ( 'NONE', #2554, #294, #2090 ) ;
#192 = ORIENTED_EDGE ( 'NONE', *, *, #1954, .F. ) ;
#193 = AXIS2_PLACEMENT_3D ( 'NONE', #2238, #1841, #829 ) ;
#194 = AXIS2_PLACEMENT_3D ( 'NONE', #2407, #1818, #2203 ) ;
#195 = DIRECTION ( 'NONE',  ( -2.454725278939251986E-16, 1.000000000000000000, 1.412361382570359924E-32 ) ) ;
#196 = VECTOR ( 'NONE', #1488, 999.9999999999998863 ) ;
#197 = AXIS2_PLACEMENT_3D ( 'NONE', #761, #1403, #1575 ) ;
#198 = CARTESIAN_POINT ( 'NONE',  ( -30.24999999999998934, 9.999999999999998224, 55.00000000000000000 ) ) ;
#199 = CARTESIAN_POINT ( 'NONE',  ( -49.41666666666666430, 19.99999999999999289, 34.37500000000000000 ) ) ;
#200 = DIRECTION ( 'NONE',  ( 2.454725278939251986E-16, -1.000000000000000000, -1.412361382570359924E-32 ) ) ;
#201 = ORIENTED_EDGE ( 'NONE', *, *, #1819, .F. ) ;
#202 = LINE ( 'NONE', #2565, #1482 ) ;
#203 = CARTESIAN_POINT ( 'NONE',  ( -60.00000000000001421, 45.00000000000000000, 9.886529677992517773E-31 ) ) ;
#204 = VERTEX_POINT ( 'NONE', #421 ) ;
#205 = EDGE_CURVE ( 'NONE', #2155, #45, #349, .T. ) ;
#206 = ORIENTED_EDGE ( 'NONE', *, *, #702, .F. ) ;
#207 = DIRECTION ( 'NONE',  ( -2.454725278939251986E-16, 1.000000000000000000, 1.412361382570359924E-32 ) ) ;
#208 = DIRECTION ( 'NONE',  ( -2.463512628606117579E-16, 1.000000000000000000, -0.000000000000000000 ) ) ;
#209 = DIRECTION ( 'NONE',  ( -1.000000000000000000, 0.000000000000000000, 0.000000000000000000 ) ) ;
#210 = FACE_BOUND ( 'NONE', #1177, .T. ) ;
#211 = UNCERTAINTY_MEASURE_WITH_UNIT (LENGTH_MEASURE( 1.000000000000000082E-05 ), #2479, 'distance_accuracy_value', 'NONE');
#212 = ORIENTED_EDGE ( 'NONE', *, *, #1249, .F. ) ;
#213 = DIRECTION ( 'NONE',  ( -2.454725278939251986E-16, 1.000000000000000000, 1.412361382570359924E-32 ) ) ;
#214 = CARTESIAN_POINT ( 'NONE',  ( -38.83333333333332860, 18.00000000000000711, 46.62499999999999289 ) ) ;
#215 = CARTESIAN_POINT ( 'NONE',  ( -62.83333333333332149, 17.99999999999997513, 41.25000000000000000 ) ) ;
#216 = ORIENTED_EDGE ( 'NONE', *, *, #843, .F. ) ;
#217 = CARTESIAN_POINT ( 'NONE',  ( -86.46816949637282335, 9.999999999999982236, 51.59105290011581246 ) ) ;
#218 = CIRCLE ( 'NONE', #371, 1.500000000000001332 ) ;
#219 = PRODUCT_RELATED_PRODUCT_CATEGORY ( 'detail', '', ( #1338 ) ) ;
#220 = ORIENTED_EDGE ( 'NONE', *, *, #2108, .T. ) ;
#221 = DIRECTION ( 'NONE',  ( -1.000000000000000000, 0.000000000000000000, 0.000000000000000000 ) ) ;
#222 = CYLINDRICAL_SURFACE ( 'NONE', #2302, 1.500000000000001332 ) ;
#223 = FACE_OUTER_BOUND ( 'NONE', #2575, .T. ) ;
#224 = EDGE_CURVE ( 'NONE', #2145, #1953, #1491, .T. ) ;
#225 = CARTESIAN_POINT ( 'NONE',  ( -47.91666666666667140, 17.99999999999999289, 6.874999999999999112 ) ) ;
#226 = ORIENTED_EDGE ( 'NONE', *, *, #2218, .T. ) ;
#227 = DIRECTION ( 'NONE',  ( 0.000000000000000000, 1.000000000000000000, 0.000000000000000000 ) ) ;
#228 = DIRECTION ( 'NONE',  ( 0.000000000000000000, 1.000000000000000000, 0.000000000000000000 ) ) ;
#229 = ORIENTED_EDGE ( 'NONE', *, *, #1283, .T. ) ;
#230 = FACE_OUTER_BOUND ( 'NONE', #1839, .T. ) ;
#231 = EDGE_LOOP ( 'NONE', ( #183, #275, #1850, #1258, #2353 ) ) ;
#232 = AXIS2_PLACEMENT_3D ( 'NONE', #2383, #1162, #567 ) ;
#233 = CARTESIAN_POINT ( 'NONE',  ( -49.41666666666665719, -15.00000000000001066, 34.37500000000000000 ) ) ;
#234 = CIRCLE ( 'NONE', #1706, 2.000000000000001776 ) ;
#235 = CARTESIAN_POINT ( 'NONE',  ( -38.83333333333333570, 19.99999999999999289, 10.37500000000000533 ) ) ;
#236 = FACE_OUTER_BOUND ( 'NONE', #97, .T. ) ;
#237 = CIRCLE ( 'NONE', #1496, 3.500000000000003109 ) ;
#238 = AXIS2_PLACEMENT_3D ( 'NONE', #1699, #2115, #11 ) ;
#239 = DIRECTION ( 'NONE',  ( -1.000000000000000000, 0.000000000000000000, 0.000000000000000000 ) ) ;
#240 = ORIENTED_EDGE ( 'NONE', *, *, #1421, .T. ) ;
#241 = DIRECTION ( 'NONE',  ( -1.000000000000000000, 0.000000000000000000, 0.000000000000000000 ) ) ;
#242 = AXIS2_PLACEMENT_3D ( 'NONE', #586, #2551, #1542 ) ;
#243 = EDGE_LOOP ( 'NONE', ( #1227, #1803, #1991, #1052, #1325 ) ) ;
#244 = ORIENTED_EDGE ( 'NONE', *, *, #2041, .F. ) ;
#245 = DIRECTION ( 'NONE',  ( -1.000000000000000000, 0.000000000000000000, 0.000000000000000000 ) ) ;
#246 = CARTESIAN_POINT ( 'NONE',  ( -49.41666666666666430, 17.99999999999999289, 35.87500000000000711 ) ) ;
#247 = DIRECTION ( 'NONE',  ( 0.000000000000000000, 0.000000000000000000, 1.000000000000000000 ) ) ;
#248 = CARTESIAN_POINT ( 'NONE',  ( -38.83333333333332860, 18.00000000000000000, 49.62499999999999289 ) ) ;
#250 = EDGE_LOOP ( 'NONE', ( #2400, #3, #2120, #1889 ) ) ;
#249 = EDGE_CURVE ( 'NONE', #2515, #945, #1879, .T. ) ;
#251 = DIRECTION ( 'NONE',  ( -1.000000000000000000, 0.000000000000000000, 0.000000000000000000 ) ) ;
#252 = EDGE_CURVE ( 'NONE', #2325, #1505, #1034, .T. ) ;
#253 = ORIENTED_EDGE ( 'NONE', *, *, #321, .F. ) ;
#254 = CARTESIAN_POINT ( 'NONE',  ( -81.73936786579155012, -9.900000000000005684, 24.64999999999999147 ) ) ;
#255 = DIRECTION ( 'NONE',  ( 0.000000000000000000, 0.7071067811865465735, 0.7071067811865485719 ) ) ;
#256 = LINE ( 'NONE', #1042, #731 ) ;
#257 = AXIS2_PLACEMENT_3D ( 'NONE', #1639, #781, #1022 ) ;
#258 = EDGE_CURVE ( 'NONE', #2066, #2530, #646, .T. ) ;
#259 = DIRECTION ( 'NONE',  ( 0.000000000000000000, 1.000000000000000000, 0.000000000000000000 ) ) ;
#260 = EDGE_CURVE ( 'NONE', #1953, #2145, #993, .T. ) ;
#261 = ORIENTED_EDGE ( 'NONE', *, *, #1512, .T. ) ;
#262 = EDGE_CURVE ( 'NONE', #1653, #964, #256, .T. ) ;
#263 = AXIS2_PLACEMENT_3D ( 'NONE', #1927, #1516, #1321 ) ;
#264 = CARTESIAN_POINT ( 'NONE',  ( -58.01912799868533455, 9.999999999999994671, -2.000000000000000000 ) ) ;
#265 = CARTESIAN_POINT ( 'NONE',  ( -62.83333333333332149, 17.99999999999997513, 41.25000000000000000 ) ) ;
#266 = LINE ( 'NONE', #2490, #1728 ) ;
#267 = DIRECTION ( 'NONE',  ( 0.000000000000000000, 1.000000000000000000, 0.000000000000000000 ) ) ;
#268 = FACE_OUTER_BOUND ( 'NONE', #1616, .T. ) ;
#269 = DIRECTION ( 'NONE',  ( 0.000000000000000000, 0.000000000000000000, 1.000000000000000000 ) ) ;
#270 = AXIS2_PLACEMENT_3D ( 'NONE', #1414, #2458, #2249 ) ;
#271 = VECTOR ( 'NONE', #1590, 1000.000000000000000 ) ;
#272 = ORIENTED_EDGE ( 'NONE', *, *, #429, .F. ) ;
#273 = CIRCLE ( 'NONE', #768, 1.500000000000001332 ) ;
#274 = CIRCLE ( 'NONE', #354, 1.500000000000001332 ) ;
#275 = ORIENTED_EDGE ( 'NONE', *, *, #46, .F. ) ;
#276 = EDGE_CURVE ( 'NONE', #850, #1878, #2209, .T. ) ;
#277 = APPROVAL_ROLE ( '' ) ;
#278 = CARTESIAN_POINT ( 'NONE',  ( -40.33333333333333570, 9.999999999999994671, 34.37499999999999289 ) ) ;
#279 = EDGE_CURVE ( 'NONE', #2374, #34, #1073, .T. ) ;
#280 = CARTESIAN_POINT ( 'NONE',  ( -49.41666666666667140, 17.99999999999999289, 19.12499999999999289 ) ) ;
#281 = CARTESIAN_POINT ( 'NONE',  ( -81.73936786579155012, 9.999999999999984013, 26.14999999999998792 ) ) ;
#282 = ORIENTED_EDGE ( 'NONE', *, *, #2265, .T. ) ;
#283 = CARTESIAN_POINT ( 'NONE',  ( -38.83333333333332860, -15.00000000000001066, 6.874999999999999112 ) ) ;
#284 = ORIENTED_EDGE ( 'NONE', *, *, #1619, .F. ) ;
#285 = ORIENTED_EDGE ( 'NONE', *, *, #1404, .T. ) ;
#286 = DIRECTION ( 'NONE',  ( -1.000000000000000000, 0.000000000000000000, 0.000000000000000000 ) ) ;
#287 = CARTESIAN_POINT ( 'NONE',  ( -37.33333333333333570, 9.999999999999994671, 6.874999999999999112 ) ) ;
#288 = CYLINDRICAL_SURFACE ( 'NONE', #2122, 2.000000000000001776 ) ;
#289 = CARTESIAN_POINT ( 'NONE',  ( -71.21436786579155864, 9.999999999999987566, 24.64999999999999147 ) ) ;
#290 = LINE ( 'NONE', #1096, #808 ) ;
#291 = EDGE_CURVE ( 'NONE', #1986, #2020, #559, .T. ) ;
#292 = DIRECTION ( 'NONE',  ( 8.659560562354947649E-17, 0.7071067811865464625, -0.7071067811865486830 ) ) ;
#293 = ORIENTED_EDGE ( 'NONE', *, *, #1388, .F. ) ;
#294 = DIRECTION ( 'NONE',  ( 2.454725278939251986E-16, -1.000000000000000000, -1.412361382570359924E-32 ) ) ;
#295 = ORIENTED_EDGE ( 'NONE', *, *, #404, .T. ) ;
#296 = ORIENTED_EDGE ( 'NONE', *, *, #2310, .T. ) ;
#297 = ORIENTED_EDGE ( 'NONE', *, *, #2096, .T. ) ;
#298 = CARTESIAN_POINT ( 'NONE',  ( -38.83333333333333570, 18.00000000000000711, 19.12499999999999289 ) ) ;
#299 = FACE_BOUND ( 'NONE', #1304, .T. ) ;
#300 = DIRECTION ( 'NONE',  ( -1.000000000000000000, 0.000000000000000000, 0.000000000000000000 ) ) ;
#301 = AXIS2_PLACEMENT_3D ( 'NONE', #1544, #1701, #727 ) ;
#302 = EDGE_CURVE ( 'NONE', #850, #659, #2426, .T. ) ;
#303 = ORIENTED_EDGE ( 'NONE', *, *, #995, .T. ) ;
#304 = CYLINDRICAL_SURFACE ( 'NONE', #2199, 1.499999999999996891 ) ;
#305 = ORIENTED_EDGE ( 'NONE', *, *, #1989, .T. ) ;
#306 = AXIS2_PLACEMENT_3D ( 'NONE', #2317, #1511, #1934 ) ;
#307 = AXIS2_PLACEMENT_3D ( 'NONE', #2132, #345, #1775 ) ;
#308 = ORIENTED_EDGE ( 'NONE', *, *, #205, .T. ) ;
#309 = CIRCLE ( 'NONE', #603, 1.500000000000004885 ) ;
#310 = PERSON ( 'UNSPECIFIED', 'UNSPECIFIED', 'UNSPECIFIED', ('UNSPECIFIED'), ('UNSPECIFIED'), ('UNSPECIFIED') ) ;
#311 = PLANE ( 'NONE',  #2500 ) ;
#312 = FACE_BOUND ( 'NONE', #1592, .T. ) ;
#313 = DIRECTION ( 'NONE',  ( 2.454725278939251986E-16, -1.000000000000000000, -1.412361382570359924E-32 ) ) ;
#314 = FACE_OUTER_BOUND ( 'NONE', #2558, .T. ) ;
#315 = ADVANCED_FACE ( 'NONE', ( #268 ), #630, .F. ) ;
#316 = ORIENTED_EDGE ( 'NONE', *, *, #2228, .F. ) ;
#317 = CARTESIAN_POINT ( 'NONE',  ( -71.21436786579155864, -9.900000000000005684, 24.64999999999999147 ) ) ;
#318 = EDGE_LOOP ( 'NONE', ( #427, #634 ) ) ;
#319 = ORIENTED_EDGE ( 'NONE', *, *, #2332, .F. ) ;
#320 = ORIENTED_EDGE ( 'NONE', *, *, #1235, .F. ) ;
#321 = EDGE_CURVE ( 'NONE', #1808, #1374, #273, .T. ) ;
#322 = ORIENTED_EDGE ( 'NONE', *, *, #56, .T. ) ;
#323 = VECTOR ( 'NONE', #2286, 1000.000000000000000 ) ;
#324 = DIRECTION ( 'NONE',  ( -2.454725278939251986E-16, 1.000000000000000000, 1.412361382570359924E-32 ) ) ;
#325 = CARTESIAN_POINT ( 'NONE',  ( -71.21436786579155864, -9.900000000000005684, 24.64999999999999147 ) ) ;
#326 = DIRECTION ( 'NONE',  ( 0.000000000000000000, 1.000000000000000000, 0.000000000000000000 ) ) ;
#327 = CIRCLE ( 'NONE', #1214, 1.500000000000001332 ) ;
#328 = EDGE_LOOP ( 'NONE', ( #1515, #1916 ) ) ;
#329 = DIRECTION ( 'NONE',  ( 0.000000000000000000, 0.000000000000000000, 1.000000000000000000 ) ) ;
#330 = ORIENTED_EDGE ( 'NONE', *, *, #127, .F. ) ;
#331 = CYLINDRICAL_SURFACE ( 'NONE', #1447, 2.000000000000001776 ) ;
#332 = DATE_AND_TIME ( #742, #509 ) ;
#333 = ORIENTED_EDGE ( 'NONE', *, *, #903, .T. ) ;
#334 = ADVANCED_FACE ( 'NONE', ( #1237 ), #1198, .F. ) ;
#335 = ORIENTED_EDGE ( 'NONE', *, *, #1283, .F. ) ;
#336 = CARTESIAN_POINT ( 'NONE',  ( -89.85186786579153306, 9.999999999999982236, 35.00000000000000000 ) ) ;
#337 = CARTESIAN_POINT ( 'NONE',  ( -40.33333333333333570, 9.999999999999994671, 6.874999999999999112 ) ) ;
#338 = DIRECTION ( 'NONE',  ( 0.000000000000000000, 0.000000000000000000, 1.000000000000000000 ) ) ;
#339 = DIRECTION ( 'NONE',  ( -2.463512628606118072E-16, 1.000000000000000000, 1.740923997763740123E-31 ) ) ;
#340 = ORIENTED_EDGE ( 'NONE', *, *, #15, .T. ) ;
#341 = LINE ( 'NONE', #1785, #2494 ) ;
#342 = AXIS2_PLACEMENT_3D ( 'NONE', #2015, #213, #537 ) ;
#343 = DIRECTION ( 'NONE',  ( -2.454725278939251986E-16, 1.000000000000000000, 1.412361382570359924E-32 ) ) ;
#344 = CIRCLE ( 'NONE', #431, 1.500000000000001332 ) ;
#345 = DIRECTION ( 'NONE',  ( 2.463512628606117579E-16, -1.000000000000000000, 0.000000000000000000 ) ) ;
#346 = ORIENTED_EDGE ( 'NONE', *, *, #610, .T. ) ;
#347 = EDGE_CURVE ( 'NONE', #624, #554, #132, .T. ) ;
#348 = CIRCLE ( 'NONE', #2162, 1.499999999999994449 ) ;
#349 = CIRCLE ( 'NONE', #812, 3.500000000000003109 ) ;
#350 = EDGE_CURVE ( 'NONE', #2089, #2352, #1477, .T. ) ;
#351 = ORIENTED_EDGE ( 'NONE', *, *, #2298, .F. ) ;
#352 = CIRCLE ( 'NONE', #686, 1.500000000000004885 ) ;
#353 = FACE_BOUND ( 'NONE', #1429, .T. ) ;
#354 = AXIS2_PLACEMENT_3D ( 'NONE', #182, #999, #970 ) ;
#355 = DIRECTION ( 'NONE',  ( -2.463512628606118072E-16, 1.000000000000000000, 1.740923997763740123E-31 ) ) ;
#356 = DIRECTION ( 'NONE',  ( -2.463512628606118072E-16, 1.000000000000000000, 1.740923997763740123E-31 ) ) ;
#357 = EDGE_CURVE ( 'NONE', #753, #63, #2168, .T. ) ;
#358 = ORIENTED_EDGE ( 'NONE', *, *, #1404, .F. ) ;
#359 = CARTESIAN_POINT ( 'NONE',  ( -49.41666666666667140, 17.99999999999999289, 6.874999999999999112 ) ) ;
#360 = CARTESIAN_POINT ( 'NONE',  ( -91.85186786579153306, 19.99999999999998224, 33.00000000000000000 ) ) ;
#361 = ORIENTED_EDGE ( 'NONE', *, *, #1456, .F. ) ;
#362 = ORIENTED_EDGE ( 'NONE', *, *, #1612, .F. ) ;
#363 = EDGE_CURVE ( 'NONE', #710, #135, #2482, .T. ) ;
#364 = CARTESIAN_POINT ( 'NONE',  ( -75.63890089934366756, 19.99999999999998579, 4.690102840931834827 ) ) ;
#365 = CARTESIAN_POINT ( 'NONE',  ( -87.00186786579155296, -9.900000000000005684, 18.19999999999999574 ) ) ;
#366 = LINE ( 'NONE', #156, #990 ) ;
#367 = EDGE_CURVE ( 'NONE', #2089, #1852, #309, .T. ) ;
#368 = ORIENTED_EDGE ( 'NONE', *, *, #2146, .F. ) ;
#369 = DIRECTION ( 'NONE',  ( 0.000000000000000000, 0.000000000000000000, 1.000000000000000000 ) ) ;
#370 = DIRECTION ( 'NONE',  ( 0.000000000000000000, 1.000000000000000000, 0.000000000000000000 ) ) ;
#371 = AXIS2_PLACEMENT_3D ( 'NONE', #522, #2534, #2147 ) ;
#372 = ORIENTED_EDGE ( 'NONE', *, *, #2250, .T. ) ;
#373 = ORIENTED_EDGE ( 'NONE', *, *, #171, .T. ) ;
#374 = DIRECTION ( 'NONE',  ( 0.000000000000000000, 0.000000000000000000, 1.000000000000000000 ) ) ;
#375 = VERTEX_POINT ( 'NONE', #930 ) ;
#376 = CARTESIAN_POINT ( 'NONE',  ( -38.83333333333333570, 9.999999999999994671, 6.874999999999999112 ) ) ;
#377 = CARTESIAN_POINT ( 'NONE',  ( -67.71296696644787971, 9.999999999999987566, 14.56336761364393517 ) ) ;
#378 = DIRECTION ( 'NONE',  ( -2.454725278939251986E-16, 1.000000000000000000, -0.000000000000000000 ) ) ;
#379 = DIRECTION ( 'NONE',  ( -1.000000000000000000, 0.000000000000000000, 0.000000000000000000 ) ) ;
#380 = ORIENTED_EDGE ( 'NONE', *, *, #302, .F. ) ;
#381 = CARTESIAN_POINT ( 'NONE',  ( -85.04870901093198654, 19.99999999999998224, 55.00000000000000711 ) ) ;
#382 = DIRECTION ( 'NONE',  ( -2.454725278939251986E-16, 1.000000000000000000, -0.000000000000000000 ) ) ;
#383 = DIRECTION ( 'NONE',  ( 1.000000000000000000, 0.000000000000000000, 0.000000000000000000 ) ) ;
#384 = ADVANCED_FACE ( 'NONE', ( #2287 ), #1108, .F. ) ;
#385 = AXIS2_PLACEMENT_3D ( 'NONE', #359, #173, #1602 ) ;
#386 = ORIENTED_EDGE ( 'NONE', *, *, #139, .T. ) ;
#387 =( GEOMETRIC_REPRESENTATION_CONTEXT ( 3 ) GLOBAL_UNCERTAINTY_ASSIGNED_CONTEXT ( ( #211 ) ) GLOBAL_UNIT_ASSIGNED_CONTEXT ( ( #2479, #691, #2315 ) ) REPRESENTATION_CONTEXT ( 'NONE', 'WORKASPACE' ) );
#388 = CARTESIAN_POINT ( 'NONE',  ( -28.24999999999998934, 9.999999999999998224, 55.00000000000000000 ) ) ;
#389 = CIRCLE ( 'NONE', #1264, 1.500000000000004885 ) ;
#390 = ORIENTED_EDGE ( 'NONE', *, *, #75, .F. ) ;
#391 = AXIS2_PLACEMENT_3D ( 'NONE', #1055, #259, #2073 ) ;
#392 = FACE_OUTER_BOUND ( 'NONE', #670, .T. ) ;
#393 = VERTEX_POINT ( 'NONE', #1726 ) ;
#394 = CIRCLE ( 'NONE', #600, 2.000000000000001776 ) ;
#395 = DIRECTION ( 'NONE',  ( -1.000000000000000000, 0.000000000000000000, 0.000000000000000000 ) ) ;
#396 = CARTESIAN_POINT ( 'NONE',  ( -38.83333333333332860, 18.00000000000000711, 48.12499999999999289 ) ) ;
#397 = FACE_BOUND ( 'NONE', #1419, .T. ) ;
#398 = AXIS2_PLACEMENT_3D ( 'NONE', #708, #1300, #921 ) ;
#399 = ORIENTED_EDGE ( 'NONE', *, *, #910, .T. ) ;
#400 = DIRECTION ( 'NONE',  ( -2.454725278939251986E-16, 1.000000000000000000, 1.412361382570359924E-32 ) ) ;
#401 = CARTESIAN_POINT ( 'NONE',  ( -83.85186786579157570, 44.99999999999998579, 35.00000000000000000 ) ) ;
#402 = EDGE_LOOP ( 'NONE', ( #2553, #1533, #1538, #320 ) ) ;
#403 = ORIENTED_EDGE ( 'NONE', *, *, #1044, .F. ) ;
#404 = EDGE_CURVE ( 'NONE', #375, #548, #1882, .T. ) ;
#405 = DIRECTION ( 'NONE',  ( 0.000000000000000000, 1.000000000000000000, 0.000000000000000000 ) ) ;
#406 = DIRECTION ( 'NONE',  ( 2.454725278939251986E-16, -1.000000000000000000, -1.412361382570359924E-32 ) ) ;
#407 = CYLINDRICAL_SURFACE ( 'NONE', #1751, 1.500000000000001332 ) ;
#408 = CARTESIAN_POINT ( 'NONE',  ( -87.00186786579155296, -9.900000000000005684, 19.69999999999999574 ) ) ;
#409 = VERTEX_POINT ( 'NONE', #1095 ) ;
#410 = CARTESIAN_POINT ( 'NONE',  ( -38.83333333333332860, 18.00000000000000000, 48.12499999999999289 ) ) ;
#411 = AXIS2_PLACEMENT_3D ( 'NONE', #1255, #2474, #2087 ) ;
#412 = ORIENTED_EDGE ( 'NONE', *, *, #1636, .T. ) ;
#413 = ORIENTED_EDGE ( 'NONE', *, *, #611, .F. ) ;
#414 = CIRCLE ( 'NONE', #971, 3.500000000000003109 ) ;
#415 = ADVANCED_FACE ( 'NONE', ( #1907 ), #1086, .F. ) ;
#416 = EDGE_CURVE ( 'NONE', #2414, #751, #1925, .T. ) ;
#417 = CARTESIAN_POINT ( 'NONE',  ( -69.21296696644787971, -9.900000000000009237, 14.56336761364393517 ) ) ;
#418 = CARTESIAN_POINT ( 'NONE',  ( -91.85186786579153306, 19.99999999999998224, 55.00000000000000711 ) ) ;
#419 = DIRECTION ( 'NONE',  ( -2.454725278939251986E-16, 1.000000000000000000, 1.412361382570359924E-32 ) ) ;
#420 = DIRECTION ( 'NONE',  ( -3.285523800833660592E-48, 1.000000000000000000, -3.023623362212761042E-32 ) ) ;
#421 = CARTESIAN_POINT ( 'NONE',  ( -86.46816949637282335, 19.99999999999998224, 51.59105290011581246 ) ) ;
#422 = CARTESIAN_POINT ( 'NONE',  ( -62.83333333333330728, 9.999999999999991118, 41.25000000000000000 ) ) ;
#423 = ORIENTED_EDGE ( 'NONE', *, *, #258, .F. ) ;
#424 = ORIENTED_EDGE ( 'NONE', *, *, #2143, .T. ) ;
#425 = CARTESIAN_POINT ( 'NONE',  ( -49.41666666666666430, 17.99999999999999289, 35.87500000000000711 ) ) ;
#426 = EDGE_CURVE ( 'NONE', #2323, #713, #1687, .T. ) ;
#427 = ORIENTED_EDGE ( 'NONE', *, *, #260, .F. ) ;
#428 = CIRCLE ( 'NONE', #2417, 1.500000000000004885 ) ;
#429 = EDGE_CURVE ( 'NONE', #2350, #1335, #520, .T. ) ;
#430 = DIRECTION ( 'NONE',  ( -1.000000000000000000, 0.000000000000000000, 0.000000000000000000 ) ) ;
#431 = AXIS2_PLACEMENT_3D ( 'NONE', #1698, #489, #695 ) ;
#432 = CARTESIAN_POINT ( 'NONE',  ( -28.24999999999998934, 9.999999999999998224, 53.00000000000000000 ) ) ;
#433 = CARTESIAN_POINT ( 'NONE',  ( -60.01903564959889792, 19.99999999999998934, -1.980780535454836011 ) ) ;
#434 = FACE_OUTER_BOUND ( 'NONE', #1573, .T. ) ;
#435 = CYLINDRICAL_SURFACE ( 'NONE', #833, 1.499999999999997780 ) ;
#436 = AXIS2_PLACEMENT_3D ( 'NONE', #203, #2591, #774 ) ;
#437 = EDGE_LOOP ( 'NONE', ( #35, #851 ) ) ;
#438 = DIRECTION ( 'NONE',  ( -2.454725278939251986E-16, 1.000000000000000000, 1.412361382570359924E-32 ) ) ;
#439 = DIRECTION ( 'NONE',  ( 0.000000000000000000, 0.000000000000000000, 1.000000000000000000 ) ) ;
#440 = AXIS2_PLACEMENT_3D ( 'NONE', #1753, #998, #2562 ) ;
#441 = ORIENTED_EDGE ( 'NONE', *, *, #276, .F. ) ;
#442 = VERTEX_POINT ( 'NONE', #2525 ) ;
#443 = EDGE_LOOP ( 'NONE', ( #2579, #346 ) ) ;
#444 = APPROVAL_DATE_TIME ( #2260, #1215 ) ;
#445 = CARTESIAN_POINT ( 'NONE',  ( -50.91666666666667140, 17.99999999999999289, 6.874999999999999112 ) ) ;
#446 = EDGE_CURVE ( 'NONE', #2570, #1115, #510, .T. ) ;
#447 = CIRCLE ( 'NONE', #2311, 1.500000000000004885 ) ;
#448 = FACE_BOUND ( 'NONE', #2139, .T. ) ;
#449 = ORIENTED_EDGE ( 'NONE', *, *, #1461, .T. ) ;
#450 = CARTESIAN_POINT ( 'NONE',  ( -71.21436786579155864, 9.999999999999987566, 24.64999999999999147 ) ) ;
#451 = EDGE_CURVE ( 'NONE', #924, #124, #2299, .T. ) ;
#452 = ORIENTED_EDGE ( 'NONE', *, *, #2547, .F. ) ;
#453 = CIRCLE ( 'NONE', #881, 1.500000000000001332 ) ;
#454 = ORIENTED_EDGE ( 'NONE', *, *, #1081, .F. ) ;
#455 = DIRECTION ( 'NONE',  ( -1.000000000000000000, -2.454725278939251986E-16, 1.227362639469625993E-16 ) ) ;
#456 = DIRECTION ( 'NONE',  ( 2.301457347896260623E-16, -0.000000000000000000, 1.000000000000000000 ) ) ;
#457 = DIRECTION ( 'NONE',  ( 0.000000000000000000, 0.000000000000000000, 1.000000000000000000 ) ) ;
#458 = DIRECTION ( 'NONE',  ( -2.454725278939251986E-16, 1.000000000000000000, 1.412361382570359924E-32 ) ) ;
#459 = DIRECTION ( 'NONE',  ( -1.000000000000000000, 0.000000000000000000, 0.000000000000000000 ) ) ;
#460 = EDGE_LOOP ( 'NONE', ( #2064, #454, #293, #895 ) ) ;
#461 = ORIENTED_EDGE ( 'NONE', *, *, #1448, .T. ) ;
#462 = EDGE_CURVE ( 'NONE', #1808, #494, #2535, .T. ) ;
#463 = CARTESIAN_POINT ( 'NONE',  ( -38.83333333333333570, 9.999999999999994671, 34.37499999999999289 ) ) ;
#464 = ORIENTED_EDGE ( 'NONE', *, *, #2533, .F. ) ;
#465 = VERTEX_POINT ( 'NONE', #281 ) ;
#466 = DIRECTION ( 'NONE',  ( -2.454725278939251986E-16, 1.000000000000000000, 1.412361382570359924E-32 ) ) ;
#467 = LINE ( 'NONE', #873, #1618 ) ;
#468 = CIRCLE ( 'NONE', #1183, 1.500000000000001332 ) ;
#469 = CARTESIAN_POINT ( 'NONE',  ( -66.21296696644789392, 19.99999999999998579, 14.56336761364393517 ) ) ;
#470 = CARTESIAN_POINT ( 'NONE',  ( -38.83333333333333570, 18.00000000000000000, 19.12499999999999289 ) ) ;
#471 = VECTOR ( 'NONE', #2483, 1000.000000000000000 ) ;
#472 = CARTESIAN_POINT ( 'NONE',  ( -81.85186786579156148, 9.999999999999984013, 46.94030500899571479 ) ) ;
#473 = AXIS2_PLACEMENT_3D ( 'NONE', #1170, #2149, #338 ) ;
#474 = CARTESIAN_POINT ( 'NONE',  ( -91.85186786579154727, 9.999999999999982236, 35.00000000000000000 ) ) ;
#475 = CIRCLE ( 'NONE', #2165, 1.500000000000001332 ) ;
#476 = VERTEX_POINT ( 'NONE', #2345 ) ;
#477 = AXIS2_PLACEMENT_3D ( 'NONE', #1767, #956, #1143 ) ;
#478 = CC_DESIGN_DATE_AND_TIME_ASSIGNMENT ( #332, #963, ( #1831 ) ) ;
#479 = CARTESIAN_POINT ( 'NONE',  ( -47.91666666666666430, -15.00000000000001066, 20.62499999999999645 ) ) ;
#480 = VECTOR ( 'NONE', #1232, 1000.000000000000000 ) ;
#481 = EDGE_LOOP ( 'NONE', ( #1861, #1347, #2507, #16, #2169 ) ) ;
#482 = VERTEX_POINT ( 'NONE', #1289 ) ;
#483 = CARTESIAN_POINT ( 'NONE',  ( -28.24999999999999289, 9.999999999999998224, -5.300000000000017586 ) ) ;
#484 = DIRECTION ( 'NONE',  ( -2.454725278939251986E-16, 1.000000000000000000, 1.412361382570359924E-32 ) ) ;
#485 = EDGE_CURVE ( 'NONE', #1579, #1637, #996, .T. ) ;
#486 = CARTESIAN_POINT ( 'NONE',  ( -62.83333333333332149, 19.99999999999998934, 41.25000000000000000 ) ) ;
#487 = DIRECTION ( 'NONE',  ( -1.000000000000000000, -2.454725278939251986E-16, -1.016902741885189562E-48 ) ) ;
#488 = CARTESIAN_POINT ( 'NONE',  ( -38.83333333333333570, 18.00000000000000000, 22.12500000000000355 ) ) ;
#489 = DIRECTION ( 'NONE',  ( -2.454725278939251986E-16, 1.000000000000000000, 1.412361382570359924E-32 ) ) ;
#490 = CARTESIAN_POINT ( 'NONE',  ( -38.83333333333332860, 18.00000000000000000, 46.62499999999999289 ) ) ;
#491 = ORIENTED_EDGE ( 'NONE', *, *, #89, .F. ) ;
#492 = DIRECTION ( 'NONE',  ( 0.000000000000000000, 0.7071067811865464625, 0.7071067811865486830 ) ) ;
#493 = ORIENTED_EDGE ( 'NONE', *, *, #416, .T. ) ;
#494 = VERTEX_POINT ( 'NONE', #2511 ) ;
#495 = AXIS2_PLACEMENT_3D ( 'NONE', #1893, #1492, #90 ) ;
#496 = ORIENTED_EDGE ( 'NONE', *, *, #2111, .F. ) ;
#497 = DIRECTION ( 'NONE',  ( 2.454725278939251986E-16, -1.000000000000000000, -1.412361382570359924E-32 ) ) ;
#498 = ADVANCED_FACE ( 'NONE', ( #2321 ), #1495, .F. ) ;
#499 = LINE ( 'NONE', #1711, #2320 ) ;
#500 = DIRECTION ( 'NONE',  ( 0.000000000000000000, 1.000000000000000000, 0.000000000000000000 ) ) ;
#501 = CARTESIAN_POINT ( 'NONE',  ( -49.41666666666667140, 19.99999999999999289, 17.12499999999998224 ) ) ;
#502 = ORIENTED_EDGE ( 'NONE', *, *, #1636, .F. ) ;
#503 = DIRECTION ( 'NONE',  ( -2.454725278939251986E-16, 1.000000000000000000, 1.412361382570359924E-32 ) ) ;
#504 = EDGE_LOOP ( 'NONE', ( #441, #560, #2502, #1206, #1370 ) ) ;
#505 = ORIENTED_EDGE ( 'NONE', *, *, #2455, .T. ) ;
#506 = DIRECTION ( 'NONE',  ( 0.000000000000000000, 0.000000000000000000, 1.000000000000000000 ) ) ;
#507 = EDGE_CURVE ( 'NONE', #148, #1056, #647, .T. ) ;
#508 = DIRECTION ( 'NONE',  ( -2.463512628606118072E-16, 1.000000000000000000, 1.740923997763740123E-31 ) ) ;
#509 = LOCAL_TIME ( 10, 29, 11.00000000000000000, #1787 ) ;
#510 = LINE ( 'NONE', #1895, #2428 ) ;
#511 = EDGE_CURVE ( 'NONE', #1505, #1986, #1365, .T. ) ;
#512 = VERTEX_POINT ( 'NONE', #1794 ) ;
#513 = DIRECTION ( 'NONE',  ( 0.000000000000000000, 0.000000000000000000, 1.000000000000000000 ) ) ;
#514 = VERTEX_POINT ( 'NONE', #1994 ) ;
#515 = VECTOR ( 'NONE', #2240, 1000.000000000000000 ) ;
#516 = CIRCLE ( 'NONE', #2376, 3.500000000000003109 ) ;
#517 = AXIS2_PLACEMENT_3D ( 'NONE', #376, #195, #1394 ) ;
#518 = EDGE_LOOP ( 'NONE', ( #1815, #947 ) ) ;
#519 = AXIS2_PLACEMENT_3D ( 'NONE', #2152, #591, #2171 ) ;
#520 = CIRCLE ( 'NONE', #950, 1.500000000000004885 ) ;
#521 = CARTESIAN_POINT ( 'NONE',  ( -69.21296696644787971, -9.900000000000009237, 4.690102840931834827 ) ) ;
#522 = CARTESIAN_POINT ( 'NONE',  ( -67.71296696644787971, 9.999999999999987566, 4.690102840931834827 ) ) ;
#523 = CARTESIAN_POINT ( 'NONE',  ( -89.85186786579154727, 19.99999999999998224, -3.300000000000011369 ) ) ;
#524 = LINE ( 'NONE', #1316, #1615 ) ;
#525 = ORIENTED_EDGE ( 'NONE', *, *, #703, .F. ) ;
#526 = LINE ( 'NONE', #1293, #2580 ) ;
#527 = ORIENTED_EDGE ( 'NONE', *, *, #542, .T. ) ;
#528 = EDGE_CURVE ( 'NONE', #935, #476, #1923, .T. ) ;
#529 = EDGE_CURVE ( 'NONE', #967, #1341, #1568, .T. ) ;
#530 = ORIENTED_EDGE ( 'NONE', *, *, #1942, .T. ) ;
#531 = ORIENTED_EDGE ( 'NONE', *, *, #1220, .F. ) ;
#532 = AXIS2_PLACEMENT_3D ( 'NONE', #1755, #339, #834 ) ;
#533 = DIRECTION ( 'NONE',  ( -2.463512628606118072E-16, 1.000000000000000000, 1.740923997763740123E-31 ) ) ;
#534 = DIRECTION ( 'NONE',  ( 0.000000000000000000, 1.000000000000000000, 1.412361382570359924E-32 ) ) ;
#535 = EDGE_CURVE ( 'NONE', #1341, #2338, #1152, .T. ) ;
#536 = EDGE_LOOP ( 'NONE', ( #1894, #2478 ) ) ;
#537 = DIRECTION ( 'NONE',  ( -1.000000000000000000, 0.000000000000000000, 0.000000000000000000 ) ) ;
#538 = DIRECTION ( 'NONE',  ( -2.454725278939251986E-16, 1.000000000000000000, 1.412361382570359924E-32 ) ) ;
#539 = DIRECTION ( 'NONE',  ( -2.454725278939251986E-16, 1.000000000000000000, 1.412361382570359924E-32 ) ) ;
#540 = PRODUCT_DEFINITION_SHAPE ( 'NONE', 'NONE',  #838 ) ;
#541 = VERTEX_POINT ( 'NONE', #337 ) ;
#542 = EDGE_CURVE ( 'NONE', #1878, #1539, #770, .T. ) ;
#543 = ORIENTED_EDGE ( 'NONE', *, *, #451, .T. ) ;
#544 = EDGE_LOOP ( 'NONE', ( #1677, #2142, #2231, #2150 ) ) ;
#545 = DIRECTION ( 'NONE',  ( -2.454725278939251986E-16, 1.000000000000000000, 1.412361382570359924E-32 ) ) ;
#546 = DIRECTION ( 'NONE',  ( 0.000000000000000000, 1.000000000000000000, 0.000000000000000000 ) ) ;
#547 = DIRECTION ( 'NONE',  ( 0.000000000000000000, 0.7071067811865464625, 0.7071067811865486830 ) ) ;
#548 = VERTEX_POINT ( 'NONE', #2392 ) ;
#549 = LINE ( 'NONE', #1342, #1030 ) ;
#550 = CIRCLE ( 'NONE', #385, 1.500000000000004885 ) ;
#551 = DIRECTION ( 'NONE',  ( -1.000000000000000000, 0.000000000000000000, -8.673617379884027583E-16 ) ) ;
#552 = CARTESIAN_POINT ( 'NONE',  ( -60.01903564959889081, 9.999999999999991118, -1.980780535454835567 ) ) ;
#553 = AXIS2_PLACEMENT_3D ( 'NONE', #2331, #931, #2493 ) ;
#554 = VERTEX_POINT ( 'NONE', #2379 ) ;
#555 = VECTOR ( 'NONE', #2167, 1000.000000000000000 ) ;
#556 = APPLICATION_CONTEXT ( 'configuration controlled 3d designs of mechanical parts and assemblies' ) ;
#557 = CARTESIAN_POINT ( 'NONE',  ( -38.83333333333333570, 18.00000000000000711, 20.62499999999999645 ) ) ;
#558 = EDGE_CURVE ( 'NONE', #1917, #2524, #1272, .T. ) ;
#559 = CIRCLE ( 'NONE', #909, 1.500000000000001332 ) ;
#560 = ORIENTED_EDGE ( 'NONE', *, *, #302, .T. ) ;
#561 = CIRCLE ( 'NONE', #1625, 1.500000000000001332 ) ;
#562 = EDGE_CURVE ( 'NONE', #1913, #482, #1323, .T. ) ;
#563 = PLANE ( 'NONE',  #1901 ) ;
#564 = DIRECTION ( 'NONE',  ( -1.000000000000000000, 0.000000000000000000, 1.040834085586083310E-14 ) ) ;
#565 = DIRECTION ( 'NONE',  ( -2.454725278939251986E-16, 1.000000000000000000, 1.412361382570359924E-32 ) ) ;
#566 = VERTEX_POINT ( 'NONE', #1984 ) ;
#567 = DIRECTION ( 'NONE',  ( 0.000000000000000000, 0.000000000000000000, 1.000000000000000000 ) ) ;
#568 = DIRECTION ( 'NONE',  ( -2.454725278939251986E-16, 1.000000000000000000, 1.412361382570359924E-32 ) ) ;
#569 = CARTESIAN_POINT ( 'NONE',  ( -38.83333333333333570, 18.00000000000000000, 5.374999999999995559 ) ) ;
#570 = VERTEX_POINT ( 'NONE', #1355 ) ;
#571 = ORIENTED_EDGE ( 'NONE', *, *, #2387, .T. ) ;
#572 = ORIENTED_EDGE ( 'NONE', *, *, #1769, .T. ) ;
#573 = CARTESIAN_POINT ( 'NONE',  ( -38.83333333333332860, 19.99999999999999289, 48.12499999999999289 ) ) ;
#574 = ADVANCED_FACE ( 'NONE', ( #1586 ), #2406, .F. ) ;
#575 = CARTESIAN_POINT ( 'NONE',  ( -83.85186786579157570, 19.99999999999998224, 46.11622933630809484 ) ) ;
#576 = DIRECTION ( 'NONE',  ( -3.285523800833660592E-48, 1.000000000000000000, -3.023623362212761042E-32 ) ) ;
#577 = ORIENTED_EDGE ( 'NONE', *, *, #1769, .F. ) ;
#578 = CARTESIAN_POINT ( 'NONE',  ( -38.83333333333332860, 19.99999999999999289, 44.62499999999999289 ) ) ;
#579 = CARTESIAN_POINT ( 'NONE',  ( -38.83333333333333570, 19.99999999999999289, 30.87499999999999289 ) ) ;
#580 = FACE_OUTER_BOUND ( 'NONE', #158, .T. ) ;
#581 = APPROVAL_STATUS ( 'not_yet_approved' ) ;
#582 = VECTOR ( 'NONE', #1352, 1000.000000000000000 ) ;
#583 = ORIENTED_EDGE ( 'NONE', *, *, #785, .F. ) ;
#584 = ORIENTED_EDGE ( 'NONE', *, *, #2237, .T. ) ;
#585 = DIRECTION ( 'NONE',  ( -1.000000000000000000, 0.000000000000000000, 0.000000000000000000 ) ) ;
#586 = CARTESIAN_POINT ( 'NONE',  ( -49.41666666666667140, 19.99999999999999289, 20.62499999999999645 ) ) ;
#587 = CARTESIAN_POINT ( 'NONE',  ( -49.41666666666667140, 9.999999999999994671, 6.874999999999999112 ) ) ;
#588 = FACE_OUTER_BOUND ( 'NONE', #2561, .T. ) ;
#589 = ORIENTED_EDGE ( 'NONE', *, *, #2516, .T. ) ;
#590 = CARTESIAN_POINT ( 'NONE',  ( -49.41666666666667140, 19.99999999999999289, 6.874999999999999112 ) ) ;
#591 = DIRECTION ( 'NONE',  ( -2.454725278939251986E-16, 1.000000000000000000, 1.412361382570359924E-32 ) ) ;
#592 = EDGE_CURVE ( 'NONE', #2092, #1457, #2011, .T. ) ;
#593 = AXIS2_PLACEMENT_3D ( 'NONE', #817, #39, #1630 ) ;
#594 = ORIENTED_EDGE ( 'NONE', *, *, #429, .T. ) ;
#595 = VECTOR ( 'NONE', #455, 1000.000000000000000 ) ;
#596 = CONICAL_SURFACE ( 'NONE', #2339, 1.500000000000004885, 0.7853981633974498333 ) ;
#597 = AXIS2_PLACEMENT_3D ( 'NONE', #1502, #2342, #665 ) ;
#598 = ORIENTED_EDGE ( 'NONE', *, *, #1387, .F. ) ;
#599 = CONICAL_SURFACE ( 'NONE', #25, 1.500000000000001332, 0.7853981633974498333 ) ;
#600 = AXIS2_PLACEMENT_3D ( 'NONE', #789, #538, #1343 ) ;
#601 = DIRECTION ( 'NONE',  ( 0.000000000000000000, -1.000000000000000000, -1.412361382570359651E-32 ) ) ;
#602 = DIRECTION ( 'NONE',  ( 2.454725278939251986E-16, -1.000000000000000000, -1.412361382570359924E-32 ) ) ;
#603 = AXIS2_PLACEMENT_3D ( 'NONE', #2114, #1131, #1936 ) ;
#604 = CARTESIAN_POINT ( 'NONE',  ( -49.41666666666665719, -15.00000000000001066, 48.12500000000000000 ) ) ;
#605 = FACE_OUTER_BOUND ( 'NONE', #2201, .T. ) ;
#606 = FACE_BOUND ( 'NONE', #1779, .T. ) ;
#607 = VERTEX_POINT ( 'NONE', #198 ) ;
#608 = DIRECTION ( 'NONE',  ( -1.000000000000000000, 0.000000000000000000, 0.000000000000000000 ) ) ;
#609 = EDGE_LOOP ( 'NONE', ( #2581, #136 ) ) ;
#610 = EDGE_CURVE ( 'NONE', #1374, #1808, #152, .T. ) ;
#611 = EDGE_CURVE ( 'NONE', #1825, #554, #1493, .T. ) ;
#612 = ORIENTED_EDGE ( 'NONE', *, *, #2237, .F. ) ;
#613 = LINE ( 'NONE', #2444, #1970 ) ;
#614 = PLANE ( 'NONE',  #1105 ) ;
#615 = DIRECTION ( 'NONE',  ( 2.454725278939251986E-16, -1.000000000000000000, 4.829085650987708167E-35 ) ) ;
#616 = CARTESIAN_POINT ( 'NONE',  ( -91.85186786579153306, 19.99999999999998224, 33.00000000000000000 ) ) ;
#617 = AXIS2_PLACEMENT_3D ( 'NONE', #2594, #1178, #978 ) ;
#618 = CARTESIAN_POINT ( 'NONE',  ( -38.83333333333332149, -15.00000000000001066, 48.12499999999999289 ) ) ;
#619 = ORIENTED_EDGE ( 'NONE', *, *, #2030, .T. ) ;
#620 = DIRECTION ( 'NONE',  ( 2.454725278939251986E-16, -1.000000000000000000, -1.412361382570359924E-32 ) ) ;
#621 = FACE_OUTER_BOUND ( 'NONE', #1928, .T. ) ;
#622 = EDGE_CURVE ( 'NONE', #989, #1509, #561, .T. ) ;
#623 = ORIENTED_EDGE ( 'NONE', *, *, #1220, .T. ) ;
#624 = VERTEX_POINT ( 'NONE', #1339 ) ;
#625 = CARTESIAN_POINT ( 'NONE',  ( -47.91666666666666430, 17.99999999999999289, 48.12500000000000000 ) ) ;
#626 = DIRECTION ( 'NONE',  ( -1.000000000000000000, 0.000000000000000000, 0.000000000000000000 ) ) ;
#627 = CARTESIAN_POINT ( 'NONE',  ( -40.33333333333332860, -15.00000000000001066, 34.37499999999999289 ) ) ;
#628 = DIRECTION ( 'NONE',  ( 0.000000000000000000, 1.000000000000000000, 0.000000000000000000 ) ) ;
#629 = ORIENTED_EDGE ( 'NONE', *, *, #1319, .T. ) ;
#630 = CYLINDRICAL_SURFACE ( 'NONE', #1580, 1.500000000000001332 ) ;
#631 = VERTEX_POINT ( 'NONE', #1200 ) ;
#632 = VERTEX_POINT ( 'NONE', #1158 ) ;
#633 = DIRECTION ( 'NONE',  ( -2.454725278939251986E-16, 1.000000000000000000, 1.412361382570359924E-32 ) ) ;
#634 = ORIENTED_EDGE ( 'NONE', *, *, #224, .F. ) ;
#635 = CIRCLE ( 'NONE', #2337, 2.000000000000001776 ) ;
#636 = PERSON_AND_ORGANIZATION ( #310, #2284 ) ;
#637 = CARTESIAN_POINT ( 'NONE',  ( -67.71296696644787971, -9.900000000000009237, 14.56336761364393517 ) ) ;
#638 = LINE ( 'NONE', #1452, #515 ) ;
#639 = AXIS2_PLACEMENT_3D ( 'NONE', #2437, #615, #1049 ) ;
#640 = CIRCLE ( 'NONE', #991, 1.500000000000001332 ) ;
#641 = ADVANCED_FACE ( 'NONE', ( #2148 ), #1169, .F. ) ;
#642 = EDGE_CURVE ( 'NONE', #2416, #624, #352, .T. ) ;
#643 = CARTESIAN_POINT ( 'NONE',  ( -30.24999999999998934, 9.999999999999998224, 53.00000000000000000 ) ) ;
#644 = VECTOR ( 'NONE', #2244, 1000.000000000000000 ) ;
#645 = ORIENTED_EDGE ( 'NONE', *, *, #1668, .T. ) ;
#646 = LINE ( 'NONE', #1257, #644 ) ;
#647 = CIRCLE ( 'NONE', #1037, 3.500000000000010214 ) ;
#648 = ORIENTED_EDGE ( 'NONE', *, *, #1989, .F. ) ;
#649 = ORIENTED_EDGE ( 'NONE', *, *, #1668, .F. ) ;
#650 = DIRECTION ( 'NONE',  ( 0.000000000000000000, 1.000000000000000000, 0.000000000000000000 ) ) ;
#651 = ORIENTED_EDGE ( 'NONE', *, *, #462, .F. ) ;
#652 = DIRECTION ( 'NONE',  ( -1.000000000000000000, 0.000000000000000000, 0.000000000000000000 ) ) ;
#653 = DIRECTION ( 'NONE',  ( 2.454725278939251986E-16, -1.000000000000000000, -1.412361382570359924E-32 ) ) ;
#654 = CARTESIAN_POINT ( 'NONE',  ( -38.83333333333333570, 18.00000000000000000, 34.37499999999999289 ) ) ;
#655 = VECTOR ( 'NONE', #1217, 1000.000000000000000 ) ;
#656 = CARTESIAN_POINT ( 'NONE',  ( -89.85186786579154727, 19.99999999999998224, 33.00000000000000000 ) ) ;
#657 = EDGE_CURVE ( 'NONE', #2363, #570, #1712, .T. ) ;
#658 = CARTESIAN_POINT ( 'NONE',  ( -81.73936786579155012, 19.99999999999998224, 24.64999999999999147 ) ) ;
#659 = VERTEX_POINT ( 'NONE', #2572 ) ;
#660 = ORIENTED_EDGE ( 'NONE', *, *, #426, .F. ) ;
#661 = VECTOR ( 'NONE', #1957, 999.9999999999998863 ) ;
#662 = DIRECTION ( 'NONE',  ( 0.000000000000000000, 0.000000000000000000, 1.000000000000000000 ) ) ;
#663 = ORIENTED_EDGE ( 'NONE', *, *, #1675, .F. ) ;
#664 = ORIENTED_EDGE ( 'NONE', *, *, #592, .T. ) ;
#665 = DIRECTION ( 'NONE',  ( -1.000000000000000000, 0.000000000000000000, 0.000000000000000000 ) ) ;
#666 = CARTESIAN_POINT ( 'NONE',  ( -60.03189828329688993, 45.00000000000000000, -3.319219464545176912 ) ) ;
#667 = APPROVAL ( #581, 'UNSPECIFIED' ) ;
#668 = DIRECTION ( 'NONE',  ( -2.454725278939251986E-16, 1.000000000000000000, 1.412361382570359924E-32 ) ) ;
#669 = EDGE_CURVE ( 'NONE', #2057, #566, #756, .T. ) ;
#670 = EDGE_LOOP ( 'NONE', ( #2596, #2542, #2309, #1153 ) ) ;
#671 = EDGE_CURVE ( 'NONE', #1164, #2092, #2381, .T. ) ;
#672 = DIRECTION ( 'NONE',  ( 0.000000000000000000, 1.000000000000000000, 0.000000000000000000 ) ) ;
#673 = EDGE_LOOP ( 'NONE', ( #1823, #1079, #151, #1392 ) ) ;
#674 = CARTESIAN_POINT ( 'NONE',  ( -49.41666666666667140, 17.99999999999999289, 20.62499999999999645 ) ) ;
#675 = VECTOR ( 'NONE', #1121, 1000.000000000000000 ) ;
#676 = DIRECTION ( 'NONE',  ( 0.000000000000000000, 0.000000000000000000, 1.000000000000000000 ) ) ;
#677 = CC_DESIGN_APPROVAL ( #667, ( #1831 ) ) ;
#678 = CARTESIAN_POINT ( 'NONE',  ( -87.00186786579155296, 19.99999999999998224, 4.699999999999990408 ) ) ;
#679 = AXIS2_PLACEMENT_3D ( 'NONE', #2023, #1436, #1460 ) ;
#680 = DIRECTION ( 'NONE',  ( -1.000000000000000000, 0.000000000000000000, 0.000000000000000000 ) ) ;
#681 = AXIS2_PLACEMENT_3D ( 'NONE', #2456, #466, #2083 ) ;
#682 = AXIS2_PLACEMENT_3D ( 'NONE', #1455, #2028, #2226 ) ;
#683 = ORIENTED_EDGE ( 'NONE', *, *, #139, .F. ) ;
#684 = DIRECTION ( 'NONE',  ( 2.454725278939251986E-16, -1.000000000000000000, -1.412361382570359924E-32 ) ) ;
#685 = ORIENTED_EDGE ( 'NONE', *, *, #1783, .T. ) ;
#686 = AXIS2_PLACEMENT_3D ( 'NONE', #1973, #168, #1372 ) ;
#687 = CARTESIAN_POINT ( 'NONE',  ( -49.41666666666666430, 17.99999999999999289, 48.12500000000000000 ) ) ;
#688 = DIRECTION ( 'NONE',  ( 0.000000000000000000, 0.000000000000000000, 1.000000000000000000 ) ) ;
#689 = ORIENTED_EDGE ( 'NONE', *, *, #2232, .F. ) ;
#690 = EDGE_CURVE ( 'NONE', #1505, #45, #2060, .T. ) ;
#691 =( NAMED_UNIT ( * ) PLANE_ANGLE_UNIT ( ) SI_UNIT ( $, .RADIAN. ) );
#692 = DIRECTION ( 'NONE',  ( -3.285523800833660592E-48, 1.000000000000000000, -3.023623362212761042E-32 ) ) ;
#693 = DIRECTION ( 'NONE',  ( -0.7044735499420962110, -1.527583506611593796E-16, 0.7097302427204161823 ) ) ;
#694 = DIRECTION ( 'NONE',  ( 0.000000000000000000, 0.7071067811865464625, 0.7071067811865486830 ) ) ;
#695 = DIRECTION ( 'NONE',  ( -1.000000000000000000, 0.000000000000000000, 0.000000000000000000 ) ) ;
#696 = ORIENTED_EDGE ( 'NONE', *, *, #1196, .T. ) ;
#697 = CARTESIAN_POINT ( 'NONE',  ( -40.33333333333333570, 18.00000000000000000, 6.874999999999999112 ) ) ;
#698 = EDGE_CURVE ( 'NONE', #1539, #1739, #116, .T. ) ;
#699 = CARTESIAN_POINT ( 'NONE',  ( -28.24999999999999289, 9.999999999999998224, 7.061806912851798253E-32 ) ) ;
#700 = ORIENTED_EDGE ( 'NONE', *, *, #1581, .T. ) ;
#701 = ORIENTED_EDGE ( 'NONE', *, *, #1695, .T. ) ;
#702 = EDGE_CURVE ( 'NONE', #1637, #146, #1856, .T. ) ;
#703 = EDGE_CURVE ( 'NONE', #607, #853, #1843, .T. ) ;
#704 = PLANE ( 'NONE',  #306 ) ;
#705 = EDGE_CURVE ( 'NONE', #465, #1887, #1919, .T. ) ;
#706 = CARTESIAN_POINT ( 'NONE',  ( -67.71296696644787971, -9.900000000000009237, 4.690102840931834827 ) ) ;
#707 = VECTOR ( 'NONE', #2523, 1000.000000000000000 ) ;
#708 = CARTESIAN_POINT ( 'NONE',  ( -87.00186786579155296, -9.900000000000005684, 19.69999999999999574 ) ) ;
#709 = DIRECTION ( 'NONE',  ( -2.463512628606118072E-16, 1.000000000000000000, 1.740923997763740123E-31 ) ) ;
#710 = VERTEX_POINT ( 'NONE', #432 ) ;
#711 = CYLINDRICAL_SURFACE ( 'NONE', #1661, 1.499999999999997780 ) ;
#712 = VERTEX_POINT ( 'NONE', #235 ) ;
#713 = VERTEX_POINT ( 'NONE', #445 ) ;
#714 = ADVANCED_FACE ( 'NONE', ( #830 ), #2457, .F. ) ;
#715 = CARTESIAN_POINT ( 'NONE',  ( -77.13890089934365335, 9.999999999999987566, 4.690102840931834827 ) ) ;
#716 = ADVANCED_FACE ( 'NONE', ( #2035 ), #1817, .F. ) ;
#717 = CARTESIAN_POINT ( 'NONE',  ( -28.24999999999999289, 19.99999999999999645, 55.00000000000000000 ) ) ;
#718 = CONICAL_SURFACE ( 'NONE', #2119, 1.500000000000004885, 0.7853981633974498333 ) ;
#719 = ORIENTED_EDGE ( 'NONE', *, *, #690, .T. ) ;
#720 = EDGE_CURVE ( 'NONE', #409, #732, #2254, .T. ) ;
#721 = DIRECTION ( 'NONE',  ( -2.454725278939251986E-16, 1.000000000000000000, 1.412361382570359924E-32 ) ) ;
#722 = EDGE_CURVE ( 'NONE', #91, #869, #2375, .T. ) ;
#723 = AXIS2_PLACEMENT_3D ( 'NONE', #1248, #1043, #439 ) ;
#724 = CIRCLE ( 'NONE', #1617, 3.500000000000003109 ) ;
#725 = VECTOR ( 'NONE', #861, 999.9999999999998863 ) ;
#726 = ORIENTED_EDGE ( 'NONE', *, *, #657, .T. ) ;
#727 = DIRECTION ( 'NONE',  ( -1.000000000000000000, 0.000000000000000000, 0.000000000000000000 ) ) ;
#728 = ORIENTED_EDGE ( 'NONE', *, *, #1546, .F. ) ;
#729 = CYLINDRICAL_SURFACE ( 'NONE', #2341, 1.500000000000001332 ) ;
#730 = AXIS2_PLACEMENT_3D ( 'NONE', #587, #2393, #1599 ) ;
#731 = VECTOR ( 'NONE', #1213, 1000.000000000000000 ) ;
#732 = VERTEX_POINT ( 'NONE', #1656 ) ;
#733 = AXIS2_PLACEMENT_3D ( 'NONE', #2267, #55, #848 ) ;
#734 = ORIENTED_EDGE ( 'NONE', *, *, #918, .T. ) ;
#735 = VECTOR ( 'NONE', #694, 999.9999999999998863 ) ;
#736 = CARTESIAN_POINT ( 'NONE',  ( -75.63890089934365335, 9.999999999999987566, 4.690102840931834827 ) ) ;
#737 = CARTESIAN_POINT ( 'NONE',  ( -87.00186786579155296, 9.999999999999984013, 4.699999999999990408 ) ) ;
#738 = ADVANCED_FACE ( 'NONE', ( #2248 ), #154, .F. ) ;
#739 = VERTEX_POINT ( 'NONE', #1013 ) ;
#740 = DIRECTION ( 'NONE',  ( -1.000000000000000000, 0.000000000000000000, 0.000000000000000000 ) ) ;
#741 = ORIENTED_EDGE ( 'NONE', *, *, #926, .F. ) ;
#742 = CALENDAR_DATE ( 2026, 2, 6 ) ;
#743 = ORIENTED_EDGE ( 'NONE', *, *, #1167, .F. ) ;
#744 = CARTESIAN_POINT ( 'NONE',  ( -28.24999999999999289, 19.99999999999999645, 53.00000000000000000 ) ) ;
#745 = CARTESIAN_POINT ( 'NONE',  ( -62.03180593421044620, 9.999999999999989342, -3.300000000000013145 ) ) ;
#746 = CARTESIAN_POINT ( 'NONE',  ( -49.41666666666666430, 9.999999999999994671, 34.37500000000000000 ) ) ;
#747 = ORIENTED_EDGE ( 'NONE', *, *, #350, .T. ) ;
#748 = DIRECTION ( 'NONE',  ( 0.000000000000000000, 1.000000000000000000, 0.000000000000000000 ) ) ;
#749 = CARTESIAN_POINT ( 'NONE',  ( -75.63890089934365335, 9.999999999999987566, 14.56336761364393872 ) ) ;
#750 = DIRECTION ( 'NONE',  ( -3.285523800833660592E-48, 1.000000000000000000, -3.023623362212761042E-32 ) ) ;
#751 = VERTEX_POINT ( 'NONE', #2050 ) ;
#752 = ADVANCED_FACE ( 'NONE', ( #1209 ), #222, .F. ) ;
#753 = VERTEX_POINT ( 'NONE', #1025 ) ;
#754 = LINE ( 'NONE', #744, #707 ) ;
#755 = EDGE_LOOP ( 'NONE', ( #767, #2316 ) ) ;
#756 = LINE ( 'NONE', #246, #914 ) ;
#757 = CARTESIAN_POINT ( 'NONE',  ( -66.21296696644787971, -9.900000000000009237, 14.56336761364393517 ) ) ;
#758 = EDGE_LOOP ( 'NONE', ( #48, #1238 ) ) ;
#759 = DIRECTION ( 'NONE',  ( -2.454725278939251986E-16, 1.000000000000000000, 1.412361382570359924E-32 ) ) ;
#760 = VECTOR ( 'NONE', #1088, 1000.000000000000000 ) ;
#761 = CARTESIAN_POINT ( 'NONE',  ( -38.83333333333333570, 18.00000000000000000, 6.874999999999999112 ) ) ;
#762 = CONICAL_SURFACE ( 'NONE', #723, 1.500000000000004885, 0.7853981633974480570 ) ;
#763 = ORIENTED_EDGE ( 'NONE', *, *, #1369, .T. ) ;
#764 = AXIS2_PLACEMENT_3D ( 'NONE', #604, #9, #626 ) ;
#765 = CIRCLE ( 'NONE', #682, 1.500000000000001332 ) ;
#766 = ADVANCED_FACE ( 'NONE', ( #1242 ), #614, .T. ) ;
#767 = ORIENTED_EDGE ( 'NONE', *, *, #1284, .F. ) ;
#768 = AXIS2_PLACEMENT_3D ( 'NONE', #1029, #2253, #608 ) ;
#769 = CARTESIAN_POINT ( 'NONE',  ( -62.83333333333330728, -15.00000000000001421, 41.25000000000000000 ) ) ;
#770 = LINE ( 'NONE', #2601, #2549 ) ;
#771 = DIRECTION ( 'NONE',  ( 2.454725278939251986E-16, -1.000000000000000000, -1.412361382570359924E-32 ) ) ;
#772 = VERTEX_POINT ( 'NONE', #1673 ) ;
#773 = FACE_OUTER_BOUND ( 'NONE', #1791, .T. ) ;
#774 = DIRECTION ( 'NONE',  ( 0.009609732272582003146, 0.000000000000000000, 0.9999538254567803541 ) ) ;
#775 = DIRECTION ( 'NONE',  ( -1.000000000000000000, 0.000000000000000000, 0.000000000000000000 ) ) ;
#776 = PERSON_AND_ORGANIZATION_ROLE ( 'creator' ) ;
#777 = ORIENTED_EDGE ( 'NONE', *, *, #2009, .F. ) ;
#778 = EDGE_CURVE ( 'NONE', #124, #2530, #2472, .T. ) ;
#779 = ORIENTED_EDGE ( 'NONE', *, *, #529, .T. ) ;
#780 = CIRCLE ( 'NONE', #2477, 1.499999999999994449 ) ;
#781 = DIRECTION ( 'NONE',  ( -2.454725278939251986E-16, 1.000000000000000000, 1.412361382570359924E-32 ) ) ;
#782 = DIRECTION ( 'NONE',  ( 0.000000000000000000, 0.000000000000000000, 1.000000000000000000 ) ) ;
#783 = CARTESIAN_POINT ( 'NONE',  ( -49.41666666666666430, 19.99999999999999289, 44.62499999999999289 ) ) ;
#784 = VECTOR ( 'NONE', #1438, 1000.000000000000000 ) ;
#785 = EDGE_CURVE ( 'NONE', #2029, #1776, #1424, .T. ) ;
#786 = DIRECTION ( 'NONE',  ( 0.7044735499420962110, 0.000000000000000000, -0.7097302427204161823 ) ) ;
#787 = ORIENTED_EDGE ( 'NONE', *, *, #1024, .F. ) ;
#788 = CARTESIAN_POINT ( 'NONE',  ( -89.85186786579154727, 9.999999999999982236, -3.300000000000011369 ) ) ;
#789 = CARTESIAN_POINT ( 'NONE',  ( -85.04870901093198654, 19.99999999999998224, 53.00000000000000711 ) ) ;
#790 = AXIS2_PLACEMENT_3D ( 'NONE', #1141, #180, #245 ) ;
#791 = PERSON_AND_ORGANIZATION ( #310, #2284 ) ;
#792 = ORIENTED_EDGE ( 'NONE', *, *, #1319, .F. ) ;
#793 = ORIENTED_EDGE ( 'NONE', *, *, #1195, .T. ) ;
#794 = DIRECTION ( 'NONE',  ( -1.000000000000000000, 0.000000000000000000, 0.000000000000000000 ) ) ;
#795 = ORIENTED_EDGE ( 'NONE', *, *, #2404, .T. ) ;
#796 = CARTESIAN_POINT ( 'NONE',  ( -89.85186786579154727, 44.99999999999998579, 35.00000000000000000 ) ) ;
#797 = EDGE_CURVE ( 'NONE', #1273, #2433, #904, .T. ) ;
#798 = CARTESIAN_POINT ( 'NONE',  ( -38.83333333333333570, 18.00000000000000000, 20.62499999999999645 ) ) ;
#799 = DIRECTION ( 'NONE',  ( 0.000000000000000000, 0.000000000000000000, 1.000000000000000000 ) ) ;
#800 = FACE_BOUND ( 'NONE', #2361, .T. ) ;
#801 = EDGE_CURVE ( 'NONE', #2414, #1776, #2161, .T. ) ;
#802 = VERTEX_POINT ( 'NONE', #1117 ) ;
#803 = DIRECTION ( 'NONE',  ( -1.000000000000000000, 0.000000000000000000, 0.000000000000000000 ) ) ;
#804 = CARTESIAN_POINT ( 'NONE',  ( -38.83333333333332860, 9.999999999999994671, 48.12499999999999289 ) ) ;
#805 = CIRCLE ( 'NONE', #2289, 2.000000000000001776 ) ;
#806 = ORIENTED_EDGE ( 'NONE', *, *, #1456, .T. ) ;
#807 = CARTESIAN_POINT ( 'NONE',  ( -87.00186786579155296, 19.99999999999998224, 3.199999999999993072 ) ) ;
#808 = VECTOR ( 'NONE', #1908, 1000.000000000000000 ) ;
#809 = VECTOR ( 'NONE', #2303, 1000.000000000000000 ) ;
#810 = EDGE_LOOP ( 'NONE', ( #806, #979 ) ) ;
#811 = VECTOR ( 'NONE', #1742, 999.9999999999998863 ) ;
#812 = AXIS2_PLACEMENT_3D ( 'NONE', #1835, #2462, #2040 ) ;
#813 = CARTESIAN_POINT ( 'NONE',  ( -50.91666666666667140, 9.999999999999994671, 20.62499999999999645 ) ) ;
#814 = VECTOR ( 'NONE', #1713, 1000.000000000000000 ) ;
#815 = ADVANCED_FACE ( 'NONE', ( #1693 ), #2583, .F. ) ;
#816 = CARTESIAN_POINT ( 'NONE',  ( -81.85186786579157570, 44.99999999999998579, 37.00000000000000711 ) ) ;
#817 = CARTESIAN_POINT ( 'NONE',  ( -49.41666666666666430, -15.00000000000001066, 20.62499999999999645 ) ) ;
#818 = DIRECTION ( 'NONE',  ( -1.000000000000000000, 0.000000000000000000, 0.000000000000000000 ) ) ;
#819 = VECTOR ( 'NONE', #653, 1000.000000000000000 ) ;
#820 = ORIENTED_EDGE ( 'NONE', *, *, #2298, .T. ) ;
#821 = CARTESIAN_POINT ( 'NONE',  ( -85.04870901093198654, 9.999999999999984013, 53.00000000000000711 ) ) ;
#822 = LINE ( 'NONE', #2476, #471 ) ;
#823 = EDGE_CURVE ( 'NONE', #739, #2352, #724, .T. ) ;
#824 = DIRECTION ( 'NONE',  ( -1.000000000000000000, 0.000000000000000000, 0.000000000000000000 ) ) ;
#825 = ORIENTED_EDGE ( 'NONE', *, *, #1790, .T. ) ;
#826 = EDGE_CURVE ( 'NONE', #1047, #1653, #1068, .T. ) ;
#827 = EDGE_LOOP ( 'NONE', ( #390, #1788, #1551, #2109 ) ) ;
#828 = DIRECTION ( 'NONE',  ( 0.000000000000000000, 1.000000000000000000, 0.000000000000000000 ) ) ;
#829 = DIRECTION ( 'NONE',  ( -1.000000000000000000, 0.000000000000000000, 0.000000000000000000 ) ) ;
#830 = FACE_OUTER_BOUND ( 'NONE', #855, .T. ) ;
#831 = LINE ( 'NONE', #627, #1441 ) ;
#832 = CARTESIAN_POINT ( 'NONE',  ( -38.83333333333333570, 19.99999999999999289, 37.87500000000000000 ) ) ;
#833 = AXIS2_PLACEMENT_3D ( 'NONE', #408, #420, #846 ) ;
#834 = DIRECTION ( 'NONE',  ( -1.000000000000000000, 0.000000000000000000, 0.000000000000000000 ) ) ;
#835 = ORIENTED_EDGE ( 'NONE', *, *, #2108, .F. ) ;
#836 = DIRECTION ( 'NONE',  ( -2.454725278939251986E-16, 1.000000000000000000, 1.412361382570359924E-32 ) ) ;
#837 = AXIS2_PLACEMENT_3D ( 'NONE', #643, #1270, #2099 ) ;
#838 = PRODUCT_DEFINITION ( 'UNKNOWN', '', #854, #1439 ) ;
#839 = ORIENTED_EDGE ( 'NONE', *, *, #1195, .F. ) ;
#840 = VERTEX_POINT ( 'NONE', #1709 ) ;
#841 = AXIS2_PLACEMENT_3D ( 'NONE', #2328, #1780, #1750 ) ;
#842 = VERTEX_POINT ( 'NONE', #278 ) ;
#843 = EDGE_CURVE ( 'NONE', #1001, #133, #2085, .T. ) ;
#844 = DIRECTION ( 'NONE',  ( -2.454725278939251986E-16, 1.000000000000000000, 1.412361382570359924E-32 ) ) ;
#845 = CARTESIAN_POINT ( 'NONE',  ( -30.24999999999999645, 19.99999999999999645, 2.000000000000000000 ) ) ;
#846 = DIRECTION ( 'NONE',  ( 0.000000000000000000, 0.000000000000000000, 1.000000000000000000 ) ) ;
#847 = CARTESIAN_POINT ( 'NONE',  ( -81.85186786579156148, 9.999999999999984013, 46.11622933630809484 ) ) ;
#848 = DIRECTION ( 'NONE',  ( 0.000000000000000000, 0.000000000000000000, 1.000000000000000000 ) ) ;
#849 = CARTESIAN_POINT ( 'NONE',  ( -38.83333333333333570, 19.99999999999999289, 3.374999999999994227 ) ) ;
#850 = VERTEX_POINT ( 'NONE', #1921 ) ;
#851 = ORIENTED_EDGE ( 'NONE', *, *, #2228, .T. ) ;
#852 = LINE ( 'NONE', #479, #1667 ) ;
#853 = VERTEX_POINT ( 'NONE', #2521 ) ;
#854 = PRODUCT_DEFINITION_FORMATION_WITH_SPECIFIED_SOURCE ( 'ANY', '', #1338, .NOT_KNOWN. ) ;
#855 = EDGE_LOOP ( 'NONE', ( #880, #1946, #1479, #1212 ) ) ;
#856 = CONICAL_SURFACE ( 'NONE', #106, 1.500000000000001332, 0.7853981633974498333 ) ;
#857 = EDGE_CURVE ( 'NONE', #2433, #1273, #1032, .T. ) ;
#858 = COORDINATED_UNIVERSAL_TIME_OFFSET ( 1, 0, .AHEAD. ) ;
#859 = CIRCLE ( 'NONE', #2074, 1.500000000000001332 ) ;
#860 = DIRECTION ( 'NONE',  ( -1.000000000000000000, -2.454725278939251986E-16, 0.000000000000000000 ) ) ;
#861 = DIRECTION ( 'NONE',  ( 0.000000000000000000, 0.7071067811865464625, 0.7071067811865486830 ) ) ;
#862 = CARTESIAN_POINT ( 'NONE',  ( -49.41666666666666430, -15.00000000000001066, 20.62499999999999645 ) ) ;
#863 = CARTESIAN_POINT ( 'NONE',  ( -83.85186786579157570, 44.99999999999998579, 46.11622933630809484 ) ) ;
#864 = CLOSED_SHELL ( 'NONE', ( #2432, #1434, #2163, #1366, #1802, #334, #1945, #157, #1647, #1171, #2314, #138, #2443, #1924, #315, #1932, #2484, #2550, #2595, #384, #1287, #1279, #1070, #1349, #641, #1584, #415, #1113, #891, #878, #2208, #2429, #752, #2362, #2409, #2065, #2032, #498, #2097, #714, #2578, #2157, #2077, #1880, #1301, #716, #2499, #1189, #1140, #815, #738, #1832, #1176, #1011, #1754, #1382, #1556, #1547, #1765, #2504, #94, #2574, #2084, #766, #574, #2552, #1897, #1524, #2021, #1125, #1560, #1833 ) ) ;
#865 = ORIENTED_EDGE ( 'NONE', *, *, #1863, .F. ) ;
#866 = DIRECTION ( 'NONE',  ( 2.454725278939251986E-16, -1.000000000000000000, -1.412361382570359924E-32 ) ) ;
#867 = DIRECTION ( 'NONE',  ( 1.000000000000000000, 0.000000000000000000, 0.000000000000000000 ) ) ;
#868 = AXIS2_PLACEMENT_3D ( 'NONE', #523, #1328, #680 ) ;
#869 = VERTEX_POINT ( 'NONE', #1883 ) ;
#870 = VERTEX_POINT ( 'NONE', #298 ) ;
#871 = ORIENTED_EDGE ( 'NONE', *, *, #258, .T. ) ;
#872 = DIRECTION ( 'NONE',  ( -3.285523800833660592E-48, 1.000000000000000000, -3.023623362212761042E-32 ) ) ;
#873 = CARTESIAN_POINT ( 'NONE',  ( -49.41666666666666430, 17.99999999999999289, 32.87500000000000000 ) ) ;
#874 = AXIS2_PLACEMENT_3D ( 'NONE', #233, #1035, #1199 ) ;
#875 = DIRECTION ( 'NONE',  ( -1.000000000000000000, 0.000000000000000000, 0.000000000000000000 ) ) ;
#876 = DIRECTION ( 'NONE',  ( -1.000000000000000000, 0.000000000000000000, 0.000000000000000000 ) ) ;
#877 = DIRECTION ( 'NONE',  ( -1.000000000000000000, 0.000000000000000000, 0.000000000000000000 ) ) ;
#878 = ADVANCED_FACE ( 'NONE', ( #2123 ), #311, .F. ) ;
#879 = ORIENTED_EDGE ( 'NONE', *, *, #2388, .T. ) ;
#880 = ORIENTED_EDGE ( 'NONE', *, *, #954, .F. ) ;
#881 = AXIS2_PLACEMENT_3D ( 'NONE', #678, #2304, #1288 ) ;
#882 = DIRECTION ( 'NONE',  ( -1.000000000000000000, 0.000000000000000000, 0.000000000000000000 ) ) ;
#883 = ORIENTED_EDGE ( 'NONE', *, *, #74, .F. ) ;
#884 = DIRECTION ( 'NONE',  ( 0.000000000000000000, 0.000000000000000000, 1.000000000000000000 ) ) ;
#885 = CARTESIAN_POINT ( 'NONE',  ( -62.03180593421045330, 9.999999999999989342, -5.300000000000013145 ) ) ;
#886 = CARTESIAN_POINT ( 'NONE',  ( -77.13890089934365335, 9.999999999999987566, 14.56336761364393872 ) ) ;
#887 = DIRECTION ( 'NONE',  ( -5.753643369740651558E-17, 0.000000000000000000, -1.000000000000000000 ) ) ;
#888 = CARTESIAN_POINT ( 'NONE',  ( -49.41666666666666430, 17.99999999999999289, 32.87500000000000000 ) ) ;
#889 = LINE ( 'NONE', #490, #905 ) ;
#890 = EDGE_CURVE ( 'NONE', #870, #739, #2285, .T. ) ;
#891 = ADVANCED_FACE ( 'NONE', ( #1723 ), #704, .F. ) ;
#892 = ORIENTED_EDGE ( 'NONE', *, *, #2547, .T. ) ;
#893 = DIRECTION ( 'NONE',  ( 0.000000000000000000, 1.000000000000000000, 0.000000000000000000 ) ) ;
#894 = ORIENTED_EDGE ( 'NONE', *, *, #1010, .F. ) ;
#895 = ORIENTED_EDGE ( 'NONE', *, *, #976, .F. ) ;
#896 = CARTESIAN_POINT ( 'NONE',  ( -87.00186786579155296, -9.900000000000005684, 4.699999999999990408 ) ) ;
#897 = LINE ( 'NONE', #1474, #196 ) ;
#898 = EDGE_LOOP ( 'NONE', ( #372, #1784, #493, #1976 ) ) ;
#899 = CIRCLE ( 'NONE', #1224, 1.500000000000001332 ) ;
#900 = DIRECTION ( 'NONE',  ( -2.454725278939251986E-16, 1.000000000000000000, 1.412361382570359924E-32 ) ) ;
#901 = AXIS2_PLACEMENT_3D ( 'NONE', #1431, #2063, #867 ) ;
#902 = DIRECTION ( 'NONE',  ( 2.454725278939252479E-16, -1.000000000000000000, 1.078526468106633017E-34 ) ) ;
#903 = EDGE_CURVE ( 'NONE', #1007, #1588, #129, .T. ) ;
#904 = CIRCLE ( 'NONE', #1875, 1.500000000000001332 ) ;
#905 = VECTOR ( 'NONE', #292, 999.9999999999998863 ) ;
#906 = DIRECTION ( 'NONE',  ( 0.009609732272582003146, 2.358925273334525048E-18, 0.9999538254567803541 ) ) ;
#907 = CARTESIAN_POINT ( 'NONE',  ( -62.83333333333332149, 17.99999999999998224, 39.75000000000000711 ) ) ;
#908 = DIRECTION ( 'NONE',  ( 2.454725278939251986E-16, -1.000000000000000000, -1.412361382570359924E-32 ) ) ;
#909 = AXIS2_PLACEMENT_3D ( 'NONE', #1872, #65, #78 ) ;
#910 = EDGE_CURVE ( 'NONE', #570, #95, #1523, .T. ) ;
#911 = VERTEX_POINT ( 'NONE', #2068 ) ;
#912 = CARTESIAN_POINT ( 'NONE',  ( -66.21296696644789392, 19.99999999999998579, 4.690102840931834827 ) ) ;
#913 = ORIENTED_EDGE ( 'NONE', *, *, #2232, .T. ) ;
#914 = VECTOR ( 'NONE', #50, 999.9999999999998863 ) ;
#915 = DIRECTION ( 'NONE',  ( 0.000000000000000000, 0.000000000000000000, 1.000000000000000000 ) ) ;
#916 = ORIENTED_EDGE ( 'NONE', *, *, #2030, .F. ) ;
#917 = ORIENTED_EDGE ( 'NONE', *, *, #111, .F. ) ;
#918 = EDGE_CURVE ( 'NONE', #1931, #1364, #33, .T. ) ;
#919 = DIRECTION ( 'NONE',  ( 8.659560562354947649E-17, 0.7071067811865464625, -0.7071067811865486830 ) ) ;
#920 = LINE ( 'NONE', #1725, #661 ) ;
#921 = DIRECTION ( 'NONE',  ( 0.000000000000000000, 0.000000000000000000, 1.000000000000000000 ) ) ;
#922 = ORIENTED_EDGE ( 'NONE', *, *, #1246, .F. ) ;
#923 = DIRECTION ( 'NONE',  ( -3.285523800833660592E-48, 1.000000000000000000, -3.023623362212761042E-32 ) ) ;
#924 = VERTEX_POINT ( 'NONE', #1684 ) ;
#925 = ORIENTED_EDGE ( 'NONE', *, *, #1486, .F. ) ;
#926 = EDGE_CURVE ( 'NONE', #548, #91, #2086, .T. ) ;
#927 = CARTESIAN_POINT ( 'NONE',  ( -38.83333333333332860, 18.00000000000000711, 48.12499999999999289 ) ) ;
#928 = AXIS2_PLACEMENT_3D ( 'NONE', #72, #872, #2471 ) ;
#929 = FACE_OUTER_BOUND ( 'NONE', #544, .T. ) ;
#930 = CARTESIAN_POINT ( 'NONE',  ( -71.21436786579155864, 9.999999999999987566, 26.14999999999998792 ) ) ;
#931 = DIRECTION ( 'NONE',  ( -2.454725278939251986E-16, 1.000000000000000000, 1.412361382570359924E-32 ) ) ;
#932 = ORIENTED_EDGE ( 'NONE', *, *, #1041, .T. ) ;
#933 = CARTESIAN_POINT ( 'NONE',  ( -30.25000000000000711, 45.00000000000000000, 5.916348468719933364E-31 ) ) ;
#934 = DIRECTION ( 'NONE',  ( 0.000000000000000000, 0.000000000000000000, 1.000000000000000000 ) ) ;
#935 = VERTEX_POINT ( 'NONE', #885 ) ;
#936 = EDGE_LOOP ( 'NONE', ( #1009, #645, #1278, #951, #972 ) ) ;
#937 = ORIENTED_EDGE ( 'NONE', *, *, #1041, .F. ) ;
#938 = EDGE_CURVE ( 'NONE', #2107, #2130, #237, .T. ) ;
#939 = FACE_BOUND ( 'NONE', #609, .T. ) ;
#940 = DIRECTION ( 'NONE',  ( -2.454725278939251986E-16, 1.000000000000000000, 1.412361382570359924E-32 ) ) ;
#941 = CARTESIAN_POINT ( 'NONE',  ( -49.41666666666667140, 9.999999999999994671, 6.874999999999999112 ) ) ;
#942 = CIRCLE ( 'NONE', #2496, 3.500000000000003109 ) ;
#943 = CONICAL_SURFACE ( 'NONE', #473, 1.500000000000001332, 0.7853981633974498333 ) ;
#944 = CIRCLE ( 'NONE', #1228, 1.500000000000001332 ) ;
#945 = VERTEX_POINT ( 'NONE', #1905 ) ;
#946 = CARTESIAN_POINT ( 'NONE',  ( -50.91666666666666430, 9.999999999999994671, 34.37500000000000000 ) ) ;
#947 = ORIENTED_EDGE ( 'NONE', *, *, #2131, .F. ) ;
#948 = APPROVAL_DATE_TIME ( #2370, #667 ) ;
#949 = ORIENTED_EDGE ( 'NONE', *, *, #1735, .T. ) ;
#950 = AXIS2_PLACEMENT_3D ( 'NONE', #104, #500, #1504 ) ;
#951 = ORIENTED_EDGE ( 'NONE', *, *, #2265, .F. ) ;
#952 = VECTOR ( 'NONE', #1995, 1000.000000000000000 ) ;
#953 = ORIENTED_EDGE ( 'NONE', *, *, #611, .T. ) ;
#954 = EDGE_CURVE ( 'NONE', #1887, #2145, #101, .T. ) ;
#955 = CARTESIAN_POINT ( 'NONE',  ( -66.21296696644787971, 9.999999999999987566, 4.690102840931834827 ) ) ;
#956 = DIRECTION ( 'NONE',  ( 0.000000000000000000, 1.000000000000000000, 0.000000000000000000 ) ) ;
#957 = DIRECTION ( 'NONE',  ( 0.000000000000000000, 0.000000000000000000, 1.000000000000000000 ) ) ;
#958 = EDGE_CURVE ( 'NONE', #465, #1953, #1396, .T. ) ;
#959 = ORIENTED_EDGE ( 'NONE', *, *, #1975, .T. ) ;
#960 = DIRECTION ( 'NONE',  ( 0.000000000000000000, 0.000000000000000000, 1.000000000000000000 ) ) ;
#961 = DIRECTION ( 'NONE',  ( -1.000000000000000000, 0.000000000000000000, 0.000000000000000000 ) ) ;
#962 = CARTESIAN_POINT ( 'NONE',  ( -87.00186786579155296, -9.900000000000005684, 21.19999999999999218 ) ) ;
#963 = DATE_TIME_ROLE ( 'classification_date' ) ;
#964 = VERTEX_POINT ( 'NONE', #2366 ) ;
#965 = DIRECTION ( 'NONE',  ( 2.454725278939251986E-16, -1.000000000000000000, -1.412361382570359924E-32 ) ) ;
#966 = AXIS2_PLACEMENT_3D ( 'NONE', #1830, #200, #239 ) ;
#967 = VERTEX_POINT ( 'NONE', #1182 ) ;
#968 = DIRECTION ( 'NONE',  ( -1.000000000000000000, -2.454725278939251986E-16, 0.000000000000000000 ) ) ;
#969 = CARTESIAN_POINT ( 'NONE',  ( -67.71296696644787971, 9.999999999999987566, 4.690102840931834827 ) ) ;
#970 = DIRECTION ( 'NONE',  ( -1.000000000000000000, 0.000000000000000000, 0.000000000000000000 ) ) ;
#971 = AXIS2_PLACEMENT_3D ( 'NONE', #573, #1208, #221 ) ;
#972 = ORIENTED_EDGE ( 'NONE', *, *, #698, .F. ) ;
#973 = CARTESIAN_POINT ( 'NONE',  ( -67.71296696644789392, 19.99999999999998579, 4.690102840931834827 ) ) ;
#974 = CARTESIAN_POINT ( 'NONE',  ( -49.41666666666667140, 17.99999999999999289, 6.874999999999999112 ) ) ;
#975 = CARTESIAN_POINT ( 'NONE',  ( -81.73936786579155012, 9.999999999999984013, 23.14999999999999503 ) ) ;
#976 = EDGE_CURVE ( 'NONE', #1637, #2029, #1806, .T. ) ;
#977 = EDGE_LOOP ( 'NONE', ( #1236, #1662, #1764, #113, #839 ) ) ;
#978 = DIRECTION ( 'NONE',  ( -1.000000000000000000, 0.000000000000000000, 0.000000000000000000 ) ) ;
#979 = ORIENTED_EDGE ( 'NONE', *, *, #720, .T. ) ;
#980 = CARTESIAN_POINT ( 'NONE',  ( -38.83333333333333570, 18.00000000000000000, 5.374999999999995559 ) ) ;
#981 = DIRECTION ( 'NONE',  ( -1.000000000000000000, 0.000000000000000000, 0.000000000000000000 ) ) ;
#982 = CARTESIAN_POINT ( 'NONE',  ( -86.46816949637282335, 44.99999999999998579, 51.59105290011581246 ) ) ;
#983 = ORIENTED_EDGE ( 'NONE', *, *, #671, .T. ) ;
#984 = DIRECTION ( 'NONE',  ( 0.000000000000000000, 0.000000000000000000, 1.000000000000000000 ) ) ;
#985 = VECTOR ( 'NONE', #492, 999.9999999999998863 ) ;
#986 = DIRECTION ( 'NONE',  ( 0.000000000000000000, 0.000000000000000000, 1.000000000000000000 ) ) ;
#987 = EDGE_CURVE ( 'NONE', #442, #1222, #2430, .T. ) ;
#988 = VECTOR ( 'NONE', #1609, 1000.000000000000000 ) ;
#989 = VERTEX_POINT ( 'NONE', #1782 ) ;
#990 = VECTOR ( 'NONE', #2012, 1000.000000000000000 ) ;
#991 = AXIS2_PLACEMENT_3D ( 'NONE', #1718, #2268, #824 ) ;
#992 = CARTESIAN_POINT ( 'NONE',  ( -38.83333333333332860, 19.99999999999999289, 51.62500000000000000 ) ) ;
#993 = CIRCLE ( 'NONE', #2503, 1.500000000000001332 ) ;
#994 = EDGE_LOOP ( 'NONE', ( #700, #1292 ) ) ;
#995 = EDGE_CURVE ( 'NONE', #989, #1543, #2563, .T. ) ;
#996 = CIRCLE ( 'NONE', #868, 2.000000000000001776 ) ;
#997 = CARTESIAN_POINT ( 'NONE',  ( -38.83333333333332149, -15.00000000000001066, 48.12499999999999289 ) ) ;
#998 = DIRECTION ( 'NONE',  ( -2.454725278939251986E-16, 1.000000000000000000, 1.412361382570359924E-32 ) ) ;
#999 = DIRECTION ( 'NONE',  ( -2.454725278939251986E-16, 1.000000000000000000, 1.412361382570359924E-32 ) ) ;
#1000 = DIRECTION ( 'NONE',  ( 0.7097302427204161823, 1.742192768033496681E-16, 0.7044735499420962110 ) ) ;
#1001 = VERTEX_POINT ( 'NONE', #1587 ) ;
#1002 = DIRECTION ( 'NONE',  ( -1.000000000000000000, 0.000000000000000000, 0.000000000000000000 ) ) ;
#1003 = LINE ( 'NONE', #160, #1752 ) ;
#1004 = APPROVAL_ROLE ( '' ) ;
#1005 = VECTOR ( 'NONE', #2434, 1000.000000000000000 ) ;
#1006 = ORIENTED_EDGE ( 'NONE', *, *, #823, .F. ) ;
#1007 = VERTEX_POINT ( 'NONE', #2602 ) ;
#1008 = CC_DESIGN_PERSON_AND_ORGANIZATION_ASSIGNMENT ( #1459, #2282, ( #838 ) ) ;
#1009 = ORIENTED_EDGE ( 'NONE', *, *, #1961, .F. ) ;
#1010 = EDGE_CURVE ( 'NONE', #494, #2027, #274, .T. ) ;
#1011 = ADVANCED_FACE ( 'NONE', ( #605 ), #943, .F. ) ;
#1012 = DIRECTION ( 'NONE',  ( 1.000000000000000000, 0.000000000000000000, 0.000000000000000000 ) ) ;
#1013 = CARTESIAN_POINT ( 'NONE',  ( -38.83333333333333570, 19.99999999999999289, 17.12499999999998934 ) ) ;
#1014 = CARTESIAN_POINT ( 'NONE',  ( -89.85186786579154727, 19.99999999999998224, -5.300000000000009592 ) ) ;
#1015 = FACE_BOUND ( 'NONE', #1216, .T. ) ;
#1016 = EDGE_LOOP ( 'NONE', ( #701, #825 ) ) ;
#1017 = DIRECTION ( 'NONE',  ( 2.454725278939251986E-16, -1.000000000000000000, -1.412361382570359924E-32 ) ) ;
#1018 = CARTESIAN_POINT ( 'NONE',  ( -50.91666666666666430, 17.99999999999999289, 48.12500000000000000 ) ) ;
#1019 = ORIENTED_EDGE ( 'NONE', *, *, #1160, .T. ) ;
#1020 = ORIENTED_EDGE ( 'NONE', *, *, #1388, .T. ) ;
#1021 = EDGE_CURVE ( 'NONE', #1917, #148, #1555, .T. ) ;
#1022 = DIRECTION ( 'NONE',  ( -1.000000000000000000, 0.000000000000000000, 0.000000000000000000 ) ) ;
#1023 = FACE_OUTER_BOUND ( 'NONE', #827, .T. ) ;
#1024 = EDGE_CURVE ( 'NONE', #624, #32, #1748, .T. ) ;
#1025 = CARTESIAN_POINT ( 'NONE',  ( -78.63890089934365335, 9.999999999999987566, 14.56336761364393872 ) ) ;
#1026 = DIRECTION ( 'NONE',  ( 0.000000000000000000, 1.000000000000000000, 0.000000000000000000 ) ) ;
#1027 = DIRECTION ( 'NONE',  ( -2.454725278939251986E-16, 1.000000000000000000, 1.412361382570359924E-32 ) ) ;
#1028 = EDGE_LOOP ( 'NONE', ( #1336, #1305, #399, #1097 ) ) ;
#1029 = CARTESIAN_POINT ( 'NONE',  ( -87.00186786579155296, 9.999999999999984013, 4.699999999999990408 ) ) ;
#1030 = VECTOR ( 'NONE', #1361, 1000.000000000000000 ) ;
#1031 = ORIENTED_EDGE ( 'NONE', *, *, #1941, .T. ) ;
#1032 = CIRCLE ( 'NONE', #1445, 1.500000000000001332 ) ;
#1033 = VERTEX_POINT ( 'NONE', #1356 ) ;
#1034 = CIRCLE ( 'NONE', #733, 1.500000000000001332 ) ;
#1035 = DIRECTION ( 'NONE',  ( -2.454725278939251986E-16, 1.000000000000000000, 1.412361382570359924E-32 ) ) ;
#1036 = CARTESIAN_POINT ( 'NONE',  ( -38.83333333333333570, 18.00000000000000711, 32.87499999999999289 ) ) ;
#1037 = AXIS2_PLACEMENT_3D ( 'NONE', #2305, #2587, #155 ) ;
#1038 = CARTESIAN_POINT ( 'NONE',  ( -49.41666666666667140, 19.99999999999999289, 6.874999999999999112 ) ) ;
#1039 = CYLINDRICAL_SURFACE ( 'NONE', #593, 1.500000000000001332 ) ;
#1040 = FACE_OUTER_BOUND ( 'NONE', #1635, .T. ) ;
#1041 = EDGE_CURVE ( 'NONE', #1222, #1111, #1373, .T. ) ;
#1042 = CARTESIAN_POINT ( 'NONE',  ( -40.33333333333332860, -15.00000000000001066, 48.12499999999999289 ) ) ;
#1043 = DIRECTION ( 'NONE',  ( 0.000000000000000000, 1.000000000000000000, 0.000000000000000000 ) ) ;
#1044 = EDGE_CURVE ( 'NONE', #566, #1733, #1265, .T. ) ;
#1045 = ORIENTED_EDGE ( 'NONE', *, *, #2516, .F. ) ;
#1046 = EDGE_LOOP ( 'NONE', ( #1743, #1702, #2296, #1898, #1458 ) ) ;
#1047 = VERTEX_POINT ( 'NONE', #2176 ) ;
#1048 = DIRECTION ( 'NONE',  ( -3.285523800833660592E-48, 1.000000000000000000, -3.023623362212761042E-32 ) ) ;
#1049 = DIRECTION ( 'NONE',  ( 1.000000000000000000, 0.000000000000000000, 0.000000000000000000 ) ) ;
#1050 = CIRCLE ( 'NONE', #2058, 1.500000000000004885 ) ;
#1051 = LINE ( 'NONE', #1858, #784 ) ;
#1052 = ORIENTED_EDGE ( 'NONE', *, *, #279, .T. ) ;
#1053 = DIRECTION ( 'NONE',  ( -2.454725278939251986E-16, 1.000000000000000000, 1.412361382570359924E-32 ) ) ;
#1054 = AXIS2_PLACEMENT_3D ( 'NONE', #2423, #628, #1631 ) ;
#1055 = CARTESIAN_POINT ( 'NONE',  ( -49.41666666666666430, 17.99999999999999289, 48.12500000000000000 ) ) ;
#1056 = VERTEX_POINT ( 'NONE', #783 ) ;
#1057 = EDGE_CURVE ( 'NONE', #2323, #1759, #2042, .T. ) ;
#1058 = ORIENTED_EDGE ( 'NONE', *, *, #610, .F. ) ;
#1059 = MECHANICAL_CONTEXT ( 'NONE', #36, 'mechanical' ) ;
#1060 = DIRECTION ( 'NONE',  ( 0.000000000000000000, 1.000000000000000000, 0.000000000000000000 ) ) ;
#1061 = DIRECTION ( 'NONE',  ( -2.463512628606118072E-16, 1.000000000000000000, 1.740923997763740123E-31 ) ) ;
#1062 = DIRECTION ( 'NONE',  ( -2.454725278939251986E-16, 1.000000000000000000, 1.412361382570359924E-32 ) ) ;
#1063 = EDGE_LOOP ( 'NONE', ( #1261, #1990, #619, #1731 ) ) ;
#1064 = EDGE_CURVE ( 'NONE', #2520, #2524, #366, .T. ) ;
#1065 = CIRCLE ( 'NONE', #1397, 1.500000000000004885 ) ;
#1066 = ORIENTED_EDGE ( 'NONE', *, *, #1350, .F. ) ;
#1067 = CONICAL_SURFACE ( 'NONE', #1311, 1.500000000000004885, 0.7853981633974498333 ) ;
#1068 = CIRCLE ( 'NONE', #1154, 1.500000000000001332 ) ;
#1069 = DATE_AND_TIME ( #1670, #1399 ) ;
#1070 = ADVANCED_FACE ( 'NONE', ( #1385 ), #2189, .F. ) ;
#1071 = DIRECTION ( 'NONE',  ( -1.000000000000000000, 0.000000000000000000, 0.000000000000000000 ) ) ;
#1072 = CIRCLE ( 'NONE', #2207, 1.500000000000001332 ) ;
#1073 = CIRCLE ( 'NONE', #1710, 1.500000000000001332 ) ;
#1074 = FACE_BOUND ( 'NONE', #755, .T. ) ;
#1075 = AXIS2_PLACEMENT_3D ( 'NONE', #1554, #546, #782 ) ;
#1076 = EDGE_LOOP ( 'NONE', ( #272, #2277, #330, #1251, #1864 ) ) ;
#1077 = CARTESIAN_POINT ( 'NONE',  ( -38.83333333333333570, 9.999999999999994671, 6.874999999999999112 ) ) ;
#1078 = CARTESIAN_POINT ( 'NONE',  ( -62.03180593421044620, 19.99999999999998934, -5.300000000000013145 ) ) ;
#1079 = ORIENTED_EDGE ( 'NONE', *, *, #2329, .T. ) ;
#1080 = EDGE_LOOP ( 'NONE', ( #879, #1944 ) ) ;
#1081 = EDGE_CURVE ( 'NONE', #772, #1579, #1974, .T. ) ;
#1082 = COORDINATED_UNIVERSAL_TIME_OFFSET ( 1, 0, .AHEAD. ) ;
#1083 = CARTESIAN_POINT ( 'NONE',  ( -28.24999999999999289, 19.99999999999999645, 55.00000000000000000 ) ) ;
#1084 = EDGE_CURVE ( 'NONE', #1969, #204, #2573, .T. ) ;
#1085 = DIRECTION ( 'NONE',  ( -2.454725278939251986E-16, 1.000000000000000000, 1.412361382570359924E-32 ) ) ;
#1086 = PLANE ( 'NONE',  #1112 ) ;
#1087 = EDGE_LOOP ( 'NONE', ( #1645, #1722, #1126, #368, #2234 ) ) ;
#1088 = DIRECTION ( 'NONE',  ( 0.7044735499420962110, 1.729289031386937200E-16, -0.7097302427204161823 ) ) ;
#1089 = EDGE_LOOP ( 'NONE', ( #41, #491, #1100, #1920 ) ) ;
#1090 = EDGE_CURVE ( 'NONE', #1306, #2066, #1313, .T. ) ;
#1091 = APPLICATION_PROTOCOL_DEFINITION ( 'international standard', 'config_control_design', 1994, #556 ) ;
#1092 = DIRECTION ( 'NONE',  ( 0.000000000000000000, 1.000000000000000000, 0.000000000000000000 ) ) ;
#1093 = EDGE_CURVE ( 'NONE', #514, #1001, #1072, .T. ) ;
#1094 = FACE_BOUND ( 'NONE', #2008, .T. ) ;
#1095 = CARTESIAN_POINT ( 'NONE',  ( -49.41666666666667140, 19.99999999999999289, 3.374999999999987566 ) ) ;
#1096 = CARTESIAN_POINT ( 'NONE',  ( -66.21296696644787971, -9.900000000000009237, 4.690102840931834827 ) ) ;
#1097 = ORIENTED_EDGE ( 'NONE', *, *, #1651, .T. ) ;
#1098 = CYLINDRICAL_SURFACE ( 'NONE', #1187, 1.500000000000001332 ) ;
#1099 = ORIENTED_EDGE ( 'NONE', *, *, #446, .T. ) ;
#1100 = ORIENTED_EDGE ( 'NONE', *, *, #1735, .F. ) ;
#1101 = AXIS2_PLACEMENT_3D ( 'NONE', #590, #1797, #1002 ) ;
#1102 = DIRECTION ( 'NONE',  ( -1.090989012861889826E-16, -2.687665210855787593E-32, -1.000000000000000000 ) ) ;
#1103 = AXIS2_PLACEMENT_3D ( 'NONE', #215, #228, #2181 ) ;
#1104 = CARTESIAN_POINT ( 'NONE',  ( -4.918237907545371340E-15, 20.00000000000000355, 35.00000000000000000 ) ) ;
#1105 = AXIS2_PLACEMENT_3D ( 'NONE', #1868, #860, #21 ) ;
#1107 = ORIENTED_EDGE ( 'NONE', *, *, #190, .T. ) ;
#1106 = CC_DESIGN_PERSON_AND_ORGANIZATION_ASSIGNMENT ( #2398, #1578, ( #854 ) ) ;
#1108 = CYLINDRICAL_SURFACE ( 'NONE', #398, 1.499999999999997780 ) ;
#1109 = DIRECTION ( 'NONE',  ( -2.454725278939251986E-16, 1.000000000000000000, 1.412361382570359924E-32 ) ) ;
#1110 = LINE ( 'NONE', #2538, #760 ) ;
#1111 = VERTEX_POINT ( 'NONE', #1611 ) ;
#1112 = AXIS2_PLACEMENT_3D ( 'NONE', #1737, #1697, #2330 ) ;
#1113 = ADVANCED_FACE ( 'NONE', ( #2421 ), #1844, .F. ) ;
#1114 = EDGE_LOOP ( 'NONE', ( #2510, #2091 ) ) ;
#1115 = VERTEX_POINT ( 'NONE', #433 ) ;
#1116 = DIRECTION ( 'NONE',  ( -3.285523800833660592E-48, 1.000000000000000000, -3.023623362212761042E-32 ) ) ;
#1117 = CARTESIAN_POINT ( 'NONE',  ( -30.25000000000000000, 19.99999999999999645, 2.385445012294033910E-31 ) ) ;
#1118 = FACE_BOUND ( 'NONE', #437, .T. ) ;
#1119 = CARTESIAN_POINT ( 'NONE',  ( -87.00186786579155296, -9.900000000000005684, 6.199999999999987743 ) ) ;
#1120 = ORIENTED_EDGE ( 'NONE', *, *, #2593, .F. ) ;
#1121 = DIRECTION ( 'NONE',  ( 1.000000000000000000, 2.454725278939251986E-16, -1.334514692192465600E-32 ) ) ;
#1122 = ORIENTED_EDGE ( 'NONE', *, *, #507, .T. ) ;
#1123 = DIRECTION ( 'NONE',  ( -1.000000000000000000, -2.185478394931409589E-16, 1.334514692192465600E-32 ) ) ;
#1124 = ORIENTED_EDGE ( 'NONE', *, *, #2195, .T. ) ;
#1125 = ADVANCED_FACE ( 'NONE', ( #223 ), #2051, .T. ) ;
#1126 = ORIENTED_EDGE ( 'NONE', *, *, #2470, .F. ) ;
#1127 = AXIS2_PLACEMENT_3D ( 'NONE', #862, #1870, #876 ) ;
#1128 = CARTESIAN_POINT ( 'NONE',  ( -71.21436786579155864, -9.900000000000005684, 26.14999999999998792 ) ) ;
#1129 = ORIENTED_EDGE ( 'NONE', *, *, #1546, .T. ) ;
#1130 = CARTESIAN_POINT ( 'NONE',  ( -49.41666666666667140, 17.99999999999998579, 6.874999999999999112 ) ) ;
#1131 = DIRECTION ( 'NONE',  ( 0.000000000000000000, 1.000000000000000000, 0.000000000000000000 ) ) ;
#1132 = ORIENTED_EDGE ( 'NONE', *, *, #1847, .T. ) ;
#1133 = DIRECTION ( 'NONE',  ( -2.454725278939251986E-16, 1.000000000000000000, 1.412361382570359924E-32 ) ) ;
#1134 = ORIENTED_EDGE ( 'NONE', *, *, #1418, .F. ) ;
#1135 = ORIENTED_EDGE ( 'NONE', *, *, #1686, .F. ) ;
#1136 = ORIENTED_EDGE ( 'NONE', *, *, #1481, .F. ) ;
#1137 = APPROVAL ( #1266, 'UNSPECIFIED' ) ;
#1138 = LOCAL_TIME ( 10, 29, 11.00000000000000000, #1811 ) ;
#1139 = ORIENTED_EDGE ( 'NONE', *, *, #56, .F. ) ;
#1140 = ADVANCED_FACE ( 'NONE', ( #1437 ), #1219, .F. ) ;
#1141 = CARTESIAN_POINT ( 'NONE',  ( -49.41666666666665719, -15.00000000000001066, 48.12500000000000000 ) ) ;
#1142 = AXIS2_PLACEMENT_3D ( 'NONE', #1574, #1186, #2368 ) ;
#1143 = DIRECTION ( 'NONE',  ( 0.000000000000000000, 0.000000000000000000, 1.000000000000000000 ) ) ;
#1144 = CARTESIAN_POINT ( 'NONE',  ( -77.13890089934365335, -9.900000000000009237, 4.690102840931834827 ) ) ;
#1145 = AXIS2_PLACEMENT_3D ( 'NONE', #746, #565, #209 ) ;
#1146 = CIRCLE ( 'NONE', #1489, 3.500000000000010214 ) ;
#1147 = ORIENTED_EDGE ( 'NONE', *, *, #1501, .T. ) ;
#1148 = DIRECTION ( 'NONE',  ( -2.454725278939252479E-16, 1.000000000000000000, 1.412361382570359924E-32 ) ) ;
#1149 = PLANE ( 'NONE',  #436 ) ;
#1150 = VECTOR ( 'NONE', #2055, 1000.000000000000000 ) ;
#1151 = ORIENTED_EDGE ( 'NONE', *, *, #367, .T. ) ;
#1152 = CIRCLE ( 'NONE', #440, 1.500000000000001332 ) ;
#1153 = ORIENTED_EDGE ( 'NONE', *, *, #1470, .T. ) ;
#1154 = AXIS2_PLACEMENT_3D ( 'NONE', #1475, #2110, #2489 ) ;
#1155 = ORIENTED_EDGE ( 'NONE', *, *, #1263, .T. ) ;
#1156 = FACE_BOUND ( 'NONE', #1963, .T. ) ;
#1157 = EDGE_CURVE ( 'NONE', #1111, #2057, #1664, .T. ) ;
#1158 = CARTESIAN_POINT ( 'NONE',  ( -78.63890089934366756, 19.99999999999998579, 14.56336761364393872 ) ) ;
#1159 = DIRECTION ( 'NONE',  ( -1.000000000000000000, 0.000000000000000000, 0.000000000000000000 ) ) ;
#1160 = EDGE_CURVE ( 'NONE', #1588, #802, #2121, .T. ) ;
#1161 = EDGE_LOOP ( 'NONE', ( #1136, #2454, #403, #1760, #186 ) ) ;
#1162 = DIRECTION ( 'NONE',  ( 0.000000000000000000, 1.000000000000000000, 0.000000000000000000 ) ) ;
#1163 = CARTESIAN_POINT ( 'NONE',  ( -38.83333333333333570, 18.00000000000000000, 20.62499999999999645 ) ) ;
#1164 = VERTEX_POINT ( 'NONE', #1657 ) ;
#1165 = CIRCLE ( 'NONE', #2018, 1.500000000000001332 ) ;
#1166 = ORIENTED_EDGE ( 'NONE', *, *, #562, .T. ) ;
#1167 = EDGE_CURVE ( 'NONE', #1164, #1852, #638, .T. ) ;
#1168 = DIRECTION ( 'NONE',  ( -1.000000000000000000, 0.000000000000000000, 0.000000000000000000 ) ) ;
#1169 = CYLINDRICAL_SURFACE ( 'NONE', #1838, 1.500000000000001332 ) ;
#1170 = CARTESIAN_POINT ( 'NONE',  ( -49.41666666666666430, 17.99999999999999289, 48.12500000000000000 ) ) ;
#1171 = ADVANCED_FACE ( 'NONE', ( #2263 ), #407, .F. ) ;
#1172 = AXIS2_PLACEMENT_3D ( 'NONE', #1792, #828, #2585 ) ;
#1173 = ORIENTED_EDGE ( 'NONE', *, *, #2332, .T. ) ;
#1174 = LINE ( 'NONE', #184, #988 ) ;
#1175 = DIRECTION ( 'NONE',  ( 2.454725278939251986E-16, -1.000000000000000000, -1.412361382570359924E-32 ) ) ;
#1176 = ADVANCED_FACE ( 'NONE', ( #2036 ), #1744, .F. ) ;
#1177 = EDGE_LOOP ( 'NONE', ( #1155, #2555 ) ) ;
#1178 = DIRECTION ( 'NONE',  ( -2.454725278939251986E-16, 1.000000000000000000, 1.412361382570359924E-32 ) ) ;
#1179 = ORIENTED_EDGE ( 'NONE', *, *, #535, .F. ) ;
#1180 = CARTESIAN_POINT ( 'NONE',  ( -50.91666666666666430, -15.00000000000001066, 20.62499999999999645 ) ) ;
#1181 = DIRECTION ( 'NONE',  ( -1.000000000000000000, 0.000000000000000000, 0.000000000000000000 ) ) ;
#1182 = CARTESIAN_POINT ( 'NONE',  ( -87.00186786579155296, 9.999999999999984013, 18.19999999999999574 ) ) ;
#1183 = AXIS2_PLACEMENT_3D ( 'NONE', #1821, #2151, #984 ) ;
#1184 = DIRECTION ( 'NONE',  ( -1.000000000000000000, 0.000000000000000000, 0.000000000000000000 ) ) ;
#1185 = EDGE_LOOP ( 'NONE', ( #380, #1239, #527, #2497, #1129 ) ) ;
#1186 = DIRECTION ( 'NONE',  ( 2.454725278939251986E-16, -1.000000000000000000, -1.412361382570359924E-32 ) ) ;
#1187 = AXIS2_PLACEMENT_3D ( 'NONE', #283, #1899, #1730 ) ;
#1188 = CARTESIAN_POINT ( 'NONE',  ( -38.83333333333333570, 19.99999999999999289, 6.874999999999999112 ) ) ;
#1189 = ADVANCED_FACE ( 'NONE', ( #236 ), #1039, .F. ) ;
#1190 = APPROVAL_DATE_TIME ( #1548, #1137 ) ;
#1191 = ORIENTED_EDGE ( 'NONE', *, *, #1093, .F. ) ;
#1192 = ORIENTED_EDGE ( 'NONE', *, *, #1747, .T. ) ;
#1193 = AXIS2_PLACEMENT_3D ( 'NONE', #845, #1425, #1857 ) ;
#1194 = VECTOR ( 'NONE', #1427, 1000.000000000000000 ) ;
#1195 = EDGE_CURVE ( 'NONE', #842, #1986, #831, .T. ) ;
#1196 = EDGE_CURVE ( 'NONE', #2020, #2155, #1950, .T. ) ;
#1197 = VERTEX_POINT ( 'NONE', #134 ) ;
#1198 = CONICAL_SURFACE ( 'NONE', #2344, 1.500000000000001332, 0.7853981633974498333 ) ;
#1199 = DIRECTION ( 'NONE',  ( -1.000000000000000000, 0.000000000000000000, 0.000000000000000000 ) ) ;
#1200 = CARTESIAN_POINT ( 'NONE',  ( -38.83333333333333570, 18.00000000000000000, 8.375000000000003553 ) ) ;
#1201 = CARTESIAN_POINT ( 'NONE',  ( -81.73936786579155012, -9.900000000000005684, 26.14999999999998792 ) ) ;
#1202 = FACE_BOUND ( 'NONE', #1691, .T. ) ;
#1203 = DIRECTION ( 'NONE',  ( -1.000000000000000000, 0.000000000000000000, 0.000000000000000000 ) ) ;
#1204 = CARTESIAN_POINT ( 'NONE',  ( -81.85186786579157570, 19.99999999999998224, 37.00000000000000711 ) ) ;
#1205 = VERTEX_POINT ( 'NONE', #2140 ) ;
#1206 = ORIENTED_EDGE ( 'NONE', *, *, #1961, .T. ) ;
#1207 = CIRCLE ( 'NONE', #1330, 1.999999999999994893 ) ;
#1208 = DIRECTION ( 'NONE',  ( 2.454725278939251986E-16, -1.000000000000000000, -1.412361382570359924E-32 ) ) ;
#1209 = FACE_OUTER_BOUND ( 'NONE', #1943, .T. ) ;
#1210 = DIRECTION ( 'NONE',  ( -1.000000000000000000, 0.000000000000000000, 0.000000000000000000 ) ) ;
#1211 = FACE_BOUND ( 'NONE', #810, .T. ) ;
#1212 = ORIENTED_EDGE ( 'NONE', *, *, #260, .T. ) ;
#1213 = DIRECTION ( 'NONE',  ( -2.454725278939251986E-16, 1.000000000000000000, 1.412361382570359924E-32 ) ) ;
#1214 = AXIS2_PLACEMENT_3D ( 'NONE', #1736, #545, #2164 ) ;
#1215 = APPROVAL ( #1866, 'UNSPECIFIED' ) ;
#1216 = EDGE_LOOP ( 'NONE', ( #297, #953 ) ) ;
#1217 = DIRECTION ( 'NONE',  ( 2.463512628606117579E-16, -1.000000000000000000, -1.412361382570359924E-32 ) ) ;
#1218 = DIRECTION ( 'NONE',  ( -1.000000000000000000, 0.000000000000000000, 0.000000000000000000 ) ) ;
#1219 = CYLINDRICAL_SURFACE ( 'NONE', #1527, 1.500000000000001332 ) ;
#1220 = EDGE_CURVE ( 'NONE', #2130, #2107, #1259, .T. ) ;
#1221 = DIRECTION ( 'NONE',  ( 8.659560562354947649E-17, 0.7071067811865464625, -0.7071067811865486830 ) ) ;
#1222 = VERTEX_POINT ( 'NONE', #946 ) ;
#1223 = LINE ( 'NONE', #2278, #1150 ) ;
#1224 = AXIS2_PLACEMENT_3D ( 'NONE', #1375, #2179, #369 ) ;
#1225 = ORIENTED_EDGE ( 'NONE', *, *, #2233, .T. ) ;
#1226 = AXIS2_PLACEMENT_3D ( 'NONE', #798, #1060, #1827 ) ;
#1227 = ORIENTED_EDGE ( 'NONE', *, *, #1703, .F. ) ;
#1228 = AXIS2_PLACEMENT_3D ( 'NONE', #1867, #484, #1671 ) ;
#1229 = AXIS2_PLACEMENT_3D ( 'NONE', #42, #620, #1430 ) ;
#1230 = CYLINDRICAL_SURFACE ( 'NONE', #2133, 1.500000000000001332 ) ;
#1231 = AXIS2_PLACEMENT_3D ( 'NONE', #1253, #2420, #2262 ) ;
#1232 = DIRECTION ( 'NONE',  ( 2.301457347896260623E-16, -0.000000000000000000, 1.000000000000000000 ) ) ;
#1233 = DIRECTION ( 'NONE',  ( 0.000000000000000000, 1.000000000000000000, 0.000000000000000000 ) ) ;
#1234 = DIRECTION ( 'NONE',  ( 0.000000000000000000, 0.000000000000000000, 1.000000000000000000 ) ) ;
#1235 = EDGE_CURVE ( 'NONE', #802, #179, #1332, .T. ) ;
#1236 = ORIENTED_EDGE ( 'NONE', *, *, #1790, .F. ) ;
#1237 = FACE_OUTER_BOUND ( 'NONE', #1087, .T. ) ;
#1238 = ORIENTED_EDGE ( 'NONE', *, *, #1954, .T. ) ;
#1239 = ORIENTED_EDGE ( 'NONE', *, *, #1581, .F. ) ;
#1240 = ORIENTED_EDGE ( 'NONE', *, *, #1010, .T. ) ;
#1241 = CARTESIAN_POINT ( 'NONE',  ( -62.03180593421044620, 19.99999999999998934, -3.300000000000013145 ) ) ;
#1242 = FACE_OUTER_BOUND ( 'NONE', #1320, .T. ) ;
#1243 = CIRCLE ( 'NONE', #2318, 1.500000000000001332 ) ;
#1244 = DIRECTION ( 'NONE',  ( 0.000000000000000000, 1.000000000000000000, 0.000000000000000000 ) ) ;
#1245 = AXIS2_PLACEMENT_3D ( 'NONE', #886, #458, #2070 ) ;
#1246 = EDGE_CURVE ( 'NONE', #967, #2075, #1704, .T. ) ;
#1247 = CARTESIAN_POINT ( 'NONE',  ( -49.41666666666667140, 9.999999999999994671, 20.62499999999999645 ) ) ;
#1248 = CARTESIAN_POINT ( 'NONE',  ( -49.41666666666667140, 17.99999999999998579, 6.874999999999999112 ) ) ;
#1249 = EDGE_CURVE ( 'NONE', #1197, #802, #2104, .T. ) ;
#1250 = CARTESIAN_POINT ( 'NONE',  ( -49.41666666666666430, 9.999999999999994671, 48.12500000000000000 ) ) ;
#1251 = ORIENTED_EDGE ( 'NONE', *, *, #1942, .F. ) ;
#1252 = APPLICATION_PROTOCOL_DEFINITION ( 'international standard', 'config_control_design', 1994, #36 ) ;
#1253 = CARTESIAN_POINT ( 'NONE',  ( -38.83333333333333570, 9.999999999999994671, 20.62499999999999645 ) ) ;
#1254 = FACE_OUTER_BOUND ( 'NONE', #1757, .T. ) ;
#1255 = CARTESIAN_POINT ( 'NONE',  ( -4.918237907545371340E-15, 20.00000000000000355, 1.412361382570360745E-31 ) ) ;
#1256 = CARTESIAN_POINT ( 'NONE',  ( -38.83333333333333570, 18.00000000000000000, 34.37499999999999289 ) ) ;
#1257 = CARTESIAN_POINT ( 'NONE',  ( -81.85186786579156148, 9.999999999999984013, 46.94030500899571479 ) ) ;
#1258 = ORIENTED_EDGE ( 'NONE', *, *, #1478, .T. ) ;
#1259 = CIRCLE ( 'NONE', #2072, 3.500000000000003109 ) ;
#1260 = DIRECTION ( 'NONE',  ( -2.454725278939251986E-16, 1.000000000000000000, 1.412361382570359924E-32 ) ) ;
#1261 = ORIENTED_EDGE ( 'NONE', *, *, #2410, .F. ) ;
#1262 = EDGE_CURVE ( 'NONE', #869, #91, #1519, .T. ) ;
#1263 = EDGE_CURVE ( 'NONE', #2352, #739, #2372, .T. ) ;
#1264 = AXIS2_PLACEMENT_3D ( 'NONE', #1727, #1738, #1714 ) ;
#1265 = CIRCLE ( 'NONE', #1955, 3.500000000000010214 ) ;
#1266 = APPROVAL_STATUS ( 'not_yet_approved' ) ;
#1267 = CARTESIAN_POINT ( 'NONE',  ( -49.41666666666667140, 17.99999999999999289, 19.12499999999999289 ) ) ;
#1268 = DIRECTION ( 'NONE',  ( -2.463512628606118072E-16, 1.000000000000000000, 1.740923997763740123E-31 ) ) ;
#1269 = AXIS2_PLACEMENT_3D ( 'NONE', #1188, #1175, #2397 ) ;
#1270 = DIRECTION ( 'NONE',  ( 2.454725278939251986E-16, -1.000000000000000000, -1.412361382570359924E-32 ) ) ;
#1271 = DIRECTION ( 'NONE',  ( 0.000000000000000000, 0.000000000000000000, 1.000000000000000000 ) ) ;
#1272 = CIRCLE ( 'NONE', #1075, 1.500000000000001332 ) ;
#1273 = VERTEX_POINT ( 'NONE', #1498 ) ;
#1274 = CARTESIAN_POINT ( 'NONE',  ( -28.24999999999998934, 9.999999999999998224, 55.00000000000000000 ) ) ;
#1275 = VECTOR ( 'NONE', #692, 1000.000000000000000 ) ;
#1276 = ORIENTED_EDGE ( 'NONE', *, *, #1512, .F. ) ;
#1277 = FACE_OUTER_BOUND ( 'NONE', #1046, .T. ) ;
#1278 = ORIENTED_EDGE ( 'NONE', *, *, #938, .F. ) ;
#1279 = ADVANCED_FACE ( 'NONE', ( #2528 ), #304, .F. ) ;
#1280 = CARTESIAN_POINT ( 'NONE',  ( -62.83333333333332149, 17.99999999999998224, 41.25000000000000000 ) ) ;
#1281 = ORIENTED_EDGE ( 'NONE', *, *, #2131, .T. ) ;
#1282 = ORIENTED_EDGE ( 'NONE', *, *, #671, .F. ) ;
#1283 = EDGE_CURVE ( 'NONE', #204, #482, #1110, .T. ) ;
#1284 = EDGE_CURVE ( 'NONE', #2178, #1543, #2335, .T. ) ;
#1285 = CARTESIAN_POINT ( 'NONE',  ( -87.00186786579155296, -9.900000000000005684, 3.199999999999993516 ) ) ;
#1286 = CARTESIAN_POINT ( 'NONE',  ( -77.13890089934365335, 9.999999999999987566, 4.690102840931834827 ) ) ;
#1287 = ADVANCED_FACE ( 'NONE', ( #2359 ), #711, .F. ) ;
#1288 = DIRECTION ( 'NONE',  ( -1.000000000000000000, 0.000000000000000000, 0.000000000000000000 ) ) ;
#1289 = CARTESIAN_POINT ( 'NONE',  ( -82.43240738035072468, 19.99999999999998224, 47.52517643619228238 ) ) ;
#1290 = DIRECTION ( 'NONE',  ( 0.000000000000000000, 0.000000000000000000, 1.000000000000000000 ) ) ;
#1291 = CIRCLE ( 'NONE', #1724, 1.500000000000004885 ) ;
#1292 = ORIENTED_EDGE ( 'NONE', *, *, #276, .T. ) ;
#1293 = CARTESIAN_POINT ( 'NONE',  ( -78.63890089934365335, -9.900000000000009237, 14.56336761364393872 ) ) ;
#1294 = ORIENTED_EDGE ( 'NONE', *, *, #987, .F. ) ;
#1295 = CARTESIAN_POINT ( 'NONE',  ( -82.43240738035073889, 44.99999999999998579, 47.52517643619228949 ) ) ;
#1296 = EDGE_LOOP ( 'NONE', ( #2173, #216, #1191, #2105, #201 ) ) ;
#1297 = EDGE_CURVE ( 'NONE', #753, #632, #526, .T. ) ;
#1298 = DIRECTION ( 'NONE',  ( 0.000000000000000000, 1.000000000000000000, 0.000000000000000000 ) ) ;
#1299 = CARTESIAN_POINT ( 'NONE',  ( -37.33333333333333570, 18.00000000000000000, 6.874999999999999112 ) ) ;
#1300 = DIRECTION ( 'NONE',  ( -3.285523800833660592E-48, 1.000000000000000000, -3.023623362212761042E-32 ) ) ;
#1301 = ADVANCED_FACE ( 'NONE', ( #1277 ), #1098, .F. ) ;
#1302 = EDGE_LOOP ( 'NONE', ( #2513, #4, #2054, #1522 ) ) ;
#1303 = FACE_OUTER_BOUND ( 'NONE', #2461, .T. ) ;
#1304 = EDGE_LOOP ( 'NONE', ( #1535, #1564 ) ) ;
#1305 = ORIENTED_EDGE ( 'NONE', *, *, #2402, .F. ) ;
#1306 = VERTEX_POINT ( 'NONE', #1534 ) ;
#1307 = CC_DESIGN_APPROVAL ( #1137, ( #854 ) ) ;
#1308 = AXIS2_PLACEMENT_3D ( 'NONE', #2024, #1026, #1828 ) ;
#1309 = CARTESIAN_POINT ( 'NONE',  ( -64.33333333333332860, 17.99999999999997513, 41.25000000000000000 ) ) ;
#1310 = CARTESIAN_POINT ( 'NONE',  ( -38.83333333333333570, 19.99999999999999289, 20.62499999999999645 ) ) ;
#1311 = AXIS2_PLACEMENT_3D ( 'NONE', #66, #79, #269 ) ;
#1312 = LINE ( 'NONE', #717, #582 ) ;
#1313 = CIRCLE ( 'NONE', #194, 2.000000000000001776 ) ;
#1314 = CONICAL_SURFACE ( 'NONE', #391, 1.500000000000001332, 0.7853981633974498333 ) ;
#1315 = DIRECTION ( 'NONE',  ( -1.000000000000000000, 0.000000000000000000, 0.000000000000000000 ) ) ;
#1316 = CARTESIAN_POINT ( 'NONE',  ( -37.33333333333332860, -15.00000000000001066, 34.37499999999999289 ) ) ;
#1317 = AXIS2_PLACEMENT_3D ( 'NONE', #1992, #2187, #1012 ) ;
#1318 = AXIS2_PLACEMENT_3D ( 'NONE', #804, #2566, #1 ) ;
#1319 = EDGE_CURVE ( 'NONE', #1033, #2156, #428, .T. ) ;
#1320 = EDGE_LOOP ( 'NONE', ( #883, #1982, #423, #1528 ) ) ;
#1321 = DIRECTION ( 'NONE',  ( -1.000000000000000000, 0.000000000000000000, 0.000000000000000000 ) ) ;
#1322 = ORIENTED_EDGE ( 'NONE', *, *, #1284, .T. ) ;
#1323 = CIRCLE ( 'NONE', #2546, 2.000000000000001776 ) ;
#1324 = ADVANCED_BREP_SHAPE_REPRESENTATION ( 'worm gear mounting plate', ( #44, #2459 ), #387 ) ;
#1325 = ORIENTED_EDGE ( 'NONE', *, *, #1469, .F. ) ;
#1326 = ORIENTED_EDGE ( 'NONE', *, *, #2056, .T. ) ;
#1327 = FACE_BOUND ( 'NONE', #1080, .T. ) ;
#1328 = DIRECTION ( 'NONE',  ( -2.454725278939251986E-16, 1.000000000000000000, 1.412361382570359924E-32 ) ) ;
#1329 = DIRECTION ( 'NONE',  ( -1.000000000000000000, 0.000000000000000000, 0.000000000000000000 ) ) ;
#1330 = AXIS2_PLACEMENT_3D ( 'NONE', #1241, #2045, #1624 ) ;
#1331 = VERTEX_POINT ( 'NONE', #109 ) ;
#1332 = LINE ( 'NONE', #933, #2251 ) ;
#1333 = VERTEX_POINT ( 'NONE', #912 ) ;
#1334 = ORIENTED_EDGE ( 'NONE', *, *, #1747, .F. ) ;
#1335 = VERTEX_POINT ( 'NONE', #697 ) ;
#1336 = ORIENTED_EDGE ( 'NONE', *, *, #1655, .F. ) ;
#1337 = CARTESIAN_POINT ( 'NONE',  ( -49.41666666666666430, 17.99999999999999289, 46.62500000000000000 ) ) ;
#1338 = PRODUCT ( 'worm gear mounting plate', 'worm gear mounting plate', '', ( #1059 ) ) ;
#1339 = CARTESIAN_POINT ( 'NONE',  ( -49.41666666666667140, 17.99999999999999289, 22.12500000000000355 ) ) ;
#1340 = CYLINDRICAL_SURFACE ( 'NONE', #2540, 1.500000000000001332 ) ;
#1341 = VERTEX_POINT ( 'NONE', #1506 ) ;
#1342 = CARTESIAN_POINT ( 'NONE',  ( -50.91666666666665719, -15.00000000000001066, 48.12500000000000000 ) ) ;
#1343 = DIRECTION ( 'NONE',  ( -1.000000000000000000, 0.000000000000000000, 0.000000000000000000 ) ) ;
#1344 = DIRECTION ( 'NONE',  ( 2.454725278939252479E-16, -1.000000000000000000, 1.078426869472118381E-34 ) ) ;
#1345 = CYLINDRICAL_SURFACE ( 'NONE', #307, 2.000000000000001776 ) ;
#1346 = ORIENTED_EDGE ( 'NONE', *, *, #127, .T. ) ;
#1347 = ORIENTED_EDGE ( 'NONE', *, *, #2218, .F. ) ;
#1348 = CYLINDRICAL_SURFACE ( 'NONE', #2135, 1.499999999999996891 ) ;
#1349 = ADVANCED_FACE ( 'NONE', ( #1303 ), #2117, .F. ) ;
#1350 = EDGE_CURVE ( 'NONE', #1931, #476, #2129, .T. ) ;
#1351 = EDGE_LOOP ( 'NONE', ( #1938, #623 ) ) ;
#1352 = DIRECTION ( 'NONE',  ( 1.000000000000000000, 2.454725278939251986E-16, -1.090989012861889826E-16 ) ) ;
#1353 = CIRCLE ( 'NONE', #232, 1.500000000000001332 ) ;
#1354 = LOCAL_TIME ( 10, 29, 11.00000000000000000, #2488 ) ;
#1355 = CARTESIAN_POINT ( 'NONE',  ( -69.21296696644787971, 9.999999999999987566, 4.690102840931834827 ) ) ;
#1356 = CARTESIAN_POINT ( 'NONE',  ( -49.41666666666667140, 17.99999999999999289, 8.375000000000003553 ) ) ;
#1357 = AXIS2_PLACEMENT_3D ( 'NONE', #1250, #2453, #47 ) ;
#1358 = VECTOR ( 'NONE', #208, 1000.000000000000000 ) ;
#1359 = VECTOR ( 'NONE', #1762, 1000.000000000000000 ) ;
#1360 = VERTEX_POINT ( 'NONE', #578 ) ;
#1361 = DIRECTION ( 'NONE',  ( -2.454725278939251986E-16, 1.000000000000000000, 1.412361382570359924E-32 ) ) ;
#1362 = DIRECTION ( 'NONE',  ( -1.000000000000000000, 0.000000000000000000, 0.000000000000000000 ) ) ;
#1363 = AXIS2_PLACEMENT_3D ( 'NONE', #28, #1062, #1646 ) ;
#1364 = VERTEX_POINT ( 'NONE', #159 ) ;
#1365 = CIRCLE ( 'NONE', #477, 1.500000000000001332 ) ;
#1366 = ADVANCED_FACE ( 'NONE', ( #2192 ), #1793, .F. ) ;
#1367 = FACE_OUTER_BOUND ( 'NONE', #2485, .T. ) ;
#1368 = CIRCLE ( 'NONE', #2205, 1.500000000000001332 ) ;
#1369 = EDGE_CURVE ( 'NONE', #2020, #2325, #468, .T. ) ;
#1370 = ORIENTED_EDGE ( 'NONE', *, *, #542, .F. ) ;
#1371 = DIRECTION ( 'NONE',  ( 0.000000000000000000, 1.000000000000000000, 0.000000000000000000 ) ) ;
#1372 = DIRECTION ( 'NONE',  ( 0.000000000000000000, 0.000000000000000000, 1.000000000000000000 ) ) ;
#1373 = LINE ( 'NONE', #2588, #555 ) ;
#1374 = VERTEX_POINT ( 'NONE', #1964 ) ;
#1375 = CARTESIAN_POINT ( 'NONE',  ( -49.41666666666666430, 17.99999999999999289, 34.37500000000000000 ) ) ;
#1376 = CARTESIAN_POINT ( 'NONE',  ( -49.41666666666666430, 19.99999999999999289, 51.62500000000001421 ) ) ;
#1377 = AXIS2_PLACEMENT_3D ( 'NONE', #2415, #2197, #1408 ) ;
#1378 = ORIENTED_EDGE ( 'NONE', *, *, #511, .F. ) ;
#1379 = CARTESIAN_POINT ( 'NONE',  ( -49.41666666666667140, 17.99999999999999289, 20.62499999999999645 ) ) ;
#1380 = CIRCLE ( 'NONE', #495, 1.500000000000001332 ) ;
#1381 = EDGE_LOOP ( 'NONE', ( #452, #1951, #1999, #1389, #362 ) ) ;
#1382 = ADVANCED_FACE ( 'NONE', ( #1558 ), #856, .F. ) ;
#1383 = CARTESIAN_POINT ( 'NONE',  ( -47.91666666666666430, 9.999999999999994671, 48.12500000000000000 ) ) ;
#1384 = CARTESIAN_POINT ( 'NONE',  ( -91.85186786579156148, 44.99999999999998579, 35.00000000000000000 ) ) ;
#1385 = FACE_OUTER_BOUND ( 'NONE', #2604, .T. ) ;
#1386 = CARTESIAN_POINT ( 'NONE',  ( -38.83333333333333570, 18.00000000000000000, 6.874999999999999112 ) ) ;
#1387 = EDGE_CURVE ( 'NONE', #853, #1007, #635, .T. ) ;
#1388 = EDGE_CURVE ( 'NONE', #2029, #772, #805, .T. ) ;
#1389 = ORIENTED_EDGE ( 'NONE', *, *, #350, .F. ) ;
#1390 = CARTESIAN_POINT ( 'NONE',  ( -60.00000000000000711, 9.999999999999991118, 4.943264838996258886E-31 ) ) ;
#1391 = CARTESIAN_POINT ( 'NONE',  ( -71.21436786579155864, 19.99999999999998579, 23.14999999999999503 ) ) ;
#1392 = ORIENTED_EDGE ( 'NONE', *, *, #1081, .T. ) ;
#1393 = ORIENTED_EDGE ( 'NONE', *, *, #1157, .T. ) ;
#1394 = DIRECTION ( 'NONE',  ( -1.000000000000000000, 0.000000000000000000, 0.000000000000000000 ) ) ;
#1395 = DIRECTION ( 'NONE',  ( -2.454725278939251986E-16, 1.000000000000000000, 1.412361382570359924E-32 ) ) ;
#1396 = LINE ( 'NONE', #1201, #2076 ) ;
#1397 = AXIS2_PLACEMENT_3D ( 'NONE', #1773, #2605, #2170 ) ;
#1398 = CARTESIAN_POINT ( 'NONE',  ( -77.13890089934366756, 19.99999999999998579, 4.690102840931834827 ) ) ;
#1399 = LOCAL_TIME ( 10, 29, 11.00000000000000000, #858 ) ;
#1400 = VERTEX_POINT ( 'NONE', #381 ) ;
#1401 = CARTESIAN_POINT ( 'NONE',  ( -40.33333333333333570, 18.00000000000000711, 20.62499999999999645 ) ) ;
#1402 = VECTOR ( 'NONE', #2222, 1000.000000000000000 ) ;
#1403 = DIRECTION ( 'NONE',  ( 0.000000000000000000, 1.000000000000000000, 0.000000000000000000 ) ) ;
#1404 = EDGE_CURVE ( 'NONE', #1056, #148, #1914, .T. ) ;
#1405 = VECTOR ( 'NONE', #88, 1000.000000000000000 ) ;
#1406 = AXIS2_PLACEMENT_3D ( 'NONE', #1280, #2257, #934 ) ;
#1407 = ORIENTED_EDGE ( 'NONE', *, *, #252, .F. ) ;
#1408 = DIRECTION ( 'NONE',  ( 1.000000000000000000, 0.000000000000000000, 0.000000000000000000 ) ) ;
#1409 = AXIS2_PLACEMENT_3D ( 'NONE', #2127, #313, #1530 ) ;
#1410 = VERTEX_POINT ( 'NONE', #1977 ) ;
#1411 = AXIS2_PLACEMENT_3D ( 'NONE', #264, #73, #875 ) ;
#1412 = FACE_OUTER_BOUND ( 'NONE', #1185, .T. ) ;
#1413 = DIRECTION ( 'NONE',  ( -1.000000000000000000, 0.000000000000000000, 0.000000000000000000 ) ) ;
#1414 = CARTESIAN_POINT ( 'NONE',  ( -28.24999999999999645, 19.99999999999999645, -5.300000000000017586 ) ) ;
#1415 = FACE_BOUND ( 'NONE', #758, .T. ) ;
#1416 = ORIENTED_EDGE ( 'NONE', *, *, #1565, .F. ) ;
#1417 = DIRECTION ( 'NONE',  ( -2.454725278939251986E-16, 1.000000000000000000, 1.412361382570359924E-32 ) ) ;
#1418 = EDGE_CURVE ( 'NONE', #1331, #713, #550, .T. ) ;
#1419 = EDGE_LOOP ( 'NONE', ( #2411, #1949 ) ) ;
#1420 = ORIENTED_EDGE ( 'NONE', *, *, #2056, .F. ) ;
#1421 = EDGE_CURVE ( 'NONE', #1333, #95, #59, .T. ) ;
#1422 = LINE ( 'NONE', #1180, #1005 ) ;
#1423 = LINE ( 'NONE', #2261, #1402 ) ;
#1424 = LINE ( 'NONE', #2274, #149 ) ;
#1425 = DIRECTION ( 'NONE',  ( -2.454725278939251986E-16, 1.000000000000000000, 1.412361382570359924E-32 ) ) ;
#1426 = AXIS2_PLACEMENT_3D ( 'NONE', #656, #1085, #1922 ) ;
#1427 = DIRECTION ( 'NONE',  ( -2.463512628606117579E-16, 1.000000000000000000, 1.412361382570359651E-32 ) ) ;
#1428 = FACE_OUTER_BOUND ( 'NONE', #1161, .T. ) ;
#1429 = EDGE_LOOP ( 'NONE', ( #2382, #71 ) ) ;
#1430 = DIRECTION ( 'NONE',  ( -1.000000000000000000, 0.000000000000000000, 0.000000000000000000 ) ) ;
#1431 = CARTESIAN_POINT ( 'NONE',  ( -83.85186786579157570, 44.99999999999998579, 37.00000000000000711 ) ) ;
#1432 = ORIENTED_EDGE ( 'NONE', *, *, #1021, .T. ) ;
#1433 = EDGE_LOOP ( 'NONE', ( #502, #1147, #1930, #2048, #660 ) ) ;
#1434 = ADVANCED_FACE ( 'NONE', ( #773 ), #718, .F. ) ;
#1435 = CARTESIAN_POINT ( 'NONE',  ( -38.83333333333333570, 18.00000000000000711, 20.62499999999999645 ) ) ;
#1436 = DIRECTION ( 'NONE',  ( -2.454725278939251986E-16, 1.000000000000000000, 1.412361382570359924E-32 ) ) ;
#1437 = FACE_OUTER_BOUND ( 'NONE', #1467, .T. ) ;
#1438 = DIRECTION ( 'NONE',  ( -2.463512628606118072E-16, 1.000000000000000000, 1.740923997763740123E-31 ) ) ;
#1439 = DESIGN_CONTEXT ( 'detailed design', #556, 'design' ) ;
#1440 = DIRECTION ( 'NONE',  ( -2.454725278939251986E-16, 1.000000000000000000, 1.412361382570359924E-32 ) ) ;
#1441 = VECTOR ( 'NONE', #96, 1000.000000000000000 ) ;
#1442 = ORIENTED_EDGE ( 'NONE', *, *, #976, .T. ) ;
#1443 = EDGE_LOOP ( 'NONE', ( #122, #2389, #792, #1632, #2159 ) ) ;
#1444 = CYLINDRICAL_SURFACE ( 'NONE', #2230, 1.500000000000001332 ) ;
#1445 = AXIS2_PLACEMENT_3D ( 'NONE', #715, #1490, #119 ) ;
#1446 = EDGE_LOOP ( 'NONE', ( #1888, #1192, #305, #2589, #1045 ) ) ;
#1447 = AXIS2_PLACEMENT_3D ( 'NONE', #2194, #1344, #383 ) ;
#1448 = EDGE_CURVE ( 'NONE', #713, #1033, #1065, .T. ) ;
#1449 = CARTESIAN_POINT ( 'NONE',  ( 0.000000000000000000, 0.000000000000000000, 0.000000000000000000 ) ) ;
#1450 = VECTOR ( 'NONE', #887, 1000.000000000000000 ) ;
#1451 = DIRECTION ( 'NONE',  ( -2.463512628606118072E-16, 1.000000000000000000, 1.740923997763740123E-31 ) ) ;
#1452 = CARTESIAN_POINT ( 'NONE',  ( -37.33333333333332860, -15.00000000000001066, 20.62499999999999645 ) ) ;
#1453 = CARTESIAN_POINT ( 'NONE',  ( -49.41666666666666430, 17.99999999999999289, 34.37500000000000000 ) ) ;
#1454 = ORIENTED_EDGE ( 'NONE', *, *, #416, .F. ) ;
#1455 = CARTESIAN_POINT ( 'NONE',  ( -77.13890089934366756, 19.99999999999998579, 14.56336761364393872 ) ) ;
#1456 = EDGE_CURVE ( 'NONE', #732, #409, #1567, .T. ) ;
#1457 = VERTEX_POINT ( 'NONE', #1401 ) ;
#1458 = ORIENTED_EDGE ( 'NONE', *, *, #2111, .T. ) ;
#1459 = PERSON_AND_ORGANIZATION ( #310, #2284 ) ;
#1460 = DIRECTION ( 'NONE',  ( -1.000000000000000000, 0.000000000000000000, 0.000000000000000000 ) ) ;
#1461 = EDGE_CURVE ( 'NONE', #135, #1588, #202, .T. ) ;
#1462 = CARTESIAN_POINT ( 'NONE',  ( -38.83333333333333570, 18.00000000000000000, 8.375000000000003553 ) ) ;
#1463 = CIRCLE ( 'NONE', #1594, 1.500000000000001332 ) ;
#1464 = FACE_BOUND ( 'NONE', #1708, .T. ) ;
#1465 = EDGE_CURVE ( 'NONE', #1543, #2178, #2158, .T. ) ;
#1466 = VECTOR ( 'NONE', #693, 1000.000000000000000 ) ;
#1467 = EDGE_LOOP ( 'NONE', ( #2537, #1518, #2452, #461, #629 ) ) ;
#1468 = DIRECTION ( 'NONE',  ( -2.454725278939251986E-16, 1.000000000000000000, 1.412361382570359924E-32 ) ) ;
#1469 = EDGE_CURVE ( 'NONE', #911, #34, #549, .T. ) ;
#1470 = EDGE_CURVE ( 'NONE', #1364, #1197, #341, .T. ) ;
#1471 = EDGE_LOOP ( 'NONE', ( #2518, #612, #663, #1561, #192 ) ) ;
#1472 = ORIENTED_EDGE ( 'NONE', *, *, #446, .F. ) ;
#1473 = ORIENTED_EDGE ( 'NONE', *, *, #642, .T. ) ;
#1474 = CARTESIAN_POINT ( 'NONE',  ( -49.41666666666667140, 17.99999999999998579, 5.374999999999995559 ) ) ;
#1475 = CARTESIAN_POINT ( 'NONE',  ( -38.83333333333332860, 9.999999999999994671, 48.12499999999999289 ) ) ;
#1476 = LINE ( 'NONE', #472, #1466 ) ;
#1477 = LINE ( 'NONE', #488, #735 ) ;
#1478 = EDGE_CURVE ( 'NONE', #964, #514, #1353, .T. ) ;
#1479 = ORIENTED_EDGE ( 'NONE', *, *, #958, .T. ) ;
#1480 = EDGE_LOOP ( 'NONE', ( #2243, #2395, #2198, #747, #1006 ) ) ;
#1481 = EDGE_CURVE ( 'NONE', #1607, #1111, #899, .T. ) ;
#1482 = VECTOR ( 'NONE', #1809, 1000.000000000000000 ) ;
#1483 = CARTESIAN_POINT ( 'NONE',  ( -83.85186786579156148, 9.999999999999987566, 37.00000000000000711 ) ) ;
#1484 = ORIENTED_EDGE ( 'NONE', *, *, #1695, .F. ) ;
#1485 = CC_DESIGN_SECURITY_CLASSIFICATION ( #1831, ( #854 ) ) ;
#1486 = EDGE_CURVE ( 'NONE', #1400, #512, #1174, .T. ) ;
#1487 = VECTOR ( 'NONE', #919, 999.9999999999998863 ) ;
#1488 = DIRECTION ( 'NONE',  ( 8.659560562354931626E-17, 0.7071067811865477948, -0.7071067811865473507 ) ) ;
#1489 = AXIS2_PLACEMENT_3D ( 'NONE', #1674, #2069, #61 ) ;
#1490 = DIRECTION ( 'NONE',  ( -2.454725278939251986E-16, 1.000000000000000000, 1.412361382570359924E-32 ) ) ;
#1491 = CIRCLE ( 'NONE', #2586, 1.500000000000001332 ) ;
#1492 = DIRECTION ( 'NONE',  ( -2.454725278939251986E-16, 1.000000000000000000, 1.412361382570359924E-32 ) ) ;
#1493 = CIRCLE ( 'NONE', #242, 3.500000000000010214 ) ;
#1494 = ORIENTED_EDGE ( 'NONE', *, *, #1350, .T. ) ;
#1495 = CYLINDRICAL_SURFACE ( 'NONE', #1801, 1.499999999999997780 ) ;
#1496 = AXIS2_PLACEMENT_3D ( 'NONE', #486, #2095, #286 ) ;
#1497 = ORIENTED_EDGE ( 'NONE', *, *, #558, .F. ) ;
#1498 = CARTESIAN_POINT ( 'NONE',  ( -78.63890089934365335, 9.999999999999987566, 4.690102840931834827 ) ) ;
#1499 = ORIENTED_EDGE ( 'NONE', *, *, #1084, .F. ) ;
#1500 = ORIENTED_EDGE ( 'NONE', *, *, #785, .T. ) ;
#1501 = EDGE_CURVE ( 'NONE', #1759, #2156, #1423, .T. ) ;
#1502 = CARTESIAN_POINT ( 'NONE',  ( -89.85186786579153306, 9.999999999999987566, 33.00000000000000000 ) ) ;
#1503 = LINE ( 'NONE', #666, #323 ) ;
#1504 = DIRECTION ( 'NONE',  ( 0.000000000000000000, 0.000000000000000000, 1.000000000000000000 ) ) ;
#1505 = VERTEX_POINT ( 'NONE', #1036 ) ;
#1506 = CARTESIAN_POINT ( 'NONE',  ( -87.00186786579155296, 19.99999999999998224, 18.19999999999999574 ) ) ;
#1507 = CIRCLE ( 'NONE', #86, 1.500000000000001332 ) ;
#1508 = ORIENTED_EDGE ( 'NONE', *, *, #1865, .T. ) ;
#1509 = VERTEX_POINT ( 'NONE', #8 ) ;
#1510 = ORIENTED_EDGE ( 'NONE', *, *, #1167, .T. ) ;
#1511 = DIRECTION ( 'NONE',  ( 1.000000000000000000, 2.463512628606117579E-16, -2.301457347896260623E-16 ) ) ;
#1512 = EDGE_CURVE ( 'NONE', #45, #2155, #942, .T. ) ;
#1513 = CARTESIAN_POINT ( 'NONE',  ( -38.83333333333333570, 19.99999999999999289, 24.12500000000000355 ) ) ;
#1514 = DIRECTION ( 'NONE',  ( 0.000000000000000000, 0.7071067811865464625, 0.7071067811865486830 ) ) ;
#1515 = ORIENTED_EDGE ( 'NONE', *, *, #166, .T. ) ;
#1516 = DIRECTION ( 'NONE',  ( -2.463512628606118072E-16, 1.000000000000000000, 1.740923997763740123E-31 ) ) ;
#1517 = ORIENTED_EDGE ( 'NONE', *, *, #2096, .F. ) ;
#1518 = ORIENTED_EDGE ( 'NONE', *, *, #1057, .F. ) ;
#1519 = CIRCLE ( 'NONE', #2037, 1.500000000000001332 ) ;
#1520 = APPROVAL_PERSON_ORGANIZATION ( #791, #667, #1004 ) ;
#1521 = LINE ( 'NONE', #1745, #81 ) ;
#1522 = ORIENTED_EDGE ( 'NONE', *, *, #1865, .F. ) ;
#1523 = LINE ( 'NONE', #521, #2543 ) ;
#1524 = ADVANCED_FACE ( 'NONE', ( #1023 ), #2435, .F. ) ;
#1525 = CIRCLE ( 'NONE', #2160, 1.500000000000001332 ) ;
#1526 = FACE_BOUND ( 'NONE', #6, .T. ) ;
#1527 = AXIS2_PLACEMENT_3D ( 'NONE', #51, #1642, #2446 ) ;
#1528 = ORIENTED_EDGE ( 'NONE', *, *, #111, .T. ) ;
#1529 = CIRCLE ( 'NONE', #67, 1.500000000000001332 ) ;
#1530 = DIRECTION ( 'NONE',  ( -1.000000000000000000, 0.000000000000000000, 0.000000000000000000 ) ) ;
#1531 = AXIS2_PLACEMENT_3D ( 'NONE', #1608, #2418, #601 ) ;
#1532 = AXIS2_PLACEMENT_3D ( 'NONE', #14, #568, #1362 ) ;
#1533 = ORIENTED_EDGE ( 'NONE', *, *, #1461, .F. ) ;
#1534 = CARTESIAN_POINT ( 'NONE',  ( -82.43240738035072468, 9.999999999999984013, 47.52517643619228949 ) ) ;
#1535 = ORIENTED_EDGE ( 'NONE', *, *, #2143, .F. ) ;
#1536 = CARTESIAN_POINT ( 'NONE',  ( -38.83333333333332860, -15.00000000000001066, 6.874999999999999112 ) ) ;
#1537 = LINE ( 'NONE', #1295, #2464 ) ;
#1538 = ORIENTED_EDGE ( 'NONE', *, *, #189, .F. ) ;
#1539 = VERTEX_POINT ( 'NONE', #1309 ) ;
#1540 = ORIENTED_EDGE ( 'NONE', *, *, #1863, .T. ) ;
#1541 = CYLINDRICAL_SURFACE ( 'NONE', #2186, 1.500000000000001332 ) ;
#1542 = DIRECTION ( 'NONE',  ( -1.000000000000000000, 0.000000000000000000, 0.000000000000000000 ) ) ;
#1543 = VERTEX_POINT ( 'NONE', #469 ) ;
#1544 = CARTESIAN_POINT ( 'NONE',  ( -87.00186786579155296, 9.999999999999984013, 19.69999999999999574 ) ) ;
#1545 = ORIENTED_EDGE ( 'NONE', *, *, #1655, .T. ) ;
#1546 = EDGE_CURVE ( 'NONE', #1739, #659, #1570, .T. ) ;
#1547 = ADVANCED_FACE ( 'NONE', ( #1688 ), #762, .F. ) ;
#1548 = DATE_AND_TIME ( #1604, #2373 ) ;
#1549 = CARTESIAN_POINT ( 'NONE',  ( -38.83333333333332860, 18.00000000000000711, 48.12499999999999289 ) ) ;
#1550 = VERTEX_POINT ( 'NONE', #849 ) ;
#1551 = ORIENTED_EDGE ( 'NONE', *, *, #918, .F. ) ;
#1552 = VECTOR ( 'NONE', #37, 1000.000000000000000 ) ;
#1553 = FACE_BOUND ( 'NONE', #536, .T. ) ;
#1554 = CARTESIAN_POINT ( 'NONE',  ( -49.41666666666666430, 17.99999999999999289, 48.12500000000000000 ) ) ;
#1555 = LINE ( 'NONE', #1569, #1707 ) ;
#1556 = ADVANCED_FACE ( 'NONE', ( #621 ), #1067, .F. ) ;
#1557 = ORIENTED_EDGE ( 'NONE', *, *, #262, .F. ) ;
#1558 = FACE_OUTER_BOUND ( 'NONE', #1471, .T. ) ;
#1559 = LINE ( 'NONE', #1786, #2468 ) ;
#1560 = ADVANCED_FACE ( 'NONE', ( #29 ), #1886, .F. ) ;
#1561 = ORIENTED_EDGE ( 'NONE', *, *, #669, .T. ) ;
#1562 = ORIENTED_EDGE ( 'NONE', *, *, #363, .F. ) ;
#1563 = CARTESIAN_POINT ( 'NONE',  ( -64.33333333333331439, 9.999999999999991118, 41.25000000000000000 ) ) ;
#1564 = ORIENTED_EDGE ( 'NONE', *, *, #1847, .F. ) ;
#1565 = EDGE_CURVE ( 'NONE', #541, #1335, #822, .T. ) ;
#1566 = FACE_BOUND ( 'NONE', #1016, .T. ) ;
#1567 = CIRCLE ( 'NONE', #1101, 3.500000000000010214 ) ;
#1568 = LINE ( 'NONE', #365, #2258 ) ;
#1569 = CARTESIAN_POINT ( 'NONE',  ( -49.41666666666666430, 17.99999999999999289, 49.62500000000000000 ) ) ;
#1570 = CIRCLE ( 'NONE', #1103, 1.499999999999994449 ) ;
#1571 = AXIS2_PLACEMENT_3D ( 'NONE', #2239, #2445, #1610 ) ;
#1572 = AXIS2_PLACEMENT_3D ( 'NONE', #1824, #178, #775 ) ;
#1573 = EDGE_LOOP ( 'NONE', ( #284, #1484, #793, #1595, #763 ) ) ;
#1574 = CARTESIAN_POINT ( 'NONE',  ( -49.41666666666666430, 19.99999999999999289, 48.12500000000000000 ) ) ;
#1575 = DIRECTION ( 'NONE',  ( 0.000000000000000000, 0.000000000000000000, 1.000000000000000000 ) ) ;
#1576 = FACE_OUTER_BOUND ( 'NONE', #2559, .T. ) ;
#1577 = CIRCLE ( 'NONE', #69, 1.500000000000004885 ) ;
#1578 = PERSON_AND_ORGANIZATION_ROLE ( 'design_supplier' ) ;
#1579 = VERTEX_POINT ( 'NONE', #2288 ) ;
#1580 = AXIS2_PLACEMENT_3D ( 'NONE', #1885, #1440, #877 ) ;
#1581 = EDGE_CURVE ( 'NONE', #1878, #850, #859, .T. ) ;
#1582 = CYLINDRICAL_SURFACE ( 'NONE', #1572, 1.500000000000001332 ) ;
#1583 = ORIENTED_EDGE ( 'NONE', *, *, #2280, .T. ) ;
#1584 = ADVANCED_FACE ( 'NONE', ( #314 ), #1340, .F. ) ;
#1585 = FACE_OUTER_BOUND ( 'NONE', #402, .T. ) ;
#1586 = FACE_OUTER_BOUND ( 'NONE', #898, .T. ) ;
#1587 = CARTESIAN_POINT ( 'NONE',  ( -37.33333333333332860, 18.00000000000000711, 48.12499999999999289 ) ) ;
#1588 = VERTEX_POINT ( 'NONE', #93 ) ;
#1589 = DIRECTION ( 'NONE',  ( 0.000000000000000000, 1.000000000000000000, 0.000000000000000000 ) ) ;
#1590 = DIRECTION ( 'NONE',  ( -2.454725278939251986E-16, 1.000000000000000000, 1.412361382570359924E-32 ) ) ;
#1591 = ORIENTED_EDGE ( 'NONE', *, *, #224, .T. ) ;
#1592 = EDGE_LOOP ( 'NONE', ( #2144, #412 ) ) ;
#1593 = DIRECTION ( 'NONE',  ( 0.000000000000000000, 0.000000000000000000, 1.000000000000000000 ) ) ;
#1594 = AXIS2_PLACEMENT_3D ( 'NONE', #1997, #2408, #1600 ) ;
#1595 = ORIENTED_EDGE ( 'NONE', *, *, #291, .T. ) ;
#1596 = DIRECTION ( 'NONE',  ( 0.000000000000000000, 0.000000000000000000, 1.000000000000000000 ) ) ;
#1597 = EDGE_CURVE ( 'NONE', #2338, #1341, #1663, .T. ) ;
#1598 = DIRECTION ( 'NONE',  ( -2.454725278939251986E-16, 1.000000000000000000, 1.412361382570359924E-32 ) ) ;
#1599 = DIRECTION ( 'NONE',  ( -1.000000000000000000, 0.000000000000000000, 0.000000000000000000 ) ) ;
#1600 = DIRECTION ( 'NONE',  ( -1.000000000000000000, 0.000000000000000000, 0.000000000000000000 ) ) ;
#1601 = ORIENTED_EDGE ( 'NONE', *, *, #801, .T. ) ;
#1602 = DIRECTION ( 'NONE',  ( 0.000000000000000000, 0.000000000000000000, 1.000000000000000000 ) ) ;
#1603 = DIRECTION ( 'NONE',  ( 3.466959188793054653E-48, -1.412361382570359924E-32, 1.000000000000000000 ) ) ;
#1604 = CALENDAR_DATE ( 2026, 2, 6 ) ;
#1605 = ORIENTED_EDGE ( 'NONE', *, *, #1465, .T. ) ;
#1606 = CYLINDRICAL_SURFACE ( 'NONE', #1377, 2.000000000000001776 ) ;
#1607 = VERTEX_POINT ( 'NONE', #888 ) ;
#1608 = CARTESIAN_POINT ( 'NONE',  ( -28.25000000000000000, 45.00000000000000000, 5.649445530281439478E-31 ) ) ;
#1609 = DIRECTION ( 'NONE',  ( 2.454725278939251986E-16, -1.000000000000000000, 9.586901938725687635E-35 ) ) ;
#1610 = DIRECTION ( 'NONE',  ( 0.000000000000000000, 0.000000000000000000, 1.000000000000000000 ) ) ;
#1611 = CARTESIAN_POINT ( 'NONE',  ( -50.91666666666666430, 17.99999999999999289, 34.37500000000000000 ) ) ;
#1612 = EDGE_CURVE ( 'NONE', #1457, #2089, #389, .T. ) ;
#1613 = CARTESIAN_POINT ( 'NONE',  ( -38.83333333333333570, 18.00000000000000711, 22.12500000000000355 ) ) ;
#1614 = CARTESIAN_POINT ( 'NONE',  ( -49.41666666666667140, 17.99999999999999289, 20.62499999999999645 ) ) ;
#1615 = VECTOR ( 'NONE', #1109, 1000.000000000000000 ) ;
#1616 = EDGE_LOOP ( 'NONE', ( #1282, #1510, #959, #892, #1634 ) ) ;
#1617 = AXIS2_PLACEMENT_3D ( 'NONE', #1310, #497, #1071 ) ;
#1618 = VECTOR ( 'NONE', #1683, 999.9999999999998863 ) ;
#1619 = EDGE_CURVE ( 'NONE', #840, #2325, #524, .T. ) ;
#1620 = ORIENTED_EDGE ( 'NONE', *, *, #2250, .F. ) ;
#1621 = EDGE_LOOP ( 'NONE', ( #295, #77 ) ) ;
#1622 = CIRCLE ( 'NONE', #27, 2.000000000000001776 ) ;
#1623 = LINE ( 'NONE', #388, #128 ) ;
#1624 = DIRECTION ( 'NONE',  ( -1.000000000000000000, 0.000000000000000000, 0.000000000000000000 ) ) ;
#1625 = AXIS2_PLACEMENT_3D ( 'NONE', #377, #1395, #395 ) ;
#1626 = ORIENTED_EDGE ( 'NONE', *, *, #1612, .T. ) ;
#1627 = AXIS2_PLACEMENT_3D ( 'NONE', #254, #1048, #60 ) ;
#1628 = CARTESIAN_POINT ( 'NONE',  ( -89.85186786579154727, 19.99999999999998224, -3.300000000000011369 ) ) ;
#1629 = CARTESIAN_POINT ( 'NONE',  ( -38.83333333333333570, 18.00000000000000000, 32.87499999999999289 ) ) ;
#1630 = DIRECTION ( 'NONE',  ( -1.000000000000000000, 0.000000000000000000, 0.000000000000000000 ) ) ;
#1631 = DIRECTION ( 'NONE',  ( 0.000000000000000000, 0.000000000000000000, 1.000000000000000000 ) ) ;
#1632 = ORIENTED_EDGE ( 'NONE', *, *, #2347, .T. ) ;
#1633 = DIRECTION ( 'NONE',  ( -1.000000000000000000, 0.000000000000000000, 0.000000000000000000 ) ) ;
#1634 = ORIENTED_EDGE ( 'NONE', *, *, #592, .F. ) ;
#1635 = EDGE_LOOP ( 'NONE', ( #1583, #2592, #229, #572 ) ) ;
#1636 = EDGE_CURVE ( 'NONE', #1759, #2323, #107, .T. ) ;
#1637 = VERTEX_POINT ( 'NONE', #2526 ) ;
#1638 = AXIS2_PLACEMENT_3D ( 'NONE', #557, #163, #1593 ) ;
#1639 = CARTESIAN_POINT ( 'NONE',  ( -38.83333333333333570, 9.999999999999994671, 20.62499999999999645 ) ) ;
#1640 = DIRECTION ( 'NONE',  ( 1.000000000000000000, 0.000000000000000000, 0.000000000000000000 ) ) ;
#1641 = DIRECTION ( 'NONE',  ( 8.659560562354947649E-17, 0.7071067811865464625, -0.7071067811865486830 ) ) ;
#1642 = DIRECTION ( 'NONE',  ( -2.454725278939251986E-16, 1.000000000000000000, 1.412361382570359924E-32 ) ) ;
#1643 = CONICAL_SURFACE ( 'NONE', #1054, 1.500000000000001332, 0.7853981633974498333 ) ;
#1644 = FACE_OUTER_BOUND ( 'NONE', #231, .T. ) ;
#1645 = ORIENTED_EDGE ( 'NONE', *, *, #1783, .F. ) ;
#1646 = DIRECTION ( 'NONE',  ( -1.000000000000000000, 0.000000000000000000, 0.000000000000000000 ) ) ;
#1647 = ADVANCED_FACE ( 'NONE', ( #2138 ), #596, .F. ) ;
#1648 = AXIS2_PLACEMENT_3D ( 'NONE', #997, #2221, #430 ) ;
#1649 = ORIENTED_EDGE ( 'NONE', *, *, #910, .F. ) ;
#1650 = ORIENTED_EDGE ( 'NONE', *, *, #2329, .F. ) ;
#1651 = EDGE_CURVE ( 'NONE', #95, #1333, #344, .T. ) ;
#1652 = FACE_OUTER_BOUND ( 'NONE', #2134, .T. ) ;
#1653 = VERTEX_POINT ( 'NONE', #2102 ) ;
#1654 = CALENDAR_DATE ( 2026, 2, 6 ) ;
#1655 = EDGE_CURVE ( 'NONE', #2363, #1333, #290, .T. ) ;
#1656 = CARTESIAN_POINT ( 'NONE',  ( -49.41666666666667140, 19.99999999999999289, 10.37500000000001243 ) ) ;
#1657 = CARTESIAN_POINT ( 'NONE',  ( -37.33333333333333570, 9.999999999999994671, 20.62499999999999645 ) ) ;
#1658 = CARTESIAN_POINT ( 'NONE',  ( -49.41666666666666430, 17.99999999999999289, 46.62500000000000000 ) ) ;
#1659 = DIRECTION ( 'NONE',  ( 0.000000000000000000, 1.000000000000000000, 0.000000000000000000 ) ) ;
#1660 = APPROVAL_PERSON_ORGANIZATION ( #1682, #1137, #277 ) ;
#1661 = AXIS2_PLACEMENT_3D ( 'NONE', #317, #923, #513 ) ;
#1662 = ORIENTED_EDGE ( 'NONE', *, *, #1619, .T. ) ;
#1663 = CIRCLE ( 'NONE', #553, 1.500000000000001332 ) ;
#1664 = CIRCLE ( 'NONE', #1998, 1.500000000000001332 ) ;
#1665 = CC_DESIGN_PERSON_AND_ORGANIZATION_ASSIGNMENT ( #147, #161, ( #1831 ) ) ;
#1666 = EDGE_LOOP ( 'NONE', ( #777, #57, #1591, #2031 ) ) ;
#1667 = VECTOR ( 'NONE', #2046, 1000.000000000000000 ) ;
#1668 = EDGE_CURVE ( 'NONE', #393, #2130, #105, .T. ) ;
#1669 = AXIS2_PLACEMENT_3D ( 'NONE', #2369, #2413, #551 ) ;
#1670 = CALENDAR_DATE ( 2026, 2, 6 ) ;
#1671 = DIRECTION ( 'NONE',  ( -1.000000000000000000, 0.000000000000000000, 0.000000000000000000 ) ) ;
#1672 = VECTOR ( 'NONE', #1641, 999.9999999999998863 ) ;
#1673 = CARTESIAN_POINT ( 'NONE',  ( -89.85186786579154727, 9.999999999999982236, -5.300000000000009592 ) ) ;
#1674 = CARTESIAN_POINT ( 'NONE',  ( -49.41666666666666430, 19.99999999999999289, 34.37500000000000000 ) ) ;
#1675 = EDGE_CURVE ( 'NONE', #2057, #108, #1918, .T. ) ;
#1676 = LINE ( 'NONE', #2319, #2 ) ;
#1677 = ORIENTED_EDGE ( 'NONE', *, *, #2195, .F. ) ;
#1678 = CARTESIAN_POINT ( 'NONE',  ( -61.33333333333331439, -15.00000000000001421, 41.25000000000000000 ) ) ;
#1679 = ORIENTED_EDGE ( 'NONE', *, *, #279, .F. ) ;
#1680 = ORIENTED_EDGE ( 'NONE', *, *, #562, .F. ) ;
#1681 = ORIENTED_EDGE ( 'NONE', *, *, #462, .T. ) ;
#1682 = PERSON_AND_ORGANIZATION ( #310, #2284 ) ;
#1683 = DIRECTION ( 'NONE',  ( 8.659560562354947649E-17, 0.7071067811865464625, -0.7071067811865486830 ) ) ;
#1684 = CARTESIAN_POINT ( 'NONE',  ( -83.85186786579157570, 19.99999999999998224, 35.00000000000000000 ) ) ;
#1685 = CARTESIAN_POINT ( 'NONE',  ( -50.91666666666667140, 9.999999999999994671, 6.874999999999999112 ) ) ;
#1686 = EDGE_CURVE ( 'NONE', #2524, #2374, #64, .T. ) ;
#1687 = LINE ( 'NONE', #2088, #30 ) ;
#1688 = FACE_OUTER_BOUND ( 'NONE', #1443, .T. ) ;
#1689 = EDGE_LOOP ( 'NONE', ( #172, #1179 ) ) ;
#1690 = DIRECTION ( 'NONE',  ( 8.659560562354946417E-17, 0.7071067811865465735, -0.7071067811865485719 ) ) ;
#1691 = EDGE_LOOP ( 'NONE', ( #1122, #285 ) ) ;
#1692 = DIRECTION ( 'NONE',  ( 8.659560562354947649E-17, 0.7071067811865464625, -0.7071067811865486830 ) ) ;
#1693 = FACE_OUTER_BOUND ( 'NONE', #126, .T. ) ;
#1694 = CARTESIAN_POINT ( 'NONE',  ( -75.63890089934366756, 19.99999999999998579, 14.56336761364393872 ) ) ;
#1696 = ORIENTED_EDGE ( 'NONE', *, *, #1448, .F. ) ;
#1695 = EDGE_CURVE ( 'NONE', #842, #840, #1525, .T. ) ;
#1697 = DIRECTION ( 'NONE',  ( -1.000000000000000000, -2.463512628606117579E-16, 5.753643369740651558E-17 ) ) ;
#1698 = CARTESIAN_POINT ( 'NONE',  ( -67.71296696644789392, 19.99999999999998579, 4.690102840931834827 ) ) ;
#1699 = CARTESIAN_POINT ( 'NONE',  ( -38.83333333333332860, -15.00000000000001066, 34.37499999999999289 ) ) ;
#1700 = ORIENTED_EDGE ( 'NONE', *, *, #2519, .T. ) ;
#1701 = DIRECTION ( 'NONE',  ( -2.454725278939251986E-16, 1.000000000000000000, 1.412361382570359924E-32 ) ) ;
#1702 = ORIENTED_EDGE ( 'NONE', *, *, #166, .F. ) ;
#1703 = EDGE_CURVE ( 'NONE', #2520, #911, #1873, .T. ) ;
#1704 = CIRCLE ( 'NONE', #301, 1.500000000000001332 ) ;
#1705 = VERTEX_POINT ( 'NONE', #1078 ) ;
#1706 = AXIS2_PLACEMENT_3D ( 'NONE', #1483, #633, #882 ) ;
#1707 = VECTOR ( 'NONE', #547, 999.9999999999998863 ) ;
#1708 = EDGE_LOOP ( 'NONE', ( #2005, #2487 ) ) ;
#1709 = CARTESIAN_POINT ( 'NONE',  ( -37.33333333333333570, 9.999999999999994671, 34.37499999999999289 ) ) ;
#1710 = AXIS2_PLACEMENT_3D ( 'NONE', #2450, #1659, #2071 ) ;
#1711 = CARTESIAN_POINT ( 'NONE',  ( -47.91666666666665719, -15.00000000000001066, 34.37500000000000000 ) ) ;
#1712 = CIRCLE ( 'NONE', #2047, 1.500000000000001332 ) ;
#1713 = DIRECTION ( 'NONE',  ( -3.285523800833660592E-48, 1.000000000000000000, -3.023623362212761042E-32 ) ) ;
#1714 = DIRECTION ( 'NONE',  ( 0.000000000000000000, 0.000000000000000000, 1.000000000000000000 ) ) ;
#1715 = ORIENTED_EDGE ( 'NONE', *, *, #2310, .F. ) ;
#1716 = CARTESIAN_POINT ( 'NONE',  ( -67.71296696644789392, 19.99999999999998579, 14.56336761364393517 ) ) ;
#1717 = EDGE_LOOP ( 'NONE', ( #2600, #340, #2405, #685, #1557 ) ) ;
#1718 = CARTESIAN_POINT ( 'NONE',  ( -38.83333333333333570, 9.999999999999994671, 34.37499999999999289 ) ) ;
#1719 = EDGE_LOOP ( 'NONE', ( #1134, #1720, #361, #99, #1696 ) ) ;
#1720 = ORIENTED_EDGE ( 'NONE', *, *, #2597, .T. ) ;
#1721 = AXIS2_PLACEMENT_3D ( 'NONE', #1628, #2022, #2049 ) ;
#1722 = ORIENTED_EDGE ( 'NONE', *, *, #1814, .T. ) ;
#1723 = FACE_OUTER_BOUND ( 'NONE', #2333, .T. ) ;
#1724 = AXIS2_PLACEMENT_3D ( 'NONE', #1379, #188, #374 ) ;
#1725 = CARTESIAN_POINT ( 'NONE',  ( -49.41666666666667140, 17.99999999999998579, 8.375000000000003553 ) ) ;
#1726 = CARTESIAN_POINT ( 'NONE',  ( -62.83333333333332149, 17.99999999999997513, 39.75000000000000711 ) ) ;
#1727 = CARTESIAN_POINT ( 'NONE',  ( -38.83333333333333570, 18.00000000000000711, 20.62499999999999645 ) ) ;
#1728 = VECTOR ( 'NONE', #1061, 1000.000000000000000 ) ;
#1729 = ORIENTED_EDGE ( 'NONE', *, *, #857, .F. ) ;
#1730 = DIRECTION ( 'NONE',  ( -1.000000000000000000, 0.000000000000000000, 0.000000000000000000 ) ) ;
#1731 = ORIENTED_EDGE ( 'NONE', *, *, #703, .T. ) ;
#1732 = FACE_OUTER_BOUND ( 'NONE', #2141, .T. ) ;
#1733 = VERTEX_POINT ( 'NONE', #82 ) ;
#1734 = DIRECTION ( 'NONE',  ( -1.000000000000000000, 0.000000000000000000, 1.090989012861889826E-16 ) ) ;
#1735 = EDGE_CURVE ( 'NONE', #2530, #751, #234, .T. ) ;
#1736 = CARTESIAN_POINT ( 'NONE',  ( -49.41666666666666430, 9.999999999999994671, 34.37500000000000000 ) ) ;
#1737 = CARTESIAN_POINT ( 'NONE',  ( -28.24999999999999289, 19.99999999999999645, 55.00000000000000000 ) ) ;
#1738 = DIRECTION ( 'NONE',  ( 0.000000000000000000, 1.000000000000000000, 0.000000000000000000 ) ) ;
#1739 = VERTEX_POINT ( 'NONE', #2295 ) ;
#1740 = DIRECTION ( 'NONE',  ( -3.285523800833660592E-48, 1.000000000000000000, -3.023623362212761042E-32 ) ) ;
#1741 = ORIENTED_EDGE ( 'NONE', *, *, #1387, .T. ) ;
#1742 = DIRECTION ( 'NONE',  ( 8.659560562354947649E-17, 0.7071067811865464625, -0.7071067811865486830 ) ) ;
#1743 = ORIENTED_EDGE ( 'NONE', *, *, #190, .F. ) ;
#1744 = CONICAL_SURFACE ( 'NONE', #1308, 1.500000000000001332, 0.7853981633974498333 ) ;
#1745 = CARTESIAN_POINT ( 'NONE',  ( -60.01903564959889081, 9.999999999999994671, -1.980780535454836011 ) ) ;
#1746 = AXIS2_PLACEMENT_3D ( 'NONE', #941, #2536, #2346 ) ;
#1747 = EDGE_CURVE ( 'NONE', #945, #32, #852, .T. ) ;
#1748 = CIRCLE ( 'NONE', #2422, 1.500000000000004885 ) ;
#1749 = VECTOR ( 'NONE', #1123, 1000.000000000000000 ) ;
#1750 = DIRECTION ( 'NONE',  ( -1.000000000000000000, 0.000000000000000000, 0.000000000000000000 ) ) ;
#1751 = AXIS2_PLACEMENT_3D ( 'NONE', #2224, #419, #1210 ) ;
#1752 = VECTOR ( 'NONE', #382, 1000.000000000000000 ) ;
#1753 = CARTESIAN_POINT ( 'NONE',  ( -87.00186786579155296, 19.99999999999998224, 19.69999999999999574 ) ) ;
#1754 = ADVANCED_FACE ( 'NONE', ( #1652 ), #1876, .F. ) ;
#1755 = CARTESIAN_POINT ( 'NONE',  ( -77.13890089934365335, -9.900000000000009237, 4.690102840931834827 ) ) ;
#1756 = AXIS2_PLACEMENT_3D ( 'NONE', #121, #721, #300 ) ;
#1757 = EDGE_LOOP ( 'NONE', ( #1378, #719, #110, #2210, #2196 ) ) ;
#1758 = DIRECTION ( 'NONE',  ( -1.000000000000000000, 0.000000000000000000, 0.000000000000000000 ) ) ;
#1759 = VERTEX_POINT ( 'NONE', #1929 ) ;
#1760 = ORIENTED_EDGE ( 'NONE', *, *, #669, .F. ) ;
#1761 = ORIENTED_EDGE ( 'NONE', *, *, #2582, .F. ) ;
#1762 = DIRECTION ( 'NONE',  ( -3.285523800833660592E-48, 1.000000000000000000, -3.023623362212761042E-32 ) ) ;
#1763 = CIRCLE ( 'NONE', #2512, 1.500000000000004885 ) ;
#1764 = ORIENTED_EDGE ( 'NONE', *, *, #252, .T. ) ;
#1765 = ADVANCED_FACE ( 'NONE', ( #1732 ), #1345, .T. ) ;
#1766 = CARTESIAN_POINT ( 'NONE',  ( -75.63890089934365335, -9.900000000000009237, 4.690102840931834827 ) ) ;
#1767 = CARTESIAN_POINT ( 'NONE',  ( -38.83333333333333570, 18.00000000000000711, 34.37499999999999289 ) ) ;
#1768 = DIRECTION ( 'NONE',  ( -1.000000000000000000, 0.000000000000000000, 0.000000000000000000 ) ) ;
#1769 = EDGE_CURVE ( 'NONE', #482, #1306, #1537, .T. ) ;
#1770 = EDGE_CURVE ( 'NONE', #179, #1364, #2106, .T. ) ;
#1771 = CIRCLE ( 'NONE', #966, 3.500000000000010214 ) ;
#1772 = EDGE_LOOP ( 'NONE', ( #2191, #2348, #1562, #913, #916, #373, #2220, #2214, #871, #949, #1454, #1601, #583, #1020, #2451, #1796, #1066, #734 ) ) ;
#1773 = CARTESIAN_POINT ( 'NONE',  ( -49.41666666666667140, 17.99999999999999289, 6.874999999999999112 ) ) ;
#1774 = CARTESIAN_POINT ( 'NONE',  ( -47.91666666666667140, 17.99999999999999289, 20.62499999999999645 ) ) ;
#1775 = DIRECTION ( 'NONE',  ( 1.000000000000000000, 0.000000000000000000, 0.000000000000000000 ) ) ;
#1776 = VERTEX_POINT ( 'NONE', #1915 ) ;
#1777 = CIRCLE ( 'NONE', #837, 1.999999999999998224 ) ;
#1778 = DIRECTION ( 'NONE',  ( -3.285523800833660592E-48, 1.000000000000000000, -3.023623362212761042E-32 ) ) ;
#1779 = EDGE_LOOP ( 'NONE', ( #308, #261 ) ) ;
#1780 = DIRECTION ( 'NONE',  ( -2.463512628606118072E-16, 1.000000000000000000, 1.740923997763740123E-31 ) ) ;
#1781 = DIRECTION ( 'NONE',  ( -2.454725278939251986E-16, 1.000000000000000000, 1.412361382570359924E-32 ) ) ;
#1782 = CARTESIAN_POINT ( 'NONE',  ( -66.21296696644787971, 9.999999999999987566, 14.56336761364393517 ) ) ;
#1783 = EDGE_CURVE ( 'NONE', #133, #964, #1529, .T. ) ;
#1784 = ORIENTED_EDGE ( 'NONE', *, *, #2533, .T. ) ;
#1785 = CARTESIAN_POINT ( 'NONE',  ( -58.01912799868533455, 19.99999999999999289, 6.091275942655906786E-31 ) ) ;
#1786 = CARTESIAN_POINT ( 'NONE',  ( -81.85186786579157570, 19.99999999999998224, 1.412361382570360745E-31 ) ) ;
#1787 = COORDINATED_UNIVERSAL_TIME_OFFSET ( 1, 0, .AHEAD. ) ;
#1788 = ORIENTED_EDGE ( 'NONE', *, *, #1470, .F. ) ;
#1789 = CARTESIAN_POINT ( 'NONE',  ( -38.83333333333333570, 18.00000000000000711, 35.87500000000000000 ) ) ;
#1790 = EDGE_CURVE ( 'NONE', #840, #842, #640, .T. ) ;
#1791 = EDGE_LOOP ( 'NONE', ( #1120, #1968, #1517, #1812, #2116 ) ) ;
#1792 = CARTESIAN_POINT ( 'NONE',  ( -38.83333333333333570, 18.00000000000000000, 6.874999999999999112 ) ) ;
#1793 = CONICAL_SURFACE ( 'NONE', #1993, 1.499999999999994449, 0.7853981633974497223 ) ;
#1794 = CARTESIAN_POINT ( 'NONE',  ( -85.04870901093198654, 9.999999999999984013, 55.00000000000000711 ) ) ;
#1795 = DIRECTION ( 'NONE',  ( 0.000000000000000000, 1.000000000000000000, 0.000000000000000000 ) ) ;
#1796 = ORIENTED_EDGE ( 'NONE', *, *, #528, .T. ) ;
#1797 = DIRECTION ( 'NONE',  ( 2.454725278939251986E-16, -1.000000000000000000, -1.412361382570359924E-32 ) ) ;
#1798 = FACE_OUTER_BOUND ( 'NONE', #2486, .T. ) ;
#1799 = CIRCLE ( 'NONE', #2545, 1.500000000000001332 ) ;
#1800 = ORIENTED_EDGE ( 'NONE', *, *, #74, .T. ) ;
#1801 = AXIS2_PLACEMENT_3D ( 'NONE', #325, #1948, #141 ) ;
#1802 = ADVANCED_FACE ( 'NONE', ( #2229 ), #1314, .F. ) ;
#1803 = ORIENTED_EDGE ( 'NONE', *, *, #1064, .T. ) ;
#1804 = FACE_OUTER_BOUND ( 'NONE', #460, .T. ) ;
#1805 = DIRECTION ( 'NONE',  ( 2.454725278939251986E-16, -1.000000000000000000, -1.412361382570359924E-32 ) ) ;
#1806 = LINE ( 'NONE', #1960, #952 ) ;
#1807 = CARTESIAN_POINT ( 'NONE',  ( -81.85186786579157570, 44.99999999999998579, 46.94030500899571479 ) ) ;
#1808 = VERTEX_POINT ( 'NONE', #2290 ) ;
#1809 = DIRECTION ( 'NONE',  ( -2.463512628606117579E-16, 1.000000000000000000, 1.412361382570359924E-32 ) ) ;
#1810 = CYLINDRICAL_SURFACE ( 'NONE', #1532, 1.500000000000001332 ) ;
#1811 = COORDINATED_UNIVERSAL_TIME_OFFSET ( 1, 0, .AHEAD. ) ;
#1812 = ORIENTED_EDGE ( 'NONE', *, *, #347, .F. ) ;
#1813 = EDGE_LOOP ( 'NONE', ( #143, #449, #2043, #795 ) ) ;
#1814 = EDGE_CURVE ( 'NONE', #133, #1360, #889, .T. ) ;
#1815 = ORIENTED_EDGE ( 'NONE', *, *, #170, .F. ) ;
#1816 = CYLINDRICAL_SURFACE ( 'NONE', #874, 1.500000000000001332 ) ;
#1817 = CYLINDRICAL_SURFACE ( 'NONE', #764, 1.500000000000001332 ) ;
#1818 = DIRECTION ( 'NONE',  ( -2.454725278939251986E-16, 1.000000000000000000, 1.412361382570359924E-32 ) ) ;
#1819 = EDGE_CURVE ( 'NONE', #1360, #2014, #516, .T. ) ;
#1820 = DIRECTION ( 'NONE',  ( 0.000000000000000000, 1.000000000000000000, 0.000000000000000000 ) ) ;
#1821 = CARTESIAN_POINT ( 'NONE',  ( -38.83333333333333570, 18.00000000000000711, 34.37499999999999289 ) ) ;
#1822 = DIRECTION ( 'NONE',  ( -2.454725278939251986E-16, 1.000000000000000000, 1.412361382570359924E-32 ) ) ;
#1823 = ORIENTED_EDGE ( 'NONE', *, *, #2519, .F. ) ;
#1824 = CARTESIAN_POINT ( 'NONE',  ( -38.83333333333332860, -15.00000000000001066, 20.62499999999999645 ) ) ;
#1825 = VERTEX_POINT ( 'NONE', #501 ) ;
#1826 = FACE_OUTER_BOUND ( 'NONE', #54, .T. ) ;
#1827 = DIRECTION ( 'NONE',  ( 0.000000000000000000, 0.000000000000000000, 1.000000000000000000 ) ) ;
#1828 = DIRECTION ( 'NONE',  ( 0.000000000000000000, 0.000000000000000000, 1.000000000000000000 ) ) ;
#1829 = VECTOR ( 'NONE', #2396, 1000.000000000000227 ) ;
#1830 = CARTESIAN_POINT ( 'NONE',  ( -49.41666666666667140, 19.99999999999999289, 20.62499999999999645 ) ) ;
#1831 = SECURITY_CLASSIFICATION ( '', '', #2557 ) ;
#1832 = ADVANCED_FACE ( 'NONE', ( #1846 ), #599, .F. ) ;
#1833 = ADVANCED_FACE ( 'NONE', ( #2100 ), #288, .F. ) ;
#1834 = VECTOR ( 'NONE', #1690, 1000.000000000000000 ) ;
#1835 = CARTESIAN_POINT ( 'NONE',  ( -38.83333333333333570, 19.99999999999999289, 34.37499999999999289 ) ) ;
#1836 = AXIS2_PLACEMENT_3D ( 'NONE', #1038, #406, #1413 ) ;
#1837 = VECTOR ( 'NONE', #343, 1000.000000000000000 ) ;
#1838 = AXIS2_PLACEMENT_3D ( 'NONE', #2166, #355, #1959 ) ;
#1839 = EDGE_LOOP ( 'NONE', ( #2355, #2425, #820, #424 ) ) ;
#1840 = CYLINDRICAL_SURFACE ( 'NONE', #1648, 1.500000000000001332 ) ;
#1841 = DIRECTION ( 'NONE',  ( -2.454725278939252479E-16, 1.000000000000000000, 1.412361382570360198E-32 ) ) ;
#1842 = EDGE_CURVE ( 'NONE', #1607, #1733, #467, .T. ) ;
#1843 = LINE ( 'NONE', #38, #1358 ) ;
#1844 = PLANE ( 'NONE',  #270 ) ;
#1845 = LINE ( 'NONE', #248, #2182 ) ;
#1846 = FACE_OUTER_BOUND ( 'NONE', #2093, .T. ) ;
#1848 = ORIENTED_EDGE ( 'NONE', *, *, #1926, .F. ) ;
#1847 = EDGE_CURVE ( 'NONE', #2441, #1205, #944, .T. ) ;
#1849 = CARTESIAN_POINT ( 'NONE',  ( -81.73936786579155012, 19.99999999999998224, 24.64999999999999147 ) ) ;
#1850 = ORIENTED_EDGE ( 'NONE', *, *, #262, .T. ) ;
#1851 = DIRECTION ( 'NONE',  ( 0.000000000000000000, 0.000000000000000000, 1.000000000000000000 ) ) ;
#1852 = VERTEX_POINT ( 'NONE', #1855 ) ;
#1853 = CIRCLE ( 'NONE', #2394, 3.500000000000003109 ) ;
#1854 = DIRECTION ( 'NONE',  ( 1.000000000000000000, 0.000000000000000000, 0.000000000000000000 ) ) ;
#1855 = CARTESIAN_POINT ( 'NONE',  ( -37.33333333333333570, 18.00000000000000711, 20.62499999999999645 ) ) ;
#1856 = LINE ( 'NONE', #418, #480 ) ;
#1857 = DIRECTION ( 'NONE',  ( -1.000000000000000000, 0.000000000000000000, 0.000000000000000000 ) ) ;
#1858 = CARTESIAN_POINT ( 'NONE',  ( -75.63890089934365335, -9.900000000000009237, 14.56336761364393872 ) ) ;
#1859 = DIRECTION ( 'NONE',  ( -1.000000000000000000, 0.000000000000000000, 0.000000000000000000 ) ) ;
#1860 = EDGE_CURVE ( 'NONE', #2212, #1825, #2283, .T. ) ;
#1861 = ORIENTED_EDGE ( 'NONE', *, *, #1064, .F. ) ;
#1862 = ORIENTED_EDGE ( 'NONE', *, *, #702, .T. ) ;
#1863 = EDGE_CURVE ( 'NONE', #1374, #2027, #2301, .T. ) ;
#1864 = ORIENTED_EDGE ( 'NONE', *, *, #2491, .F. ) ;
#1865 = EDGE_CURVE ( 'NONE', #375, #869, #2326, .T. ) ;
#1866 = APPROVAL_STATUS ( 'not_yet_approved' ) ;
#1867 = CARTESIAN_POINT ( 'NONE',  ( -77.13890089934366756, 19.99999999999998579, 4.690102840931834827 ) ) ;
#1868 = CARTESIAN_POINT ( 'NONE',  ( -81.85186786579157570, 44.99999999999998579, 46.94030500899571479 ) ) ;
#1869 = DIRECTION ( 'NONE',  ( 0.000000000000000000, 1.000000000000000000, 0.000000000000000000 ) ) ;
#1870 = DIRECTION ( 'NONE',  ( -2.454725278939251986E-16, 1.000000000000000000, 1.412361382570359924E-32 ) ) ;
#1871 = ORIENTED_EDGE ( 'NONE', *, *, #2402, .T. ) ;
#1872 = CARTESIAN_POINT ( 'NONE',  ( -38.83333333333333570, 18.00000000000000711, 34.37499999999999289 ) ) ;
#1873 = CIRCLE ( 'NONE', #1357, 1.500000000000001332 ) ;
#1874 = EDGE_LOOP ( 'NONE', ( #1058, #1540, #296, #651 ) ) ;
#1875 = AXIS2_PLACEMENT_3D ( 'NONE', #1286, #900, #2480 ) ;
#1876 = CONICAL_SURFACE ( 'NONE', #1406, 1.499999999999994449, 0.7853981633974497223 ) ;
#1877 = AXIS2_PLACEMENT_3D ( 'NONE', #1144, #356, #1159 ) ;
#1878 = VERTEX_POINT ( 'NONE', #1563 ) ;
#1879 = CIRCLE ( 'NONE', #2297, 1.500000000000001332 ) ;
#1880 = ADVANCED_FACE ( 'NONE', ( #164 ), #1582, .F. ) ;
#1881 = DIRECTION ( 'NONE',  ( 0.000000000000000000, 1.000000000000000000, 0.000000000000000000 ) ) ;
#1882 = CIRCLE ( 'NONE', #2006, 1.500000000000001332 ) ;
#1883 = CARTESIAN_POINT ( 'NONE',  ( -71.21436786579155864, 19.99999999999998579, 26.14999999999998792 ) ) ;
#1884 = DIRECTION ( 'NONE',  ( 0.000000000000000000, 0.000000000000000000, 1.000000000000000000 ) ) ;
#1885 = CARTESIAN_POINT ( 'NONE',  ( -38.83333333333332860, -15.00000000000001066, 20.62499999999999645 ) ) ;
#1886 = CYLINDRICAL_SURFACE ( 'NONE', #901, 2.000000000000001776 ) ;
#1887 = VERTEX_POINT ( 'NONE', #975 ) ;
#1888 = ORIENTED_EDGE ( 'NONE', *, *, #2128, .F. ) ;
#1889 = ORIENTED_EDGE ( 'NONE', *, *, #1597, .T. ) ;
#1890 = DIRECTION ( 'NONE',  ( 0.000000000000000000, 0.000000000000000000, 1.000000000000000000 ) ) ;
#1891 = AXIS2_PLACEMENT_3D ( 'NONE', #1807, #1000, #786 ) ;
#1892 = CARTESIAN_POINT ( 'NONE',  ( -71.21436786579155864, -9.900000000000005684, 23.14999999999999503 ) ) ;
#1893 = CARTESIAN_POINT ( 'NONE',  ( -49.41666666666666430, 9.999999999999994671, 48.12500000000000000 ) ) ;
#1894 = ORIENTED_EDGE ( 'NONE', *, *, #46, .T. ) ;
#1895 = CARTESIAN_POINT ( 'NONE',  ( -59.99445918273897149, 19.99999999999998934, 0.5765573128550314230 ) ) ;
#1896 = CARTESIAN_POINT ( 'NONE',  ( -67.71296696644787971, -9.900000000000009237, 14.56336761364393517 ) ) ;
#1897 = ADVANCED_FACE ( 'NONE', ( #580 ), #331, .T. ) ;
#1898 = ORIENTED_EDGE ( 'NONE', *, *, #2491, .T. ) ;
#1899 = DIRECTION ( 'NONE',  ( -2.454725278939251986E-16, 1.000000000000000000, 1.412361382570359924E-32 ) ) ;
#1900 = ORIENTED_EDGE ( 'NONE', *, *, #85, .F. ) ;
#1901 = AXIS2_PLACEMENT_3D ( 'NONE', #2174, #324, #968 ) ;
#1902 = ORIENTED_EDGE ( 'NONE', *, *, #801, .F. ) ;
#1903 = FACE_OUTER_BOUND ( 'NONE', #1666, .T. ) ;
#1904 = ORIENTED_EDGE ( 'NONE', *, *, #622, .F. ) ;
#1905 = CARTESIAN_POINT ( 'NONE',  ( -47.91666666666667140, 9.999999999999994671, 20.62499999999999645 ) ) ;
#1906 = LINE ( 'NONE', #120, #2522 ) ;
#1907 = FACE_OUTER_BOUND ( 'NONE', #1813, .T. ) ;
#1908 = DIRECTION ( 'NONE',  ( -2.463512628606118072E-16, 1.000000000000000000, 1.740923997763740123E-31 ) ) ;
#1909 = CARTESIAN_POINT ( 'NONE',  ( -38.83333333333332860, 19.99999999999999289, 48.12499999999999289 ) ) ;
#1910 = EDGE_CURVE ( 'NONE', #2350, #1550, #2002, .T. ) ;
#1911 = ORIENTED_EDGE ( 'NONE', *, *, #2495, .F. ) ;
#1912 = DIRECTION ( 'NONE',  ( 0.000000000000000000, 0.000000000000000000, 1.000000000000000000 ) ) ;
#1913 = VERTEX_POINT ( 'NONE', #2556 ) ;
#1914 = CIRCLE ( 'NONE', #1142, 3.500000000000010214 ) ;
#1915 = CARTESIAN_POINT ( 'NONE',  ( -91.85186786579153306, 9.999999999999982236, 33.00000000000000000 ) ) ;
#1916 = ORIENTED_EDGE ( 'NONE', *, *, #2567, .T. ) ;
#1917 = VERTEX_POINT ( 'NONE', #2360 ) ;
#1918 = CIRCLE ( 'NONE', #1996, 1.500000000000001332 ) ;
#1919 = CIRCLE ( 'NONE', #1966, 1.500000000000001332 ) ;
#1920 = ORIENTED_EDGE ( 'NONE', *, *, #778, .F. ) ;
#1921 = CARTESIAN_POINT ( 'NONE',  ( -61.33333333333331439, 9.999999999999991118, 41.25000000000000000 ) ) ;
#1922 = DIRECTION ( 'NONE',  ( -1.000000000000000000, 0.000000000000000000, 0.000000000000000000 ) ) ;
#1923 = CIRCLE ( 'NONE', #2082, 1.999999999999994893 ) ;
#1924 = ADVANCED_FACE ( 'NONE', ( #1576 ), #729, .F. ) ;
#1925 = LINE ( 'NONE', #474, #2505 ) ;
#1926 = EDGE_CURVE ( 'NONE', #2075, #2338, #2153, .T. ) ;
#1927 = CARTESIAN_POINT ( 'NONE',  ( -67.71296696644787971, -9.900000000000009237, 4.690102840931834827 ) ) ;
#1928 = EDGE_LOOP ( 'NONE', ( #2539, #648, #787, #2517, #413 ) ) ;
#1929 = CARTESIAN_POINT ( 'NONE',  ( -47.91666666666667140, 9.999999999999994671, 6.874999999999999112 ) ) ;
#1930 = ORIENTED_EDGE ( 'NONE', *, *, #31, .T. ) ;
#1931 = VERTEX_POINT ( 'NONE', #552 ) ;
#1932 = ADVANCED_FACE ( 'NONE', ( #2227 ), #2427, .F. ) ;
#1933 = CIRCLE ( 'NONE', #1638, 1.500000000000004885 ) ;
#1934 = DIRECTION ( 'NONE',  ( -2.463512628606117579E-16, 1.000000000000000000, 0.000000000000000000 ) ) ;
#1935 = FACE_OUTER_BOUND ( 'NONE', #1719, .T. ) ;
#1936 = DIRECTION ( 'NONE',  ( 0.000000000000000000, 0.000000000000000000, 1.000000000000000000 ) ) ;
#1937 = DIRECTION ( 'NONE',  ( -1.000000000000000000, 0.000000000000000000, 0.000000000000000000 ) ) ;
#1938 = ORIENTED_EDGE ( 'NONE', *, *, #938, .T. ) ;
#1939 = DIRECTION ( 'NONE',  ( -1.000000000000000000, 0.000000000000000000, 0.000000000000000000 ) ) ;
#1940 = ORIENTED_EDGE ( 'NONE', *, *, #1024, .T. ) ;
#1941 = EDGE_CURVE ( 'NONE', #1776, #146, #2025, .T. ) ;
#1942 = EDGE_CURVE ( 'NONE', #631, #712, #2241, .T. ) ;
#1943 = EDGE_LOOP ( 'NONE', ( #2080, #1139, #505, #1322 ) ) ;
#1944 = ORIENTED_EDGE ( 'NONE', *, *, #987, .T. ) ;
#1945 = ADVANCED_FACE ( 'NONE', ( #1254 ), #2078, .F. ) ;
#1946 = ORIENTED_EDGE ( 'NONE', *, *, #705, .F. ) ;
#1947 = FACE_OUTER_BOUND ( 'NONE', #1772, .T. ) ;
#1948 = DIRECTION ( 'NONE',  ( -3.285523800833660592E-48, 1.000000000000000000, -3.023623362212761042E-32 ) ) ;
#1949 = ORIENTED_EDGE ( 'NONE', *, *, #1819, .T. ) ;
#1950 = LINE ( 'NONE', #2308, #985 ) ;
#1951 = ORIENTED_EDGE ( 'NONE', *, *, #890, .T. ) ;
#1952 = APPROVAL_PERSON_ORGANIZATION ( #636, #1215, #58 ) ;
#1953 = VERTEX_POINT ( 'NONE', #2275 ) ;
#1954 = EDGE_CURVE ( 'NONE', #1733, #566, #1146, .T. ) ;
#1955 = AXIS2_PLACEMENT_3D ( 'NONE', #199, #771, #1768 ) ;
#1956 = AXIS2_PLACEMENT_3D ( 'NONE', #654, #2473, #457 ) ;
#1957 = DIRECTION ( 'NONE',  ( 0.000000000000000000, 0.7071067811865477948, 0.7071067811865473507 ) ) ;
#1958 = CIRCLE ( 'NONE', #1229, 1.999999999999998224 ) ;
#1959 = DIRECTION ( 'NONE',  ( -1.000000000000000000, 0.000000000000000000, 0.000000000000000000 ) ) ;
#1960 = CARTESIAN_POINT ( 'NONE',  ( -91.85186786579154727, 19.99999999999998224, -3.300000000000011369 ) ) ;
#1961 = EDGE_CURVE ( 'NONE', #393, #1539, #348, .T. ) ;
#1962 = VECTOR ( 'NONE', #940, 1000.000000000000000 ) ;
#1963 = EDGE_LOOP ( 'NONE', ( #2245, #18 ) ) ;
#1964 = CARTESIAN_POINT ( 'NONE',  ( -87.00186786579155296, 9.999999999999984013, 3.199999999999993072 ) ) ;
#1965 = CARTESIAN_POINT ( 'NONE',  ( -69.21296696644789392, 19.99999999999998579, 4.690102840931834827 ) ) ;
#1966 = AXIS2_PLACEMENT_3D ( 'NONE', #2223, #844, #1218 ) ;
#1967 = PERSON_AND_ORGANIZATION ( #310, #2284 ) ;
#1968 = ORIENTED_EDGE ( 'NONE', *, *, #1860, .T. ) ;
#1969 = VERTEX_POINT ( 'NONE', #217 ) ;
#1970 = VECTOR ( 'NONE', #2010, 1000.000000000000000 ) ;
#1971 = CC_DESIGN_PERSON_AND_ORGANIZATION_ASSIGNMENT ( #2067, #2094, ( #1338 ) ) ;
#1972 = FACE_BOUND ( 'NONE', #443, .T. ) ;
#1973 = CARTESIAN_POINT ( 'NONE',  ( -49.41666666666667140, 17.99999999999999289, 20.62499999999999645 ) ) ;
#1974 = LINE ( 'NONE', #1014, #2463 ) ;
#1975 = EDGE_CURVE ( 'NONE', #1852, #870, #1933, .T. ) ;
#1976 = ORIENTED_EDGE ( 'NONE', *, *, #89, .T. ) ;
#1977 = CARTESIAN_POINT ( 'NONE',  ( -89.85186786579153306, 19.99999999999998224, 35.00000000000000000 ) ) ;
#1978 = LINE ( 'NONE', #185, #271 ) ;
#1979 = VECTOR ( 'NONE', #1221, 999.9999999999998863 ) ;
#1980 = ORIENTED_EDGE ( 'NONE', *, *, #1481, .T. ) ;
#1981 = CIRCLE ( 'NONE', #1426, 2.000000000000001776 ) ;
#1982 = ORIENTED_EDGE ( 'NONE', *, *, #778, .T. ) ;
#1983 = FACE_OUTER_BOUND ( 'NONE', #243, .T. ) ;
#1984 = CARTESIAN_POINT ( 'NONE',  ( -49.41666666666666430, 19.99999999999999289, 37.87500000000001421 ) ) ;
#1985 = DIRECTION ( 'NONE',  ( -2.463512628606117579E-16, 1.000000000000000000, -0.000000000000000000 ) ) ;
#1986 = VERTEX_POINT ( 'NONE', #17 ) ;
#1987 = DIRECTION ( 'NONE',  ( -1.000000000000000000, 0.000000000000000000, 0.000000000000000000 ) ) ;
#1988 = DIRECTION ( 'NONE',  ( 0.000000000000000000, 0.000000000000000000, 1.000000000000000000 ) ) ;
#1989 = EDGE_CURVE ( 'NONE', #32, #2212, #1291, .T. ) ;
#1990 = ORIENTED_EDGE ( 'NONE', *, *, #1486, .T. ) ;
#1991 = ORIENTED_EDGE ( 'NONE', *, *, #1686, .T. ) ;
#1992 = CARTESIAN_POINT ( 'NONE',  ( -30.25000000000000355, 45.00000000000000000, 2.000000000000000000 ) ) ;
#1993 = AXIS2_PLACEMENT_3D ( 'NONE', #2590, #1589, #13 ) ;
#1994 = CARTESIAN_POINT ( 'NONE',  ( -38.83333333333332860, 18.00000000000000711, 49.62499999999999289 ) ) ;
#1995 = DIRECTION ( 'NONE',  ( 2.463512628606117579E-16, -1.000000000000000000, 0.000000000000000000 ) ) ;
#1996 = AXIS2_PLACEMENT_3D ( 'NONE', #98, #650, #1851 ) ;
#1997 = CARTESIAN_POINT ( 'NONE',  ( -77.13890089934366756, 19.99999999999998579, 14.56336761364393872 ) ) ;
#1998 = AXIS2_PLACEMENT_3D ( 'NONE', #22, #1233, #247 ) ;
#1999 = ORIENTED_EDGE ( 'NONE', *, *, #1263, .F. ) ;
#2000 = DIRECTION ( 'NONE',  ( 0.000000000000000000, 1.000000000000000000, 0.000000000000000000 ) ) ;
#2001 = FACE_OUTER_BOUND ( 'NONE', #2246, .T. ) ;
#2002 = LINE ( 'NONE', #569, #811 ) ;
#2003 = CIRCLE ( 'NONE', #1269, 3.500000000000003109 ) ;
#2004 = EDGE_CURVE ( 'NONE', #1550, #712, #1853, .T. ) ;
#2005 = ORIENTED_EDGE ( 'NONE', *, *, #1651, .F. ) ;
#2006 = AXIS2_PLACEMENT_3D ( 'NONE', #289, #668, #1315 ) ;
#2007 = FACE_OUTER_BOUND ( 'NONE', #2118, .T. ) ;
#2008 = EDGE_LOOP ( 'NONE', ( #894, #1715 ) ) ;
#2009 = EDGE_CURVE ( 'NONE', #1887, #465, #2177, .T. ) ;
#2010 = DIRECTION ( 'NONE',  ( -1.000000000000000000, -2.454725278939251986E-16, 1.227362639469625993E-16 ) ) ;
#2011 = LINE ( 'NONE', #2188, #1962 ) ;
#2012 = DIRECTION ( 'NONE',  ( -2.454725278939251986E-16, 1.000000000000000000, 1.412361382570359924E-32 ) ) ;
#2013 = DIRECTION ( 'NONE',  ( -1.000000000000000000, 0.000000000000000000, 0.000000000000000000 ) ) ;
#2014 = VERTEX_POINT ( 'NONE', #992 ) ;
#2015 = CARTESIAN_POINT ( 'NONE',  ( -67.71296696644789392, 19.99999999999998579, 14.56336761364393517 ) ) ;
#2016 = LINE ( 'NONE', #401, #1837 ) ;
#2017 = EDGE_LOOP ( 'NONE', ( #316, #1124, #1281, #84 ) ) ;
#2018 = AXIS2_PLACEMENT_3D ( 'NONE', #1398, #2460, #1184 ) ;
#2019 = VECTOR ( 'NONE', #533, 1000.000000000000000 ) ;
#2020 = VERTEX_POINT ( 'NONE', #1789 ) ;
#2021 = ADVANCED_FACE ( 'NONE', ( #1367 ), #1606, .T. ) ;
#2022 = DIRECTION ( 'NONE',  ( 2.463512628606117579E-16, -1.000000000000000000, 0.000000000000000000 ) ) ;
#2023 = CARTESIAN_POINT ( 'NONE',  ( -71.21436786579155864, 19.99999999999998579, 24.64999999999999147 ) ) ;
#2024 = CARTESIAN_POINT ( 'NONE',  ( -38.83333333333332860, 18.00000000000000000, 48.12499999999999289 ) ) ;
#2025 = LINE ( 'NONE', #616, #1194 ) ;
#2026 = FACE_BOUND ( 'NONE', #318, .T. ) ;
#2027 = VERTEX_POINT ( 'NONE', #807 ) ;
#2028 = DIRECTION ( 'NONE',  ( -2.454725278939251986E-16, 1.000000000000000000, 1.412361382570359924E-32 ) ) ;
#2029 = VERTEX_POINT ( 'NONE', #2216 ) ;
#2030 = EDGE_CURVE ( 'NONE', #512, #607, #1623, .T. ) ;
#2031 = ORIENTED_EDGE ( 'NONE', *, *, #958, .F. ) ;
#2032 = ADVANCED_FACE ( 'NONE', ( #2007 ), #1348, .F. ) ;
#2033 = LINE ( 'NONE', #417, #1552 ) ;
#2034 = EDGE_CURVE ( 'NONE', #1115, #1931, #1521, .T. ) ;
#2035 = FACE_OUTER_BOUND ( 'NONE', #481, .T. ) ;
#2036 = FACE_OUTER_BOUND ( 'NONE', #1296, .T. ) ;
#2037 = AXIS2_PLACEMENT_3D ( 'NONE', #2498, #503, #1758 ) ;
#2038 = CARTESIAN_POINT ( 'NONE',  ( -81.73936786579155012, 19.99999999999998224, 23.14999999999999503 ) ) ;
#2039 = ORIENTED_EDGE ( 'NONE', *, *, #2410, .T. ) ;
#2040 = DIRECTION ( 'NONE',  ( -1.000000000000000000, 0.000000000000000000, 0.000000000000000000 ) ) ;
#2041 = EDGE_CURVE ( 'NONE', #659, #393, #780, .T. ) ;
#2042 = CIRCLE ( 'NONE', #730, 1.500000000000001332 ) ;
#2043 = ORIENTED_EDGE ( 'NONE', *, *, #903, .F. ) ;
#2044 = CONICAL_SURFACE ( 'NONE', #2256, 1.500000000000004885, 0.7853981633974498333 ) ;
#2045 = DIRECTION ( 'NONE',  ( -2.454725278939251986E-16, 1.000000000000000000, 1.412361382570359924E-32 ) ) ;
#2046 = DIRECTION ( 'NONE',  ( -2.454725278939251986E-16, 1.000000000000000000, 1.412361382570359924E-32 ) ) ;
#2047 = AXIS2_PLACEMENT_3D ( 'NONE', #969, #1781, #981 ) ;
#2048 = ORIENTED_EDGE ( 'NONE', *, *, #1418, .T. ) ;
#2049 = DIRECTION ( 'NONE',  ( 1.000000000000000000, 0.000000000000000000, 0.000000000000000000 ) ) ;
#2050 = CARTESIAN_POINT ( 'NONE',  ( -83.85186786579157570, 9.999999999999984013, 35.00000000000000000 ) ) ;
#2051 = CYLINDRICAL_SURFACE ( 'NONE', #639, 2.000000000000001776 ) ;
#2052 = CC_DESIGN_PERSON_AND_ORGANIZATION_ASSIGNMENT ( #1967, #776, ( #854 ) ) ;
#2053 = CARTESIAN_POINT ( 'NONE',  ( -62.83333333333332149, 19.99999999999998934, 37.74999999999999289 ) ) ;
#2054 = ORIENTED_EDGE ( 'NONE', *, *, #722, .T. ) ;
#2055 = DIRECTION ( 'NONE',  ( -2.454725278939251986E-16, 1.000000000000000000, 1.412361382570359924E-32 ) ) ;
#2056 = EDGE_CURVE ( 'NONE', #2570, #1705, #1207, .T. ) ;
#2057 = VERTEX_POINT ( 'NONE', #425 ) ;
#2058 = AXIS2_PLACEMENT_3D ( 'NONE', #1386, #1820, #1234 ) ;
#2059 = CYLINDRICAL_SURFACE ( 'NONE', #681, 1.500000000000001332 ) ;
#2060 = LINE ( 'NONE', #1629, #1672 ) ;
#2061 = DIRECTION ( 'NONE',  ( -2.454725278939251986E-16, 1.000000000000000000, 1.412361382570359924E-32 ) ) ;
#2062 = DIRECTION ( 'NONE',  ( -2.454725278939251986E-16, 1.000000000000000000, 1.412361382570359924E-32 ) ) ;
#2063 = DIRECTION ( 'NONE',  ( 2.454725278939251986E-16, -1.000000000000000000, -1.412361382570359924E-32 ) ) ;
#2064 = ORIENTED_EDGE ( 'NONE', *, *, #485, .F. ) ;
#2065 = ADVANCED_FACE ( 'NONE', ( #230 ), #142, .F. ) ;
#2066 = VERTEX_POINT ( 'NONE', #847 ) ;
#2067 = PERSON_AND_ORGANIZATION ( #310, #2284 ) ;
#2068 = CARTESIAN_POINT ( 'NONE',  ( -50.91666666666666430, 9.999999999999994671, 48.12500000000000000 ) ) ;
#2069 = DIRECTION ( 'NONE',  ( 2.454725278939251986E-16, -1.000000000000000000, -1.412361382570359924E-32 ) ) ;
#2070 = DIRECTION ( 'NONE',  ( -1.000000000000000000, 0.000000000000000000, 0.000000000000000000 ) ) ;
#2071 = DIRECTION ( 'NONE',  ( 0.000000000000000000, 0.000000000000000000, 1.000000000000000000 ) ) ;
#2072 = AXIS2_PLACEMENT_3D ( 'NONE', #144, #684, #1939 ) ;
#2073 = DIRECTION ( 'NONE',  ( 0.000000000000000000, 0.000000000000000000, 1.000000000000000000 ) ) ;
#2074 = AXIS2_PLACEMENT_3D ( 'NONE', #422, #43, #1329 ) ;
#2075 = VERTEX_POINT ( 'NONE', #2098 ) ;
#2076 = VECTOR ( 'NONE', #576, 1000.000000000000000 ) ;
#2077 = ADVANCED_FACE ( 'NONE', ( #434 ), #1444, .F. ) ;
#2078 = CONICAL_SURFACE ( 'NONE', #1956, 1.500000000000001332, 0.7853981633974498333 ) ;
#2079 = DIRECTION ( 'NONE',  ( -1.000000000000000000, 0.000000000000000000, 0.000000000000000000 ) ) ;
#2080 = ORIENTED_EDGE ( 'NONE', *, *, #995, .F. ) ;
#2081 = CIRCLE ( 'NONE', #519, 1.500000000000001332 ) ;
#2082 = AXIS2_PLACEMENT_3D ( 'NONE', #745, #2365, #1181 ) ;
#2083 = DIRECTION ( 'NONE',  ( -1.000000000000000000, 0.000000000000000000, 0.000000000000000000 ) ) ;
#2084 = ADVANCED_FACE ( 'NONE', ( #1040 ), #53, .F. ) ;
#2085 = CIRCLE ( 'NONE', #2204, 1.500000000000001332 ) ;
#2086 = LINE ( 'NONE', #1892, #1405 ) ;
#2087 = DIRECTION ( 'NONE',  ( -1.000000000000000000, -2.454725278939251986E-16, 0.000000000000000000 ) ) ;
#2088 = CARTESIAN_POINT ( 'NONE',  ( -50.91666666666666430, -15.00000000000001066, 6.874999999999999112 ) ) ;
#2089 = VERTEX_POINT ( 'NONE', #1613 ) ;
#2090 = DIRECTION ( 'NONE',  ( -1.000000000000000000, 0.000000000000000000, 0.000000000000000000 ) ) ;
#2091 = ORIENTED_EDGE ( 'NONE', *, *, #1246, .T. ) ;
#2092 = VERTEX_POINT ( 'NONE', #2242 ) ;
#2093 = EDGE_LOOP ( 'NONE', ( #83, #1407, #2449, #696, #1276 ) ) ;
#2094 = PERSON_AND_ORGANIZATION_ROLE ( 'design_owner' ) ;
#2095 = DIRECTION ( 'NONE',  ( 2.454725278939251986E-16, -1.000000000000000000, -1.412361382570359924E-32 ) ) ;
#2096 = EDGE_CURVE ( 'NONE', #554, #1825, #1771, .T. ) ;
#2097 = ADVANCED_FACE ( 'NONE', ( #2225 ), #435, .F. ) ;
#2098 = CARTESIAN_POINT ( 'NONE',  ( -87.00186786579155296, 9.999999999999984013, 21.19999999999999218 ) ) ;
#2099 = DIRECTION ( 'NONE',  ( -1.000000000000000000, 0.000000000000000000, 0.000000000000000000 ) ) ;
#2100 = FACE_OUTER_BOUND ( 'NONE', #2266, .T. ) ;
#2101 = DIRECTION ( 'NONE',  ( -2.454725278939251986E-16, 1.000000000000000000, 1.412361382570359924E-32 ) ) ;
#2102 = CARTESIAN_POINT ( 'NONE',  ( -40.33333333333332860, 9.999999999999994671, 48.12499999999999289 ) ) ;
#2103 = ORIENTED_EDGE ( 'NONE', *, *, #1090, .F. ) ;
#2104 = LINE ( 'NONE', #2324, #675 ) ;
#2105 = ORIENTED_EDGE ( 'NONE', *, *, #2146, .T. ) ;
#2106 = LINE ( 'NONE', #699, #1749 ) ;
#2107 = VERTEX_POINT ( 'NONE', #2206 ) ;
#2108 = EDGE_CURVE ( 'NONE', #2374, #1056, #2438, .T. ) ;
#2109 = ORIENTED_EDGE ( 'NONE', *, *, #2034, .F. ) ;
#2110 = DIRECTION ( 'NONE',  ( -2.454725278939251986E-16, 1.000000000000000000, 1.412361382570359924E-32 ) ) ;
#2111 = EDGE_CURVE ( 'NONE', #631, #2271, #1050, .T. ) ;
#2112 = CARTESIAN_POINT ( 'NONE',  ( -87.00186786579155296, 19.99999999999998224, 21.19999999999999218 ) ) ;
#2113 = DIRECTION ( 'NONE',  ( 2.454725278939251986E-16, -1.000000000000000000, 0.000000000000000000 ) ) ;
#2114 = CARTESIAN_POINT ( 'NONE',  ( -38.83333333333333570, 18.00000000000000711, 20.62499999999999645 ) ) ;
#2115 = DIRECTION ( 'NONE',  ( -2.454725278939251986E-16, 1.000000000000000000, 1.412361382570359924E-32 ) ) ;
#2116 = ORIENTED_EDGE ( 'NONE', *, *, #642, .F. ) ;
#2117 = CYLINDRICAL_SURFACE ( 'NONE', #263, 1.500000000000001332 ) ;
#2118 = EDGE_LOOP ( 'NONE', ( #865, #253, #1681, #1240 ) ) ;
#2119 = AXIS2_PLACEMENT_3D ( 'NONE', #1614, #2000, #2211 ) ;
#2120 = ORIENTED_EDGE ( 'NONE', *, *, #1926, .T. ) ;
#2121 = CIRCLE ( 'NONE', #1193, 1.999999999999998224 ) ;
#2122 = AXIS2_PLACEMENT_3D ( 'NONE', #863, #2113, #1640 ) ;
#2123 = FACE_OUTER_BOUND ( 'NONE', #1063, .T. ) ;
#2124 = CIRCLE ( 'NONE', #197, 1.500000000000004885 ) ;
#2125 = CYLINDRICAL_SURFACE ( 'NONE', #841, 1.500000000000001332 ) ;
#2126 = AXIS2_PLACEMENT_3D ( 'NONE', #737, #1598, #2357 ) ;
#2127 = CARTESIAN_POINT ( 'NONE',  ( -83.85186786579157570, 19.99999999999998224, 37.00000000000000711 ) ) ;
#2128 = EDGE_CURVE ( 'NONE', #945, #2515, #1243, .T. ) ;
#2129 = LINE ( 'NONE', #1390, #1829 ) ;
#2130 = VERTEX_POINT ( 'NONE', #2053 ) ;
#2131 = EDGE_CURVE ( 'NONE', #2259, #632, #1463, .T. ) ;
#2132 = CARTESIAN_POINT ( 'NONE',  ( -30.24999999999999289, 19.99999999999999645, 53.00000000000000000 ) ) ;
#2133 = AXIS2_PLACEMENT_3D ( 'NONE', #769, #207, #585 ) ;
#2134 = EDGE_LOOP ( 'NONE', ( #649, #244, #728, #282, #531 ) ) ;
#2135 = AXIS2_PLACEMENT_3D ( 'NONE', #896, #1116, #2544 ) ;
#2136 = FACE_BOUND ( 'NONE', #2442, .T. ) ;
#2137 = CARTESIAN_POINT ( 'NONE',  ( -49.41666666666667140, 17.99999999999999289, 22.12500000000000355 ) ) ;
#2138 = FACE_OUTER_BOUND ( 'NONE', #1076, .T. ) ;
#2139 = EDGE_LOOP ( 'NONE', ( #2391, #2185 ) ) ;
#2140 = CARTESIAN_POINT ( 'NONE',  ( -78.63890089934366756, 19.99999999999998579, 4.690102840931834827 ) ) ;
#2141 = EDGE_LOOP ( 'NONE', ( #598, #525, #689, #137 ) ) ;
#2142 = ORIENTED_EDGE ( 'NONE', *, *, #357, .F. ) ;
#2143 = EDGE_CURVE ( 'NONE', #1205, #2441, #1165, .T. ) ;
#2144 = ORIENTED_EDGE ( 'NONE', *, *, #1057, .T. ) ;
#2145 = VERTEX_POINT ( 'NONE', #2038 ) ;
#2146 = EDGE_CURVE ( 'NONE', #514, #2014, #1845, .T. ) ;
#2147 = DIRECTION ( 'NONE',  ( -1.000000000000000000, 0.000000000000000000, 0.000000000000000000 ) ) ;
#2148 = FACE_OUTER_BOUND ( 'NONE', #2017, .T. ) ;
#2149 = DIRECTION ( 'NONE',  ( 0.000000000000000000, 1.000000000000000000, 0.000000000000000000 ) ) ;
#2150 = ORIENTED_EDGE ( 'NONE', *, *, #170, .T. ) ;
#2151 = DIRECTION ( 'NONE',  ( 0.000000000000000000, 1.000000000000000000, 0.000000000000000000 ) ) ;
#2152 = CARTESIAN_POINT ( 'NONE',  ( -67.71296696644787971, 9.999999999999987566, 14.56336761364393517 ) ) ;
#2153 = LINE ( 'NONE', #962, #2584 ) ;
#2154 = CALENDAR_DATE ( 2026, 2, 6 ) ;
#2155 = VERTEX_POINT ( 'NONE', #832 ) ;
#2156 = VERTEX_POINT ( 'NONE', #225 ) ;
#2157 = ADVANCED_FACE ( 'NONE', ( #1644 ), #26, .F. ) ;
#2158 = CIRCLE ( 'NONE', #342, 1.500000000000001332 ) ;
#2159 = ORIENTED_EDGE ( 'NONE', *, *, #720, .F. ) ;
#2160 = AXIS2_PLACEMENT_3D ( 'NONE', #463, #1260, #2079 ) ;
#2161 = CIRCLE ( 'NONE', #597, 2.000000000000001776 ) ;
#2162 = AXIS2_PLACEMENT_3D ( 'NONE', #265, #1869, #5 ) ;
#2163 = ADVANCED_FACE ( 'NONE', ( #1428 ), #1643, .F. ) ;
#2164 = DIRECTION ( 'NONE',  ( -1.000000000000000000, 0.000000000000000000, 0.000000000000000000 ) ) ;
#2165 = AXIS2_PLACEMENT_3D ( 'NONE', #450, #1053, #2439 ) ;
#2166 = CARTESIAN_POINT ( 'NONE',  ( -77.13890089934365335, -9.900000000000009237, 14.56336761364393872 ) ) ;
#2167 = DIRECTION ( 'NONE',  ( -2.454725278939251986E-16, 1.000000000000000000, 1.412361382570359924E-32 ) ) ;
#2168 = CIRCLE ( 'NONE', #1756, 1.500000000000001332 ) ;
#2169 = ORIENTED_EDGE ( 'NONE', *, *, #558, .T. ) ;
#2170 = DIRECTION ( 'NONE',  ( 0.000000000000000000, 0.000000000000000000, 1.000000000000000000 ) ) ;
#2171 = DIRECTION ( 'NONE',  ( -1.000000000000000000, 0.000000000000000000, 0.000000000000000000 ) ) ;
#2172 = ORIENTED_EDGE ( 'NONE', *, *, #171, .F. ) ;
#2173 = ORIENTED_EDGE ( 'NONE', *, *, #1814, .F. ) ;
#2174 = CARTESIAN_POINT ( 'NONE',  ( -2.454725278939253465E-15, 10.00000000000000533, 1.412361382570360745E-31 ) ) ;
#2175 = DIRECTION ( 'NONE',  ( -2.450056446907865091E-48, 1.412361382570359924E-32, -1.000000000000000000 ) ) ;
#2176 = CARTESIAN_POINT ( 'NONE',  ( -37.33333333333332860, 9.999999999999994671, 48.12499999999999289 ) ) ;
#2177 = CIRCLE ( 'NONE', #617, 1.500000000000001332 ) ;
#2178 = VERTEX_POINT ( 'NONE', #2448 ) ;
#2179 = DIRECTION ( 'NONE',  ( 0.000000000000000000, 1.000000000000000000, 0.000000000000000000 ) ) ;
#2180 = FACE_OUTER_BOUND ( 'NONE', #1381, .T. ) ;
#2181 = DIRECTION ( 'NONE',  ( 0.000000000000000000, 0.000000000000000000, 1.000000000000000000 ) ) ;
#2182 = VECTOR ( 'NONE', #2190, 999.9999999999998863 ) ;
#2183 = ORIENTED_EDGE ( 'NONE', *, *, #2233, .F. ) ;
#2184 = VECTOR ( 'NONE', #487, 1000.000000000000000 ) ;
#2185 = ORIENTED_EDGE ( 'NONE', *, *, #722, .F. ) ;
#2186 = AXIS2_PLACEMENT_3D ( 'NONE', #706, #508, #1168 ) ;
#2187 = DIRECTION ( 'NONE',  ( 2.463512628606117579E-16, -1.000000000000000000, -1.412361382570359924E-32 ) ) ;
#2188 = CARTESIAN_POINT ( 'NONE',  ( -40.33333333333332860, -15.00000000000001066, 20.62499999999999645 ) ) ;
#2189 = CYLINDRICAL_SURFACE ( 'NONE', #1877, 1.500000000000001332 ) ;
#2190 = DIRECTION ( 'NONE',  ( 0.000000000000000000, 0.7071067811865464625, 0.7071067811865486830 ) ) ;
#2191 = ORIENTED_EDGE ( 'NONE', *, *, #1770, .F. ) ;
#2192 = FACE_OUTER_BOUND ( 'NONE', #936, .T. ) ;
#2193 = CARTESIAN_POINT ( 'NONE',  ( -28.24999999999999289, 9.999999999999998224, 2.000000000000001776 ) ) ;
#2194 = CARTESIAN_POINT ( 'NONE',  ( -62.03180593421044620, 19.99999999999998934, -3.300000000000013145 ) ) ;
#2195 = EDGE_CURVE ( 'NONE', #63, #2259, #1051, .T. ) ;
#2196 = ORIENTED_EDGE ( 'NONE', *, *, #291, .F. ) ;
#2197 = DIRECTION ( 'NONE',  ( 2.463512628606117579E-16, -1.000000000000000000, -1.412361382570359924E-32 ) ) ;
#2198 = ORIENTED_EDGE ( 'NONE', *, *, #367, .F. ) ;
#2199 = AXIS2_PLACEMENT_3D ( 'NONE', #2514, #1740, #329 ) ;
#2200 = CARTESIAN_POINT ( 'NONE',  ( -60.03189828329688993, 19.99999999999998934, -3.319219464545176912 ) ) ;
#2201 = EDGE_LOOP ( 'NONE', ( #835, #1135, #1497, #1432, #358 ) ) ;
#2202 = DIRECTION ( 'NONE',  ( -2.454725278939251986E-16, 1.000000000000000000, 1.412361382570359924E-32 ) ) ;
#2203 = DIRECTION ( 'NONE',  ( -1.000000000000000000, 0.000000000000000000, 0.000000000000000000 ) ) ;
#2204 = AXIS2_PLACEMENT_3D ( 'NONE', #927, #1092, #676 ) ;
#2205 = AXIS2_PLACEMENT_3D ( 'NONE', #100, #1881, #1890 ) ;
#2206 = CARTESIAN_POINT ( 'NONE',  ( -62.83333333333332149, 19.99999999999998934, 44.75000000000001421 ) ) ;
#2207 = AXIS2_PLACEMENT_3D ( 'NONE', #396, #10, #799 ) ;
#2208 = ADVANCED_FACE ( 'NONE', ( #588, #800, #210, #606, #397, #1202, #2252, #1415, #1015, #1211, #2026, #2264, #448, #1094, #299, #1464, #2481, #1074 ), #2276, .T. ) ;
#2209 = CIRCLE ( 'NONE', #1363, 1.500000000000001332 ) ;
#2210 = ORIENTED_EDGE ( 'NONE', *, *, #1196, .F. ) ;
#2211 = DIRECTION ( 'NONE',  ( 0.000000000000000000, 0.000000000000000000, 1.000000000000000000 ) ) ;
#2212 = VERTEX_POINT ( 'NONE', #280 ) ;
#2213 = AXIS2_PLACEMENT_3D ( 'NONE', #1077, #1417, #251 ) ;
#2214 = ORIENTED_EDGE ( 'NONE', *, *, #1090, .T. ) ;
#2215 = AXIS2_PLACEMENT_3D ( 'NONE', #1384, #2175, #534 ) ;
#2216 = CARTESIAN_POINT ( 'NONE',  ( -91.85186786579154727, 9.999999999999982236, -3.300000000000011369 ) ) ;
#2217 = EDGE_CURVE ( 'NONE', #146, #1410, #1981, .T. ) ;
#2218 = EDGE_CURVE ( 'NONE', #911, #2520, #1380, .T. ) ;
#2219 = DIRECTION ( 'NONE',  ( 0.000000000000000000, 1.000000000000000000, 0.000000000000000000 ) ) ;
#2220 = ORIENTED_EDGE ( 'NONE', *, *, #2280, .F. ) ;
#2221 = DIRECTION ( 'NONE',  ( -2.454725278939251986E-16, 1.000000000000000000, 1.412361382570359924E-32 ) ) ;
#2222 = DIRECTION ( 'NONE',  ( -2.454725278939251986E-16, 1.000000000000000000, 1.412361382570359924E-32 ) ) ;
#2223 = CARTESIAN_POINT ( 'NONE',  ( -81.73936786579155012, 9.999999999999984013, 24.64999999999999147 ) ) ;
#2224 = CARTESIAN_POINT ( 'NONE',  ( -49.41666666666666430, -15.00000000000001066, 6.874999999999999112 ) ) ;
#2225 = FACE_OUTER_BOUND ( 'NONE', #250, .T. ) ;
#2226 = DIRECTION ( 'NONE',  ( -1.000000000000000000, 0.000000000000000000, 0.000000000000000000 ) ) ;
#2227 = FACE_OUTER_BOUND ( 'NONE', #977, .T. ) ;
#2228 = EDGE_CURVE ( 'NONE', #63, #753, #2272, .T. ) ;
#2229 = FACE_OUTER_BOUND ( 'NONE', #2269, .T. ) ;
#2230 = AXIS2_PLACEMENT_3D ( 'NONE', #2235, #1027, #2013 ) ;
#2231 = ORIENTED_EDGE ( 'NONE', *, *, #1297, .T. ) ;
#2232 = EDGE_CURVE ( 'NONE', #710, #607, #1777, .T. ) ;
#2233 = EDGE_CURVE ( 'NONE', #442, #108, #499, .T. ) ;
#2234 = ORIENTED_EDGE ( 'NONE', *, *, #1478, .F. ) ;
#2235 = CARTESIAN_POINT ( 'NONE',  ( -38.83333333333332860, -15.00000000000001066, 34.37499999999999289 ) ) ;
#2236 = LINE ( 'NONE', #796, #655 ) ;
#2237 = EDGE_CURVE ( 'NONE', #108, #1607, #1507, .T. ) ;
#2238 = CARTESIAN_POINT ( 'NONE',  ( -58.01912799868534165, 45.00000000000000000, -2.000000000000000000 ) ) ;
#2239 = CARTESIAN_POINT ( 'NONE',  ( -62.83333333333332149, 17.99999999999997513, 41.25000000000000000 ) ) ;
#2240 = DIRECTION ( 'NONE',  ( -2.454725278939251986E-16, 1.000000000000000000, 1.412361382570359924E-32 ) ) ;
#2241 = LINE ( 'NONE', #1462, #725 ) ;
#2242 = CARTESIAN_POINT ( 'NONE',  ( -40.33333333333333570, 9.999999999999994671, 20.62499999999999645 ) ) ;
#2243 = ORIENTED_EDGE ( 'NONE', *, *, #890, .F. ) ;
#2244 = DIRECTION ( 'NONE',  ( 0.000000000000000000, 0.000000000000000000, -1.000000000000000000 ) ) ;
#2245 = ORIENTED_EDGE ( 'NONE', *, *, #705, .T. ) ;
#2246 = EDGE_LOOP ( 'NONE', ( #1294, #1225, #584, #1980, #937 ) ) ;
#2247 = FACE_OUTER_BOUND ( 'NONE', #504, .T. ) ;
#2248 = FACE_OUTER_BOUND ( 'NONE', #1480, .T. ) ;
#2249 = DIRECTION ( 'NONE',  ( 1.000000000000000000, 0.000000000000000000, -1.227362639469625993E-16 ) ) ;
#2250 = EDGE_CURVE ( 'NONE', #924, #1410, #2509, .T. ) ;
#2251 = VECTOR ( 'NONE', #2334, 1000.000000000000000 ) ;
#2252 = FACE_BOUND ( 'NONE', #1351, .T. ) ;
#2253 = DIRECTION ( 'NONE',  ( -2.454725278939251986E-16, 1.000000000000000000, 1.412361382570359924E-32 ) ) ;
#2254 = CIRCLE ( 'NONE', #1836, 3.500000000000010214 ) ;
#2255 = EDGE_LOOP ( 'NONE', ( #743, #1911, #664, #1626, #1151 ) ) ;
#2256 = AXIS2_PLACEMENT_3D ( 'NONE', #1163, #370, #1988 ) ;
#2257 = DIRECTION ( 'NONE',  ( 0.000000000000000000, 1.000000000000000000, 0.000000000000000000 ) ) ;
#2258 = VECTOR ( 'NONE', #181, 1000.000000000000000 ) ;
#2259 = VERTEX_POINT ( 'NONE', #1694 ) ;
#2260 = DATE_AND_TIME ( #1654, #1354 ) ;
#2261 = CARTESIAN_POINT ( 'NONE',  ( -47.91666666666666430, -15.00000000000001066, 6.874999999999999112 ) ) ;
#2262 = DIRECTION ( 'NONE',  ( -1.000000000000000000, 0.000000000000000000, 0.000000000000000000 ) ) ;
#2263 = FACE_OUTER_BOUND ( 'NONE', #1433, .T. ) ;
#2264 = FACE_BOUND ( 'NONE', #1689, .T. ) ;
#2265 = EDGE_CURVE ( 'NONE', #1739, #2107, #1906, .T. ) ;
#2266 = EDGE_LOOP ( 'NONE', ( #1680, #917, #2103, #577 ) ) ;
#2267 = CARTESIAN_POINT ( 'NONE',  ( -38.83333333333333570, 18.00000000000000711, 34.37499999999999289 ) ) ;
#2268 = DIRECTION ( 'NONE',  ( -2.454725278939251986E-16, 1.000000000000000000, 1.412361382570359924E-32 ) ) ;
#2269 = EDGE_LOOP ( 'NONE', ( #1679, #220, #2527, #80, #1761 ) ) ;
#2270 = ORIENTED_EDGE ( 'NONE', *, *, #2004, .T. ) ;
#2271 = VERTEX_POINT ( 'NONE', #1299 ) ;
#2272 = CIRCLE ( 'NONE', #1245, 1.500000000000001332 ) ;
#2273 = DATE_TIME_ROLE ( 'creation_date' ) ;
#2274 = CARTESIAN_POINT ( 'NONE',  ( -91.85186786579153306, 9.999999999999982236, 55.00000000000000711 ) ) ;
#2275 = CARTESIAN_POINT ( 'NONE',  ( -81.73936786579155012, 19.99999999999998224, 26.14999999999998792 ) ) ;
#2276 = PLANE ( 'NONE',  #411 ) ;
#2277 = ORIENTED_EDGE ( 'NONE', *, *, #1910, .T. ) ;
#2278 = CARTESIAN_POINT ( 'NONE',  ( -37.33333333333332860, -15.00000000000001066, 6.874999999999999112 ) ) ;
#2279 = ORIENTED_EDGE ( 'NONE', *, *, #404, .F. ) ;
#2280 = EDGE_CURVE ( 'NONE', #1306, #1969, #1476, .T. ) ;
#2281 = ORIENTED_EDGE ( 'NONE', *, *, #535, .T. ) ;
#2282 = PERSON_AND_ORGANIZATION_ROLE ( 'creator' ) ;
#2283 = LINE ( 'NONE', #1267, #2501 ) ;
#2284 = ORGANIZATION ( 'UNSPECIFIED', 'UNSPECIFIED', '' ) ;
#2285 = LINE ( 'NONE', #470, #1487 ) ;
#2286 = DIRECTION ( 'NONE',  ( -2.454725278939251986E-16, 1.000000000000000000, -3.852475242112246570E-34 ) ) ;
#2287 = FACE_OUTER_BOUND ( 'NONE', #2531, .T. ) ;
#2288 = CARTESIAN_POINT ( 'NONE',  ( -89.85186786579154727, 19.99999999999998224, -5.300000000000009592 ) ) ;
#2289 = AXIS2_PLACEMENT_3D ( 'NONE', #788, #1017, #1203 ) ;
#2290 = CARTESIAN_POINT ( 'NONE',  ( -87.00186786579155296, 9.999999999999984013, 6.199999999999988631 ) ) ;
#2291 = AXIS2_PLACEMENT_3D ( 'NONE', #687, #672, #662 ) ;
#2292 = EDGE_LOOP ( 'NONE', ( #322, #2440 ) ) ;
#2293 = AXIS2_PLACEMENT_3D ( 'NONE', #2327, #1298, #506 ) ;
#2294 = VECTOR ( 'NONE', #1778, 1000.000000000000000 ) ;
#2295 = CARTESIAN_POINT ( 'NONE',  ( -62.83333333333332149, 17.99999999999997513, 42.74999999999999289 ) ) ;
#2296 = ORIENTED_EDGE ( 'NONE', *, *, #1565, .T. ) ;
#2297 = AXIS2_PLACEMENT_3D ( 'NONE', #1247, #438, #1859 ) ;
#2298 = EDGE_CURVE ( 'NONE', #1273, #1205, #266, .T. ) ;
#2299 = CIRCLE ( 'NONE', #1409, 2.000000000000001776 ) ;
#2300 = DIRECTION ( 'NONE',  ( 0.000000000000000000, 0.000000000000000000, 1.000000000000000000 ) ) ;
#2301 = LINE ( 'NONE', #1285, #1359 ) ;
#2302 = AXIS2_PLACEMENT_3D ( 'NONE', #637, #1451, #2436 ) ;
#2303 = DIRECTION ( 'NONE',  ( -5.753643369740651558E-17, 0.000000000000000000, -1.000000000000000000 ) ) ;
#2304 = DIRECTION ( 'NONE',  ( -2.454725278939251986E-16, 1.000000000000000000, 1.412361382570359924E-32 ) ) ;
#2305 = CARTESIAN_POINT ( 'NONE',  ( -49.41666666666666430, 19.99999999999999289, 48.12500000000000000 ) ) ;
#2306 = CARTESIAN_POINT ( 'NONE',  ( -38.83333333333333570, 18.00000000000000000, 6.874999999999999112 ) ) ;
#2307 = ORIENTED_EDGE ( 'NONE', *, *, #485, .T. ) ;
#2308 = CARTESIAN_POINT ( 'NONE',  ( -38.83333333333333570, 18.00000000000000000, 35.87500000000000000 ) ) ;
#2309 = ORIENTED_EDGE ( 'NONE', *, *, #1770, .T. ) ;
#2310 = EDGE_CURVE ( 'NONE', #2027, #494, #453, .T. ) ;
#2311 = AXIS2_PLACEMENT_3D ( 'NONE', #1435, #405, #1596 ) ;
#2312 = VERTEX_POINT ( 'NONE', #287 ) ;
#2313 = ORIENTED_EDGE ( 'NONE', *, *, #1675, .T. ) ;
#2314 = ADVANCED_FACE ( 'NONE', ( #102 ), #76, .F. ) ;
#2315 =( NAMED_UNIT ( * ) SI_UNIT ( $, .STERADIAN. ) SOLID_ANGLE_UNIT ( ) );
#2316 = ORIENTED_EDGE ( 'NONE', *, *, #1465, .F. ) ;
#2317 = CARTESIAN_POINT ( 'NONE',  ( -91.85186786579153306, 19.99999999999998224, 55.00000000000000711 ) ) ;
#2318 = AXIS2_PLACEMENT_3D ( 'NONE', #40, #2603, #379 ) ;
#2319 = CARTESIAN_POINT ( 'NONE',  ( -62.03180593421044620, 19.99999999999998934, -5.300000000000013145 ) ) ;
#2320 = VECTOR ( 'NONE', #2061, 1000.000000000000000 ) ;
#2321 = FACE_OUTER_BOUND ( 'NONE', #162, .T. ) ;
#2322 = DIRECTION ( 'NONE',  ( -1.000000000000000000, 0.000000000000000000, 0.000000000000000000 ) ) ;
#2323 = VERTEX_POINT ( 'NONE', #1685 ) ;
#2324 = CARTESIAN_POINT ( 'NONE',  ( -4.918237907545371340E-15, 20.00000000000000355, -1.651461931588174408E-31 ) ) ;
#2325 = VERTEX_POINT ( 'NONE', #62 ) ;
#2326 = LINE ( 'NONE', #1128, #2294 ) ;
#2327 = CARTESIAN_POINT ( 'NONE',  ( -38.83333333333333570, 18.00000000000000000, 6.874999999999999112 ) ) ;
#2328 = CARTESIAN_POINT ( 'NONE',  ( -77.13890089934365335, -9.900000000000009237, 14.56336761364393872 ) ) ;
#2329 = EDGE_CURVE ( 'NONE', #1705, #935, #1676, .T. ) ;
#2330 = DIRECTION ( 'NONE',  ( 2.463512628606117579E-16, -1.000000000000000000, 0.000000000000000000 ) ) ;
#2331 = CARTESIAN_POINT ( 'NONE',  ( -87.00186786579155296, 19.99999999999998224, 19.69999999999999574 ) ) ;
#2332 = EDGE_CURVE ( 'NONE', #476, #2570, #1503, .T. ) ;
#2333 = EDGE_LOOP ( 'NONE', ( #1500, #1031, #206, #1442 ) ) ;
#2334 = DIRECTION ( 'NONE',  ( 2.463512628606117579E-16, -1.000000000000000000, -1.412361382570359924E-32 ) ) ;
#2335 = CIRCLE ( 'NONE', #145, 1.500000000000001332 ) ;
#2336 = ORIENTED_EDGE ( 'NONE', *, *, #2567, .F. ) ;
#2337 = AXIS2_PLACEMENT_3D ( 'NONE', #2412, #759, #1987 ) ;
#2338 = VERTEX_POINT ( 'NONE', #2112 ) ;
#2339 = AXIS2_PLACEMENT_3D ( 'NONE', #2306, #326, #1290 ) ;
#2340 = VECTOR ( 'NONE', #378, 1000.000000000000000 ) ;
#2341 = AXIS2_PLACEMENT_3D ( 'NONE', #1536, #539, #2351 ) ;
#2342 = DIRECTION ( 'NONE',  ( 2.454725278939251986E-16, -1.000000000000000000, -1.412361382570359924E-32 ) ) ;
#2343 = FACE_BOUND ( 'NONE', #1114, .T. ) ;
#2344 = AXIS2_PLACEMENT_3D ( 'NONE', #410, #227, #92 ) ;
#2345 = CARTESIAN_POINT ( 'NONE',  ( -60.03189828329688282, 9.999999999999991118, -3.319219464545176468 ) ) ;
#2346 = DIRECTION ( 'NONE',  ( -1.000000000000000000, 0.000000000000000000, 0.000000000000000000 ) ) ;
#2347 = EDGE_CURVE ( 'NONE', #1033, #732, #920, .T. ) ;
#2348 = ORIENTED_EDGE ( 'NONE', *, *, #189, .T. ) ;
#2349 = CARTESIAN_POINT ( 'NONE',  ( -49.41666666666667140, 17.99999999999999289, 6.874999999999999112 ) ) ;
#2350 = VERTEX_POINT ( 'NONE', #980 ) ;
#2351 = DIRECTION ( 'NONE',  ( -1.000000000000000000, 0.000000000000000000, 0.000000000000000000 ) ) ;
#2352 = VERTEX_POINT ( 'NONE', #1513 ) ;
#2353 = ORIENTED_EDGE ( 'NONE', *, *, #1093, .T. ) ;
#2354 = DIRECTION ( 'NONE',  ( 2.454725278939251986E-16, -1.000000000000000000, -1.377739150488922576E-32 ) ) ;
#2355 = ORIENTED_EDGE ( 'NONE', *, *, #2387, .F. ) ;
#2356 = CYLINDRICAL_SURFACE ( 'NONE', #790, 1.500000000000001332 ) ;
#2357 = DIRECTION ( 'NONE',  ( -1.000000000000000000, 0.000000000000000000, 0.000000000000000000 ) ) ;
#2358 = ORIENTED_EDGE ( 'NONE', *, *, #2034, .T. ) ;
#2359 = FACE_OUTER_BOUND ( 'NONE', #1302, .T. ) ;
#2360 = CARTESIAN_POINT ( 'NONE',  ( -49.41666666666666430, 17.99999999999999289, 49.62500000000000000 ) ) ;
#2361 = EDGE_LOOP ( 'NONE', ( #1346, #2270 ) ) ;
#2362 = ADVANCED_FACE ( 'NONE', ( #929 ), #2125, .F. ) ;
#2363 = VERTEX_POINT ( 'NONE', #955 ) ;
#2364 = LINE ( 'NONE', #1766, #2019 ) ;
#2365 = DIRECTION ( 'NONE',  ( 2.454725278939251986E-16, -1.000000000000000000, -1.412361382570359924E-32 ) ) ;
#2366 = CARTESIAN_POINT ( 'NONE',  ( -40.33333333333332860, 18.00000000000000711, 48.12499999999999289 ) ) ;
#2367 = ORIENTED_EDGE ( 'NONE', *, *, #657, .F. ) ;
#2368 = DIRECTION ( 'NONE',  ( -1.000000000000000000, 0.000000000000000000, 0.000000000000000000 ) ) ;
#2369 = CARTESIAN_POINT ( 'NONE',  ( -58.01912799868533455, 19.99999999999998934, -2.000000000000000000 ) ) ;
#2370 = DATE_AND_TIME ( #2154, #1138 ) ;
#2371 = ORIENTED_EDGE ( 'NONE', *, *, #2388, .F. ) ;
#2372 = CIRCLE ( 'NONE', #191, 3.500000000000003109 ) ;
#2373 = LOCAL_TIME ( 10, 29, 11.00000000000000000, #1082 ) ;
#2374 = VERTEX_POINT ( 'NONE', #1337 ) ;
#2375 = CIRCLE ( 'NONE', #679, 1.500000000000001332 ) ;
#2376 = AXIS2_PLACEMENT_3D ( 'NONE', #1909, #908, #2322 ) ;
#2377 = FACE_BOUND ( 'NONE', #1621, .T. ) ;
#2378 = VECTOR ( 'NONE', #1468, 1000.000000000000000 ) ;
#2379 = CARTESIAN_POINT ( 'NONE',  ( -49.41666666666667140, 19.99999999999999289, 24.12500000000001066 ) ) ;
#2380 = CARTESIAN_POINT ( 'NONE',  ( -49.41666666666667140, 17.99999999999999289, 20.62499999999999645 ) ) ;
#2381 = CIRCLE ( 'NONE', #1231, 1.500000000000001332 ) ;
#2382 = ORIENTED_EDGE ( 'NONE', *, *, #249, .T. ) ;
#2383 = CARTESIAN_POINT ( 'NONE',  ( -38.83333333333332860, 18.00000000000000711, 48.12499999999999289 ) ) ;
#2384 = CARTESIAN_POINT ( 'NONE',  ( -47.91666666666666430, 17.99999999999999289, 34.37500000000000000 ) ) ;
#2385 = SHAPE_DEFINITION_REPRESENTATION ( #540, #1324 ) ;
#2386 = ORIENTED_EDGE ( 'NONE', *, *, #1910, .F. ) ;
#2387 = EDGE_CURVE ( 'NONE', #2433, #2441, #2364, .T. ) ;
#2388 = EDGE_CURVE ( 'NONE', #1222, #442, #327, .T. ) ;
#2389 = ORIENTED_EDGE ( 'NONE', *, *, #31, .F. ) ;
#2390 = CYLINDRICAL_SURFACE ( 'NONE', #1317, 1.999999999999998224 ) ;
#2391 = ORIENTED_EDGE ( 'NONE', *, *, #1262, .F. ) ;
#2392 = CARTESIAN_POINT ( 'NONE',  ( -71.21436786579155864, 9.999999999999987566, 23.14999999999999503 ) ) ;
#2393 = DIRECTION ( 'NONE',  ( -2.454725278939251986E-16, 1.000000000000000000, 1.412361382570359924E-32 ) ) ;
#2394 = AXIS2_PLACEMENT_3D ( 'NONE', #2431, #965, #794 ) ;
#2395 = ORIENTED_EDGE ( 'NONE', *, *, #1975, .F. ) ;
#2396 = DIRECTION ( 'NONE',  ( -0.009609732272582001411, 0.000000000000000000, -0.9999538254567803541 ) ) ;
#2397 = DIRECTION ( 'NONE',  ( -1.000000000000000000, 0.000000000000000000, 0.000000000000000000 ) ) ;
#2398 = PERSON_AND_ORGANIZATION ( #310, #2284 ) ;
#2399 = ORIENTED_EDGE ( 'NONE', *, *, #1262, .T. ) ;
#2400 = ORIENTED_EDGE ( 'NONE', *, *, #529, .F. ) ;
#2401 = CONICAL_SURFACE ( 'NONE', #177, 1.500000000000004885, 0.7853981633974480570 ) ;
#2402 = EDGE_CURVE ( 'NONE', #570, #2363, #218, .T. ) ;
#2403 = CARTESIAN_POINT ( 'NONE',  ( -81.85186786579156148, 9.999999999999984013, 37.00000000000000711 ) ) ;
#2404 = EDGE_CURVE ( 'NONE', #1007, #710, #754, .T. ) ;
#2405 = ORIENTED_EDGE ( 'NONE', *, *, #843, .T. ) ;
#2406 = PLANE ( 'NONE',  #2215 ) ;
#2407 = CARTESIAN_POINT ( 'NONE',  ( -83.85186786579156148, 9.999999999999987566, 46.11622933630809484 ) ) ;
#2408 = DIRECTION ( 'NONE',  ( -2.454725278939251986E-16, 1.000000000000000000, 1.412361382570359924E-32 ) ) ;
#2409 = ADVANCED_FACE ( 'NONE', ( #131 ), #1541, .F. ) ;
#2410 = EDGE_CURVE ( 'NONE', #1400, #853, #1312, .T. ) ;
#2411 = ORIENTED_EDGE ( 'NONE', *, *, #2470, .T. ) ;
#2412 = CARTESIAN_POINT ( 'NONE',  ( -30.24999999999999289, 19.99999999999999645, 53.00000000000000000 ) ) ;
#2413 = DIRECTION ( 'NONE',  ( 2.454725278939251986E-16, -1.000000000000000000, -1.412361382570359924E-32 ) ) ;
#2414 = VERTEX_POINT ( 'NONE', #336 ) ;
#2415 = CARTESIAN_POINT ( 'NONE',  ( -89.85186786579154727, 44.99999999999998579, 33.00000000000000000 ) ) ;
#2416 = VERTEX_POINT ( 'NONE', #153 ) ;
#2417 = AXIS2_PLACEMENT_3D ( 'NONE', #2349, #893, #1912 ) ;
#2418 = DIRECTION ( 'NONE',  ( 1.334514692192465874E-32, -1.412361382570359651E-32, 1.000000000000000000 ) ) ;
#2419 = CARTESIAN_POINT ( 'NONE',  ( -38.83333333333333570, 19.99999999999999289, 34.37499999999999289 ) ) ;
#2420 = DIRECTION ( 'NONE',  ( -2.454725278939251986E-16, 1.000000000000000000, 1.412361382570359924E-32 ) ) ;
#2421 = FACE_OUTER_BOUND ( 'NONE', #673, .T. ) ;
#2422 = AXIS2_PLACEMENT_3D ( 'NONE', #2380, #1795, #957 ) ;
#2423 = CARTESIAN_POINT ( 'NONE',  ( -49.41666666666666430, 17.99999999999999289, 34.37500000000000000 ) ) ;
#2424 = CIRCLE ( 'NONE', #1669, 2.000000000000001776 ) ;
#2425 = ORIENTED_EDGE ( 'NONE', *, *, #797, .F. ) ;
#2426 = LINE ( 'NONE', #1678, #2378 ) ;
#2427 = CYLINDRICAL_SURFACE ( 'NONE', #238, 1.500000000000001332 ) ;
#2428 = VECTOR ( 'NONE', #906, 1000.000000000000114 ) ;
#2429 = ADVANCED_FACE ( 'NONE', ( #312, #353, #1327, #2136, #2560, #1526, #1566, #1553, #140, #1156, #2343, #2377, #1972, #939, #2571, #1118, #167, #1947 ), #563, .F. ) ;
#2430 = CIRCLE ( 'NONE', #1145, 1.500000000000001332 ) ;
#2431 = CARTESIAN_POINT ( 'NONE',  ( -38.83333333333333570, 19.99999999999999289, 6.874999999999999112 ) ) ;
#2432 = ADVANCED_FACE ( 'NONE', ( #1935 ), #2401, .F. ) ;
#2433 = VERTEX_POINT ( 'NONE', #736 ) ;
#2434 = DIRECTION ( 'NONE',  ( -2.454725278939251986E-16, 1.000000000000000000, 1.412361382570359924E-32 ) ) ;
#2435 = CYLINDRICAL_SURFACE ( 'NONE', #193, 2.000000000000001776 ) ;
#2436 = DIRECTION ( 'NONE',  ( -1.000000000000000000, 0.000000000000000000, 0.000000000000000000 ) ) ;
#2437 = CARTESIAN_POINT ( 'NONE',  ( -85.04870901093198654, 19.99999999999998224, 53.00000000000000711 ) ) ;
#2438 = LINE ( 'NONE', #1658, #1979 ) ;
#2439 = DIRECTION ( 'NONE',  ( -1.000000000000000000, 0.000000000000000000, 0.000000000000000000 ) ) ;
#2440 = ORIENTED_EDGE ( 'NONE', *, *, #622, .T. ) ;
#2441 = VERTEX_POINT ( 'NONE', #364 ) ;
#2442 = EDGE_LOOP ( 'NONE', ( #226, #2529 ) ) ;
#2443 = ADVANCED_FACE ( 'NONE', ( #1983 ), #2356, .F. ) ;
#2444 = CARTESIAN_POINT ( 'NONE',  ( -28.24999999999999645, 19.99999999999999645, -5.300000000000017586 ) ) ;
#2445 = DIRECTION ( 'NONE',  ( 0.000000000000000000, 1.000000000000000000, 0.000000000000000000 ) ) ;
#2446 = DIRECTION ( 'NONE',  ( -1.000000000000000000, 0.000000000000000000, 0.000000000000000000 ) ) ;
#2447 = CIRCLE ( 'NONE', #1172, 1.500000000000004885 ) ;
#2448 = CARTESIAN_POINT ( 'NONE',  ( -69.21296696644789392, 19.99999999999998579, 14.56336761364393517 ) ) ;
#2449 = ORIENTED_EDGE ( 'NONE', *, *, #1369, .F. ) ;
#2450 = CARTESIAN_POINT ( 'NONE',  ( -49.41666666666666430, 17.99999999999999289, 48.12500000000000000 ) ) ;
#2451 = ORIENTED_EDGE ( 'NONE', *, *, #2598, .F. ) ;
#2452 = ORIENTED_EDGE ( 'NONE', *, *, #426, .T. ) ;
#2453 = DIRECTION ( 'NONE',  ( -2.454725278939251986E-16, 1.000000000000000000, 1.412361382570359924E-32 ) ) ;
#2454 = ORIENTED_EDGE ( 'NONE', *, *, #1842, .T. ) ;
#2455 = EDGE_CURVE ( 'NONE', #1509, #2178, #2033, .T. ) ;
#2456 = CARTESIAN_POINT ( 'NONE',  ( -62.83333333333330728, -15.00000000000001421, 41.25000000000000000 ) ) ;
#2457 = CYLINDRICAL_SURFACE ( 'NONE', #1627, 1.499999999999997780 ) ;
#2458 = DIRECTION ( 'NONE',  ( 1.227362639469625993E-16, 3.023623362212761042E-32, 1.000000000000000000 ) ) ;
#2459 = AXIS2_PLACEMENT_3D ( 'NONE', #1449, #2300, #1854 ) ;
#2460 = DIRECTION ( 'NONE',  ( -2.454725278939251986E-16, 1.000000000000000000, 1.412361382570359924E-32 ) ) ;
#2461 = EDGE_LOOP ( 'NONE', ( #2367, #1545, #240, #1649 ) ) ;
#2462 = DIRECTION ( 'NONE',  ( 2.454725278939251986E-16, -1.000000000000000000, -1.412361382570359924E-32 ) ) ;
#2463 = VECTOR ( 'NONE', #1985, 1000.000000000000000 ) ;
#2464 = VECTOR ( 'NONE', #125, 1000.000000000000000 ) ;
#2465 = CIRCLE ( 'NONE', #517, 1.500000000000001332 ) ;
#2466 = EDGE_LOOP ( 'NONE', ( #1871, #726 ) ) ;
#2467 = ORIENTED_EDGE ( 'NONE', *, *, #2217, .F. ) ;
#2468 = VECTOR ( 'NONE', #1603, 1000.000000000000000 ) ;
#2469 = ORIENTED_EDGE ( 'NONE', *, *, #528, .F. ) ;
#2470 = EDGE_CURVE ( 'NONE', #2014, #1360, #414, .T. ) ;
#2471 = DIRECTION ( 'NONE',  ( 0.000000000000000000, 0.000000000000000000, 1.000000000000000000 ) ) ;
#2472 = LINE ( 'NONE', #816, #819 ) ;
#2473 = DIRECTION ( 'NONE',  ( 0.000000000000000000, 1.000000000000000000, 0.000000000000000000 ) ) ;
#2474 = DIRECTION ( 'NONE',  ( -2.454725278939251986E-16, 1.000000000000000000, 1.412361382570359924E-32 ) ) ;
#2475 = CARTESIAN_POINT ( 'NONE',  ( -30.24999999999999645, 9.999999999999998224, 9.730836297236730548E-32 ) ) ;
#2476 = CARTESIAN_POINT ( 'NONE',  ( -40.33333333333332860, -15.00000000000001066, 6.874999999999999112 ) ) ;
#2477 = AXIS2_PLACEMENT_3D ( 'NONE', #117, #2219, #688 ) ;
#2478 = ORIENTED_EDGE ( 'NONE', *, *, #826, .T. ) ;
#2479 =( LENGTH_UNIT ( ) NAMED_UNIT ( * ) SI_UNIT ( .MILLI., .METRE. ) );
#2480 = DIRECTION ( 'NONE',  ( -1.000000000000000000, 0.000000000000000000, 0.000000000000000000 ) ) ;
#2481 = FACE_BOUND ( 'NONE', #518, .T. ) ;
#2482 = LINE ( 'NONE', #1274, #1450 ) ;
#2483 = DIRECTION ( 'NONE',  ( -2.454725278939251986E-16, 1.000000000000000000, 1.412361382570359924E-32 ) ) ;
#2484 = ADVANCED_FACE ( 'NONE', ( #20 ), #1840, .F. ) ;
#2485 = EDGE_LOOP ( 'NONE', ( #2467, #2568, #1902, #464 ) ) ;
#2486 = EDGE_LOOP ( 'NONE', ( #1494, #1173, #1099, #2358 ) ) ;
#2487 = ORIENTED_EDGE ( 'NONE', *, *, #1421, .F. ) ;
#2488 = COORDINATED_UNIVERSAL_TIME_OFFSET ( 1, 0, .AHEAD. ) ;
#2489 = DIRECTION ( 'NONE',  ( -1.000000000000000000, 0.000000000000000000, 0.000000000000000000 ) ) ;
#2490 = CARTESIAN_POINT ( 'NONE',  ( -78.63890089934365335, -9.900000000000009237, 4.690102840931834827 ) ) ;
#2491 = EDGE_CURVE ( 'NONE', #1335, #631, #2447, .T. ) ;
#2492 = DIRECTION ( 'NONE',  ( 1.000000000000000000, 1.734723475976808080E-16, 0.000000000000000000 ) ) ;
#2493 = DIRECTION ( 'NONE',  ( -1.000000000000000000, 0.000000000000000000, 0.000000000000000000 ) ) ;
#2494 = VECTOR ( 'NONE', #1148, 1000.000000000000000 ) ;
#2495 = EDGE_CURVE ( 'NONE', #2092, #1164, #52, .T. ) ;
#2496 = AXIS2_PLACEMENT_3D ( 'NONE', #2419, #602, #652 ) ;
#2497 = ORIENTED_EDGE ( 'NONE', *, *, #698, .T. ) ;
#2498 = CARTESIAN_POINT ( 'NONE',  ( -71.21436786579155864, 19.99999999999998579, 24.64999999999999147 ) ) ;
#2499 = ADVANCED_FACE ( 'NONE', ( #1826 ), #1816, .F. ) ;
#2500 = AXIS2_PLACEMENT_3D ( 'NONE', #1083, #1102, #1734 ) ;
#2501 = VECTOR ( 'NONE', #1692, 999.9999999999998863 ) ;
#2502 = ORIENTED_EDGE ( 'NONE', *, *, #2041, .T. ) ;
#2503 = AXIS2_PLACEMENT_3D ( 'NONE', #1849, #2062, #241 ) ;
#2504 = ADVANCED_FACE ( 'NONE', ( #1804 ), #2599, .T. ) ;
#2505 = VECTOR ( 'NONE', #2492, 1000.000000000000000 ) ;
#2506 = DIRECTION ( 'NONE',  ( 0.000000000000000000, 1.000000000000000000, 0.000000000000000000 ) ) ;
#2507 = ORIENTED_EDGE ( 'NONE', *, *, #1469, .T. ) ;
#2508 = CARTESIAN_POINT ( 'NONE',  ( -81.73936786579155012, -9.900000000000005684, 23.14999999999999503 ) ) ;
#2509 = LINE ( 'NONE', #1104, #2184 ) ;
#2510 = ORIENTED_EDGE ( 'NONE', *, *, #24, .T. ) ;
#2511 = CARTESIAN_POINT ( 'NONE',  ( -87.00186786579155296, 19.99999999999998224, 6.199999999999988631 ) ) ;
#2512 = AXIS2_PLACEMENT_3D ( 'NONE', #674, #2506, #884 ) ;
#2513 = ORIENTED_EDGE ( 'NONE', *, *, #175, .F. ) ;
#2514 = CARTESIAN_POINT ( 'NONE',  ( -87.00186786579155296, -9.900000000000005684, 4.699999999999990408 ) ) ;
#2515 = VERTEX_POINT ( 'NONE', #813 ) ;
#2516 = EDGE_CURVE ( 'NONE', #2515, #2416, #1422, .T. ) ;
#2517 = ORIENTED_EDGE ( 'NONE', *, *, #347, .T. ) ;
#2518 = ORIENTED_EDGE ( 'NONE', *, *, #1842, .F. ) ;
#2519 = EDGE_CURVE ( 'NONE', #1705, #1579, #613, .T. ) ;
#2520 = VERTEX_POINT ( 'NONE', #1383 ) ;
#2521 = CARTESIAN_POINT ( 'NONE',  ( -30.24999999999999289, 19.99999999999999645, 55.00000000000000000 ) ) ;
#2522 = VECTOR ( 'NONE', #255, 1000.000000000000000 ) ;
#2523 = DIRECTION ( 'NONE',  ( 2.463512628606117579E-16, -1.000000000000000000, 0.000000000000000000 ) ) ;
#2524 = VERTEX_POINT ( 'NONE', #625 ) ;
#2525 = CARTESIAN_POINT ( 'NONE',  ( -47.91666666666666430, 9.999999999999994671, 34.37500000000000000 ) ) ;
#2526 = CARTESIAN_POINT ( 'NONE',  ( -91.85186786579154727, 19.99999999999998224, -3.300000000000011369 ) ) ;
#2527 = ORIENTED_EDGE ( 'NONE', *, *, #507, .F. ) ;
#2528 = FACE_OUTER_BOUND ( 'NONE', #1874, .T. ) ;
#2529 = ORIENTED_EDGE ( 'NONE', *, *, #1703, .T. ) ;
#2530 = VERTEX_POINT ( 'NONE', #2403 ) ;
#2531 = EDGE_LOOP ( 'NONE', ( #922, #779, #2281, #1848 ) ) ;
#2532 = CARTESIAN_POINT ( 'NONE',  ( -28.24999999999999289, 19.99999999999999645, 55.00000000000000000 ) ) ;
#2533 = EDGE_CURVE ( 'NONE', #1410, #2414, #2236, .T. ) ;
#2534 = DIRECTION ( 'NONE',  ( -2.454725278939251986E-16, 1.000000000000000000, 1.412361382570359924E-32 ) ) ;
#2535 = LINE ( 'NONE', #1119, #814 ) ;
#2536 = DIRECTION ( 'NONE',  ( -2.454725278939251986E-16, 1.000000000000000000, 1.412361382570359924E-32 ) ) ;
#2537 = ORIENTED_EDGE ( 'NONE', *, *, #1501, .F. ) ;
#2538 = CARTESIAN_POINT ( 'NONE',  ( -17.76067479457051945, 20.00000000000000000, -17.62912846145549040 ) ) ;
#2539 = ORIENTED_EDGE ( 'NONE', *, *, #1860, .F. ) ;
#2540 = AXIS2_PLACEMENT_3D ( 'NONE', #1896, #709, #1937 ) ;
#2541 = ORIENTED_EDGE ( 'NONE', *, *, #75, .T. ) ;
#2542 = ORIENTED_EDGE ( 'NONE', *, *, #1235, .T. ) ;
#2543 = VECTOR ( 'NONE', #1268, 1000.000000000000000 ) ;
#2544 = DIRECTION ( 'NONE',  ( 0.000000000000000000, 0.000000000000000000, 1.000000000000000000 ) ) ;
#2545 = AXIS2_PLACEMENT_3D ( 'NONE', #174, #1822, #961 ) ;
#2546 = AXIS2_PLACEMENT_3D ( 'NONE', #575, #1805, #564 ) ;
#2547 = EDGE_CURVE ( 'NONE', #870, #1457, #447, .T. ) ;
#2548 = DIRECTION ( 'NONE',  ( 0.000000000000000000, 0.000000000000000000, 1.000000000000000000 ) ) ;
#2549 = VECTOR ( 'NONE', #2202, 1000.000000000000000 ) ;
#2550 = ADVANCED_FACE ( 'NONE', ( #2247 ), #1230, .F. ) ;
#2551 = DIRECTION ( 'NONE',  ( 2.454725278939251986E-16, -1.000000000000000000, -1.412361382570359924E-32 ) ) ;
#2552 = ADVANCED_FACE ( 'NONE', ( #1585 ), #2390, .T. ) ;
#2553 = ORIENTED_EDGE ( 'NONE', *, *, #1160, .F. ) ;
#2554 = CARTESIAN_POINT ( 'NONE',  ( -38.83333333333333570, 19.99999999999999289, 20.62499999999999645 ) ) ;
#2555 = ORIENTED_EDGE ( 'NONE', *, *, #823, .T. ) ;
#2556 = CARTESIAN_POINT ( 'NONE',  ( -81.85186786579157570, 19.99999999999998224, 46.11622933630809484 ) ) ;
#2557 = SECURITY_CLASSIFICATION_LEVEL ( 'unclassified' ) ;
#2558 = EDGE_LOOP ( 'NONE', ( #1904, #303, #1605, #115 ) ) ;
#2559 = EDGE_LOOP ( 'NONE', ( #2336, #1107, #176, #594, #1416 ) ) ;
#2560 = FACE_BOUND ( 'NONE', #328, .T. ) ;
#2561 = EDGE_LOOP ( 'NONE', ( #333, #1019, #212, #2541, #1472, #1326, #1700, #2307, #1862, #165, #1620, #543, #1800, #1166, #335, #386, #2039, #1741 ) ) ;
#2562 = DIRECTION ( 'NONE',  ( -1.000000000000000000, 0.000000000000000000, 0.000000000000000000 ) ) ;
#2563 = LINE ( 'NONE', #757, #23 ) ;
#2564 = ORIENTED_EDGE ( 'NONE', *, *, #2495, .T. ) ;
#2565 = CARTESIAN_POINT ( 'NONE',  ( -28.24999999999999645, 19.99999999999999645, 2.000000000000001776 ) ) ;
#2566 = DIRECTION ( 'NONE',  ( -2.454725278939251986E-16, 1.000000000000000000, 1.412361382570359924E-32 ) ) ;
#2567 = EDGE_CURVE ( 'NONE', #2312, #541, #2465, .T. ) ;
#2568 = ORIENTED_EDGE ( 'NONE', *, *, #1941, .F. ) ;
#2569 = DIRECTION ( 'NONE',  ( 1.000000000000000000, 2.454725278939251986E-16, -1.090989012861889826E-16 ) ) ;
#2570 = VERTEX_POINT ( 'NONE', #2200 ) ;
#2571 = FACE_BOUND ( 'NONE', #2466, .T. ) ;
#2572 = CARTESIAN_POINT ( 'NONE',  ( -61.33333333333332860, 17.99999999999997513, 41.25000000000000000 ) ) ;
#2573 = LINE ( 'NONE', #982, #2340 ) ;
#2574 = ADVANCED_FACE ( 'NONE', ( #392 ), #7, .F. ) ;
#2575 = EDGE_LOOP ( 'NONE', ( #683, #1499, #2172, #925 ) ) ;
#2576 = CARTESIAN_POINT ( 'NONE',  ( -49.41666666666666430, 17.99999999999999289, 34.37500000000000000 ) ) ;
#2577 = DIRECTION ( 'NONE',  ( 0.000000000000000000, 1.000000000000000000, 0.000000000000000000 ) ) ;
#2578 = ADVANCED_FACE ( 'NONE', ( #1412 ), #2059, .F. ) ;
#2579 = ORIENTED_EDGE ( 'NONE', *, *, #321, .T. ) ;
#2580 = VECTOR ( 'NONE', #123, 1000.000000000000000 ) ;
#2581 = ORIENTED_EDGE ( 'NONE', *, *, #797, .T. ) ;
#2582 = EDGE_CURVE ( 'NONE', #34, #1917, #1368, .T. ) ;
#2583 = CONICAL_SURFACE ( 'NONE', #2293, 1.500000000000004885, 0.7853981633974498333 ) ;
#2584 = VECTOR ( 'NONE', #750, 1000.000000000000000 ) ;
#2585 = DIRECTION ( 'NONE',  ( 0.000000000000000000, 0.000000000000000000, 1.000000000000000000 ) ) ;
#2586 = AXIS2_PLACEMENT_3D ( 'NONE', #658, #836, #459 ) ;
#2587 = DIRECTION ( 'NONE',  ( 2.454725278939251986E-16, -1.000000000000000000, -1.412361382570359924E-32 ) ) ;
#2588 = CARTESIAN_POINT ( 'NONE',  ( -50.91666666666665719, -15.00000000000001066, 34.37500000000000000 ) ) ;
#2589 = ORIENTED_EDGE ( 'NONE', *, *, #2593, .T. ) ;
#2590 = CARTESIAN_POINT ( 'NONE',  ( -62.83333333333332149, 17.99999999999998224, 41.25000000000000000 ) ) ;
#2591 = DIRECTION ( 'NONE',  ( -0.9999538254567804652, -2.454611933120768166E-16, 0.009609732272582004881 ) ) ;
#2592 = ORIENTED_EDGE ( 'NONE', *, *, #1084, .T. ) ;
#2593 = EDGE_CURVE ( 'NONE', #2212, #2416, #1763, .T. ) ;
#2594 = CARTESIAN_POINT ( 'NONE',  ( -81.73936786579155012, 9.999999999999984013, 24.64999999999999147 ) ) ;
#2595 = ADVANCED_FACE ( 'NONE', ( #1903 ), #87, .F. ) ;
#2596 = ORIENTED_EDGE ( 'NONE', *, *, #1249, .T. ) ;
#2597 = EDGE_CURVE ( 'NONE', #1331, #409, #897, .T. ) ;
#2598 = EDGE_CURVE ( 'NONE', #935, #772, #49, .T. ) ;
#2599 = CYLINDRICAL_SURFACE ( 'NONE', #1721, 2.000000000000001776 ) ;
#2600 = ORIENTED_EDGE ( 'NONE', *, *, #826, .F. ) ;
#2601 = CARTESIAN_POINT ( 'NONE',  ( -64.33333333333331439, -15.00000000000001421, 41.25000000000000000 ) ) ;
#2602 = CARTESIAN_POINT ( 'NONE',  ( -28.24999999999999289, 19.99999999999999645, 53.00000000000000000 ) ) ;
#2603 = DIRECTION ( 'NONE',  ( -2.454725278939251986E-16, 1.000000000000000000, 1.412361382570359924E-32 ) ) ;
#2604 = EDGE_LOOP ( 'NONE', ( #1729, #571, #1132, #351 ) ) ;
#2605 = DIRECTION ( 'NONE',  ( 0.000000000000000000, 1.000000000000000000, 0.000000000000000000 ) ) ;
ENDSEC;
END-ISO-10303-21;
