ISO-10303-21;
HEADER;
FILE_DESCRIPTION (( 'STEP AP203' ),
    '1' );
FILE_NAME ('cutting shaft hanger 2.STEP',
    '2026-06-02T08:28:26',
    ( '' ),
    ( '' ),
    'SwSTEP 2.0',
    'SolidWorks 2024',
    '' );
FILE_SCHEMA (( 'CONFIG_CONTROL_DESIGN' ));
ENDSEC;

DATA;
#1 = CARTESIAN_POINT ( 'NONE',  ( -9.999999999999994671, -8.500000000000010658, 215.0000000000000000 ) ) ;
#2 = AXIS2_PLACEMENT_3D ( 'NONE', #1892, #906, #507 ) ;
#3 = DIRECTION ( 'NONE',  ( 2.220446049250313081E-16, -1.000000000000000000, -6.938893903907225912E-17 ) ) ;
#4 = SECURITY_CLASSIFICATION_LEVEL ( 'unclassified' ) ;
#5 = VERTEX_POINT ( 'NONE', #2099 ) ;
#6 = CARTESIAN_POINT ( 'NONE',  ( -10.00000000000000000, -30.00000000000000000, 230.0000000000000000 ) ) ;
#7 = CARTESIAN_POINT ( 'NONE',  ( 8.979035614105619345, 48.92929216119344460, 195.0351739328737608 ) ) ;
#8 = FACE_OUTER_BOUND ( 'NONE', #1367, .T. ) ;
#9 = ORIENTED_EDGE ( 'NONE', *, *, #2274, .T. ) ;
#10 = CARTESIAN_POINT ( 'NONE',  ( -11.46446609406726935, 125.9374017717254048, 165.0000000000000000 ) ) ;
#11 = CARTESIAN_POINT ( 'NONE',  ( 30.00000000000000000, 10.00000000000000000, 175.0000000000000284 ) ) ;
#12 = ORIENTED_EDGE ( 'NONE', *, *, #2387, .F. ) ;
#13 = DIRECTION ( 'NONE',  ( 0.000000000000000000, -1.000000000000000000, 0.000000000000000000 ) ) ;
#14 = EDGE_CURVE ( 'NONE', #1418, #340, #546, .T. ) ;
#15 = CARTESIAN_POINT ( 'NONE',  ( 27.00000000000000000, 85.10186786579268414, 171.7500000000000000 ) ) ;
#16 = EDGE_CURVE ( 'NONE', #1338, #720, #2075, .T. ) ;
#17 = DIRECTION ( 'NONE',  ( 4.336808689942019585E-17, -1.000000000000000000, 0.000000000000000000 ) ) ;
#18 = AXIS2_PLACEMENT_3D ( 'NONE', #414, #1199, #2142 ) ;
#19 = CIRCLE ( 'NONE', #1379, 1.500000000000001332 ) ;
#20 = AXIS2_PLACEMENT_3D ( 'NONE', #1830, #648, #1394 ) ;
#21 = VERTEX_POINT ( 'NONE', #182 ) ;
#22 = CARTESIAN_POINT ( 'NONE',  ( 22.00000000000001421, 10.00000000000000000, 175.0000000000000000 ) ) ;
#23 = CARTESIAN_POINT ( 'NONE',  ( 24.99999999999999645, 50.00000000000000000, 194.9999999999999147 ) ) ;
#24 = DIRECTION ( 'NONE',  ( -0.6324555320336695541, -0.6324555320336631148, -0.4472135954999851282 ) ) ;
#25 = CARTESIAN_POINT ( 'NONE',  ( 30.00000000000000000, 70.00000000000011369, 175.0000000000000284 ) ) ;
#26 = CIRCLE ( 'NONE', #1468, 1.499999999999999556 ) ;
#27 = DIRECTION ( 'NONE',  ( 2.220446049250313081E-16, -1.000000000000000000, -6.938893903907225912E-17 ) ) ;
#28 = EDGE_LOOP ( 'NONE', ( #2525, #823, #102, #2398 ) ) ;
#29 = DIRECTION ( 'NONE',  ( 1.000000000000000000, 1.786765180256111061E-16, 6.938893903907225912E-17 ) ) ;
#30 = CARTESIAN_POINT ( 'NONE',  ( 10.56054295327294490, 49.85530012980890291, 195.1446998701910900 ) ) ;
#31 = EDGE_CURVE ( 'NONE', #567, #1500, #2181, .T. ) ;
#32 = LINE ( 'NONE', #435, #1747 ) ;
#33 = ORIENTED_EDGE ( 'NONE', *, *, #1390, .T. ) ;
#34 = DIRECTION ( 'NONE',  ( -1.000000000000000000, -4.336808689942018352E-17, -0.000000000000000000 ) ) ;
#35 = PLANE ( 'NONE',  #1502 ) ;
#36 = ADVANCED_FACE ( 'NONE', ( #765 ), #376, .F. ) ;
#37 = DIRECTION ( 'NONE',  ( 1.000000000000000000, 0.000000000000000000, 0.000000000000000000 ) ) ;
#38 = VECTOR ( 'NONE', #590, 1000.000000000000000 ) ;
#39 = DIRECTION ( 'NONE',  ( -4.336808689942018969E-17, 1.000000000000000000, -0.000000000000000000 ) ) ;
#40 = ORIENTED_EDGE ( 'NONE', *, *, #1621, .F. ) ;
#41 = CARTESIAN_POINT ( 'NONE',  ( 12.07106781186549505, 50.00000000000000000, 194.9999999999999147 ) ) ;
#42 = CARTESIAN_POINT ( 'NONE',  ( -34.14213562373102917, 34.14213562373092259, 175.0000000000000284 ) ) ;
#43 = DIRECTION ( 'NONE',  ( -0.3162277660168389959, -0.3162277660168366089, -0.8944271909999158554 ) ) ;
#44 = VERTEX_POINT ( 'NONE', #573 ) ;
#45 = ORIENTED_EDGE ( 'NONE', *, *, #397, .T. ) ;
#46 = DIRECTION ( 'NONE',  ( -0.000000000000000000, -0.000000000000000000, -1.000000000000000000 ) ) ;
#47 = EDGE_CURVE ( 'NONE', #465, #212, #32, .T. ) ;
#48 = LINE ( 'NONE', #1808, #600 ) ;
#49 = DIRECTION ( 'NONE',  ( 1.000000000000000000, 0.000000000000000000, 0.000000000000000000 ) ) ;
#50 = VERTEX_POINT ( 'NONE', #2003 ) ;
#51 = CARTESIAN_POINT ( 'NONE',  ( 23.50000000000001421, 10.00000000000000000, 175.0000000000000000 ) ) ;
#52 = PLANE ( 'NONE',  #1842 ) ;
#53 = CARTESIAN_POINT ( 'NONE',  ( 11.87314349568429428, 49.99999999999999289, 194.9999999999999147 ) ) ;
#54 = VECTOR ( 'NONE', #812, 1000.000000000000000 ) ;
#55 = ORIENTED_EDGE ( 'NONE', *, *, #821, .T. ) ;
#56 = VECTOR ( 'NONE', #687, 999.9999999999998863 ) ;
#57 = FACE_BOUND ( 'NONE', #1078, .T. ) ;
#58 = VECTOR ( 'NONE', #224, 1000.000000000000000 ) ;
#59 = ORIENTED_EDGE ( 'NONE', *, *, #476, .F. ) ;
#60 = EDGE_CURVE ( 'NONE', #1576, #1285, #1801, .T. ) ;
#61 = PLANE ( 'NONE',  #1840 ) ;
#62 = ORIENTED_EDGE ( 'NONE', *, *, #2149, .F. ) ;
#63 = LINE ( 'NONE', #2221, #922 ) ;
#64 = CARTESIAN_POINT ( 'NONE',  ( 0.6801948466053260312, 68.96446609406739015, 175.0000000000000284 ) ) ;
#65 = EDGE_CURVE ( 'NONE', #626, #536, #1567, .T. ) ;
#66 = CARTESIAN_POINT ( 'NONE',  ( 14.99999999999999645, 10.00000000000000711, 195.0000000000000000 ) ) ;
#67 = ORIENTED_EDGE ( 'NONE', *, *, #1087, .T. ) ;
#68 = CARTESIAN_POINT ( 'NONE',  ( -14.20728534805973453, 63.37334882935098790, 169.9999999999999716 ) ) ;
#69 = ORIENTED_EDGE ( 'NONE', *, *, #1534, .F. ) ;
#70 = CARTESIAN_POINT ( 'NONE',  ( 24.99999999999999645, 70.00000000000011369, 175.0000000000000284 ) ) ;
#71 = ORIENTED_EDGE ( 'NONE', *, *, #2204, .F. ) ;
#72 = DIRECTION ( 'NONE',  ( -0.000000000000000000, -0.000000000000000000, -1.000000000000000000 ) ) ;
#73 = CARTESIAN_POINT ( 'NONE',  ( -125.9374017717247654, 11.46446609406727468, 175.0000000000000284 ) ) ;
#74 = VECTOR ( 'NONE', #2533, 1000.000000000000000 ) ;
#75 = EDGE_CURVE ( 'NONE', #2061, #810, #1359, .T. ) ;
#76 = DIRECTION ( 'NONE',  ( -4.336808689942018969E-17, 1.000000000000000000, -0.000000000000000000 ) ) ;
#77 = ORIENTED_EDGE ( 'NONE', *, *, #1106, .T. ) ;
#78 = FACE_OUTER_BOUND ( 'NONE', #1302, .T. ) ;
#79 = ORIENTED_EDGE ( 'NONE', *, *, #929, .F. ) ;
#80 = AXIS2_PLACEMENT_3D ( 'NONE', #2059, #495, #2245 ) ;
#81 = CARTESIAN_POINT ( 'NONE',  ( 7.000000000000009770, 39.99999999999999289, 175.0000000000000284 ) ) ;
#82 = VERTEX_POINT ( 'NONE', #211 ) ;
#83 = DIRECTION ( 'NONE',  ( 0.000000000000000000, -1.000000000000000000, 0.000000000000000000 ) ) ;
#84 = DIRECTION ( 'NONE',  ( -1.000000000000000000, 0.000000000000000000, 0.000000000000000000 ) ) ;
#85 = LINE ( 'NONE', #1125, #268 ) ;
#86 = LINE ( 'NONE', #458, #1570 ) ;
#87 = EDGE_CURVE ( 'NONE', #1627, #2114, #1224, .T. ) ;
#88 = ADVANCED_FACE ( 'NONE', ( #2386 ), #1988, .T. ) ;
#89 = EDGE_LOOP ( 'NONE', ( #355, #2094 ) ) ;
#90 = FACE_OUTER_BOUND ( 'NONE', #1552, .T. ) ;
#91 = AXIS2_PLACEMENT_3D ( 'NONE', #1536, #1120, #2323 ) ;
#92 = EDGE_CURVE ( 'NONE', #1511, #1061, #167, .T. ) ;
#93 = ORIENTED_EDGE ( 'NONE', *, *, #1739, .T. ) ;
#94 = VECTOR ( 'NONE', #2069, 1000.000000000000114 ) ;
#95 = CIRCLE ( 'NONE', #2289, 6.150000000000003020 ) ;
#96 = FACE_BOUND ( 'NONE', #1447, .T. ) ;
#97 = EDGE_CURVE ( 'NONE', #2402, #767, #1100, .T. ) ;
#98 = EDGE_LOOP ( 'NONE', ( #77, #849, #499, #2334 ) ) ;
#99 = CARTESIAN_POINT ( 'NONE',  ( -107.8518678657915331, -1.200000000000022160, 167.0000000000000000 ) ) ;
#100 = CYLINDRICAL_SURFACE ( 'NONE', #717, 13.99999999999999822 ) ;
#101 = CARTESIAN_POINT ( 'NONE',  ( 8.535533905932757293, 48.53553390593275196, 194.9999999999999147 ) ) ;
#102 = ORIENTED_EDGE ( 'NONE', *, *, #1211, .T. ) ;
#103 = LINE ( 'NONE', #699, #1533 ) ;
#104 = EDGE_CURVE ( 'NONE', #136, #197, #957, .T. ) ;
#105 = ORIENTED_EDGE ( 'NONE', *, *, #1914, .F. ) ;
#106 = ADVANCED_FACE ( 'NONE', ( #961 ), #1754, .T. ) ;
#107 = ORIENTED_EDGE ( 'NONE', *, *, #1171, .F. ) ;
#108 = PLANE ( 'NONE',  #1334 ) ;
#109 = ORIENTED_EDGE ( 'NONE', *, *, #2246, .F. ) ;
#110 = CARTESIAN_POINT ( 'NONE',  ( 23.50000000000001421, 40.00000000000000000, 175.0000000000000000 ) ) ;
#111 = DIRECTION ( 'NONE',  ( 0.000000000000000000, 0.000000000000000000, -1.000000000000000000 ) ) ;
#112 = PLANE ( 'NONE',  #1587 ) ;
#113 = VERTEX_POINT ( 'NONE', #1815 ) ;
#114 = DIRECTION ( 'NONE',  ( 0.000000000000000000, -1.000000000000000000, 0.000000000000000000 ) ) ;
#115 = CIRCLE ( 'NONE', #618, 1.499999999999997780 ) ;
#116 = ORIENTED_EDGE ( 'NONE', *, *, #896, .F. ) ;
#117 = DIRECTION ( 'NONE',  ( 0.000000000000000000, 0.000000000000000000, 1.000000000000000000 ) ) ;
#118 = VERTEX_POINT ( 'NONE', #1387 ) ;
#119 = EDGE_CURVE ( 'NONE', #1080, #278, #377, .T. ) ;
#120 = CARTESIAN_POINT ( 'NONE',  ( 1.750000000000015543, 108.4018678657931360, 175.0000000000000284 ) ) ;
#121 = VECTOR ( 'NONE', #2234, 1000.000000000000000 ) ;
#122 = ORIENTED_EDGE ( 'NONE', *, *, #1547, .T. ) ;
#123 = DIRECTION ( 'NONE',  ( -4.336808689942018969E-17, 1.000000000000000000, -0.000000000000000000 ) ) ;
#124 = DIRECTION ( 'NONE',  ( -6.938893903907225912E-17, -6.938893903907225912E-17, 1.000000000000000000 ) ) ;
#125 = APPLICATION_CONTEXT ( 'configuration controlled 3d designs of mechanical parts and assemblies' ) ;
#126 = DIRECTION ( 'NONE',  ( 1.786765180256111307E-16, -1.000000000000000000, -6.938893903907225912E-17 ) ) ;
#127 = VECTOR ( 'NONE', #1194, 1000.000000000000000 ) ;
#128 = ORIENTED_EDGE ( 'NONE', *, *, #119, .F. ) ;
#129 = CARTESIAN_POINT ( 'NONE',  ( 30.00000000000000000, 10.00000000000000000, 175.0000000000000284 ) ) ;
#130 = CARTESIAN_POINT ( 'NONE',  ( 25.34276950332036904, 127.3903122960134624, 169.4258489150475100 ) ) ;
#131 = CARTESIAN_POINT ( 'NONE',  ( -50.00000000000000000, -24.99999999999999645, 230.0000000000000000 ) ) ;
#132 = ORIENTED_EDGE ( 'NONE', *, *, #1211, .F. ) ;
#133 = CARTESIAN_POINT ( 'NONE',  ( -127.4018678657920276, 10.00000000000000533, 165.0000000000000000 ) ) ;
#134 = EDGE_CURVE ( 'NONE', #44, #1627, #2258, .T. ) ;
#135 = CIRCLE ( 'NONE', #1336, 1.500000000000003109 ) ;
#136 = VERTEX_POINT ( 'NONE', #2446 ) ;
#137 = DIRECTION ( 'NONE',  ( 1.000000000000000000, 0.000000000000000000, 0.000000000000000000 ) ) ;
#138 = VECTOR ( 'NONE', #1436, 1000.000000000000114 ) ;
#139 = DIRECTION ( 'NONE',  ( -0.000000000000000000, -0.000000000000000000, 1.000000000000000000 ) ) ;
#140 = DIRECTION ( 'NONE',  ( 0.000000000000000000, -1.000000000000000000, 0.000000000000000000 ) ) ;
#141 = ORIENTED_EDGE ( 'NONE', *, *, #328, .T. ) ;
#142 = FACE_OUTER_BOUND ( 'NONE', #926, .T. ) ;
#143 = ADVANCED_FACE ( 'NONE', ( #846 ), #483, .T. ) ;
#144 = VERTEX_POINT ( 'NONE', #1655 ) ;
#145 = LINE ( 'NONE', #2449, #2269 ) ;
#146 = VERTEX_POINT ( 'NONE', #1053 ) ;
#147 = DIRECTION ( 'NONE',  ( -0.3162277660168589244, -0.3162277660168553162, 0.8944271909999023107 ) ) ;
#148 = VERTEX_POINT ( 'NONE', #1848 ) ;
#149 = DIRECTION ( 'NONE',  ( -1.000000000000000000, 0.000000000000000000, 0.000000000000000000 ) ) ;
#150 = DIRECTION ( 'NONE',  ( -0.7071067811865513475, 0.7071067811865437980, 0.000000000000000000 ) ) ;
#151 = ORIENTED_EDGE ( 'NONE', *, *, #1163, .T. ) ;
#152 = DIRECTION ( 'NONE',  ( 0.7071067811865513475, -0.7071067811865437980, -0.000000000000000000 ) ) ;
#153 = EDGE_CURVE ( 'NONE', #496, #788, #1244, .T. ) ;
#154 = ORIENTED_EDGE ( 'NONE', *, *, #1853, .F. ) ;
#155 = PERSON_AND_ORGANIZATION ( #158, #656 ) ;
#156 = VECTOR ( 'NONE', #1763, 1000.000000000000000 ) ;
#157 = ORIENTED_EDGE ( 'NONE', *, *, #505, .F. ) ;
#158 = PERSON ( 'UNSPECIFIED', 'UNSPECIFIED', 'UNSPECIFIED', ('UNSPECIFIED'), ('UNSPECIFIED'), ('UNSPECIFIED') ) ;
#159 = CARTESIAN_POINT ( 'NONE',  ( 27.00000000000000000, 85.10186786579268414, 171.7500000000000000 ) ) ;
#160 = CARTESIAN_POINT ( 'NONE',  ( 27.00000000000009237, 126.9844435607486446, 171.7500000000003411 ) ) ;
#161 = ORIENTED_EDGE ( 'NONE', *, *, #2306, .F. ) ;
#162 = CARTESIAN_POINT ( 'NONE',  ( -77.18621530713431866, 60.21565255865798605, 170.0000000000000000 ) ) ;
#163 = DIRECTION ( 'NONE',  ( 0.000000000000000000, 0.000000000000000000, -1.000000000000000000 ) ) ;
#164 = ORIENTED_EDGE ( 'NONE', *, *, #1469, .T. ) ;
#165 = CARTESIAN_POINT ( 'NONE',  ( -70.60660171779836958, -2.928932188134664383, 174.3933982822017583 ) ) ;
#166 = ADVANCED_FACE ( 'NONE', ( #275 ), #2436, .F. ) ;
#167 = LINE ( 'NONE', #587, #1160 ) ;
#168 = EDGE_CURVE ( 'NONE', #893, #936, #468, .T. ) ;
#169 = COORDINATED_UNIVERSAL_TIME_OFFSET ( 1, 0, .AHEAD. ) ;
#170 = ORIENTED_EDGE ( 'NONE', *, *, #1290, .F. ) ;
#171 = CARTESIAN_POINT ( 'NONE',  ( -60.21565255865799315, 77.18621530713447498, 170.0000000000000000 ) ) ;
#172 = DIRECTION ( 'NONE',  ( 0.7071067811865512365, -0.7071067811865437980, 0.000000000000000000 ) ) ;
#173 = EDGE_CURVE ( 'NONE', #923, #1470, #339, .T. ) ;
#174 = ORIENTED_EDGE ( 'NONE', *, *, #1260, .T. ) ;
#175 = LINE ( 'NONE', #971, #1960 ) ;
#176 = VECTOR ( 'NONE', #1750, 1000.000000000000000 ) ;
#177 = EDGE_LOOP ( 'NONE', ( #2226, #62, #2053, #798, #669 ) ) ;
#178 = DIRECTION ( 'NONE',  ( -0.7071067811865516806, 0.7071067811865434649, 0.000000000000000000 ) ) ;
#179 = VECTOR ( 'NONE', #989, 1000.000000000000000 ) ;
#180 = DIRECTION ( 'NONE',  ( 0.3162277660168552607, 0.3162277660168590354, 0.8944271909999021997 ) ) ;
#181 = VECTOR ( 'NONE', #506, 1000.000000000000000 ) ;
#182 = CARTESIAN_POINT ( 'NONE',  ( -127.4018678657919992, 7.928932188134489856, 175.0000000000000284 ) ) ;
#183 = ORIENTED_EDGE ( 'NONE', *, *, #2218, .F. ) ;
#184 = EDGE_LOOP ( 'NONE', ( #1613, #724, #2364, #1182, #1849, #1851 ) ) ;
#185 = CARTESIAN_POINT ( 'NONE',  ( -15.44472221513619026, 62.13591196227451263, 169.9999999999999716 ) ) ;
#186 = CARTESIAN_POINT ( 'NONE',  ( 29.99999999999999645, 47.92893218813453871, 194.1421356237308942 ) ) ;
#187 = CARTESIAN_POINT ( 'NONE',  ( 7.000000000000009770, 39.99999999999999289, 175.0000000000000284 ) ) ;
#188 = EDGE_LOOP ( 'NONE', ( #1508, #389, #1398, #2428 ) ) ;
#189 = CARTESIAN_POINT ( 'NONE',  ( 23.50000000000001421, 40.00000000000000000, 175.0000000000000000 ) ) ;
#190 = EDGE_CURVE ( 'NONE', #1980, #21, #1241, .T. ) ;
#191 = DIRECTION ( 'NONE',  ( 0.000000000000000000, 0.000000000000000000, -1.000000000000000000 ) ) ;
#192 = ORIENTED_EDGE ( 'NONE', *, *, #2462, .T. ) ;
#193 = DIRECTION ( 'NONE',  ( 0.000000000000000000, 0.000000000000000000, -1.000000000000000000 ) ) ;
#194 = DIRECTION ( 'NONE',  ( -1.000000000000000000, 0.000000000000000000, 0.000000000000000000 ) ) ;
#195 = CARTESIAN_POINT ( 'NONE',  ( 25.62163343343145883, 127.3635137093290552, 168.9155232791994194 ) ) ;
#196 = DATE_AND_TIME ( #2321, #198 ) ;
#197 = VERTEX_POINT ( 'NONE', #663 ) ;
#198 = LOCAL_TIME ( 10, 28, 26.00000000000000000, #2152 ) ;
#199 = DIRECTION ( 'NONE',  ( 0.7071067811865464625, 0.7071067811865486830, 0.000000000000000000 ) ) ;
#200 = DIRECTION ( 'NONE',  ( 0.7071067811865513475, -0.7071067811865437980, -0.000000000000000000 ) ) ;
#201 = AXIS2_PLACEMENT_3D ( 'NONE', #1513, #749, #928 ) ;
#202 = LINE ( 'NONE', #1433, #924 ) ;
#203 = EDGE_CURVE ( 'NONE', #2248, #337, #670, .T. ) ;
#204 = ORIENTED_EDGE ( 'NONE', *, *, #2209, .T. ) ;
#205 = CARTESIAN_POINT ( 'NONE',  ( -49.50131801714545787, -9.705954536043483571, 195.1446998701909763 ) ) ;
#206 = EDGE_CURVE ( 'NONE', #118, #1778, #2150, .T. ) ;
#207 = CARTESIAN_POINT ( 'NONE',  ( 27.00000000000009237, 126.9844435607486446, 171.7500000000003411 ) ) ;
#208 = ORIENTED_EDGE ( 'NONE', *, *, #710, .F. ) ;
#209 = CARTESIAN_POINT ( 'NONE',  ( -33.34559487356899865, 33.34559487356857232, 0.000000000000000000 ) ) ;
#210 = DIRECTION ( 'NONE',  ( 0.000000000000000000, 0.000000000000000000, -1.000000000000000000 ) ) ;
#211 = CARTESIAN_POINT ( 'NONE',  ( 30.00000000000000000, 62.92893218813459555, 175.0000000000000284 ) ) ;
#212 = VERTEX_POINT ( 'NONE', #66 ) ;
#213 = AXIS2_PLACEMENT_3D ( 'NONE', #1181, #226, #2370 ) ;
#214 = DIRECTION ( 'NONE',  ( 0.000000000000000000, -1.000000000000000000, 0.000000000000000000 ) ) ;
#215 = AXIS2_PLACEMENT_3D ( 'NONE', #661, #1222, #2023 ) ;
#216 = DIRECTION ( 'NONE',  ( 0.000000000000000000, 0.000000000000000000, -1.000000000000000000 ) ) ;
#217 = CYLINDRICAL_SURFACE ( 'NONE', #393, 5.000000000000000000 ) ;
#218 = VERTEX_POINT ( 'NONE', #1632 ) ;
#219 = CARTESIAN_POINT ( 'NONE',  ( 0.000000000000000000, 0.000000000000000000, 175.0000000000000284 ) ) ;
#220 = CARTESIAN_POINT ( 'NONE',  ( -4.999999999999998224, 9.999999999999998224, 165.0000000000000000 ) ) ;
#221 = EDGE_CURVE ( 'NONE', #617, #555, #2505, .T. ) ;
#222 = EDGE_LOOP ( 'NONE', ( #2530, #318 ) ) ;
#223 = DIRECTION ( 'NONE',  ( 0.000000000000000000, 1.000000000000000000, 0.000000000000000000 ) ) ;
#224 = DIRECTION ( 'NONE',  ( 0.3162277660168365534, 0.3162277660168390514, -0.8944271909999159664 ) ) ;
#225 = AXIS2_PLACEMENT_3D ( 'NONE', #1937, #2518, #744 ) ;
#226 = DIRECTION ( 'NONE',  ( 0.000000000000000000, 0.7071067811865512365, -0.7071067811865437980 ) ) ;
#227 = CIRCLE ( 'NONE', #1173, 6.149999999999985256 ) ;
#228 = AXIS2_PLACEMENT_3D ( 'NONE', #1305, #2288, #137 ) ;
#229 = EDGE_CURVE ( 'NONE', #899, #617, #1463, .T. ) ;
#230 =( BOUNDED_CURVE ( )  B_SPLINE_CURVE ( 3, ( #1028, #30, #2354, #1615 ),
 .UNSPECIFIED., .F., .T. ) 
 B_SPLINE_CURVE_WITH_KNOTS ( ( 4, 4 ),
 ( 2.867578449779638827, 3.415606857399947405 ),
 .UNSPECIFIED. ) 
 CURVE ( )  GEOMETRIC_REPRESENTATION_ITEM ( )  RATIONAL_B_SPLINE_CURVE ( ( 1.000000000000000000, 0.9751282799207713348, 0.9751282799207713348, 1.000000000000000000 ) ) 
 REPRESENTATION_ITEM ( '' )  );
#231 = ORIENTED_EDGE ( 'NONE', *, *, #168, .T. ) ;
#232 = CARTESIAN_POINT ( 'NONE',  ( -67.07106781186564604, -2.928932188134663051, 170.8578643762690206 ) ) ;
#233 = FACE_OUTER_BOUND ( 'NONE', #2247, .T. ) ;
#234 = DIRECTION ( 'NONE',  ( -0.000000000000000000, -0.000000000000000000, 1.000000000000000000 ) ) ;
#235 = DIRECTION ( 'NONE',  ( 0.000000000000000000, 0.000000000000000000, -1.000000000000000000 ) ) ;
#236 = ADVANCED_FACE ( 'NONE', ( #447 ), #1030, .F. ) ;
#237 = EDGE_LOOP ( 'NONE', ( #2110, #1270, #398, #865 ) ) ;
#238 = DIRECTION ( 'NONE',  ( -0.000000000000000000, -0.000000000000000000, -1.000000000000000000 ) ) ;
#239 = FACE_OUTER_BOUND ( 'NONE', #1101, .T. ) ;
#240 = CARTESIAN_POINT ( 'NONE',  ( 2.928932188134474757, 70.60660171779832694, 174.3933982822018152 ) ) ;
#241 = EDGE_CURVE ( 'NONE', #1673, #1995, #581, .T. ) ;
#242 = EDGE_CURVE ( 'NONE', #964, #893, #1836, .T. ) ;
#243 = ORIENTED_EDGE ( 'NONE', *, *, #2223, .F. ) ;
#244 = LINE ( 'NONE', #450, #2143 ) ;
#245 = CARTESIAN_POINT ( 'NONE',  ( -33.34559487356882812, 33.34559487356874286, 176.1264787318622211 ) ) ;
#246 = LOCAL_TIME ( 10, 28, 26.00000000000000000, #742 ) ;
#247 = CARTESIAN_POINT ( 'NONE',  ( -50.00000000000000000, -12.07106781186567623, 230.0000000000000000 ) ) ;
#248 = VERTEX_POINT ( 'NONE', #1869 ) ;
#249 = DIRECTION ( 'NONE',  ( 1.000000000000000000, 0.000000000000000000, 0.000000000000000000 ) ) ;
#250 = DIRECTION ( 'NONE',  ( -4.336808689942018969E-17, 1.000000000000000000, 0.000000000000000000 ) ) ;
#251 = CARTESIAN_POINT ( 'NONE',  ( 7.000000000000009770, 39.99999999999999289, 175.0000000000000284 ) ) ;
#252 = EDGE_CURVE ( 'NONE', #555, #567, #643, .T. ) ;
#253 = ORIENTED_EDGE ( 'NONE', *, *, #270, .T. ) ;
#254 = DIRECTION ( 'NONE',  ( 0.000000000000000000, 0.000000000000000000, -1.000000000000000000 ) ) ;
#255 = VECTOR ( 'NONE', #1593, 1000.000000000000000 ) ;
#256 = ORIENTED_EDGE ( 'NONE', *, *, #258, .T. ) ;
#257 = AXIS2_PLACEMENT_3D ( 'NONE', #653, #832, #1255 ) ;
#258 = EDGE_CURVE ( 'NONE', #197, #917, #86, .T. ) ;
#259 = CARTESIAN_POINT ( 'NONE',  ( 28.73571180334199937, 125.7254257101430284, 169.7447251536710553 ) ) ;
#260 = VERTEX_POINT ( 'NONE', #325 ) ;
#261 = FACE_OUTER_BOUND ( 'NONE', #410, .T. ) ;
#262 = FACE_OUTER_BOUND ( 'NONE', #1458, .T. ) ;
#263 = CARTESIAN_POINT ( 'NONE',  ( 12.07106781186549682, 50.00000000000000000, 343.1370849898476081 ) ) ;
#264 = AXIS2_PLACEMENT_3D ( 'NONE', #2105, #553, #2478 ) ;
#265 = EDGE_LOOP ( 'NONE', ( #589, #2442 ) ) ;
#266 = AXIS2_PLACEMENT_3D ( 'NONE', #1653, #481, #1073 ) ;
#267 = DIRECTION ( 'NONE',  ( -0.000000000000000000, -0.000000000000000000, 1.000000000000000000 ) ) ;
#268 = VECTOR ( 'NONE', #1307, 1000.000000000000000 ) ;
#269 = VERTEX_POINT ( 'NONE', #1918 ) ;
#270 = EDGE_CURVE ( 'NONE', #1995, #1673, #459, .T. ) ;
#271 = FACE_OUTER_BOUND ( 'NONE', #632, .T. ) ;
#272 = EDGE_LOOP ( 'NONE', ( #1882, #511, #1589, #105, #2479, #1990, #1948 ) ) ;
#273 = DIRECTION ( 'NONE',  ( -0.7071067811865415775, -0.7071067811865534569, 0.000000000000000000 ) ) ;
#274 = DIRECTION ( 'NONE',  ( -1.000000000000000000, 0.000000000000000000, 0.000000000000000000 ) ) ;
#275 = FACE_OUTER_BOUND ( 'NONE', #2451, .T. ) ;
#276 = ORIENTED_EDGE ( 'NONE', *, *, #2209, .F. ) ;
#277 = DIRECTION ( 'NONE',  ( 0.000000000000000000, -1.000000000000000000, 6.938893903907227145E-17 ) ) ;
#278 = VERTEX_POINT ( 'NONE', #934 ) ;
#279 = CARTESIAN_POINT ( 'NONE',  ( 27.23325272530539110, 126.8826437255326454, 168.2500000000000284 ) ) ;
#280 = EDGE_CURVE ( 'NONE', #1118, #1431, #894, .T. ) ;
#281 = EDGE_CURVE ( 'NONE', #1154, #936, #1530, .T. ) ;
#282 = ORIENTED_EDGE ( 'NONE', *, *, #2516, .F. ) ;
#283 = CARTESIAN_POINT ( 'NONE',  ( -9.999999999999998224, 4.999999999999998224, 230.0000000000000000 ) ) ;
#284 = AXIS2_PLACEMENT_3D ( 'NONE', #399, #1392, #413 ) ;
#285 = FACE_BOUND ( 'NONE', #2038, .T. ) ;
#286 = AXIS2_PLACEMENT_3D ( 'NONE', #903, #1721, #558 ) ;
#287 = DIRECTION ( 'NONE',  ( 0.2810846377148217279, -0.6785983445458503294, 0.6785983445458431129 ) ) ;
#288 = EDGE_CURVE ( 'NONE', #2447, #2282, #999, .T. ) ;
#289 = ORIENTED_EDGE ( 'NONE', *, *, #1017, .T. ) ;
#290 = DIRECTION ( 'NONE',  ( 1.000000000000000000, 0.000000000000000000, 0.000000000000000000 ) ) ;
#291 = ORIENTED_EDGE ( 'NONE', *, *, #840, .T. ) ;
#292 = CIRCLE ( 'NONE', #1411, 13.99999999999999822 ) ;
#293 = ORIENTED_EDGE ( 'NONE', *, *, #493, .T. ) ;
#294 = CARTESIAN_POINT ( 'NONE',  ( 28.75003730630247745, 125.7090147032545246, 169.8736707382751376 ) ) ;
#295 = ORIENTED_EDGE ( 'NONE', *, *, #2326, .T. ) ;
#296 = CARTESIAN_POINT ( 'NONE',  ( -127.4018678657914734, -30.00000000000000355, 175.0000000000000284 ) ) ;
#297 = VECTOR ( 'NONE', #895, 1000.000000000000114 ) ;
#298 = DIRECTION ( 'NONE',  ( 0.000000000000000000, 0.000000000000000000, -1.000000000000000000 ) ) ;
#299 = CARTESIAN_POINT ( 'NONE',  ( 10.00000000000001243, 50.00000000000000000, 194.9999999999999147 ) ) ;
#300 = CARTESIAN_POINT ( 'NONE',  ( -127.4018678657920276, 10.00000000000000533, 175.0000000000000284 ) ) ;
#301 = VERTEX_POINT ( 'NONE', #750 ) ;
#302 = EDGE_CURVE ( 'NONE', #2114, #1235, #1490, .T. ) ;
#303 =( NAMED_UNIT ( * ) SI_UNIT ( $, .STERADIAN. ) SOLID_ANGLE_UNIT ( ) );
#304 = AXIS2_PLACEMENT_3D ( 'NONE', #1554, #2353, #2148 ) ;
#305 = ORIENTED_EDGE ( 'NONE', *, *, #2482, .T. ) ;
#306 = AXIS2_PLACEMENT_3D ( 'NONE', #42, #777, #1800 ) ;
#307 = VECTOR ( 'NONE', #2159, 1000.000000000000000 ) ;
#308 = DIRECTION ( 'NONE',  ( 1.000000000000000000, 0.000000000000000000, 0.000000000000000000 ) ) ;
#309 = EDGE_LOOP ( 'NONE', ( #2284, #497, #253, #157 ) ) ;
#310 = DIRECTION ( 'NONE',  ( 1.000000000000000000, 1.786765180256111061E-16, 6.938893903907225912E-17 ) ) ;
#311 = CARTESIAN_POINT ( 'NONE',  ( -52.43747796560567309, 14.25371178153211815, 170.0000000000000000 ) ) ;
#312 = DIRECTION ( 'NONE',  ( -0.000000000000000000, -1.000000000000000000, 0.000000000000000000 ) ) ;
#313 = ORIENTED_EDGE ( 'NONE', *, *, #431, .F. ) ;
#314 = DIRECTION ( 'NONE',  ( 1.000000000000000000, 1.786765180256111061E-16, 6.938893903907225912E-17 ) ) ;
#315 = ADVANCED_FACE ( 'NONE', ( #2317 ), #1682, .F. ) ;
#316 = ORIENTED_EDGE ( 'NONE', *, *, #1425, .T. ) ;
#317 = DIRECTION ( 'NONE',  ( -0.7071067811865512365, 0.7071067811865437980, 0.000000000000000000 ) ) ;
#318 = ORIENTED_EDGE ( 'NONE', *, *, #2041, .F. ) ;
#319 = CARTESIAN_POINT ( 'NONE',  ( -16.81801948466060637, 51.46625176280141289, 175.0000000000000284 ) ) ;
#320 = ORIENTED_EDGE ( 'NONE', *, *, #281, .T. ) ;
#321 = CARTESIAN_POINT ( 'NONE',  ( -122.4018678657919850, 7.928932188134560022, 175.0000000000000284 ) ) ;
#322 = LINE ( 'NONE', #2339, #1735 ) ;
#323 = AXIS2_PLACEMENT_3D ( 'NONE', #647, #2439, #1444 ) ;
#324 = CARTESIAN_POINT ( 'NONE',  ( -101.7018678657915416, -1.200000000000022160, 175.0000000000000284 ) ) ;
#325 = CARTESIAN_POINT ( 'NONE',  ( -52.43747796560567309, 14.25371178153211815, 170.0000000000000000 ) ) ;
#326 = VECTOR ( 'NONE', #1167, 1000.000000000000000 ) ;
#327 = EDGE_LOOP ( 'NONE', ( #514, #1135, #1084, #1560 ) ) ;
#328 = EDGE_CURVE ( 'NONE', #678, #1207, #2318, .T. ) ;
#329 = CARTESIAN_POINT ( 'NONE',  ( -60.89847509519702839, 16.68215908221318600, 169.9999999999999716 ) ) ;
#330 = ORIENTED_EDGE ( 'NONE', *, *, #2153, .F. ) ;
#331 = CARTESIAN_POINT ( 'NONE',  ( -14.25371178153211815, 52.43747796560567309, 170.0000000000000000 ) ) ;
#332 = EDGE_LOOP ( 'NONE', ( #530, #2064, #67, #204, #1248, #93, #1190 ) ) ;
#333 = CARTESIAN_POINT ( 'NONE',  ( -70.00000000000011369, -25.00000000000000000, 175.0000000000000284 ) ) ;
#334 = EDGE_CURVE ( 'NONE', #781, #1638, #103, .T. ) ;
#335 = CARTESIAN_POINT ( 'NONE',  ( -10.00000000000000000, -30.00000000000000000, 230.0000000000000000 ) ) ;
#336 = DIRECTION ( 'NONE',  ( 0.000000000000000000, 0.000000000000000000, -1.000000000000000000 ) ) ;
#337 = VERTEX_POINT ( 'NONE', #2330 ) ;
#338 = DIRECTION ( 'NONE',  ( -0.000000000000000000, -1.000000000000000000, 0.000000000000000000 ) ) ;
#339 = CIRCLE ( 'NONE', #463, 13.99999999999999822 ) ;
#340 = VERTEX_POINT ( 'NONE', #531 ) ;
#341 = ORIENTED_EDGE ( 'NONE', *, *, #2186, .F. ) ;
#342 = FACE_OUTER_BOUND ( 'NONE', #1221, .T. ) ;
#343 = EDGE_CURVE ( 'NONE', #1952, #144, #1867, .T. ) ;
#344 = AXIS2_PLACEMENT_3D ( 'NONE', #1393, #1746, #2172 ) ;
#345 = ORIENTED_EDGE ( 'NONE', *, *, #560, .F. ) ;
#346 = LINE ( 'NONE', #1913, #2008 ) ;
#347 = EDGE_CURVE ( 'NONE', #1762, #2437, #2198, .T. ) ;
#348 = VECTOR ( 'NONE', #1342, 1000.000000000000000 ) ;
#349 = CARTESIAN_POINT ( 'NONE',  ( -4.999999999999998224, 9.999999999999998224, 230.0000000000000000 ) ) ;
#350 = VECTOR ( 'NONE', #312, 1000.000000000000000 ) ;
#351 = EDGE_LOOP ( 'NONE', ( #1002, #701 ) ) ;
#352 = FACE_OUTER_BOUND ( 'NONE', #1652, .T. ) ;
#353 = CC_DESIGN_PERSON_AND_ORGANIZATION_ASSIGNMENT ( #155, #395, ( #734 ) ) ;
#354 = ORIENTED_EDGE ( 'NONE', *, *, #288, .F. ) ;
#355 = ORIENTED_EDGE ( 'NONE', *, *, #1425, .F. ) ;
#356 = FACE_OUTER_BOUND ( 'NONE', #2092, .T. ) ;
#357 = FACE_OUTER_BOUND ( 'NONE', #1361, .T. ) ;
#358 = VERTEX_POINT ( 'NONE', #1294 ) ;
#359 = CARTESIAN_POINT ( 'NONE',  ( 3.180194846605310932, 70.00000000000011369, 175.0000000000000284 ) ) ;
#360 = FACE_OUTER_BOUND ( 'NONE', #716, .T. ) ;
#361 = ADVANCED_FACE ( 'NONE', ( #352 ), #2087, .F. ) ;
#362 = EDGE_CURVE ( 'NONE', #1500, #1541, #1516, .T. ) ;
#363 = EDGE_LOOP ( 'NONE', ( #1404, #1737, #2178, #2383 ) ) ;
#364 = FACE_BOUND ( 'NONE', #1942, .T. ) ;
#365 = ORIENTED_EDGE ( 'NONE', *, *, #153, .F. ) ;
#366 = VECTOR ( 'NONE', #1301, 1000.000000000000000 ) ;
#367 = ADVANCED_FACE ( 'NONE', ( #142 ), #2280, .F. ) ;
#368 = ORIENTED_EDGE ( 'NONE', *, *, #1559, .F. ) ;
#369 = CARTESIAN_POINT ( 'NONE',  ( 27.92893218813452094, 50.00000000000000000, 194.9999999999999147 ) ) ;
#370 = AXIS2_PLACEMENT_3D ( 'NONE', #375, #1565, #13 ) ;
#371 = VERTEX_POINT ( 'NONE', #1139 ) ;
#372 = DIRECTION ( 'NONE',  ( 1.000000000000000000, 1.786765180256111061E-16, 6.938893903907225912E-17 ) ) ;
#373 = DIRECTION ( 'NONE',  ( -1.000000000000000000, 0.000000000000000000, 0.000000000000000000 ) ) ;
#374 = EDGE_LOOP ( 'NONE', ( #1472, #2527, #886, #2229 ) ) ;
#375 = CARTESIAN_POINT ( 'NONE',  ( -39.99999999999998579, -7.000000000000015099, 175.0000000000000284 ) ) ;
#376 = CYLINDRICAL_SURFACE ( 'NONE', #1659, 1.500000000000001332 ) ;
#377 = CIRCLE ( 'NONE', #1951, 1.500000000000002220 ) ;
#378 = CALENDAR_DATE ( 2026, 2, 6 ) ;
#379 = EDGE_CURVE ( 'NONE', #1470, #923, #292, .T. ) ;
#380 = ORIENTED_EDGE ( 'NONE', *, *, #2274, .F. ) ;
#381 = DIRECTION ( 'NONE',  ( -1.000000000000000000, 0.000000000000000000, 0.000000000000000000 ) ) ;
#382 = LINE ( 'NONE', #2378, #1805 ) ;
#383 = CARTESIAN_POINT ( 'NONE',  ( 30.00000000000000000, 10.00000000000000000, 175.0000000000000284 ) ) ;
#384 = ORIENTED_EDGE ( 'NONE', *, *, #379, .T. ) ;
#385 = FACE_OUTER_BOUND ( 'NONE', #1509, .T. ) ;
#386 = DIRECTION ( 'NONE',  ( -4.336808689942018969E-17, 1.000000000000000000, -0.000000000000000000 ) ) ;
#387 = AXIS2_PLACEMENT_3D ( 'NONE', #769, #2345, #577 ) ;
#388 = AXIS2_PLACEMENT_3D ( 'NONE', #892, #735, #2483 ) ;
#389 = ORIENTED_EDGE ( 'NONE', *, *, #1487, .F. ) ;
#390 = FACE_OUTER_BOUND ( 'NONE', #883, .T. ) ;
#391 = AXIS2_PLACEMENT_3D ( 'NONE', #1972, #819, #1566 ) ;
#392 = FACE_OUTER_BOUND ( 'NONE', #28, .T. ) ;
#393 = AXIS2_PLACEMENT_3D ( 'NONE', #1793, #2020, #37 ) ;
#394 = DIRECTION ( 'NONE',  ( -0.7071067811865513475, 0.7071067811865437980, -0.000000000000000000 ) ) ;
#395 = PERSON_AND_ORGANIZATION_ROLE ( 'creator' ) ;
#396 = ADVANCED_FACE ( 'NONE', ( #2072 ), #2111, .F. ) ;
#397 = EDGE_CURVE ( 'NONE', #2061, #301, #1906, .T. ) ;
#398 = ORIENTED_EDGE ( 'NONE', *, *, #2497, .T. ) ;
#399 = CARTESIAN_POINT ( 'NONE',  ( 24.99999999999999645, 122.4018678657926813, 165.0000000000000000 ) ) ;
#400 = CARTESIAN_POINT ( 'NONE',  ( -50.00000000000000000, -24.99999999999999645, 194.9999999999999147 ) ) ;
#401 = CARTESIAN_POINT ( 'NONE',  ( 8.535533905932757293, 48.53553390593275196, 194.9999999999999147 ) ) ;
#402 = ORIENTED_EDGE ( 'NONE', *, *, #1001, .T. ) ;
#403 = CARTESIAN_POINT ( 'NONE',  ( -14.20728534805973808, 63.37334882935098790, 169.9999999999999716 ) ) ;
#404 = CARTESIAN_POINT ( 'NONE',  ( -45.00000000000001421, -24.99999999999999645, 175.0000000000000284 ) ) ;
#405 = VERTEX_POINT ( 'NONE', #1179 ) ;
#406 = PLANE ( 'NONE',  #1946 ) ;
#407 = CARTESIAN_POINT ( 'NONE',  ( 15.75000000000000711, 108.4018678657927239, 167.0000000000000000 ) ) ;
#408 = CARTESIAN_POINT ( 'NONE',  ( 25.43346240820093129, 127.3832511181116587, 169.2113160576267319 ) ) ;
#409 = ORIENTED_EDGE ( 'NONE', *, *, #929, .T. ) ;
#410 = EDGE_LOOP ( 'NONE', ( #1115, #753, #1105, #1293, #107, #1391 ) ) ;
#411 = AXIS2_PLACEMENT_3D ( 'NONE', #1546, #1376, #1557 ) ;
#412 = ADVANCED_FACE ( 'NONE', ( #390 ), #571, .F. ) ;
#413 = DIRECTION ( 'NONE',  ( -1.000000000000000000, 0.000000000000000000, 0.000000000000000000 ) ) ;
#414 = CARTESIAN_POINT ( 'NONE',  ( 1.750000000000015543, 108.4018678657931360, 167.0000000000000000 ) ) ;
#415 = CIRCLE ( 'NONE', #1897, 13.99999999999999822 ) ;
#416 = LINE ( 'NONE', #2216, #1055 ) ;
#417 = EDGE_LOOP ( 'NONE', ( #316, #650, #2042, #1282 ) ) ;
#418 = CARTESIAN_POINT ( 'NONE',  ( 5.500000000000007105, 39.99999999999999289, 175.0000000000000284 ) ) ;
#419 = CARTESIAN_POINT ( 'NONE',  ( -101.7018678657915416, -1.200000000000022160, 167.0000000000000000 ) ) ;
#420 = ORIENTED_EDGE ( 'NONE', *, *, #449, .F. ) ;
#421 = ADVANCED_FACE ( 'NONE', ( #364, #2368, #1191 ), #406, .F. ) ;
#422 = DIRECTION ( 'NONE',  ( 0.000000000000000000, 0.000000000000000000, -1.000000000000000000 ) ) ;
#423 = CARTESIAN_POINT ( 'NONE',  ( -107.8518678657915331, -1.200000000000022160, 167.0000000000000000 ) ) ;
#424 = DIRECTION ( 'NONE',  ( -0.000000000000000000, -0.000000000000000000, 1.000000000000000000 ) ) ;
#425 = ORIENTED_EDGE ( 'NONE', *, *, #242, .F. ) ;
#426 = DIRECTION ( 'NONE',  ( -0.3162277660168389959, -0.3162277660168366089, -0.8944271909999158554 ) ) ;
#427 = CARTESIAN_POINT ( 'NONE',  ( -47.92893218813453871, -30.00000000000000000, 194.1421356237308942 ) ) ;
#428 = DIRECTION ( 'NONE',  ( 0.7071067811865434649, 0.7071067811865516806, -4.418575491407566217E-15 ) ) ;
#429 = CARTESIAN_POINT ( 'NONE',  ( -33.34559487356885654, 33.34559487356872864, 176.1264787318622211 ) ) ;
#430 = CARTESIAN_POINT ( 'NONE',  ( 0.000000000000000000, 0.000000000000000000, 165.0000000000000000 ) ) ;
#431 = EDGE_CURVE ( 'NONE', #432, #2561, #959, .T. ) ;
#432 = VERTEX_POINT ( 'NONE', #1016 ) ;
#433 = DIRECTION ( 'NONE',  ( -0.7071067811865513475, 0.7071067811865437980, 0.000000000000000000 ) ) ;
#434 = DIRECTION ( 'NONE',  ( 4.336808689942019585E-17, -1.000000000000000000, 0.000000000000000000 ) ) ;
#435 = CARTESIAN_POINT ( 'NONE',  ( 14.99999999999999289, 40.00000000000000000, 195.0000000000000284 ) ) ;
#436 = APPROVAL ( #1961, 'UNSPECIFIED' ) ;
#437 = CIRCLE ( 'NONE', #1542, 4.999999999999999112 ) ;
#438 = AXIS2_PLACEMENT_3D ( 'NONE', #580, #372, #772 ) ;
#439 = ORIENTED_EDGE ( 'NONE', *, *, #682, .T. ) ;
#440 = DIRECTION ( 'NONE',  ( 1.000000000000000000, 0.000000000000000000, 0.000000000000000000 ) ) ;
#441 = CARTESIAN_POINT ( 'NONE',  ( -70.00000000000011369, -3.180194846605513881, 175.0000000000000284 ) ) ;
#442 = FACE_OUTER_BOUND ( 'NONE', #1312, .T. ) ;
#443 = ORIENTED_EDGE ( 'NONE', *, *, #252, .T. ) ;
#444 = CARTESIAN_POINT ( 'NONE',  ( -10.00000000000000178, -15.00000000000000000, 197.5000000000000000 ) ) ;
#445 = ADVANCED_FACE ( 'NONE', ( #2179 ), #2566, .F. ) ;
#446 = CARTESIAN_POINT ( 'NONE',  ( -107.8518678657915331, -1.200000000000022160, 167.0000000000000000 ) ) ;
#447 = FACE_OUTER_BOUND ( 'NONE', #417, .T. ) ;
#448 = ORIENTED_EDGE ( 'NONE', *, *, #47, .F. ) ;
#449 = EDGE_CURVE ( 'NONE', #2484, #1752, #2534, .T. ) ;
#450 = CARTESIAN_POINT ( 'NONE',  ( 30.00000000000000000, 45.00000000000000711, 175.0000000000000284 ) ) ;
#451 = AXIS2_PLACEMENT_3D ( 'NONE', #1455, #1850, #1407 ) ;
#452 = LINE ( 'NONE', #2201, #1176 ) ;
#453 = CIRCLE ( 'NONE', #451, 2.499999999999998668 ) ;
#454 = CARTESIAN_POINT ( 'NONE',  ( 28.68202450526665359, 125.7848090106282513, 170.4987162367555129 ) ) ;
#455 = ORIENTED_EDGE ( 'NONE', *, *, #1780, .F. ) ;
#456 = FACE_OUTER_BOUND ( 'NONE', #363, .T. ) ;
#457 = DIRECTION ( 'NONE',  ( 0.7071067811865625607, -0.2357022603954965767, 0.6666666666666575258 ) ) ;
#458 = CARTESIAN_POINT ( 'NONE',  ( -11.46446609406726935, 125.9374017717254048, 175.0000000000000284 ) ) ;
#459 = CIRCLE ( 'NONE', #2, 1.500000000000001332 ) ;
#460 = EDGE_LOOP ( 'NONE', ( #654, #1226 ) ) ;
#461 = FACE_OUTER_BOUND ( 'NONE', #1719, .T. ) ;
#462 = ORIENTED_EDGE ( 'NONE', *, *, #2543, .F. ) ;
#463 = AXIS2_PLACEMENT_3D ( 'NONE', #1477, #1065, #1617 ) ;
#464 = LINE ( 'NONE', #2021, #1756 ) ;
#465 = VERTEX_POINT ( 'NONE', #1799 ) ;
#466 = DIRECTION ( 'NONE',  ( -4.336808689942018969E-17, 1.000000000000000000, -0.000000000000000000 ) ) ;
#467 = DIRECTION ( 'NONE',  ( -0.7071067811865437980, -0.7071067811865513475, -0.000000000000000000 ) ) ;
#468 = LINE ( 'NONE', #880, #2244 ) ;
#469 = EDGE_CURVE ( 'NONE', #559, #1118, #764, .T. ) ;
#470 = AXIS2_PLACEMENT_3D ( 'NONE', #1676, #1327, #1731 ) ;
#471 = ORIENTED_EDGE ( 'NONE', *, *, #1437, .T. ) ;
#472 = AXIS2_PLACEMENT_3D ( 'NONE', #1097, #1706, #1473 ) ;
#473 = EDGE_CURVE ( 'NONE', #5, #2502, #2163, .T. ) ;
#474 = PLANE ( 'NONE',  #2346 ) ;
#475 = ADVANCED_FACE ( 'NONE', ( #1753 ), #776, .T. ) ;
#476 = EDGE_CURVE ( 'NONE', #1752, #2484, #881, .T. ) ;
#477 = VECTOR ( 'NONE', #2459, 1000.000000000000000 ) ;
#478 = ORIENTED_EDGE ( 'NONE', *, *, #2387, .T. ) ;
#479 = DIRECTION ( 'NONE',  ( 1.000000000000000000, 0.000000000000000000, 0.000000000000000000 ) ) ;
#480 = VERTEX_POINT ( 'NONE', #988 ) ;
#481 = DIRECTION ( 'NONE',  ( 0.7071067811865513475, -0.7071067811865437980, -0.000000000000000000 ) ) ;
#482 = FACE_BOUND ( 'NONE', #265, .T. ) ;
#483 = PLANE ( 'NONE',  #2360 ) ;
#484 = ORIENTED_EDGE ( 'NONE', *, *, #1845, .F. ) ;
#485 = CARTESIAN_POINT ( 'NONE',  ( 14.99999999999999289, 40.00000000000000000, 200.0000000000000284 ) ) ;
#486 = EDGE_LOOP ( 'NONE', ( #544, #2549, #1898, #132 ) ) ;
#487 = ADVANCED_FACE ( 'NONE', ( #584 ), #804, .T. ) ;
#488 = CARTESIAN_POINT ( 'NONE',  ( 27.23325704669296243, 126.8771683185938599, 171.7380663352130910 ) ) ;
#489 = ORIENTED_EDGE ( 'NONE', *, *, #97, .F. ) ;
#490 = CARTESIAN_POINT ( 'NONE',  ( -93.28396567354106139, 44.11790219225105147, 169.9999999999999716 ) ) ;
#491 = CC_DESIGN_APPROVAL ( #2032, ( #734 ) ) ;
#492 = CARTESIAN_POINT ( 'NONE',  ( -9.999999999999991118, -20.50000000000001066, 175.0000000000000000 ) ) ;
#493 = EDGE_CURVE ( 'NONE', #1872, #248, #1651, .T. ) ;
#494 = DIRECTION ( 'NONE',  ( 0.000000000000000000, 0.000000000000000000, -1.000000000000000000 ) ) ;
#495 = DIRECTION ( 'NONE',  ( -0.000000000000000000, -0.000000000000000000, -1.000000000000000000 ) ) ;
#496 = VERTEX_POINT ( 'NONE', #1399 ) ;
#497 = ORIENTED_EDGE ( 'NONE', *, *, #636, .T. ) ;
#498 = MECHANICAL_CONTEXT ( 'NONE', #631, 'mechanical' ) ;
#499 = ORIENTED_EDGE ( 'NONE', *, *, #87, .F. ) ;
#500 = ADVANCED_FACE ( 'NONE', ( #2137 ), #1956, .T. ) ;
#501 = CARTESIAN_POINT ( 'NONE',  ( 27.11727573986292583, 126.9332602316909941, 171.7500000000000284 ) ) ;
#502 = ORIENTED_EDGE ( 'NONE', *, *, #2252, .F. ) ;
#503 = DIRECTION ( 'NONE',  ( -0.000000000000000000, -0.000000000000000000, -1.000000000000000000 ) ) ;
#504 = CARTESIAN_POINT ( 'NONE',  ( -9.999999999999998224, 127.4018678657926955, 175.0000000000000284 ) ) ;
#505 = EDGE_CURVE ( 'NONE', #1492, #1673, #1385, .T. ) ;
#506 = DIRECTION ( 'NONE',  ( 0.000000000000000000, 1.000000000000000000, 0.000000000000000000 ) ) ;
#507 = DIRECTION ( 'NONE',  ( 0.000000000000000000, -1.000000000000000000, 0.000000000000000000 ) ) ;
#508 = EDGE_LOOP ( 'NONE', ( #55, #2235, #1634, #1773 ) ) ;
#509 = AXIS2_PLACEMENT_3D ( 'NONE', #756, #216, #1008 ) ;
#510 = AXIS2_PLACEMENT_3D ( 'NONE', #1147, #2547, #1586 ) ;
#511 = ORIENTED_EDGE ( 'NONE', *, *, #902, .T. ) ;
#512 = AXIS2_PLACEMENT_3D ( 'NONE', #187, #797, #982 ) ;
#513 = CYLINDRICAL_SURFACE ( 'NONE', #755, 1.499999999999998668 ) ;
#514 = ORIENTED_EDGE ( 'NONE', *, *, #792, .F. ) ;
#515 = DIRECTION ( 'NONE',  ( 0.000000000000000000, 0.000000000000000000, -1.000000000000000000 ) ) ;
#516 = LINE ( 'NONE', #2521, #2559 ) ;
#517 = LINE ( 'NONE', #383, #350 ) ;
#518 = DIRECTION ( 'NONE',  ( -1.000000000000000000, 0.000000000000000000, 0.000000000000000000 ) ) ;
#519 = ADVANCED_FACE ( 'NONE', ( #818 ), #614, .T. ) ;
#520 = CARTESIAN_POINT ( 'NONE',  ( 25.30835669992663384, 127.3924050287162402, 169.5368125052181654 ) ) ;
#521 = CARTESIAN_POINT ( 'NONE',  ( -48.53553390593275196, -8.535533905932942034, 194.9999999999999147 ) ) ;
#522 = EDGE_CURVE ( 'NONE', #1435, #2103, #1874, .T. ) ;
#523 = VERTEX_POINT ( 'NONE', #1639 ) ;
#524 = CARTESIAN_POINT ( 'NONE',  ( -39.99999999999999289, -5.500000000000018652, 215.0000000000000000 ) ) ;
#525 = ORIENTED_EDGE ( 'NONE', *, *, #1713, .F. ) ;
#526 = PLANE ( 'NONE',  #472 ) ;
#527 = CARTESIAN_POINT ( 'NONE',  ( -95.16540002696338263, -30.00000000000000355, 142.7635321611716108 ) ) ;
#528 = AXIS2_PLACEMENT_3D ( 'NONE', #2141, #2528, #1949 ) ;
#529 = LINE ( 'NONE', #324, #806 ) ;
#530 = ORIENTED_EDGE ( 'NONE', *, *, #397, .F. ) ;
#531 = CARTESIAN_POINT ( 'NONE',  ( -50.27144063755826409, 16.41974910957951295, 176.1264787318620506 ) ) ;
#532 = AXIS2_PLACEMENT_3D ( 'NONE', #1137, #111, #1291 ) ;
#533 = EDGE_LOOP ( 'NONE', ( #525, #1908, #1921, #1765, #2022 ) ) ;
#534 = ADVANCED_FACE ( 'NONE', ( #261 ), #2423, .T. ) ;
#535 = CYLINDRICAL_SURFACE ( 'NONE', #1982, 2.500000000000002220 ) ;
#536 = VERTEX_POINT ( 'NONE', #1822 ) ;
#537 = AXIS2_PLACEMENT_3D ( 'NONE', #789, #1162, #1770 ) ;
#538 = DIRECTION ( 'NONE',  ( 0.000000000000000000, 0.000000000000000000, 1.000000000000000000 ) ) ;
#539 = AXIS2_PLACEMENT_3D ( 'NONE', #675, #76, #2224 ) ;
#540 = ORIENTED_EDGE ( 'NONE', *, *, #1225, .T. ) ;
#541 = DIRECTION ( 'NONE',  ( -2.955188886704707001E-17, 1.000000000000000000, 0.000000000000000000 ) ) ;
#542 = LINE ( 'NONE', #1148, #863 ) ;
#543 = AXIS2_PLACEMENT_3D ( 'NONE', #616, #2540, #2356 ) ;
#544 = ORIENTED_EDGE ( 'NONE', *, *, #552, .T. ) ;
#545 = CARTESIAN_POINT ( 'NONE',  ( -122.4018678657915302, -25.00000000000000000, 175.0000000000000284 ) ) ;
#546 = LINE ( 'NONE', #2127, #297 ) ;
#547 = CALENDAR_DATE ( 2026, 2, 6 ) ;
#548 = ORIENTED_EDGE ( 'NONE', *, *, #2223, .T. ) ;
#549 = AXIS2_PLACEMENT_3D ( 'NONE', #2194, #223, #422 ) ;
#550 = EDGE_CURVE ( 'NONE', #2437, #1762, #960, .T. ) ;
#551 = CARTESIAN_POINT ( 'NONE',  ( -45.00000000000001421, -24.99999999999999645, 230.0000000000000000 ) ) ;
#552 = EDGE_CURVE ( 'NONE', #1705, #405, #1745, .T. ) ;
#553 = DIRECTION ( 'NONE',  ( -2.654126918244514854E-16, 1.000000000000000000, 6.938893903907225912E-17 ) ) ;
#554 = AXIS2_PLACEMENT_3D ( 'NONE', #423, #1771, #194 ) ;
#555 = VERTEX_POINT ( 'NONE', #41 ) ;
#556 = CARTESIAN_POINT ( 'NONE',  ( -16.68215908221264598, 60.89847509519804447, 169.9999999999999716 ) ) ;
#557 = CIRCLE ( 'NONE', #266, 1.750000000000008438 ) ;
#558 = DIRECTION ( 'NONE',  ( 0.000000000000000000, -1.000000000000000000, 0.000000000000000000 ) ) ;
#559 = VERTEX_POINT ( 'NONE', #841 ) ;
#560 = EDGE_CURVE ( 'NONE', #1778, #118, #26, .T. ) ;
#561 = DIRECTION ( 'NONE',  ( 1.000000000000000000, 4.336808689942018969E-17, 0.000000000000000000 ) ) ;
#562 = ORIENTED_EDGE ( 'NONE', *, *, #739, .T. ) ;
#563 = EDGE_LOOP ( 'NONE', ( #1275, #871 ) ) ;
#564 = CARTESIAN_POINT ( 'NONE',  ( -12.24999999999997868, 108.4018678657927239, 175.0000000000000284 ) ) ;
#565 = CARTESIAN_POINT ( 'NONE',  ( 30.00000000000000000, 45.00000000000001421, 192.9289321881344108 ) ) ;
#566 = ADVANCED_FACE ( 'NONE', ( #1415 ), #866, .F. ) ;
#567 = VERTEX_POINT ( 'NONE', #639 ) ;
#568 = DIRECTION ( 'NONE',  ( -0.2357022603955227502, 0.7071067811865474617, -0.6666666666666641872 ) ) ;
#569 = DIRECTION ( 'NONE',  ( 0.7071067811865515695, 0.7071067811865435759, -9.813077866773592019E-17 ) ) ;
#570 = ORIENTED_EDGE ( 'NONE', *, *, #1043, .T. ) ;
#571 = CYLINDRICAL_SURFACE ( 'NONE', #2524, 6.150000000000003020 ) ;
#572 = EDGE_CURVE ( 'NONE', #2147, #523, #2399, .T. ) ;
#573 = CARTESIAN_POINT ( 'NONE',  ( -16.41974910957953071, 50.27144063755824277, 176.1264787318621075 ) ) ;
#574 = AXIS2_PLACEMENT_3D ( 'NONE', #2029, #254, #2199 ) ;
#575 = ORIENTED_EDGE ( 'NONE', *, *, #343, .T. ) ;
#576 = DIRECTION ( 'NONE',  ( 0.000000000000000000, 0.000000000000000000, -1.000000000000000000 ) ) ;
#577 = DIRECTION ( 'NONE',  ( 0.000000000000000000, -1.000000000000000000, 0.000000000000000000 ) ) ;
#578 = CARTESIAN_POINT ( 'NONE',  ( 30.00000000000000000, 10.00000000000000000, 230.0000000000000000 ) ) ;
#579 = EDGE_LOOP ( 'NONE', ( #2311, #116, #830, #320 ) ) ;
#580 = CARTESIAN_POINT ( 'NONE',  ( -39.99999999999999289, -7.000000000000017764, 215.0000000000000000 ) ) ;
#581 = CIRCLE ( 'NONE', #1698, 1.500000000000001332 ) ;
#582 = CYLINDRICAL_SURFACE ( 'NONE', #1377, 1.499999999999997780 ) ;
#583 = ORIENTED_EDGE ( 'NONE', *, *, #1260, .F. ) ;
#584 = FACE_OUTER_BOUND ( 'NONE', #89, .T. ) ;
#585 = FACE_OUTER_BOUND ( 'NONE', #1926, .T. ) ;
#586 = ADVANCED_FACE ( 'NONE', ( #627 ), #831, .F. ) ;
#587 = CARTESIAN_POINT ( 'NONE',  ( -16.02147873449847992, 50.66971101263929711, 175.0000000000000284 ) ) ;
#588 = DATE_AND_TIME ( #1568, #246 ) ;
#589 = ORIENTED_EDGE ( 'NONE', *, *, #1985, .T. ) ;
#590 = DIRECTION ( 'NONE',  ( 0.000000000000000000, 0.000000000000000000, -1.000000000000000000 ) ) ;
#591 = CARTESIAN_POINT ( 'NONE',  ( -62.13591196227348235, 15.44472221513671784, 169.9999999999999716 ) ) ;
#592 = CARTESIAN_POINT ( 'NONE',  ( -70.00000000000011369, -2.216335057104422024, 175.0000000000000284 ) ) ;
#593 = ORIENTED_EDGE ( 'NONE', *, *, #173, .T. ) ;
#594 = CARTESIAN_POINT ( 'NONE',  ( 7.000000000000009770, 39.99999999999999289, 215.0000000000000284 ) ) ;
#595 = DIRECTION ( 'NONE',  ( 0.000000000000000000, 0.000000000000000000, -1.000000000000000000 ) ) ;
#596 = VECTOR ( 'NONE', #1493, 1000.000000000000000 ) ;
#597 = VERTEX_POINT ( 'NONE', #1628 ) ;
#598 = DIRECTION ( 'NONE',  ( -0.2357022603954972984, 0.7071067811865627828, -0.6666666666666570817 ) ) ;
#599 = CARTESIAN_POINT ( 'NONE',  ( -127.4018678657919992, 7.928932188134489856, 165.0000000000000000 ) ) ;
#600 = VECTOR ( 'NONE', #2392, 1000.000000000000000 ) ;
#601 = EDGE_CURVE ( 'NONE', #1431, #1138, #2207, .T. ) ;
#602 = DIRECTION ( 'NONE',  ( -0.000000000000000000, -0.000000000000000000, 1.000000000000000000 ) ) ;
#603 = ORIENTED_EDGE ( 'NONE', *, *, #1976, .F. ) ;
#604 = CALENDAR_DATE ( 2026, 2, 6 ) ;
#605 = VERTEX_POINT ( 'NONE', #51 ) ;
#606 = DIRECTION ( 'NONE',  ( -0.000000000000000000, -0.000000000000000000, -1.000000000000000000 ) ) ;
#607 = LINE ( 'NONE', #967, #1422 ) ;
#608 = EDGE_CURVE ( 'NONE', #2522, #465, #1337, .T. ) ;
#609 = DIRECTION ( 'NONE',  ( 0.7071067811865439090, -0.7071067811865511255, 0.000000000000000000 ) ) ;
#610 = EDGE_LOOP ( 'NONE', ( #1126, #2112, #638, #603 ) ) ;
#611 = LINE ( 'NONE', #189, #2415 ) ;
#612 = DIRECTION ( 'NONE',  ( 1.000000000000000000, 0.000000000000000000, 0.000000000000000000 ) ) ;
#613 = ORIENTED_EDGE ( 'NONE', *, *, #1017, .F. ) ;
#614 = PLANE ( 'NONE',  #549 ) ;
#615 = LINE ( 'NONE', #407, #179 ) ;
#616 = CARTESIAN_POINT ( 'NONE',  ( -39.99999999999999289, -7.000000000000017764, 215.0000000000000000 ) ) ;
#617 = VERTEX_POINT ( 'NONE', #1428 ) ;
#618 = AXIS2_PLACEMENT_3D ( 'NONE', #2052, #668, #1647 ) ;
#619 = CARTESIAN_POINT ( 'NONE',  ( -50.00000000000000000, -12.07106781186567623, 194.9999999999999147 ) ) ;
#620 = ADVANCED_FACE ( 'NONE', ( #456 ), #1240, .T. ) ;
#621 = LINE ( 'NONE', #1558, #54 ) ;
#622 = CIRCLE ( 'NONE', #201, 1.750000000000008438 ) ;
#623 = CARTESIAN_POINT ( 'NONE',  ( 24.99999999999999645, 45.00000000000000711, 230.0000000000000000 ) ) ;
#624 = PLANE ( 'NONE',  #845 ) ;
#625 = FACE_OUTER_BOUND ( 'NONE', #1696, .T. ) ;
#626 = VERTEX_POINT ( 'NONE', #2012 ) ;
#627 = FACE_OUTER_BOUND ( 'NONE', #1784, .T. ) ;
#628 = FACE_OUTER_BOUND ( 'NONE', #1481, .T. ) ;
#629 = VECTOR ( 'NONE', #338, 1000.000000000000000 ) ;
#630 = CARTESIAN_POINT ( 'NONE',  ( -7.928932188134521830, 122.4018678657926813, 175.0000000000000284 ) ) ;
#631 = APPLICATION_CONTEXT ( 'configuration controlled 3d designs of mechanical parts and assemblies' ) ;
#632 = EDGE_LOOP ( 'NONE', ( #2004, #9, #1863, #912 ) ) ;
#633 = CYLINDRICAL_SURFACE ( 'NONE', #1480, 5.000000000000001776 ) ;
#634 = DIRECTION ( 'NONE',  ( -0.7071067811865513475, 0.7071067811865437980, 0.000000000000000000 ) ) ;
#635 = EDGE_CURVE ( 'NONE', #1207, #678, #557, .T. ) ;
#636 = EDGE_CURVE ( 'NONE', #597, #1995, #63, .T. ) ;
#637 = CARTESIAN_POINT ( 'NONE',  ( 28.49753403341399860, 125.9777033572331248, 170.9353315828185487 ) ) ;
#638 = ORIENTED_EDGE ( 'NONE', *, *, #1163, .F. ) ;
#639 = CARTESIAN_POINT ( 'NONE',  ( 12.07106781186549682, 50.00000000000000000, 230.0000000000000000 ) ) ;
#640 = CARTESIAN_POINT ( 'NONE',  ( -40.00000000000000000, -15.00000000000000000, 200.0000000000000000 ) ) ;
#641 = VECTOR ( 'NONE', #568, 1000.000000000000114 ) ;
#642 = EDGE_CURVE ( 'NONE', #2461, #1638, #1130, .T. ) ;
#643 = LINE ( 'NONE', #263, #121 ) ;
#644 = CIRCLE ( 'NONE', #1089, 1.500000000000001332 ) ;
#645 = VECTOR ( 'NONE', #310, 1000.000000000000000 ) ;
#646 = ORIENTED_EDGE ( 'NONE', *, *, #1871, .T. ) ;
#647 = CARTESIAN_POINT ( 'NONE',  ( 1.750000000000013767, 108.4018678657927239, 167.0000000000000000 ) ) ;
#648 = DIRECTION ( 'NONE',  ( -0.000000000000000000, -0.000000000000000000, 1.000000000000000000 ) ) ;
#649 = CARTESIAN_POINT ( 'NONE',  ( 30.00000000000000711, 67.07106781186557498, 175.0000000000000000 ) ) ;
#650 = ORIENTED_EDGE ( 'NONE', *, *, #867, .T. ) ;
#651 = CARTESIAN_POINT ( 'NONE',  ( 14.99999999999999289, 40.00000000000000000, 197.5000000000000284 ) ) ;
#652 = FACE_OUTER_BOUND ( 'NONE', #2348, .T. ) ;
#653 = CARTESIAN_POINT ( 'NONE',  ( 22.00000000000001421, 40.00000000000000000, 175.0000000000000000 ) ) ;
#654 = ORIENTED_EDGE ( 'NONE', *, *, #2326, .F. ) ;
#655 = CARTESIAN_POINT ( 'NONE',  ( -4.399999999999970157, 108.4018678657931360, 165.0000000000000000 ) ) ;
#656 = ORGANIZATION ( 'UNSPECIFIED', 'UNSPECIFIED', '' ) ;
#657 = ORIENTED_EDGE ( 'NONE', *, *, #1201, .T. ) ;
#658 = VECTOR ( 'NONE', #1331, 999.9999999999998863 ) ;
#659 = CARTESIAN_POINT ( 'NONE',  ( 28.05034784826396432, 126.3688990308460518, 168.5835259413932476 ) ) ;
#660 = VERTEX_POINT ( 'NONE', #2443 ) ;
#661 = CARTESIAN_POINT ( 'NONE',  ( 12.07106781186549505, 45.00000000000000711, 343.1370849898476081 ) ) ;
#662 = CARTESIAN_POINT ( 'NONE',  ( 0.000000000000000000, 0.000000000000000000, 230.0000000000000000 ) ) ;
#663 = CARTESIAN_POINT ( 'NONE',  ( -11.46446609406726935, 125.9374017717254048, 175.0000000000000284 ) ) ;
#664 = EDGE_CURVE ( 'NONE', #1456, #50, #1761, .T. ) ;
#665 = EDGE_CURVE ( 'NONE', #1010, #1328, #2056, .T. ) ;
#666 = VECTOR ( 'NONE', #725, 1000.000000000000000 ) ;
#667 = ORIENTED_EDGE ( 'NONE', *, *, #2275, .T. ) ;
#668 = DIRECTION ( 'NONE',  ( 1.000000000000000000, 1.786765180256111307E-16, 6.938893903907225912E-17 ) ) ;
#669 = ORIENTED_EDGE ( 'NONE', *, *, #302, .T. ) ;
#670 = CIRCLE ( 'NONE', #80, 13.99999999999999112 ) ;
#671 = CARTESIAN_POINT ( 'NONE',  ( 28.36461956392083650, 126.1060942965059013, 168.8831102082912992 ) ) ;
#672 = ORIENTED_EDGE ( 'NONE', *, *, #1684, .T. ) ;
#673 = CARTESIAN_POINT ( 'NONE',  ( -107.8518678657915331, -1.200000000000022160, 165.0000000000000000 ) ) ;
#674 = CARTESIAN_POINT ( 'NONE',  ( -15.44472221513619026, 62.13591196227451263, 169.9999999999999716 ) ) ;
#675 = CARTESIAN_POINT ( 'NONE',  ( 7.000000000000011546, 9.999999999999998224, 215.0000000000000284 ) ) ;
#676 = EDGE_CURVE ( 'NONE', #113, #1762, #2507, .T. ) ;
#677 = VECTOR ( 'NONE', #692, 1000.000000000000000 ) ;
#678 = VERTEX_POINT ( 'NONE', #490 ) ;
#679 = AXIS2_PLACEMENT_3D ( 'NONE', #1512, #503, #149 ) ;
#680 = CARTESIAN_POINT ( 'NONE',  ( -48.92929216119343749, -8.979035614105788099, 195.0351739328737608 ) ) ;
#681 = EDGE_LOOP ( 'NONE', ( #425, #1723, #2276, #478, #1519 ) ) ;
#682 = EDGE_CURVE ( 'NONE', #1141, #1521, #802, .T. ) ;
#683 = CYLINDRICAL_SURFACE ( 'NONE', #1218, 5.000000000000000888 ) ;
#684 = EDGE_LOOP ( 'NONE', ( #384, #593 ) ) ;
#685 = FACE_OUTER_BOUND ( 'NONE', #1413, .T. ) ;
#686 = LINE ( 'NONE', #733, #2192 ) ;
#687 = DIRECTION ( 'NONE',  ( 0.7071067811865515695, 0.7071067811865435759, 7.191681909388761179E-15 ) ) ;
#688 = DIRECTION ( 'NONE',  ( -0.7071067811865513475, 0.7071067811865437980, 0.000000000000000000 ) ) ;
#689 = ORIENTED_EDGE ( 'NONE', *, *, #2275, .F. ) ;
#690 = DIRECTION ( 'NONE',  ( 0.6324555320336726627, 0.6324555320336793240, 0.4472135954999577612 ) ) ;
#691 = ORIENTED_EDGE ( 'NONE', *, *, #270, .F. ) ;
#692 = DIRECTION ( 'NONE',  ( 1.000000000000000000, 1.786765180256111061E-16, 6.938893903907225912E-17 ) ) ;
#693 = EDGE_LOOP ( 'NONE', ( #689, #354 ) ) ;
#694 = LINE ( 'NONE', #1495, #1757 ) ;
#695 = CC_DESIGN_APPROVAL ( #436, ( #1938 ) ) ;
#696 = CARTESIAN_POINT ( 'NONE',  ( -26.30433838469535601, 45.20026764699226618, 172.7228794363831810 ) ) ;
#697 = CYLINDRICAL_SURFACE ( 'NONE', #715, 1.500000000000001332 ) ;
#698 = EDGE_LOOP ( 'NONE', ( #295, #2555, #731, #1143 ) ) ;
#699 = CARTESIAN_POINT ( 'NONE',  ( 7.900000000000000355, 108.4018678657931360, 175.0000000000000284 ) ) ;
#700 = CARTESIAN_POINT ( 'NONE',  ( 26.14324054913670992, 127.2743525227371890, 171.5427451010368998 ) ) ;
#701 = ORIENTED_EDGE ( 'NONE', *, *, #1621, .T. ) ;
#702 = LINE ( 'NONE', #524, #677 ) ;
#703 = ADVANCED_FACE ( 'NONE', ( #2107 ), #1122, .F. ) ;
#704 = ORIENTED_EDGE ( 'NONE', *, *, #1116, .T. ) ;
#705 = DIRECTION ( 'NONE',  ( 0.000000000000000000, 0.000000000000000000, -1.000000000000000000 ) ) ;
#706 = FACE_OUTER_BOUND ( 'NONE', #351, .T. ) ;
#707 = PLANE ( 'NONE',  #2169 ) ;
#708 = ORIENTED_EDGE ( 'NONE', *, *, #2088, .F. ) ;
#709 = DIRECTION ( 'NONE',  ( -0.7071067811865454633, -0.7071067811865495711, 0.000000000000000000 ) ) ;
#710 = EDGE_CURVE ( 'NONE', #2402, #144, #346, .T. ) ;
#711 = CARTESIAN_POINT ( 'NONE',  ( 25.25000381595830490, 127.3956137636154153, 169.8837468751728181 ) ) ;
#712 = APPROVAL_STATUS ( 'not_yet_approved' ) ;
#713 = CIRCLE ( 'NONE', #1622, 1.750000000000008438 ) ;
#714 = ORIENTED_EDGE ( 'NONE', *, *, #642, .F. ) ;
#715 = AXIS2_PLACEMENT_3D ( 'NONE', #2279, #1881, #1476 ) ;
#716 = EDGE_LOOP ( 'NONE', ( #1046, #293, #1887, #2129 ) ) ;
#717 = AXIS2_PLACEMENT_3D ( 'NONE', #1630, #869, #1868 ) ;
#718 = AXIS2_PLACEMENT_3D ( 'NONE', #1722, #879, #783 ) ;
#719 = CARTESIAN_POINT ( 'NONE',  ( 14.99999999999999289, 40.00000000000000000, 197.5000000000000284 ) ) ;
#720 = VERTEX_POINT ( 'NONE', #890 ) ;
#721 = CARTESIAN_POINT ( 'NONE',  ( -70.00000000000011369, -10.00000000000020250, 175.0000000000000284 ) ) ;
#722 = LINE ( 'NONE', #171, #1195 ) ;
#723 = PLANE ( 'NONE',  #2254 ) ;
#724 = ORIENTED_EDGE ( 'NONE', *, *, #2511, .F. ) ;
#725 = DIRECTION ( 'NONE',  ( -0.7071067811865439090, 0.7071067811865512365, -5.238529448733281520E-31 ) ) ;
#726 = ADVANCED_FACE ( 'NONE', ( #732 ), #900, .F. ) ;
#727 = ORIENTED_EDGE ( 'NONE', *, *, #190, .F. ) ;
#728 = APPLICATION_PROTOCOL_DEFINITION ( 'international standard', 'config_control_design', 1994, #631 ) ;
#729 = ORIENTED_EDGE ( 'NONE', *, *, #14, .F. ) ;
#730 = FACE_OUTER_BOUND ( 'NONE', #2263, .T. ) ;
#731 = ORIENTED_EDGE ( 'NONE', *, *, #1482, .F. ) ;
#732 = FACE_OUTER_BOUND ( 'NONE', #272, .T. ) ;
#733 = CARTESIAN_POINT ( 'NONE',  ( -63.37334882934994340, 14.20728534806025145, 169.9999999999999716 ) ) ;
#734 = PRODUCT_DEFINITION_FORMATION_WITH_SPECIFIED_SOURCE ( 'ANY', '', #773, .NOT_KNOWN. ) ;
#735 = DIRECTION ( 'NONE',  ( 1.000000000000000000, 0.000000000000000000, -0.000000000000000000 ) ) ;
#736 = ORIENTED_EDGE ( 'NONE', *, *, #281, .F. ) ;
#737 = DIRECTION ( 'NONE',  ( -1.000000000000000000, 0.000000000000000000, 0.000000000000000000 ) ) ;
#738 = AXIS2_PLACEMENT_3D ( 'NONE', #2156, #214, #754 ) ;
#739 = EDGE_CURVE ( 'NONE', #1594, #1907, #1329, .T. ) ;
#740 = ORIENTED_EDGE ( 'NONE', *, *, #1284, .T. ) ;
#741 = EDGE_CURVE ( 'NONE', #767, #2502, #2095, .T. ) ;
#742 = COORDINATED_UNIVERSAL_TIME_OFFSET ( 1, 0, .AHEAD. ) ;
#743 = ORIENTED_EDGE ( 'NONE', *, *, #1134, .T. ) ;
#744 = DIRECTION ( 'NONE',  ( -1.000000000000000000, 0.000000000000000000, 0.000000000000000000 ) ) ;
#745 = EDGE_CURVE ( 'NONE', #1740, #2027, #1110, .T. ) ;
#746 = AXIS2_PLACEMENT_3D ( 'NONE', #545, #1279, #2501 ) ;
#747 = ORIENTED_EDGE ( 'NONE', *, *, #1739, .F. ) ;
#748 = DIRECTION ( 'NONE',  ( 4.336808689942019585E-17, -1.000000000000000000, 0.000000000000000000 ) ) ;
#749 = DIRECTION ( 'NONE',  ( 0.7071067811865513475, -0.7071067811865437980, -0.000000000000000000 ) ) ;
#750 = CARTESIAN_POINT ( 'NONE',  ( 30.00000000000000000, 10.00000000000000000, 165.0000000000000000 ) ) ;
#751 = ORIENTED_EDGE ( 'NONE', *, *, #1106, .F. ) ;
#752 = ADVANCED_FACE ( 'NONE', ( #2120 ), #927, .T. ) ;
#753 = ORIENTED_EDGE ( 'NONE', *, *, #252, .F. ) ;
#754 = DIRECTION ( 'NONE',  ( 0.000000000000000000, 0.000000000000000000, 1.000000000000000000 ) ) ;
#755 = AXIS2_PLACEMENT_3D ( 'NONE', #2093, #1899, #2490 ) ;
#756 = CARTESIAN_POINT ( 'NONE',  ( -45.00000000000000711, -12.07106781186567623, 343.1370849898476081 ) ) ;
#757 = VECTOR ( 'NONE', #2470, 1000.000000000000000 ) ;
#758 = ORIENTED_EDGE ( 'NONE', *, *, #1661, .F. ) ;
#759 = CARTESIAN_POINT ( 'NONE',  ( -14.25371178153211815, 52.43747796560567309, 170.0000000000000000 ) ) ;
#760 = CIRCLE ( 'NONE', #1091, 1.499999999999997780 ) ;
#761 = EDGE_CURVE ( 'NONE', #2542, #1348, #1712, .T. ) ;
#762 = DIRECTION ( 'NONE',  ( 1.000000000000000000, 0.000000000000000000, 0.000000000000000000 ) ) ;
#763 = EDGE_LOOP ( 'NONE', ( #1131, #1828, #540, #2106 ) ) ;
#764 = LINE ( 'NONE', #2001, #1421 ) ;
#765 = FACE_OUTER_BOUND ( 'NONE', #508, .T. ) ;
#766 = VECTOR ( 'NONE', #1231, 1000.000000000000000 ) ;
#767 = VERTEX_POINT ( 'NONE', #333 ) ;
#768 = CARTESIAN_POINT ( 'NONE',  ( 14.99999999999999645, 10.00000000000000711, 200.0000000000000000 ) ) ;
#769 = CARTESIAN_POINT ( 'NONE',  ( -39.99999999999998579, -7.000000000000015099, 175.0000000000000284 ) ) ;
#770 = ADVANCED_FACE ( 'NONE', ( #685 ), #526, .T. ) ;
#771 = EDGE_LOOP ( 'NONE', ( #1537, #128 ) ) ;
#772 = DIRECTION ( 'NONE',  ( 0.000000000000000000, -1.000000000000000000, 0.000000000000000000 ) ) ;
#773 = PRODUCT ( 'cutting shaft hanger 2', 'cutting shaft hanger 2', '', ( #498 ) ) ;
#774 = FACE_OUTER_BOUND ( 'NONE', #237, .T. ) ;
#775 = ORIENTED_EDGE ( 'NONE', *, *, #347, .T. ) ;
#776 = CYLINDRICAL_SURFACE ( 'NONE', #304, 4.999999999999997335 ) ;
#777 = DIRECTION ( 'NONE',  ( -0.4999999999999982236, 0.4999999999999966693, 0.7071067811865511255 ) ) ;
#778 = AXIS2_PLACEMENT_3D ( 'NONE', #1829, #46, #836 ) ;
#779 = CARTESIAN_POINT ( 'NONE',  ( 25.69620253486552741, 127.3538838856521380, 168.8268805663228704 ) ) ;
#780 = AXIS2_PLACEMENT_3D ( 'NONE', #674, #2458, #467 ) ;
#781 = VERTEX_POINT ( 'NONE', #2264 ) ;
#782 = PLANE ( 'NONE',  #738 ) ;
#783 = DIRECTION ( 'NONE',  ( -1.000000000000000000, 0.000000000000000000, 0.000000000000000000 ) ) ;
#784 = ORIENTED_EDGE ( 'NONE', *, *, #572, .T. ) ;
#785 = DIRECTION ( 'NONE',  ( 4.336808689942019585E-17, -1.000000000000000000, 0.000000000000000000 ) ) ;
#786 = CARTESIAN_POINT ( 'NONE',  ( -49.99999999999999289, -11.87314349568447369, 194.9999999999999147 ) ) ;
#787 = ADVANCED_FACE ( 'NONE', ( #1276 ), #2067, .F. ) ;
#788 = VERTEX_POINT ( 'NONE', #110 ) ;
#789 = CARTESIAN_POINT ( 'NONE',  ( 27.00000000000000000, 85.10186786579268414, 170.0000000000000000 ) ) ;
#790 = LINE ( 'NONE', #1578, #847 ) ;
#791 = CARTESIAN_POINT ( 'NONE',  ( -62.92893218813462397, -30.00000000000000000, 175.0000000000000284 ) ) ;
#792 = EDGE_CURVE ( 'NONE', #1246, #1381, #95, .T. ) ;
#793 = COORDINATED_UNIVERSAL_TIME_OFFSET ( 1, 0, .AHEAD. ) ;
#794 = EDGE_LOOP ( 'NONE', ( #1187, #714 ) ) ;
#795 = CARTESIAN_POINT ( 'NONE',  ( -62.13591196227348235, 15.44472221513671784, 169.9999999999999716 ) ) ;
#796 = DIRECTION ( 'NONE',  ( -0.6324555320336630038, -0.6324555320336696651, 0.4472135954999851282 ) ) ;
#797 = DIRECTION ( 'NONE',  ( -4.336808689942018969E-17, 1.000000000000000000, -0.000000000000000000 ) ) ;
#798 = ORIENTED_EDGE ( 'NONE', *, *, #1871, .F. ) ;
#799 = DIRECTION ( 'NONE',  ( 1.000000000000000000, 0.000000000000000000, 0.000000000000000000 ) ) ;
#800 = CARTESIAN_POINT ( 'NONE',  ( 14.99999999999999289, 40.00000000000000000, 197.5000000000000284 ) ) ;
#801 = AXIS2_PLACEMENT_3D ( 'NONE', #2007, #796, #172 ) ;
#802 = CIRCLE ( 'NONE', #679, 13.99999999999999112 ) ;
#803 = ORIENTED_EDGE ( 'NONE', *, *, #2252, .T. ) ;
#804 = PLANE ( 'NONE',  #2028 ) ;
#805 = DIRECTION ( 'NONE',  ( 1.000000000000000000, 0.000000000000000000, 0.000000000000000000 ) ) ;
#806 = VECTOR ( 'NONE', #1113, 1000.000000000000000 ) ;
#807 = CARTESIAN_POINT ( 'NONE',  ( 26.14389092522540636, 127.2741789136143638, 168.4569669022414757 ) ) ;
#808 = EDGE_CURVE ( 'NONE', #917, #1576, #1920, .T. ) ;
#809 = EDGE_CURVE ( 'NONE', #371, #917, #694, .T. ) ;
#810 = VERTEX_POINT ( 'NONE', #1692 ) ;
#811 = DIRECTION ( 'NONE',  ( -0.7071067811865435759, -0.7071067811865515695, 0.000000000000000000 ) ) ;
#812 = DIRECTION ( 'NONE',  ( 0.000000000000000000, -1.000000000000000000, 0.000000000000000000 ) ) ;
#813 = DIRECTION ( 'NONE',  ( 1.000000000000000000, 0.000000000000000000, 0.000000000000000000 ) ) ;
#814 = FACE_OUTER_BOUND ( 'NONE', #2297, .T. ) ;
#815 = FACE_BOUND ( 'NONE', #794, .T. ) ;
#816 = DESIGN_CONTEXT ( 'detailed design', #125, 'design' ) ;
#817 = ORIENTED_EDGE ( 'NONE', *, *, #1469, .F. ) ;
#818 = FACE_OUTER_BOUND ( 'NONE', #460, .T. ) ;
#819 = DIRECTION ( 'NONE',  ( -0.000000000000000000, -0.000000000000000000, 1.000000000000000000 ) ) ;
#820 = CARTESIAN_POINT ( 'NONE',  ( -70.00000000000011369, -25.00000000000000000, 175.0000000000000284 ) ) ;
#821 = EDGE_CURVE ( 'NONE', #788, #496, #19, .T. ) ;
#822 = ADVANCED_FACE ( 'NONE', ( #385 ), #1981, .F. ) ;
#823 = ORIENTED_EDGE ( 'NONE', *, *, #2041, .T. ) ;
#824 = APPROVAL_PERSON_ORGANIZATION ( #2488, #2154, #1507 ) ;
#825 = LINE ( 'NONE', #2404, #1732 ) ;
#826 = CARTESIAN_POINT ( 'NONE',  ( -40.00000000000000000, -15.00000000000000000, 197.5000000000000000 ) ) ;
#827 = CYLINDRICAL_SURFACE ( 'NONE', #2374, 1.750000000000008438 ) ;
#828 = EDGE_CURVE ( 'NONE', #2447, #2103, #2189, .T. ) ;
#829 = FACE_OUTER_BOUND ( 'NONE', #1056, .T. ) ;
#830 = ORIENTED_EDGE ( 'NONE', *, *, #2186, .T. ) ;
#831 = CYLINDRICAL_SURFACE ( 'NONE', #2454, 1.750000000000008438 ) ;
#832 = DIRECTION ( 'NONE',  ( -4.336808689942018969E-17, 1.000000000000000000, -0.000000000000000000 ) ) ;
#833 = ORIENTED_EDGE ( 'NONE', *, *, #1474, .F. ) ;
#834 = ORIENTED_EDGE ( 'NONE', *, *, #31, .F. ) ;
#835 = VECTOR ( 'NONE', #1671, 1000.000000000000000 ) ;
#836 = DIRECTION ( 'NONE',  ( -1.000000000000000000, 0.000000000000000000, 0.000000000000000000 ) ) ;
#837 = CARTESIAN_POINT ( 'NONE',  ( -41.83087624780726088, 24.86031349933042023, 170.0000000000000000 ) ) ;
#838 = CARTESIAN_POINT ( 'NONE',  ( 27.45915267371313107, 126.7619456691437847, 168.2970784464152700 ) ) ;
#839 = ORIENTED_EDGE ( 'NONE', *, *, #809, .F. ) ;
#840 = EDGE_CURVE ( 'NONE', #2517, #1963, #760, .T. ) ;
#841 = CARTESIAN_POINT ( 'NONE',  ( -43.99691357585486173, 22.69427617128284425, 176.1264787318621075 ) ) ;
#842 = DIRECTION ( 'NONE',  ( -1.000000000000000000, 0.000000000000000000, 0.000000000000000000 ) ) ;
#843 = VECTOR ( 'NONE', #1346, 1000.000000000000000 ) ;
#844 = AXIS2_PLACEMENT_3D ( 'NONE', #1612, #39, #1383 ) ;
#845 = AXIS2_PLACEMENT_3D ( 'NONE', #219, #1011, #1810 ) ;
#846 = FACE_OUTER_BOUND ( 'NONE', #1494, .T. ) ;
#847 = VECTOR ( 'NONE', #210, 1000.000000000000000 ) ;
#848 = AXIS2_PLACEMENT_3D ( 'NONE', #1186, #24, #609 ) ;
#849 = ORIENTED_EDGE ( 'NONE', *, *, #302, .F. ) ;
#850 = CARTESIAN_POINT ( 'NONE',  ( 1.361746639874592324, 69.64601788733665444, 175.0000000000000284 ) ) ;
#851 = ORIENTED_EDGE ( 'NONE', *, *, #745, .T. ) ;
#852 = CARTESIAN_POINT ( 'NONE',  ( -78.95398226010098597, 58.44788560569149638, 175.0000000000000284 ) ) ;
#853 = EDGE_CURVE ( 'NONE', #496, #1535, #2562, .T. ) ;
#854 = ORIENTED_EDGE ( 'NONE', *, *, #1059, .T. ) ;
#855 = DIRECTION ( 'NONE',  ( 1.000000000000000000, 1.786765180256111061E-16, 6.938893903907225912E-17 ) ) ;
#856 = FACE_BOUND ( 'NONE', #1006, .T. ) ;
#857 = DIRECTION ( 'NONE',  ( 4.336808689942019585E-17, -1.000000000000000000, 0.000000000000000000 ) ) ;
#858 = EDGE_LOOP ( 'NONE', ( #1900, #154, #1833, #2414 ) ) ;
#859 = DIRECTION ( 'NONE',  ( 1.000000000000000000, 0.000000000000000000, 0.000000000000000000 ) ) ;
#860 = EDGE_CURVE ( 'NONE', #5, #218, #1362, .T. ) ;
#861 = AXIS2_PLACEMENT_3D ( 'NONE', #185, #1791, #811 ) ;
#862 = VERTEX_POINT ( 'NONE', #2365 ) ;
#863 = VECTOR ( 'NONE', #2135, 1000.000000000000000 ) ;
#864 = CARTESIAN_POINT ( 'NONE',  ( 27.92893218813452449, 70.00000000000011369, 175.0000000000000000 ) ) ;
#865 = ORIENTED_EDGE ( 'NONE', *, *, #206, .F. ) ;
#866 = CYLINDRICAL_SURFACE ( 'NONE', #1641, 13.99999999999999112 ) ;
#867 = EDGE_CURVE ( 'NONE', #148, #1569, #2349, .T. ) ;
#868 = VECTOR ( 'NONE', #29, 1000.000000000000000 ) ;
#869 = DIRECTION ( 'NONE',  ( -0.000000000000000000, -0.000000000000000000, 1.000000000000000000 ) ) ;
#870 = AXIS2_PLACEMENT_3D ( 'NONE', #129, #737, #2510 ) ;
#871 = ORIENTED_EDGE ( 'NONE', *, *, #792, .T. ) ;
#872 = EDGE_CURVE ( 'NONE', #2282, #1435, #2325, .T. ) ;
#873 = CARTESIAN_POINT ( 'NONE',  ( -52.43747796560567309, 14.25371178153211815, 170.0000000000000000 ) ) ;
#874 = ORIENTED_EDGE ( 'NONE', *, *, #2132, .T. ) ;
#875 = DIRECTION ( 'NONE',  ( 1.000000000000000000, 0.000000000000000000, 0.000000000000000000 ) ) ;
#876 = EDGE_LOOP ( 'NONE', ( #1645, #122 ) ) ;
#877 = DIRECTION ( 'NONE',  ( -1.000000000000000000, 0.000000000000000000, 0.000000000000000000 ) ) ;
#878 = CARTESIAN_POINT ( 'NONE',  ( 22.00000000000001421, 10.00000000000000000, 175.0000000000000000 ) ) ;
#879 = DIRECTION ( 'NONE',  ( -0.000000000000000000, -0.000000000000000000, -1.000000000000000000 ) ) ;
#880 = CARTESIAN_POINT ( 'NONE',  ( -87.79281702493288719, 49.60905084085969463, 170.0000000000000000 ) ) ;
#881 = CIRCLE ( 'NONE', #370, 1.500000000000003109 ) ;
#882 = CIRCLE ( 'NONE', #2211, 1.500000000000003109 ) ;
#883 = EDGE_LOOP ( 'NONE', ( #958, #2492, #704, #305 ) ) ;
#884 = AXIS2_PLACEMENT_3D ( 'NONE', #321, #515, #1720 ) ;
#885 = PLANE ( 'NONE',  #1523 ) ;
#886 = ORIENTED_EDGE ( 'NONE', *, *, #1631, .F. ) ;
#887 = CC_DESIGN_PERSON_AND_ORGANIZATION_ASSIGNMENT ( #2090, #908, ( #773 ) ) ;
#888 = PLANE ( 'NONE',  #1088 ) ;
#889 = ORIENTED_EDGE ( 'NONE', *, *, #1249, .T. ) ;
#890 = CARTESIAN_POINT ( 'NONE',  ( 27.00000000000025224, 126.9844435607488151, 168.2499999999992042 ) ) ;
#891 = DIRECTION ( 'NONE',  ( 0.000000000000000000, 0.000000000000000000, 1.000000000000000000 ) ) ;
#892 = CARTESIAN_POINT ( 'NONE',  ( -50.00000000000000000, -10.00000000000020250, 343.1370849898476081 ) ) ;
#893 = VERTEX_POINT ( 'NONE', #998 ) ;
#894 = LINE ( 'NONE', #2472, #1790 ) ;
#895 = DIRECTION ( 'NONE',  ( 0.7071067811865472397, -0.2357022603955221396, 0.6666666666666646313 ) ) ;
#896 = EDGE_CURVE ( 'NONE', #260, #893, #1734, .T. ) ;
#897 = ORIENTED_EDGE ( 'NONE', *, *, #2088, .T. ) ;
#898 = CARTESIAN_POINT ( 'NONE',  ( -12.24999999999997868, 108.4018678657927239, 167.0000000000000000 ) ) ;
#899 = VERTEX_POINT ( 'NONE', #359 ) ;
#900 = PLANE ( 'NONE',  #1052 ) ;
#901 = AXIS2_PLACEMENT_3D ( 'NONE', #2416, #2019, #440 ) ;
#902 = EDGE_CURVE ( 'NONE', #144, #536, #1158, .T. ) ;
#903 = CARTESIAN_POINT ( 'NONE',  ( -9.999999999999994671, -7.000000000000013323, 215.0000000000000000 ) ) ;
#904 = DIRECTION ( 'NONE',  ( 1.000000000000000000, 0.000000000000000000, 0.000000000000000000 ) ) ;
#905 = EDGE_LOOP ( 'NONE', ( #2313, #2359 ) ) ;
#906 = DIRECTION ( 'NONE',  ( 1.000000000000000000, 1.786765180256111307E-16, 6.938893903907225912E-17 ) ) ;
#907 = CARTESIAN_POINT ( 'NONE',  ( 25.43339230601891288, 127.3832567918468612, 170.7885284631829563 ) ) ;
#908 = PERSON_AND_ORGANIZATION_ROLE ( 'design_owner' ) ;
#909 = ORIENTED_EDGE ( 'NONE', *, *, #2543, .T. ) ;
#910 = LINE ( 'NONE', #1340, #1711 ) ;
#911 = VECTOR ( 'NONE', #2553, 1000.000000000000000 ) ;
#912 = ORIENTED_EDGE ( 'NONE', *, *, #601, .F. ) ;
#913 = CARTESIAN_POINT ( 'NONE',  ( 27.00000000000000000, 85.10186786579268414, 170.0000000000000000 ) ) ;
#914 = PRODUCT_DEFINITION_SHAPE ( 'NONE', 'NONE',  #1266 ) ;
#915 = DIRECTION ( 'NONE',  ( -4.336808689942018352E-17, -1.000000000000000000, 0.000000000000000000 ) ) ;
#916 = CARTESIAN_POINT ( 'NONE',  ( -39.99999999999998579, -7.000000000000015099, 175.0000000000000284 ) ) ;
#917 = VERTEX_POINT ( 'NONE', #10 ) ;
#918 = CARTESIAN_POINT ( 'NONE',  ( 14.99999999999999289, 40.00000000000000000, 197.5000000000000284 ) ) ;
#919 = ORIENTED_EDGE ( 'NONE', *, *, #1171, .T. ) ;
#920 = CARTESIAN_POINT ( 'NONE',  ( -48.80689448952307430, -8.823495121289731458, 195.0117384192939483 ) ) ;
#921 = AXIS2_PLACEMENT_3D ( 'NONE', #800, #1159, #1012 ) ;
#922 = VECTOR ( 'NONE', #855, 1000.000000000000000 ) ;
#923 = VERTEX_POINT ( 'NONE', #2520 ) ;
#924 = VECTOR ( 'NONE', #234, 1000.000000000000000 ) ;
#925 = DIRECTION ( 'NONE',  ( -1.387778780781445518E-14, 1.000000000000000000, 0.000000000000000000 ) ) ;
#926 = EDGE_LOOP ( 'NONE', ( #59, #657, #1677, #2329 ) ) ;
#927 = CYLINDRICAL_SURFACE ( 'NONE', #884, 5.000000000000004441 ) ;
#928 = DIRECTION ( 'NONE',  ( -0.7071067811865415775, -0.7071067811865534569, 0.000000000000000000 ) ) ;
#929 = EDGE_CURVE ( 'NONE', #44, #1511, #1382, .T. ) ;
#930 = EDGE_CURVE ( 'NONE', #1594, #2476, #2168, .T. ) ;
#931 = EDGE_CURVE ( 'NONE', #113, #1855, #1807, .T. ) ;
#932 = LINE ( 'NONE', #1904, #181 ) ;
#933 = EDGE_LOOP ( 'NONE', ( #2119, #1884 ) ) ;
#934 = CARTESIAN_POINT ( 'NONE',  ( -9.999999999999992895, -8.500000000000012434, 175.0000000000000284 ) ) ;
#935 =( BOUNDED_CURVE ( )  B_SPLINE_CURVE ( 3, ( #1206, #786, #2191, #1997 ),
 .UNSPECIFIED., .F., .F. ) 
 B_SPLINE_CURVE_WITH_KNOTS ( ( 4, 4 ),
 ( 0.000000000000000000, 0.1186848778885738337 ),
 .UNSPECIFIED. ) 
 CURVE ( )  GEOMETRIC_REPRESENTATION_ITEM ( )  RATIONAL_B_SPLINE_CURVE ( ( 1.000000000000000000, 0.9988265027490239589, 0.9988265027490239589, 1.000000000000000000 ) ) 
 REPRESENTATION_ITEM ( '' )  );
#936 = VERTEX_POINT ( 'NONE', #162 ) ;
#937 = APPROVAL_DATE_TIME ( #196, #2032 ) ;
#938 = EDGE_LOOP ( 'NONE', ( #1150, #803 ) ) ;
#939 = CARTESIAN_POINT ( 'NONE',  ( 24.99999999999999645, 70.00000000000011369, 175.0000000000000284 ) ) ;
#940 = VERTEX_POINT ( 'NONE', #2381 ) ;
#941 = CARTESIAN_POINT ( 'NONE',  ( -48.92929216119343749, -8.979035614105788099, 195.0351739328737608 ) ) ;
#942 = CARTESIAN_POINT ( 'NONE',  ( -24.86031349933041312, 41.83087624780726088, 170.0000000000000000 ) ) ;
#943 = VECTOR ( 'NONE', #426, 1000.000000000000114 ) ;
#944 = EDGE_LOOP ( 'NONE', ( #1259, #1489, #2066, #1251 ) ) ;
#945 = CARTESIAN_POINT ( 'NONE',  ( -10.00000000000000178, -15.00000000000000000, 197.5000000000000000 ) ) ;
#946 = EDGE_CURVE ( 'NONE', #788, #605, #611, .T. ) ;
#947 = CIRCLE ( 'NONE', #1271, 4.999999999999997335 ) ;
#948 = ORIENTED_EDGE ( 'NONE', *, *, #1389, .F. ) ;
#949 = EDGE_CURVE ( 'NONE', #269, #1952, #955, .T. ) ;
#950 = ORIENTED_EDGE ( 'NONE', *, *, #2496, .T. ) ;
#951 = CARTESIAN_POINT ( 'NONE',  ( 24.99999999999999645, 70.00000000000011369, 175.0000000000000284 ) ) ;
#952 = FACE_OUTER_BOUND ( 'NONE', #1405, .T. ) ;
#953 = AXIS2_PLACEMENT_3D ( 'NONE', #945, #2124, #1127 ) ;
#954 = VERTEX_POINT ( 'NONE', #1396 ) ;
#955 = LINE ( 'NONE', #984, #176 ) ;
#956 = CARTESIAN_POINT ( 'NONE',  ( -45.00000000000000711, -12.07106781186567623, 230.0000000000000000 ) ) ;
#957 = CIRCLE ( 'NONE', #2406, 5.000000000000000888 ) ;
#958 = ORIENTED_EDGE ( 'NONE', *, *, #1064, .F. ) ;
#959 = LINE ( 'NONE', #1813, #1041 ) ;
#960 = CIRCLE ( 'NONE', #1286, 2.499999999999998668 ) ;
#961 = FACE_OUTER_BOUND ( 'NONE', #1564, .T. ) ;
#962 = DATE_AND_TIME ( #604, #1643 ) ;
#963 = ADVANCED_FACE ( 'NONE', ( #1203 ), #2531, .F. ) ;
#964 = VERTEX_POINT ( 'NONE', #1953 ) ;
#965 = DIRECTION ( 'NONE',  ( 0.3162277660168552607, 0.3162277660168590354, 0.8944271909999021997 ) ) ;
#966 = VECTOR ( 'NONE', #2253, 1000.000000000000000 ) ;
#967 = CARTESIAN_POINT ( 'NONE',  ( -14.25371178153211815, 52.43747796560567309, 170.0000000000000000 ) ) ;
#968 = AXIS2_PLACEMENT_3D ( 'NONE', #1175, #1968, #1352 ) ;
#969 = AXIS2_PLACEMENT_3D ( 'NONE', #1823, #975, #2410 ) ;
#970 = ORIENTED_EDGE ( 'NONE', *, *, #87, .T. ) ;
#971 = CARTESIAN_POINT ( 'NONE',  ( -50.66971101263929711, 16.02147873449847992, 175.0000000000000284 ) ) ;
#972 = CYLINDRICAL_SURFACE ( 'NONE', #1959, 13.99999999999999112 ) ;
#973 = EDGE_LOOP ( 'NONE', ( #1967, #420, #2073, #986 ) ) ;
#974 = DIRECTION ( 'NONE',  ( 0.000000000000000000, -1.000000000000000000, 0.000000000000000000 ) ) ;
#975 = DIRECTION ( 'NONE',  ( 0.000000000000000000, 0.000000000000000000, -1.000000000000000000 ) ) ;
#976 = CARTESIAN_POINT ( 'NONE',  ( 30.00000000000000000, 122.4018678657926813, 175.0000000000000284 ) ) ;
#977 = APPROVAL_STATUS ( 'not_yet_approved' ) ;
#978 = ORIENTED_EDGE ( 'NONE', *, *, #92, .T. ) ;
#979 = EDGE_CURVE ( 'NONE', #1418, #964, #175, .T. ) ;
#980 = LINE ( 'NONE', #1339, #38 ) ;
#981 = CARTESIAN_POINT ( 'NONE',  ( -50.00000000000000000, -27.92893218813452094, 194.9999999999999432 ) ) ;
#982 = DIRECTION ( 'NONE',  ( 1.000000000000000000, 0.000000000000000000, 0.000000000000000000 ) ) ;
#983 = ORIENTED_EDGE ( 'NONE', *, *, #2372, .T. ) ;
#984 = CARTESIAN_POINT ( 'NONE',  ( -127.4018678657915302, -25.00000000000006750, 175.0000000000000284 ) ) ;
#985 = CARTESIAN_POINT ( 'NONE',  ( -9.999999999999998224, 4.999999999999997335, 230.0000000000000000 ) ) ;
#986 = ORIENTED_EDGE ( 'NONE', *, *, #2308, .T. ) ;
#987 = ADVANCED_FACE ( 'NONE', ( #1217, #814 ), #624, .F. ) ;
#988 = CARTESIAN_POINT ( 'NONE',  ( 8.500000000000014211, 9.999999999999998224, 175.0000000000000284 ) ) ;
#989 = DIRECTION ( 'NONE',  ( -0.000000000000000000, -0.000000000000000000, 1.000000000000000000 ) ) ;
#990 = CIRCLE ( 'NONE', #411, 1.500000000000002220 ) ;
#991 = CARTESIAN_POINT ( 'NONE',  ( 26.78327980920696305, 127.0744583299954797, 168.2599831290143868 ) ) ;
#992 = AXIS2_PLACEMENT_3D ( 'NONE', #22, #1595, #1349 ) ;
#993 = ORIENTED_EDGE ( 'NONE', *, *, #2433, .F. ) ;
#994 = CARTESIAN_POINT ( 'NONE',  ( -4.142135623731038052, 64.14213562373100785, 175.0000000000000284 ) ) ;
#995 = CARTESIAN_POINT ( 'NONE',  ( -45.00000000000001421, -30.00000000000000000, 192.9289321881344392 ) ) ;
#996 = DIRECTION ( 'NONE',  ( 1.000000000000000000, 1.786765180256111061E-16, 6.938893903907225912E-17 ) ) ;
#997 = ORIENTED_EDGE ( 'NONE', *, *, #1976, .T. ) ;
#998 = CARTESIAN_POINT ( 'NONE',  ( -87.79281702493288719, 49.60905084085969463, 170.0000000000000000 ) ) ;
#999 = CIRCLE ( 'NONE', #1323, 1.750000000000003553 ) ;
#1000 = DIRECTION ( 'NONE',  ( -0.000000000000000000, -0.000000000000000000, 1.000000000000000000 ) ) ;
#1001 = EDGE_CURVE ( 'NONE', #899, #2340, #2393, .T. ) ;
#1002 = ORIENTED_EDGE ( 'NONE', *, *, #608, .T. ) ;
#1003 = DIRECTION ( 'NONE',  ( 1.000000000000000000, 0.000000000000000000, 0.000000000000000000 ) ) ;
#1004 = CARTESIAN_POINT ( 'NONE',  ( -45.00000000000001421, -30.00000000000000000, 192.9289321881344392 ) ) ;
#1005 = CARTESIAN_POINT ( 'NONE',  ( 26.89320859083664317, 127.0310511527543724, 168.2499999999999432 ) ) ;
#1006 = EDGE_LOOP ( 'NONE', ( #1789, #1743 ) ) ;
#1007 = LINE ( 'NONE', #1022, #943 ) ;
#1008 = DIRECTION ( 'NONE',  ( -1.000000000000000000, 0.000000000000000000, 0.000000000000000000 ) ) ;
#1009 = CARTESIAN_POINT ( 'NONE',  ( 8.675487532066183505, 48.67548753206617107, 194.9999999999999432 ) ) ;
#1010 = VERTEX_POINT ( 'NONE', #1410 ) ;
#1011 = DIRECTION ( 'NONE',  ( 0.000000000000000000, 0.000000000000000000, -1.000000000000000000 ) ) ;
#1012 = DIRECTION ( 'NONE',  ( 0.000000000000000000, 0.000000000000000000, 1.000000000000000000 ) ) ;
#1013 = AXIS2_PLACEMENT_3D ( 'NONE', #404, #595, #373 ) ;
#1014 = AXIS2_PLACEMENT_3D ( 'NONE', #2048, #2256, #1846 ) ;
#1015 = ORIENTED_EDGE ( 'NONE', *, *, #2117, .F. ) ;
#1016 = CARTESIAN_POINT ( 'NONE',  ( -50.00000000000000000, -24.99999999999999645, 194.9999999999999147 ) ) ;
#1017 = EDGE_CURVE ( 'NONE', #340, #559, #2203, .T. ) ;
#1018 = DIRECTION ( 'NONE',  ( -0.000000000000000000, -0.000000000000000000, 1.000000000000000000 ) ) ;
#1019 = ADVANCED_FACE ( 'NONE', ( #2097 ), #1528, .F. ) ;
#1020 = EDGE_LOOP ( 'NONE', ( #1544, #313, #1090, #282 ) ) ;
#1021 = ADVANCED_FACE ( 'NONE', ( #2266 ), #697, .F. ) ;
#1022 = CARTESIAN_POINT ( 'NONE',  ( -50.66971101263929711, 16.02147873449847992, 175.0000000000000284 ) ) ;
#1023 = DIRECTION ( 'NONE',  ( 0.000000000000000000, 0.000000000000000000, 1.000000000000000000 ) ) ;
#1024 = CARTESIAN_POINT ( 'NONE',  ( -60.89847509519702839, 16.68215908221318600, 169.9999999999999716 ) ) ;
#1025 = DIRECTION ( 'NONE',  ( 1.000000000000000000, 0.000000000000000000, 0.000000000000000000 ) ) ;
#1026 = ORIENTED_EDGE ( 'NONE', *, *, #2403, .F. ) ;
#1027 = CARTESIAN_POINT ( 'NONE',  ( -107.8518678657915331, -1.200000000000022160, 167.0000000000000000 ) ) ;
#1028 = CARTESIAN_POINT ( 'NONE',  ( 11.47903561410559803, 49.96482606712618235, 195.0351739328737324 ) ) ;
#1029 = ADVANCED_FACE ( 'NONE', ( #1708 ), #1695, .F. ) ;
#1030 = CYLINDRICAL_SURFACE ( 'NONE', #1363, 1.500000000000003109 ) ;
#1031 = EDGE_LOOP ( 'NONE', ( #69, #341, #12, #289 ) ) ;
#1032 = AXIS2_PLACEMENT_3D ( 'NONE', #551, #1155, #1144 ) ;
#1033 = LINE ( 'NONE', #1057, #2556 ) ;
#1034 = ADVANCED_FACE ( 'NONE', ( #2157 ), #707, .T. ) ;
#1035 = CARTESIAN_POINT ( 'NONE',  ( 8.979035614105619345, 48.92929216119344460, 195.0351739328737608 ) ) ;
#1036 = DIRECTION ( 'NONE',  ( -4.336808689942018969E-17, 1.000000000000000000, -0.000000000000000000 ) ) ;
#1037 = ORIENTED_EDGE ( 'NONE', *, *, #1474, .T. ) ;
#1038 = CARTESIAN_POINT ( 'NONE',  ( 10.00000000000001243, 50.00000000000000000, 230.0000000000000000 ) ) ;
#1039 = VECTOR ( 'NONE', #287, 1000.000000000000000 ) ;
#1040 = FACE_OUTER_BOUND ( 'NONE', #486, .T. ) ;
#1041 = VECTOR ( 'NONE', #2551, 1000.000000000000000 ) ;
#1042 = DIRECTION ( 'NONE',  ( 0.7071067811865513475, 0.7071067811865436870, -9.813077866773589553E-17 ) ) ;
#1043 = EDGE_CURVE ( 'NONE', #1541, #555, #1670, .T. ) ;
#1044 = ORIENTED_EDGE ( 'NONE', *, *, #1553, .T. ) ;
#1045 = CARTESIAN_POINT ( 'NONE',  ( 2.216335057104207085, 70.00000000000011369, 175.0000000000000284 ) ) ;
#1046 = ORIENTED_EDGE ( 'NONE', *, *, #2261, .F. ) ;
#1047 = DIRECTION ( 'NONE',  ( 0.7071067811865455743, 0.7071067811865495711, 0.000000000000000000 ) ) ;
#1048 = ORIENTED_EDGE ( 'NONE', *, *, #1854, .T. ) ;
#1049 = CARTESIAN_POINT ( 'NONE',  ( 1.750000000000013767, 108.4018678657927239, 167.0000000000000000 ) ) ;
#1050 = LINE ( 'NONE', #504, #2291 ) ;
#1051 = VECTOR ( 'NONE', #147, 1000.000000000000000 ) ;
#1052 = AXIS2_PLACEMENT_3D ( 'NONE', #296, #541, #1666 ) ;
#1053 = CARTESIAN_POINT ( 'NONE',  ( 24.99999999999999645, 127.4018678657926955, 175.0000000000000284 ) ) ;
#1054 = CIRCLE ( 'NONE', #554, 6.150000000000003020 ) ;
#1055 = VECTOR ( 'NONE', #1409, 999.9999999999998863 ) ;
#1056 = EDGE_LOOP ( 'NONE', ( #448, #1876, #33, #1524 ) ) ;
#1057 = CARTESIAN_POINT ( 'NONE',  ( -9.999999999999998224, 9.999999999999998224, 230.0000000000000000 ) ) ;
#1058 = VERTEX_POINT ( 'NONE', #101 ) ;
#1059 = EDGE_CURVE ( 'NONE', #146, #1285, #1680, .T. ) ;
#1060 = CARTESIAN_POINT ( 'NONE',  ( -51.46625176280137026, 16.81801948466054597, 175.0000000000000284 ) ) ;
#1061 = VERTEX_POINT ( 'NONE', #2302 ) ;
#1062 = DIRECTION ( 'NONE',  ( -0.7071067811865454633, -0.7071067811865495711, 0.000000000000000000 ) ) ;
#1063 = LINE ( 'NONE', #696, #1297 ) ;
#1064 = EDGE_CURVE ( 'NONE', #1246, #1456, #2347, .T. ) ;
#1065 = DIRECTION ( 'NONE',  ( -0.000000000000000000, -0.000000000000000000, -1.000000000000000000 ) ) ;
#1066 = ORIENTED_EDGE ( 'NONE', *, *, #1547, .F. ) ;
#1067 = FACE_OUTER_BOUND ( 'NONE', #2506, .T. ) ;
#1068 = CIRCLE ( 'NONE', #1686, 1.750000000000001554 ) ;
#1069 = ORIENTED_EDGE ( 'NONE', *, *, #1443, .F. ) ;
#1070 = VECTOR ( 'NONE', #139, 1000.000000000000000 ) ;
#1071 = CARTESIAN_POINT ( 'NONE',  ( 28.74996254170460830, 125.7090994783360856, 170.1273607413965578 ) ) ;
#1072 = ORIENTED_EDGE ( 'NONE', *, *, #1482, .T. ) ;
#1073 = DIRECTION ( 'NONE',  ( -0.7071067811865454633, -0.7071067811865495711, 0.000000000000000000 ) ) ;
#1074 = PLANE ( 'NONE',  #1504 ) ;
#1075 = EDGE_CURVE ( 'NONE', #248, #720, #932, .T. ) ;
#1076 = DIRECTION ( 'NONE',  ( 0.000000000000000000, -1.000000000000000000, 0.000000000000000000 ) ) ;
#1077 = ORIENTED_EDGE ( 'NONE', *, *, #60, .F. ) ;
#1078 = EDGE_LOOP ( 'NONE', ( #1440, #2456 ) ) ;
#1079 = CARTESIAN_POINT ( 'NONE',  ( 27.86582854611305748, 126.5061019073878441, 168.4634115957169058 ) ) ;
#1080 = VERTEX_POINT ( 'NONE', #2109 ) ;
#1081 = DIRECTION ( 'NONE',  ( 0.000000000000000000, 1.000000000000000000, 0.000000000000000000 ) ) ;
#1082 = DIRECTION ( 'NONE',  ( -0.000000000000000000, -0.000000000000000000, -1.000000000000000000 ) ) ;
#1083 = FACE_OUTER_BOUND ( 'NONE', #327, .T. ) ;
#1084 = ORIENTED_EDGE ( 'NONE', *, *, #664, .T. ) ;
#1085 = CARTESIAN_POINT ( 'NONE',  ( -41.83087624780726088, 24.86031349933042023, 170.0000000000000000 ) ) ;
#1086 = ADVANCED_FACE ( 'NONE', ( #1499 ), #112, .T. ) ;
#1087 = EDGE_CURVE ( 'NONE', #810, #82, #517, .T. ) ;
#1088 = AXIS2_PLACEMENT_3D ( 'NONE', #2407, #2455, #479 ) ;
#1089 = AXIS2_PLACEMENT_3D ( 'NONE', #878, #1475, #2257 ) ;
#1090 = ORIENTED_EDGE ( 'NONE', *, *, #1688, .F. ) ;
#1091 = AXIS2_PLACEMENT_3D ( 'NONE', #594, #2145, #799 ) ;
#1092 =( NAMED_UNIT ( * ) PLANE_ANGLE_UNIT ( ) SI_UNIT ( $, .RADIAN. ) );
#1093 = ADVANCED_FACE ( 'NONE', ( #1083 ), #1099, .F. ) ;
#1094 = ORIENTED_EDGE ( 'NONE', *, *, #203, .F. ) ;
#1095 = CYLINDRICAL_SURFACE ( 'NONE', #1875, 6.149999999999985256 ) ;
#1096 = ORIENTED_EDGE ( 'NONE', *, *, #2070, .F. ) ;
#1097 = CARTESIAN_POINT ( 'NONE',  ( 0.000000000000000000, 70.00000000000011369, 175.0000000000000284 ) ) ;
#1098 = DIRECTION ( 'NONE',  ( -1.387778780781445518E-14, 1.000000000000000000, 0.000000000000000000 ) ) ;
#1099 = CYLINDRICAL_SURFACE ( 'NONE', #1922, 6.150000000000003020 ) ;
#1100 =( BOUNDED_CURVE ( )  B_SPLINE_CURVE ( 3, ( #791, #1402, #1973, #820 ),
 .UNSPECIFIED., .F., .T. ) 
 B_SPLINE_CURVE_WITH_KNOTS ( ( 4, 4 ),
 ( 1.570796326794894782, 3.141592653589793116 ),
 .UNSPECIFIED. ) 
 CURVE ( )  GEOMETRIC_REPRESENTATION_ITEM ( )  RATIONAL_B_SPLINE_CURVE ( ( 1.000000000000000000, 0.8047378541243646044, 0.8047378541243646044, 1.000000000000000000 ) ) 
 REPRESENTATION_ITEM ( '' )  );
#1101 = EDGE_LOOP ( 'NONE', ( #2220, #1660, #1633, #502 ) ) ;
#1102 = DIRECTION ( 'NONE',  ( 1.000000000000000000, 1.387778780781445360E-14, 0.000000000000000000 ) ) ;
#1103 = CARTESIAN_POINT ( 'NONE',  ( 26.78280169138860245, 127.0746342755824969, 171.7399415040736415 ) ) ;
#1104 = CARTESIAN_POINT ( 'NONE',  ( -45.00000000000001421, -30.00000000000000000, 175.0000000000000284 ) ) ;
#1105 = ORIENTED_EDGE ( 'NONE', *, *, #221, .F. ) ;
#1106 = EDGE_CURVE ( 'NONE', #1733, #1235, #85, .T. ) ;
#1107 = CARTESIAN_POINT ( 'NONE',  ( -7.928932188134521830, 127.4018678657926955, 165.0000000000000000 ) ) ;
#1108 = CIRCLE ( 'NONE', #1032, 4.999999999999997335 ) ;
#1109 = ORIENTED_EDGE ( 'NONE', *, *, #221, .T. ) ;
#1110 = LINE ( 'NONE', #2300, #2494 ) ;
#1111 = CIRCLE ( 'NONE', #2062, 2.500000000000002220 ) ;
#1112 = CARTESIAN_POINT ( 'NONE',  ( 14.99999999999999289, 40.00000000000000000, 197.5000000000000284 ) ) ;
#1113 = DIRECTION ( 'NONE',  ( 0.000000000000000000, 0.000000000000000000, -1.000000000000000000 ) ) ;
#1114 = CARTESIAN_POINT ( 'NONE',  ( -39.99999999999998579, -7.000000000000015099, 175.0000000000000284 ) ) ;
#1115 = ORIENTED_EDGE ( 'NONE', *, *, #2015, .F. ) ;
#1116 = EDGE_CURVE ( 'NONE', #1381, #50, #529, .T. ) ;
#1117 = DIRECTION ( 'NONE',  ( 0.000000000000000000, 0.000000000000000000, -1.000000000000000000 ) ) ;
#1118 = VERTEX_POINT ( 'NONE', #1366 ) ;
#1119 = ADVANCED_FACE ( 'NONE', ( #2499 ), #723, .T. ) ;
#1120 = DIRECTION ( 'NONE',  ( 1.000000000000000000, 1.786765180256111307E-16, 6.938893903907225912E-17 ) ) ;
#1121 = VERTEX_POINT ( 'NONE', #578 ) ;
#1122 = CYLINDRICAL_SURFACE ( 'NONE', #228, 1.499999999999997780 ) ;
#1123 = AXIS2_PLACEMENT_3D ( 'NONE', #1439, #1267, #1430 ) ;
#1124 = CARTESIAN_POINT ( 'NONE',  ( -50.00000000000000000, -12.07106781186567623, 343.1370849898476081 ) ) ;
#1125 = CARTESIAN_POINT ( 'NONE',  ( -49.60905084085970174, 87.79281702493288719, 170.0000000000000000 ) ) ;
#1126 = ORIENTED_EDGE ( 'NONE', *, *, #1437, .F. ) ;
#1127 = DIRECTION ( 'NONE',  ( 0.000000000000000000, -1.000000000000000000, 0.000000000000000000 ) ) ;
#1128 = ORIENTED_EDGE ( 'NONE', *, *, #1592, .F. ) ;
#1129 = CIRCLE ( 'NONE', #470, 1.500000000000001332 ) ;
#1130 = CIRCLE ( 'NONE', #2373, 6.149999999999985256 ) ;
#1131 = ORIENTED_EDGE ( 'NONE', *, *, #676, .F. ) ;
#1132 = CIRCLE ( 'NONE', #20, 5.000000000000000000 ) ;
#1133 = DIRECTION ( 'NONE',  ( 0.000000000000000000, 0.000000000000000000, -1.000000000000000000 ) ) ;
#1134 = EDGE_CURVE ( 'NONE', #1638, #2461, #2418, .T. ) ;
#1135 = ORIENTED_EDGE ( 'NONE', *, *, #1064, .T. ) ;
#1136 = DIRECTION ( 'NONE',  ( 0.7071067811865513475, -0.7071067811865437980, -0.000000000000000000 ) ) ;
#1137 = CARTESIAN_POINT ( 'NONE',  ( -122.4018678657919850, 7.928932188134560022, 165.0000000000000000 ) ) ;
#1138 = VERTEX_POINT ( 'NONE', #1584 ) ;
#1139 = CARTESIAN_POINT ( 'NONE',  ( -125.9374017717247654, 11.46446609406727468, 165.0000000000000000 ) ) ;
#1140 = ADVANCED_FACE ( 'NONE', ( #2009 ), #2560, .T. ) ;
#1141 = VERTEX_POINT ( 'NONE', #1819 ) ;
#1142 = PERSON_AND_ORGANIZATION ( #158, #656 ) ;
#1143 = ORIENTED_EDGE ( 'NONE', *, *, #1075, .F. ) ;
#1144 = DIRECTION ( 'NONE',  ( 1.000000000000000000, 0.000000000000000000, 0.000000000000000000 ) ) ;
#1145 = CARTESIAN_POINT ( 'NONE',  ( 20.50000000000001066, 10.00000000000000000, 175.0000000000000000 ) ) ;
#1146 = ORIENTED_EDGE ( 'NONE', *, *, #1914, .T. ) ;
#1147 = CARTESIAN_POINT ( 'NONE',  ( -40.00000000000000000, -15.00000000000000000, 197.5000000000000000 ) ) ;
#1148 = CARTESIAN_POINT ( 'NONE',  ( -23.09254654636391635, 43.59864320077377897, 175.0000000000000284 ) ) ;
#1149 = LOCAL_TIME ( 10, 28, 26.00000000000000000, #793 ) ;
#1150 = ORIENTED_EDGE ( 'NONE', *, *, #1933, .T. ) ;
#1151 = CARTESIAN_POINT ( 'NONE',  ( -107.8518678657915331, -1.200000000000022160, 175.0000000000000284 ) ) ;
#1152 = EDGE_CURVE ( 'NONE', #2079, #44, #1598, .T. ) ;
#1153 = CARTESIAN_POINT ( 'NONE',  ( 26.89261397478427895, 127.0313106644753418, 171.7500000000000568 ) ) ;
#1154 = VERTEX_POINT ( 'NONE', #837 ) ;
#1155 = DIRECTION ( 'NONE',  ( 0.000000000000000000, 0.000000000000000000, 1.000000000000000000 ) ) ;
#1156 = FACE_OUTER_BOUND ( 'NONE', #177, .T. ) ;
#1157 = ORIENTED_EDGE ( 'NONE', *, *, #288, .T. ) ;
#1158 = LINE ( 'NONE', #1795, #1503 ) ;
#1159 = DIRECTION ( 'NONE',  ( 2.220446049250313081E-16, -1.000000000000000000, -6.938893903907225912E-17 ) ) ;
#1160 = VECTOR ( 'NONE', #394, 1000.000000000000000 ) ;
#1161 = ORIENTED_EDGE ( 'NONE', *, *, #362, .T. ) ;
#1162 = DIRECTION ( 'NONE',  ( -0.000000000000000000, -1.000000000000000000, -0.000000000000000000 ) ) ;
#1163 = EDGE_CURVE ( 'NONE', #1384, #1010, #1132, .T. ) ;
#1164 = CARTESIAN_POINT ( 'NONE',  ( -127.4018678657914734, -30.00000000000000355, 165.0000000000000000 ) ) ;
#1165 = APPROVAL_DATE_TIME ( #962, #2154 ) ;
#1166 = ORIENTED_EDGE ( 'NONE', *, *, #682, .F. ) ;
#1167 = DIRECTION ( 'NONE',  ( 0.7071067811865464625, 0.7071067811865486830, 0.000000000000000000 ) ) ;
#1168 = AXIS2_PLACEMENT_3D ( 'NONE', #1583, #1572, #2529 ) ;
#1169 = LINE ( 'NONE', #1978, #2043 ) ;
#1170 = VECTOR ( 'NONE', #1599, 1000.000000000000000 ) ;
#1171 = EDGE_CURVE ( 'NONE', #1058, #1740, #1462, .T. ) ;
#1172 = CARTESIAN_POINT ( 'NONE',  ( 24.99999999999999645, 127.4018678657926955, 175.0000000000000284 ) ) ;
#1173 = AXIS2_PLACEMENT_3D ( 'NONE', #1277, #1082, #842 ) ;
#1174 = ORIENTED_EDGE ( 'NONE', *, *, #1234, .T. ) ;
#1175 = CARTESIAN_POINT ( 'NONE',  ( -39.99999999999999289, -7.000000000000017764, 215.0000000000000000 ) ) ;
#1176 = VECTOR ( 'NONE', #2379, 1000.000000000000000 ) ;
#1177 = FACE_OUTER_BOUND ( 'NONE', #2343, .T. ) ;
#1178 = ORIENTED_EDGE ( 'NONE', *, *, #280, .T. ) ;
#1179 = CARTESIAN_POINT ( 'NONE',  ( -93.85186786579154727, -1.200000000000023936, 167.0000000000000000 ) ) ;
#1180 = CARTESIAN_POINT ( 'NONE',  ( -24.86031349933041312, 41.83087624780726088, 170.0000000000000000 ) ) ;
#1181 = CARTESIAN_POINT ( 'NONE',  ( 24.99999999999999645, 36.46446609406702777, 201.4644660940673191 ) ) ;
#1182 = ORIENTED_EDGE ( 'NONE', *, *, #1354, .F. ) ;
#1183 = DIRECTION ( 'NONE',  ( -1.000000000000000000, 0.000000000000000000, 0.000000000000000000 ) ) ;
#1184 = CARTESIAN_POINT ( 'NONE',  ( -49.60905084085970174, 87.79281702493288719, 170.0000000000000000 ) ) ;
#1185 = EDGE_CURVE ( 'NONE', #767, #432, #416, .T. ) ;
#1186 = CARTESIAN_POINT ( 'NONE',  ( -41.83087624780726088, 24.86031349933042023, 170.0000000000000000 ) ) ;
#1187 = ORIENTED_EDGE ( 'NONE', *, *, #1134, .F. ) ;
#1188 = CARTESIAN_POINT ( 'NONE',  ( -49.96482606712618235, -11.47903561410577034, 195.0351739328737324 ) ) ;
#1189 = FACE_OUTER_BOUND ( 'NONE', #1020, .T. ) ;
#1190 = ORIENTED_EDGE ( 'NONE', *, *, #1290, .T. ) ;
#1191 = FACE_OUTER_BOUND ( 'NONE', #2238, .T. ) ;
#1192 = PLANE ( 'NONE',  #1760 ) ;
#1193 = CC_DESIGN_APPROVAL ( #2154, ( #1266 ) ) ;
#1194 = DIRECTION ( 'NONE',  ( -1.000000000000000000, -2.955188886704707001E-17, 0.000000000000000000 ) ) ;
#1195 = VECTOR ( 'NONE', #965, 1000.000000000000114 ) ;
#1196 = COORDINATED_UNIVERSAL_TIME_OFFSET ( 1, 0, .AHEAD. ) ;
#1197 = ORIENTED_EDGE ( 'NONE', *, *, #808, .T. ) ;
#1198 = LINE ( 'NONE', #1774, #1403 ) ;
#1199 = DIRECTION ( 'NONE',  ( -0.000000000000000000, -0.000000000000000000, -1.000000000000000000 ) ) ;
#1200 = LINE ( 'NONE', #1024, #1626 ) ;
#1201 = EDGE_CURVE ( 'NONE', #1752, #1080, #452, .T. ) ;
#1202 = ORIENTED_EDGE ( 'NONE', *, *, #1688, .T. ) ;
#1203 = FACE_OUTER_BOUND ( 'NONE', #98, .T. ) ;
#1204 = EDGE_CURVE ( 'NONE', #1585, #1500, #1299, .T. ) ;
#1205 = AXIS2_PLACEMENT_3D ( 'NONE', #1332, #1931, #709 ) ;
#1206 = CARTESIAN_POINT ( 'NONE',  ( -50.00000000000000000, -12.07106781186567623, 194.9999999999999147 ) ) ;
#1207 = VERTEX_POINT ( 'NONE', #1420 ) ;
#1208 = DIRECTION ( 'NONE',  ( 0.7071067811865495711, -0.7071067811865455743, 0.000000000000000000 ) ) ;
#1209 =( BOUNDED_CURVE ( )  B_SPLINE_CURVE ( 3, ( #680, #920, #1685, #521 ),
 .UNSPECIFIED., .F., .T. ) 
 B_SPLINE_CURVE_WITH_KNOTS ( ( 4, 4 ),
 ( 6.164500429291022598, 6.283185307179586232 ),
 .UNSPECIFIED. ) 
 CURVE ( )  GEOMETRIC_REPRESENTATION_ITEM ( )  RATIONAL_B_SPLINE_CURVE ( ( 1.000000000000000000, 0.9988265027490241810, 0.9988265027490241810, 1.000000000000000000 ) ) 
 REPRESENTATION_ITEM ( '' )  );
#1210 = CARTESIAN_POINT ( 'NONE',  ( -125.9374017717247654, 11.46446609406727468, 175.0000000000000284 ) ) ;
#1211 = EDGE_CURVE ( 'NONE', #1705, #1470, #1979, .T. ) ;
#1212 = DIRECTION ( 'NONE',  ( -1.000000000000000000, -2.775557561562890957E-15, 0.000000000000000000 ) ) ;
#1213 = ORIENTED_EDGE ( 'NONE', *, *, #2030, .T. ) ;
#1214 = DIRECTION ( 'NONE',  ( -1.000000000000000000, 4.336808689942018969E-17, 0.000000000000000000 ) ) ;
#1215 = LINE ( 'NONE', #1950, #2286 ) ;
#1216 = CARTESIAN_POINT ( 'NONE',  ( -121.8518678657915331, -1.200000000000022160, 167.0000000000000000 ) ) ;
#1217 = FACE_BOUND ( 'NONE', #684, .T. ) ;
#1218 = AXIS2_PLACEMENT_3D ( 'NONE', #2239, #1250, #2420 ) ;
#1219 = CYLINDRICAL_SURFACE ( 'NONE', #1013, 4.999999999999997335 ) ;
#1220 = VECTOR ( 'NONE', #180, 1000.000000000000114 ) ;
#1221 = EDGE_LOOP ( 'NONE', ( #2565, #1717, #2011, #1837 ) ) ;
#1222 = DIRECTION ( 'NONE',  ( 0.000000000000000000, 0.000000000000000000, -1.000000000000000000 ) ) ;
#1223 = DIRECTION ( 'NONE',  ( -1.000000000000000000, 0.000000000000000000, 0.000000000000000000 ) ) ;
#1224 = LINE ( 'NONE', #1772, #911 ) ;
#1225 = EDGE_CURVE ( 'NONE', #1855, #2437, #48, .T. ) ;
#1226 = ORIENTED_EDGE ( 'NONE', *, *, #493, .F. ) ;
#1227 = FACE_OUTER_BOUND ( 'NONE', #579, .T. ) ;
#1228 = CARTESIAN_POINT ( 'NONE',  ( -69.64601788733665444, -1.361746639874813702, 175.0000000000000284 ) ) ;
#1229 = LINE ( 'NONE', #1663, #966 ) ;
#1230 = ORIENTED_EDGE ( 'NONE', *, *, #1414, .T. ) ;
#1231 = DIRECTION ( 'NONE',  ( 0.7071067811865464625, 0.7071067811865486830, 0.000000000000000000 ) ) ;
#1232 = FACE_OUTER_BOUND ( 'NONE', #222, .T. ) ;
#1233 = DIRECTION ( 'NONE',  ( 1.000000000000000000, 1.786765180256111307E-16, 6.938893903907225912E-17 ) ) ;
#1234 = EDGE_CURVE ( 'NONE', #1576, #136, #202, .T. ) ;
#1235 = VERTEX_POINT ( 'NONE', #1966 ) ;
#1236 = CARTESIAN_POINT ( 'NONE',  ( -10.00000000000000178, -15.00000000000000000, 200.0000000000000000 ) ) ;
#1237 = ORIENTED_EDGE ( 'NONE', *, *, #2070, .T. ) ;
#1238 = CARTESIAN_POINT ( 'NONE',  ( 27.56076279645213845, 126.6980072391337728, 171.6613306311308236 ) ) ;
#1239 = ORIENTED_EDGE ( 'NONE', *, *, #2115, .T. ) ;
#1240 = CYLINDRICAL_SURFACE ( 'NONE', #1014, 5.000000000000000888 ) ;
#1241 = CIRCLE ( 'NONE', #1123, 5.000000000000004441 ) ;
#1242 = CARTESIAN_POINT ( 'NONE',  ( -127.4018678657915302, -25.00000000000006750, 175.0000000000000284 ) ) ;
#1243 = DIRECTION ( 'NONE',  ( 0.000000000000000000, 0.000000000000000000, -1.000000000000000000 ) ) ;
#1244 = CIRCLE ( 'NONE', #257, 1.500000000000001332 ) ;
#1245 = EDGE_CURVE ( 'NONE', #2542, #1207, #1200, .T. ) ;
#1246 = VERTEX_POINT ( 'NONE', #1620 ) ;
#1247 = FACE_BOUND ( 'NONE', #771, .T. ) ;
#1248 = ORIENTED_EDGE ( 'NONE', *, *, #2395, .T. ) ;
#1249 = EDGE_CURVE ( 'NONE', #148, #2034, #1506, .T. ) ;
#1250 = DIRECTION ( 'NONE',  ( 0.000000000000000000, 0.000000000000000000, -1.000000000000000000 ) ) ;
#1251 = ORIENTED_EDGE ( 'NONE', *, *, #334, .F. ) ;
#1252 = CARTESIAN_POINT ( 'NONE',  ( -62.13591196227348235, 15.44472221513671784, 169.9999999999999716 ) ) ;
#1253 = CARTESIAN_POINT ( 'NONE',  ( -107.8518678657915331, -1.200000000000022160, 167.0000000000000000 ) ) ;
#1254 = CIRCLE ( 'NONE', #91, 1.499999999999998668 ) ;
#1255 = DIRECTION ( 'NONE',  ( 1.000000000000000000, 0.000000000000000000, 0.000000000000000000 ) ) ;
#1256 = VECTOR ( 'NONE', #494, 1000.000000000000000 ) ;
#1257 = ORIENTED_EDGE ( 'NONE', *, *, #860, .T. ) ;
#1258 = FACE_OUTER_BOUND ( 'NONE', #1885, .T. ) ;
#1259 = ORIENTED_EDGE ( 'NONE', *, *, #1656, .F. ) ;
#1260 = EDGE_CURVE ( 'NONE', #2502, #1539, #1629, .T. ) ;
#1261 = LINE ( 'NONE', #2065, #2371 ) ;
#1262 = EDGE_LOOP ( 'NONE', ( #1556, #1531, #2162, #1955, #2489, #983, #402, #1037, #1601, #2250 ) ) ;
#1263 = DIRECTION ( 'NONE',  ( -1.000000000000000000, 0.000000000000000000, 0.000000000000000000 ) ) ;
#1264 =( BOUNDED_CURVE ( )  B_SPLINE_CURVE ( 3, ( #565, #186, #369, #23 ),
 .UNSPECIFIED., .F., .T. ) 
 B_SPLINE_CURVE_WITH_KNOTS ( ( 4, 4 ),
 ( 1.570796326794897890, 3.141592653589793116 ),
 .UNSPECIFIED. ) 
 CURVE ( )  GEOMETRIC_REPRESENTATION_ITEM ( )  RATIONAL_B_SPLINE_CURVE ( ( 1.000000000000000000, 0.8047378541243652705, 0.8047378541243652705, 1.000000000000000000 ) ) 
 REPRESENTATION_ITEM ( '' )  );
#1265 = DIRECTION ( 'NONE',  ( -0.000000000000000000, -0.000000000000000000, -1.000000000000000000 ) ) ;
#1266 = PRODUCT_DEFINITION ( 'UNKNOWN', '', #734, #816 ) ;
#1267 = DIRECTION ( 'NONE',  ( -0.000000000000000000, -0.000000000000000000, 1.000000000000000000 ) ) ;
#1268 = EDGE_LOOP ( 'NONE', ( #1202, #1844, #489, #1015 ) ) ;
#1269 = CARTESIAN_POINT ( 'NONE',  ( 0.000000000000000000, 0.000000000000000000, 0.000000000000000000 ) ) ;
#1270 = ORIENTED_EDGE ( 'NONE', *, *, #2564, .T. ) ;
#1271 = AXIS2_PLACEMENT_3D ( 'NONE', #956, #1751, #762 ) ;
#1272 = CARTESIAN_POINT ( 'NONE',  ( 28.68240928526333633, 125.7843878255531536, 169.5026472999080625 ) ) ;
#1273 = EDGE_CURVE ( 'NONE', #2484, #278, #2419, .T. ) ;
#1274 = ADVANCED_FACE ( 'NONE', ( #1994 ), #217, .F. ) ;
#1275 = ORIENTED_EDGE ( 'NONE', *, *, #1896, .T. ) ;
#1276 = FACE_OUTER_BOUND ( 'NONE', #698, .T. ) ;
#1277 = CARTESIAN_POINT ( 'NONE',  ( 1.750000000000015543, 108.4018678657931360, 167.0000000000000000 ) ) ;
#1278 = DIRECTION ( 'NONE',  ( 1.000000000000000000, 1.786765180256111307E-16, 6.938893903907225912E-17 ) ) ;
#1279 = DIRECTION ( 'NONE',  ( -0.000000000000000000, -0.000000000000000000, 1.000000000000000000 ) ) ;
#1280 = ADVANCED_FACE ( 'NONE', ( #8 ), #827, .F. ) ;
#1281 = VECTOR ( 'NONE', #1321, 1000.000000000000000 ) ;
#1282 = ORIENTED_EDGE ( 'NONE', *, *, #1414, .F. ) ;
#1283 = DIRECTION ( 'NONE',  ( 4.336808689942019585E-17, -1.000000000000000000, 0.000000000000000000 ) ) ;
#1284 = EDGE_CURVE ( 'NONE', #301, #1384, #2177, .T. ) ;
#1285 = VERTEX_POINT ( 'NONE', #1575 ) ;
#1286 = AXIS2_PLACEMENT_3D ( 'NONE', #444, #2431, #83 ) ;
#1287 = LINE ( 'NONE', #939, #2413 ) ;
#1288 = ORIENTED_EDGE ( 'NONE', *, *, #1390, .F. ) ;
#1289 = DIRECTION ( 'NONE',  ( -0.000000000000000000, 1.000000000000000000, 0.000000000000000000 ) ) ;
#1290 = EDGE_CURVE ( 'NONE', #1121, #301, #2350, .T. ) ;
#1291 = DIRECTION ( 'NONE',  ( -1.000000000000000000, 0.000000000000000000, 0.000000000000000000 ) ) ;
#1292 = DIRECTION ( 'NONE',  ( 1.786765180256111307E-16, -1.000000000000000000, -6.938893903907225912E-17 ) ) ;
#1293 = ORIENTED_EDGE ( 'NONE', *, *, #1853, .T. ) ;
#1294 = CARTESIAN_POINT ( 'NONE',  ( -45.00000000000001421, -30.00000000000000000, 230.0000000000000000 ) ) ;
#1295 = CIRCLE ( 'NONE', #1919, 2.500000000000002220 ) ;
#1296 = AXIS2_PLACEMENT_3D ( 'NONE', #673, #238, #1263 ) ;
#1297 = VECTOR ( 'NONE', #457, 1000.000000000000000 ) ;
#1298 = CARTESIAN_POINT ( 'NONE',  ( 25.94680070445037501, 127.3143150041915135, 171.4168675102991415 ) ) ;
#1299 = CIRCLE ( 'NONE', #2046, 5.000000000000000888 ) ;
#1300 = ADVANCED_FACE ( 'NONE', ( #2146 ), #1353, .F. ) ;
#1301 = DIRECTION ( 'NONE',  ( -0.7071067811865464625, -0.7071067811865486830, 0.000000000000000000 ) ) ;
#1302 = EDGE_LOOP ( 'NONE', ( #2017, #889, #1230, #948 ) ) ;
#1303 = CARTESIAN_POINT ( 'NONE',  ( -41.83087624780726088, 24.86031349933042023, 170.0000000000000000 ) ) ;
#1304 = ORIENTED_EDGE ( 'NONE', *, *, #134, .F. ) ;
#1305 = CARTESIAN_POINT ( 'NONE',  ( 7.000000000000009770, 39.99999999999999289, 215.0000000000000284 ) ) ;
#1306 = CARTESIAN_POINT ( 'NONE',  ( -48.53553390593276617, -8.535533905932950915, 230.0000000000000000 ) ) ;
#1307 = DIRECTION ( 'NONE',  ( -0.7071067811865435759, -0.7071067811865514585, 0.000000000000000000 ) ) ;
#1308 = CARTESIAN_POINT ( 'NONE',  ( 24.99999999999999645, 50.00000000000000000, 343.1370849898476081 ) ) ;
#1309 = ADVANCED_FACE ( 'NONE', ( #829 ), #1397, .F. ) ;
#1310 = EDGE_LOOP ( 'NONE', ( #1821, #897 ) ) ;
#1311 = CARTESIAN_POINT ( 'NONE',  ( 8.500000000000007105, 39.99999999999999289, 215.0000000000000284 ) ) ;
#1312 = EDGE_LOOP ( 'NONE', ( #1865, #2076, #1970, #1333 ) ) ;
#1313 = DIRECTION ( 'NONE',  ( 0.000000000000000000, 0.000000000000000000, 1.000000000000000000 ) ) ;
#1314 = LOCAL_TIME ( 10, 28, 26.00000000000000000, #1196 ) ;
#1315 = ORIENTED_EDGE ( 'NONE', *, *, #1152, .T. ) ;
#1316 = DIRECTION ( 'NONE',  ( -1.000000000000000000, 0.000000000000000000, 0.000000000000000000 ) ) ;
#1317 = VECTOR ( 'NONE', #1804, 1000.000000000000000 ) ;
#1318 = CARTESIAN_POINT ( 'NONE',  ( -48.53553390593275196, -8.535533905932943810, 343.1370849898476081 ) ) ;
#1319 = CARTESIAN_POINT ( 'NONE',  ( -70.00000000000011369, 0.000000000000000000, 175.0000000000000284 ) ) ;
#1320 = ORIENTED_EDGE ( 'NONE', *, *, #1487, .T. ) ;
#1321 = DIRECTION ( 'NONE',  ( 0.000000000000000000, 0.000000000000000000, -1.000000000000000000 ) ) ;
#1322 = ORIENTED_EDGE ( 'NONE', *, *, #1797, .T. ) ;
#1323 = AXIS2_PLACEMENT_3D ( 'NONE', #1697, #152, #2485 ) ;
#1324 = ADVANCED_FACE ( 'NONE', ( #1189 ), #1219, .T. ) ;
#1325 = CARTESIAN_POINT ( 'NONE',  ( 8.500000000000007105, 39.99999999999999289, 215.0000000000000284 ) ) ;
#1326 = ORIENTED_EDGE ( 'NONE', *, *, #676, .T. ) ;
#1327 = DIRECTION ( 'NONE',  ( 1.000000000000000000, 1.786765180256111307E-16, 6.938893903907225912E-17 ) ) ;
#1328 = VERTEX_POINT ( 'NONE', #985 ) ;
#1329 = LINE ( 'NONE', #2457, #645 ) ;
#1330 = EDGE_CURVE ( 'NONE', #480, #1569, #2328, .T. ) ;
#1331 = DIRECTION ( 'NONE',  ( -0.7071067811865512365, -2.089634101476033509E-17, -0.7071067811865439090 ) ) ;
#1332 = CARTESIAN_POINT ( 'NONE',  ( -92.04652880646460744, 45.35533905932752674, 169.9999999999999716 ) ) ;
#1333 = ORIENTED_EDGE ( 'NONE', *, *, #362, .F. ) ;
#1334 = AXIS2_PLACEMENT_3D ( 'NONE', #1718, #2312, #538 ) ;
#1335 = PERSON_AND_ORGANIZATION_ROLE ( 'design_supplier' ) ;
#1336 = AXIS2_PLACEMENT_3D ( 'NONE', #81, #1036, #1624 ) ;
#1337 = CIRCLE ( 'NONE', #2044, 2.500000000000002220 ) ;
#1338 = VERTEX_POINT ( 'NONE', #207 ) ;
#1339 = CARTESIAN_POINT ( 'NONE',  ( -4.399999999999970157, 108.4018678657931360, 175.0000000000000284 ) ) ;
#1340 = CARTESIAN_POINT ( 'NONE',  ( -77.18621530713447498, 60.21565255865799315, 170.0000000000000000 ) ) ;
#1341 = EDGE_LOOP ( 'NONE', ( #2307, #2055, #2139, #1687 ) ) ;
#1342 = DIRECTION ( 'NONE',  ( -0.7071067811865439090, 0.7071067811865512365, -5.238529448733281520E-31 ) ) ;
#1343 = ADVANCED_FACE ( 'NONE', ( #1954 ), #2563, .T. ) ;
#1344 = DIRECTION ( 'NONE',  ( -1.000000000000000000, -0.000000000000000000, -0.000000000000000000 ) ) ;
#1345 = ORIENTED_EDGE ( 'NONE', *, *, #1845, .T. ) ;
#1346 = DIRECTION ( 'NONE',  ( -0.6785983445458505514, 0.2810846377148206177, -0.6785983445458433350 ) ) ;
#1347 = CARTESIAN_POINT ( 'NONE',  ( 27.00000000000009237, 126.9844435607486446, 171.7500000000003411 ) ) ;
#1348 = VERTEX_POINT ( 'NONE', #2382 ) ;
#1349 = DIRECTION ( 'NONE',  ( 1.000000000000000000, 0.000000000000000000, 0.000000000000000000 ) ) ;
#1350 = PLANE ( 'NONE',  #801 ) ;
#1351 = ORIENTED_EDGE ( 'NONE', *, *, #190, .T. ) ;
#1352 = DIRECTION ( 'NONE',  ( 0.000000000000000000, -1.000000000000000000, 0.000000000000000000 ) ) ;
#1353 = CYLINDRICAL_SURFACE ( 'NONE', #2078, 1.500000000000001332 ) ;
#1354 = EDGE_CURVE ( 'NONE', #2426, #5, #935, .T. ) ;
#1355 = ADVANCED_FACE ( 'NONE', ( #1177 ), #972, .F. ) ;
#1356 = AXIS2_PLACEMENT_3D ( 'NONE', #1467, #1716, #2475 ) ;
#1357 = ORIENTED_EDGE ( 'NONE', *, *, #1947, .F. ) ;
#1358 = CARTESIAN_POINT ( 'NONE',  ( 1.750000000000015543, 108.4018678657931360, 175.0000000000000284 ) ) ;
#1359 = LINE ( 'NONE', #976, #1616 ) ;
#1360 = ADVANCED_FACE ( 'NONE', ( #774 ), #582, .F. ) ;
#1361 = EDGE_LOOP ( 'NONE', ( #570, #443, #2367, #1161 ) ) ;
#1362 =( BOUNDED_CURVE ( )  B_SPLINE_CURVE ( 3, ( #1188, #2134, #205, #941 ),
 .UNSPECIFIED., .F., .F. ) 
 B_SPLINE_CURVE_WITH_KNOTS ( ( 4, 4 ),
 ( 6.009171103369434164, 6.557199510989744518 ),
 .UNSPECIFIED. ) 
 CURVE ( )  GEOMETRIC_REPRESENTATION_ITEM ( )  RATIONAL_B_SPLINE_CURVE ( ( 1.000000000000000000, 0.9751282799207712237, 0.9751282799207712237, 1.000000000000000000 ) ) 
 REPRESENTATION_ITEM ( '' )  );
#1363 = AXIS2_PLACEMENT_3D ( 'NONE', #251, #857, #2411 ) ;
#1364 = CARTESIAN_POINT ( 'NONE',  ( 0.6801948466053260312, 68.96446609406739015, 175.0000000000000284 ) ) ;
#1365 = CARTESIAN_POINT ( 'NONE',  ( -10.00000000000000178, -15.00000000000000000, 195.0000000000000000 ) ) ;
#1366 = CARTESIAN_POINT ( 'NONE',  ( -44.39518395093588765, 23.88908729652603213, 175.0000000000000284 ) ) ;
#1367 = EDGE_LOOP ( 'NONE', ( #2503, #2536, #1939, #1478 ) ) ;
#1368 = CARTESIAN_POINT ( 'NONE',  ( 20.50000000000001066, 40.00000000000000000, 175.0000000000000000 ) ) ;
#1369 = VECTOR ( 'NONE', #2151, 1000.000000000000000 ) ;
#1370 = DIRECTION ( 'NONE',  ( 4.336808689942019585E-17, -1.000000000000000000, 0.000000000000000000 ) ) ;
#1371 = ORIENTED_EDGE ( 'NONE', *, *, #872, .T. ) ;
#1372 = DIRECTION ( 'NONE',  ( -0.7071067811865434649, -0.7071067811865516806, 0.000000000000000000 ) ) ;
#1373 = DIRECTION ( 'NONE',  ( 0.000000000000000000, 0.000000000000000000, 1.000000000000000000 ) ) ;
#1374 = CARTESIAN_POINT ( 'NONE',  ( 30.00000000000001421, 50.00000000000000000, 230.0000000000000000 ) ) ;
#1375 = ORIENTED_EDGE ( 'NONE', *, *, #469, .F. ) ;
#1376 = DIRECTION ( 'NONE',  ( 1.000000000000000000, 1.786765180256111307E-16, 6.938893903907225912E-17 ) ) ;
#1377 = AXIS2_PLACEMENT_3D ( 'NONE', #1562, #1370, #612 ) ;
#1378 = DIRECTION ( 'NONE',  ( 0.000000000000000000, 0.000000000000000000, -1.000000000000000000 ) ) ;
#1379 = AXIS2_PLACEMENT_3D ( 'NONE', #2480, #123, #1996 ) ;
#1380 = DIRECTION ( 'NONE',  ( 0.000000000000000000, 0.000000000000000000, 1.000000000000000000 ) ) ;
#1381 = VERTEX_POINT ( 'NONE', #419 ) ;
#1382 = LINE ( 'NONE', #1561, #641 ) ;
#1383 = DIRECTION ( 'NONE',  ( 1.000000000000000000, 0.000000000000000000, 0.000000000000000000 ) ) ;
#1384 = VERTEX_POINT ( 'NONE', #220 ) ;
#1385 = LINE ( 'NONE', #2384, #868 ) ;
#1386 = LINE ( 'NONE', #2014, #58 ) ;
#1387 = CARTESIAN_POINT ( 'NONE',  ( 5.500000000000012434, 9.999999999999998224, 215.0000000000000284 ) ) ;
#1388 = PERSON_AND_ORGANIZATION_ROLE ( 'creator' ) ;
#1389 = EDGE_CURVE ( 'NONE', #1569, #480, #882, .T. ) ;
#1390 = EDGE_CURVE ( 'NONE', #2522, #2299, #1600, .T. ) ;
#1391 = ORIENTED_EDGE ( 'NONE', *, *, #2030, .F. ) ;
#1392 = DIRECTION ( 'NONE',  ( 0.000000000000000000, 0.000000000000000000, -1.000000000000000000 ) ) ;
#1393 = CARTESIAN_POINT ( 'NONE',  ( -95.16540002696338263, -25.00000000000000000, 142.7635321611716108 ) ) ;
#1394 = DIRECTION ( 'NONE',  ( -1.000000000000000000, 0.000000000000000000, 0.000000000000000000 ) ) ;
#1395 = ORIENTED_EDGE ( 'NONE', *, *, #16, .T. ) ;
#1396 = CARTESIAN_POINT ( 'NONE',  ( -9.999999999999994671, -5.500000000000014211, 215.0000000000000000 ) ) ;
#1397 = CYLINDRICAL_SURFACE ( 'NONE', #921, 2.500000000000002220 ) ;
#1398 = ORIENTED_EDGE ( 'NONE', *, *, #505, .T. ) ;
#1399 = CARTESIAN_POINT ( 'NONE',  ( 20.50000000000001066, 40.00000000000000000, 175.0000000000000000 ) ) ;
#1400 = DIRECTION ( 'NONE',  ( -1.000000000000000000, 0.000000000000000000, 0.000000000000000000 ) ) ;
#1401 = AXIS2_PLACEMENT_3D ( 'NONE', #795, #1744, #1581 ) ;
#1402 = CARTESIAN_POINT ( 'NONE',  ( -67.07106781186561761, -30.00000000000000711, 175.0000000000000568 ) ) ;
#1403 = VECTOR ( 'NONE', #2557, 999.9999999999998863 ) ;
#1404 = ORIENTED_EDGE ( 'NONE', *, *, #104, .F. ) ;
#1405 = EDGE_LOOP ( 'NONE', ( #1749, #1809 ) ) ;
#1406 = ADVANCED_FACE ( 'NONE', ( #815, #625, #1412 ), #2205, .T. ) ;
#1407 = DIRECTION ( 'NONE',  ( 1.000000000000000000, 0.000000000000000000, 0.000000000000000000 ) ) ;
#1408 = CYLINDRICAL_SURFACE ( 'NONE', #387, 1.500000000000003109 ) ;
#1409 = DIRECTION ( 'NONE',  ( 0.7071067811865512365, 2.089634101476033509E-17, 0.7071067811865439090 ) ) ;
#1410 = CARTESIAN_POINT ( 'NONE',  ( -9.999999999999998224, 4.999999999999997335, 165.0000000000000000 ) ) ;
#1411 = AXIS2_PLACEMENT_3D ( 'NONE', #2294, #2523, #518 ) ;
#1412 = FACE_BOUND ( 'NONE', #1984, .T. ) ;
#1413 = EDGE_LOOP ( 'NONE', ( #2332, #2430, #1109, #1453, #2316 ) ) ;
#1414 = EDGE_CURVE ( 'NONE', #2034, #480, #1229, .T. ) ;
#1415 = FACE_OUTER_BOUND ( 'NONE', #1618, .T. ) ;
#1416 = PLANE ( 'NONE',  #306 ) ;
#1417 = CARTESIAN_POINT ( 'NONE',  ( 26.56686992350503473, 127.1514054397992197, 168.3008753167447082 ) ) ;
#1418 = VERTEX_POINT ( 'NONE', #1060 ) ;
#1419 = DIRECTION ( 'NONE',  ( -0.7071067811865447972, 0.000000000000000000, 0.7071067811865503483 ) ) ;
#1420 = CARTESIAN_POINT ( 'NONE',  ( -90.80909193938815349, 46.59277592640398780, 169.9999999999999716 ) ) ;
#1421 = VECTOR ( 'NONE', #598, 1000.000000000000000 ) ;
#1422 = VECTOR ( 'NONE', #1764, 1000.000000000000000 ) ;
#1423 = CARTESIAN_POINT ( 'NONE',  ( 27.86464590270506747, 126.5068748464901205, 171.5371353168175972 ) ) ;
#1424 = AXIS2_PLACEMENT_3D ( 'NONE', #2385, #2002, #1429 ) ;
#1425 = EDGE_CURVE ( 'NONE', #2034, #148, #135, .T. ) ;
#1426 = VECTOR ( 'NONE', #1927, 1000.000000000000000 ) ;
#1427 = ORIENTED_EDGE ( 'NONE', *, *, #1245, .T. ) ;
#1428 = CARTESIAN_POINT ( 'NONE',  ( 11.47903561410559803, 49.96482606712618235, 195.0351739328737324 ) ) ;
#1429 = DIRECTION ( 'NONE',  ( -0.7071067811865435759, -0.7071067811865515695, 0.000000000000000000 ) ) ;
#1430 = DIRECTION ( 'NONE',  ( -1.000000000000000000, 1.172673069760320586E-13, 0.000000000000000000 ) ) ;
#1431 = VERTEX_POINT ( 'NONE', #852 ) ;
#1432 = FACE_BOUND ( 'NONE', #1648, .T. ) ;
#1433 = CARTESIAN_POINT ( 'NONE',  ( -7.928932188134521830, 127.4018678657926955, 175.0000000000000284 ) ) ;
#1434 = CARTESIAN_POINT ( 'NONE',  ( 27.00000000000025224, 126.9844435607488151, 168.2499999999992042 ) ) ;
#1435 = VERTEX_POINT ( 'NONE', #1864 ) ;
#1436 = DIRECTION ( 'NONE',  ( 0.7071067811865455743, 0.7071067811865495711, 0.000000000000000000 ) ) ;
#1437 = EDGE_CURVE ( 'NONE', #1328, #2136, #2453, .T. ) ;
#1438 = CARTESIAN_POINT ( 'NONE',  ( 1.750000000000013767, 108.4018678657927239, 167.0000000000000000 ) ) ;
#1439 = CARTESIAN_POINT ( 'NONE',  ( -122.4018678657919850, 7.928932188134560022, 175.0000000000000284 ) ) ;
#1440 = ORIENTED_EDGE ( 'NONE', *, *, #550, .F. ) ;
#1441 = ORIENTED_EDGE ( 'NONE', *, *, #2511, .T. ) ;
#1442 = VECTOR ( 'NONE', #2290, 1000.000000000000000 ) ;
#1443 = EDGE_CURVE ( 'NONE', #2561, #1445, #464, .T. ) ;
#1444 = DIRECTION ( 'NONE',  ( -1.000000000000000000, 0.000000000000000000, 0.000000000000000000 ) ) ;
#1445 = VERTEX_POINT ( 'NONE', #247 ) ;
#1446 = FACE_OUTER_BOUND ( 'NONE', #1262, .T. ) ;
#1447 = EDGE_LOOP ( 'NONE', ( #2500, #2051 ) ) ;
#1448 = DIRECTION ( 'NONE',  ( 2.220446049250313081E-16, -1.000000000000000000, -6.938893903907225912E-17 ) ) ;
#1449 = AXIS2_PLACEMENT_3D ( 'NONE', #2050, #688, #2037 ) ;
#1450 = FACE_OUTER_BOUND ( 'NONE', #693, .T. ) ;
#1451 = DIRECTION ( 'NONE',  ( 4.336808689942018969E-17, -1.000000000000000000, 0.000000000000000000 ) ) ;
#1452 = ADVANCED_FACE ( 'NONE', ( #96, #1446 ), #61, .F. ) ;
#1453 = ORIENTED_EDGE ( 'NONE', *, *, #1043, .F. ) ;
#1454 = ADVANCED_FACE ( 'NONE', ( #271 ), #888, .F. ) ;
#1455 = CARTESIAN_POINT ( 'NONE',  ( 15.00000000000000000, 10.00000000000000711, 197.5000000000000000 ) ) ;
#1456 = VERTEX_POINT ( 'NONE', #1873 ) ;
#1457 = CARTESIAN_POINT ( 'NONE',  ( 28.36370602808580088, 126.1069139347219306, 171.1179499916876523 ) ) ;
#1458 = EDGE_LOOP ( 'NONE', ( #1681, #997, #2337, #170 ) ) ;
#1459 = DIRECTION ( 'NONE',  ( -0.000000000000000000, -0.000000000000000000, -1.000000000000000000 ) ) ;
#1460 = CARTESIAN_POINT ( 'NONE',  ( 5.500000000000010658, 39.99999999999999289, 215.0000000000000284 ) ) ;
#1461 = VECTOR ( 'NONE', #2176, 1000.000000000000000 ) ;
#1462 =( BOUNDED_CURVE ( )  B_SPLINE_CURVE ( 3, ( #401, #1009, #2187, #1035 ),
 .UNSPECIFIED., .F., .F. ) 
 B_SPLINE_CURVE_WITH_KNOTS ( ( 4, 4 ),
 ( 0.000000000000000000, 0.1186848778885685463 ),
 .UNSPECIFIED. ) 
 CURVE ( )  GEOMETRIC_REPRESENTATION_ITEM ( )  RATIONAL_B_SPLINE_CURVE ( ( 1.000000000000000000, 0.9988265027490240699, 0.9988265027490240699, 1.000000000000000000 ) ) 
 REPRESENTATION_ITEM ( '' )  );
#1463 = LINE ( 'NONE', #240, #1039 ) ;
#1464 = VECTOR ( 'NONE', #428, 999.9999999999998863 ) ;
#1465 = ORIENTED_EDGE ( 'NONE', *, *, #560, .T. ) ;
#1466 = ADVANCED_FACE ( 'NONE', ( #442 ), #683, .T. ) ;
#1467 = CARTESIAN_POINT ( 'NONE',  ( 7.000000000000009770, 39.99999999999999289, 215.0000000000000284 ) ) ;
#1468 = AXIS2_PLACEMENT_3D ( 'NONE', #1614, #466, #249 ) ;
#1469 = EDGE_CURVE ( 'NONE', #1980, #964, #1261, .T. ) ;
#1470 = VERTEX_POINT ( 'NONE', #2441 ) ;
#1471 = CARTESIAN_POINT ( 'NONE',  ( 28.04965526997747460, 126.3694221944147387, 171.4169439400204169 ) ) ;
#1472 = ORIENTED_EDGE ( 'NONE', *, *, #2058, .T. ) ;
#1473 = DIRECTION ( 'NONE',  ( -1.000000000000000000, 0.000000000000000000, 0.000000000000000000 ) ) ;
#1474 = EDGE_CURVE ( 'NONE', #2340, #82, #1895, .T. ) ;
#1475 = DIRECTION ( 'NONE',  ( -4.336808689942018969E-17, 1.000000000000000000, -0.000000000000000000 ) ) ;
#1476 = DIRECTION ( 'NONE',  ( 0.000000000000000000, -1.000000000000000000, 0.000000000000000000 ) ) ;
#1477 = CARTESIAN_POINT ( 'NONE',  ( -107.8518678657915331, -1.200000000000022160, 175.0000000000000284 ) ) ;
#1478 = ORIENTED_EDGE ( 'NONE', *, *, #635, .F. ) ;
#1479 = LINE ( 'NONE', #1325, #2394 ) ;
#1480 = AXIS2_PLACEMENT_3D ( 'NONE', #232, #1862, #1419 ) ;
#1481 = EDGE_LOOP ( 'NONE', ( #462, #2389, #1441, #2212, #919, #851, #183, #79, #1910, #1484, #380, #1375, #613, #729 ) ) ;
#1482 = EDGE_CURVE ( 'NONE', #720, #1338, #1730, .T. ) ;
#1483 = CYLINDRICAL_SURFACE ( 'NONE', #225, 4.999999999999990230 ) ;
#1484 = ORIENTED_EDGE ( 'NONE', *, *, #1944, .F. ) ;
#1485 = DIRECTION ( 'NONE',  ( 0.7071067811865455743, 0.7071067811865495711, 0.000000000000000000 ) ) ;
#1486 = LINE ( 'NONE', #1857, #1625 ) ;
#1487 = EDGE_CURVE ( 'NONE', #1492, #597, #1129, .T. ) ;
#1488 = DIRECTION ( 'NONE',  ( 1.000000000000000000, 1.786765180256111307E-16, 6.938893903907225912E-17 ) ) ;
#1489 = ORIENTED_EDGE ( 'NONE', *, *, #2306, .T. ) ;
#1490 = LINE ( 'NONE', #1540, #1991 ) ;
#1491 = ORIENTED_EDGE ( 'NONE', *, *, #1225, .F. ) ;
#1492 = VERTEX_POINT ( 'NONE', #2504 ) ;
#1493 = DIRECTION ( 'NONE',  ( -0.000000000000000000, -0.000000000000000000, 1.000000000000000000 ) ) ;
#1494 = EDGE_LOOP ( 'NONE', ( #2322, #365 ) ) ;
#1495 = CARTESIAN_POINT ( 'NONE',  ( -9.999999999999998224, 127.4018678657926955, 165.0000000000000000 ) ) ;
#1496 = PLANE ( 'NONE',  #2310 ) ;
#1497 = EDGE_CURVE ( 'NONE', #2476, #954, #702, .T. ) ;
#1498 = EDGE_CURVE ( 'NONE', #1541, #2340, #1287, .T. ) ;
#1499 = FACE_OUTER_BOUND ( 'NONE', #933, .T. ) ;
#1500 = VERTEX_POINT ( 'NONE', #2466 ) ;
#1501 = DIRECTION ( 'NONE',  ( 0.000000000000000000, 0.000000000000000000, 1.000000000000000000 ) ) ;
#1502 = AXIS2_PLACEMENT_3D ( 'NONE', #826, #1609, #1023 ) ;
#1503 = VECTOR ( 'NONE', #1940, 1000.000000000000000 ) ;
#1504 = AXIS2_PLACEMENT_3D ( 'NONE', #2278, #250, #1847 ) ;
#1505 = CARTESIAN_POINT ( 'NONE',  ( 25.49031539595678097, 127.3782082782331173, 170.8926837688188698 ) ) ;
#1506 = CIRCLE ( 'NONE', #512, 1.500000000000003109 ) ;
#1507 = APPROVAL_ROLE ( '' ) ;
#1508 = ORIENTED_EDGE ( 'NONE', *, *, #636, .F. ) ;
#1509 = EDGE_LOOP ( 'NONE', ( #2303, #1709, #562, #192 ) ) ;
#1510 = DIRECTION ( 'NONE',  ( 2.220446049250313081E-16, -1.000000000000000000, -6.938893903907225912E-17 ) ) ;
#1511 = VERTEX_POINT ( 'NONE', #319 ) ;
#1512 = CARTESIAN_POINT ( 'NONE',  ( 1.750000000000013767, 108.4018678657927239, 167.0000000000000000 ) ) ;
#1513 = CARTESIAN_POINT ( 'NONE',  ( -45.35533905932731358, 92.04652880646531798, 169.9999999999999716 ) ) ;
#1514 = CARTESIAN_POINT ( 'NONE',  ( 10.00000000000001243, 50.00000000000000000, 343.1370849898476081 ) ) ;
#1515 = ORIENTED_EDGE ( 'NONE', *, *, #2054, .F. ) ;
#1516 = LINE ( 'NONE', #1308, #1281 ) ;
#1517 = ADVANCED_FACE ( 'NONE', ( #730 ), #1095, .F. ) ;
#1518 = ORIENTED_EDGE ( 'NONE', *, *, #2464, .F. ) ;
#1519 = ORIENTED_EDGE ( 'NONE', *, *, #896, .T. ) ;
#1520 = ADVANCED_FACE ( 'NONE', ( #357 ), #108, .F. ) ;
#1521 = VERTEX_POINT ( 'NONE', #1690 ) ;
#1522 = DIRECTION ( 'NONE',  ( -0.000000000000000000, 0.7071067811865512365, -0.7071067811865439090 ) ) ;
#1523 = AXIS2_PLACEMENT_3D ( 'NONE', #1674, #690, #317 ) ;
#1524 = ORIENTED_EDGE ( 'NONE', *, *, #1553, .F. ) ;
#1525 = CARTESIAN_POINT ( 'NONE',  ( -40.00000000000000000, -15.00000000000000000, 195.0000000000000000 ) ) ;
#1526 = CIRCLE ( 'NONE', #861, 1.750000000000003553 ) ;
#1527 = DIRECTION ( 'NONE',  ( 0.000000000000000000, 0.000000000000000000, 1.000000000000000000 ) ) ;
#1528 = PLANE ( 'NONE',  #388 ) ;
#1529 = ORIENTED_EDGE ( 'NONE', *, *, #828, .T. ) ;
#1530 = LINE ( 'NONE', #1085, #666 ) ;
#1531 = ORIENTED_EDGE ( 'NONE', *, *, #104, .T. ) ;
#1532 =( BOUNDED_CURVE ( )  B_SPLINE_CURVE ( 3, ( #1364, #850, #1045, #1817 ),
 .UNSPECIFIED., .F., .T. ) 
 B_SPLINE_CURVE_WITH_KNOTS ( ( 4, 4 ),
 ( 6.009171103369433276, 6.557199510989741853 ),
 .UNSPECIFIED. ) 
 CURVE ( )  GEOMETRIC_REPRESENTATION_ITEM ( )  RATIONAL_B_SPLINE_CURVE ( ( 1.000000000000000000, 0.9751282799207713348, 0.9751282799207713348, 1.000000000000000000 ) ) 
 REPRESENTATION_ITEM ( '' )  );
#1533 = VECTOR ( 'NONE', #1710, 1000.000000000000000 ) ;
#1534 = EDGE_CURVE ( 'NONE', #1154, #559, #1925, .T. ) ;
#1535 = VERTEX_POINT ( 'NONE', #1145 ) ;
#1536 = CARTESIAN_POINT ( 'NONE',  ( -39.99999999999999289, -7.000000000000017764, 215.0000000000000000 ) ) ;
#1537 = ORIENTED_EDGE ( 'NONE', *, *, #2308, .F. ) ;
#1538 = LINE ( 'NONE', #1318, #1070 ) ;
#1539 = VERTEX_POINT ( 'NONE', #1703 ) ;
#1540 = CARTESIAN_POINT ( 'NONE',  ( -24.86031349933041312, 41.83087624780726088, 170.0000000000000000 ) ) ;
#1541 = VERTEX_POINT ( 'NONE', #2118 ) ;
#1542 = AXIS2_PLACEMENT_3D ( 'NONE', #2424, #891, #1679 ) ;
#1543 = AXIS2_PLACEMENT_3D ( 'NONE', #913, #1081, #1877 ) ;
#1544 = ORIENTED_EDGE ( 'NONE', *, *, #2281, .F. ) ;
#1545 = ADVANCED_FACE ( 'NONE', ( #342 ), #1483, .T. ) ;
#1546 = CARTESIAN_POINT ( 'NONE',  ( -9.999999999999992895, -7.000000000000010658, 175.0000000000000284 ) ) ;
#1547 = EDGE_CURVE ( 'NONE', #2476, #1594, #1254, .T. ) ;
#1548 = CYLINDRICAL_SURFACE ( 'NONE', #344, 5.000000000000001776 ) ;
#1549 = EDGE_LOOP ( 'NONE', ( #1320, #2255 ) ) ;
#1550 = DIRECTION ( 'NONE',  ( 0.000000000000000000, 0.000000000000000000, -1.000000000000000000 ) ) ;
#1551 = CARTESIAN_POINT ( 'NONE',  ( -44.11790219225085252, 93.28396567354178615, 169.9999999999999716 ) ) ;
#1552 = EDGE_LOOP ( 'NONE', ( #1322, #2240, #1304, #409, #978 ) ) ;
#1553 = EDGE_CURVE ( 'NONE', #212, #2299, #1664, .T. ) ;
#1554 = CARTESIAN_POINT ( 'NONE',  ( 7.071067811865485275, 57.07106781186546840, 180.8578643762691058 ) ) ;
#1555 = CARTESIAN_POINT ( 'NONE',  ( 26.45990963945910579, 127.1852389776236549, 168.3315738330320812 ) ) ;
#1556 = ORIENTED_EDGE ( 'NONE', *, *, #2448, .F. ) ;
#1557 = DIRECTION ( 'NONE',  ( 0.000000000000000000, -1.000000000000000000, 0.000000000000000000 ) ) ;
#1558 = CARTESIAN_POINT ( 'NONE',  ( -50.00000000000000000, -30.00000000000000000, 194.9999999999999147 ) ) ;
#1559 = EDGE_CURVE ( 'NONE', #936, #1431, #910, .T. ) ;
#1560 = ORIENTED_EDGE ( 'NONE', *, *, #1116, .F. ) ;
#1561 = CARTESIAN_POINT ( 'NONE',  ( -16.64101042906901284, 50.93522459602665720, 175.5006572141609524 ) ) ;
#1562 = CARTESIAN_POINT ( 'NONE',  ( 7.000000000000009770, 39.99999999999999289, 215.0000000000000284 ) ) ;
#1563 = AXIS2_PLACEMENT_3D ( 'NONE', #1964, #606, #381 ) ;
#1564 = EDGE_LOOP ( 'NONE', ( #833, #1975, #758, #276 ) ) ;
#1565 = DIRECTION ( 'NONE',  ( 1.000000000000000000, 1.786765180256111307E-16, 6.938893903907225912E-17 ) ) ;
#1566 = DIRECTION ( 'NONE',  ( -1.000000000000000000, 0.000000000000000000, 0.000000000000000000 ) ) ;
#1567 = LINE ( 'NONE', #1164, #127 ) ;
#1568 = CALENDAR_DATE ( 2026, 2, 6 ) ;
#1569 = VERTEX_POINT ( 'NONE', #1886 ) ;
#1570 = VECTOR ( 'NONE', #1243, 1000.000000000000000 ) ;
#1571 = LINE ( 'NONE', #6, #156 ) ;
#1572 = DIRECTION ( 'NONE',  ( 4.336808689942018969E-17, -1.000000000000000000, 0.000000000000000000 ) ) ;
#1573 = ORIENTED_EDGE ( 'NONE', *, *, #601, .T. ) ;
#1574 = CARTESIAN_POINT ( 'NONE',  ( -52.43747796560567309, 14.25371178153211815, 170.0000000000000000 ) ) ;
#1575 = CARTESIAN_POINT ( 'NONE',  ( 24.99999999999999645, 127.4018678657926955, 165.0000000000000000 ) ) ;
#1576 = VERTEX_POINT ( 'NONE', #1107 ) ;
#1577 = CARTESIAN_POINT ( 'NONE',  ( -39.99999999999998579, -7.000000000000015099, 175.0000000000000284 ) ) ;
#1578 = CARTESIAN_POINT ( 'NONE',  ( -10.00000000000000000, -30.00000000000000000, 175.0000000000000284 ) ) ;
#1579 = CARTESIAN_POINT ( 'NONE',  ( 22.00000000000001421, 40.00000000000000000, 175.0000000000000000 ) ) ;
#1580 = ORIENTED_EDGE ( 'NONE', *, *, #1930, .T. ) ;
#1581 = DIRECTION ( 'NONE',  ( -0.7071067811865437980, -0.7071067811865513475, -0.000000000000000000 ) ) ;
#1582 = AXIS2_PLACEMENT_3D ( 'NONE', #1782, #1588, #569 ) ;
#1583 = CARTESIAN_POINT ( 'NONE',  ( 7.000000000000009770, 39.99999999999999289, 215.0000000000000284 ) ) ;
#1584 = CARTESIAN_POINT ( 'NONE',  ( -58.44788560569150349, 78.95398226010098597, 175.0000000000000284 ) ) ;
#1585 = VERTEX_POINT ( 'NONE', #2273 ) ;
#1586 = DIRECTION ( 'NONE',  ( 0.000000000000000000, 0.000000000000000000, 1.000000000000000000 ) ) ;
#1587 = AXIS2_PLACEMENT_3D ( 'NONE', #916, #1278, #1292 ) ;
#1588 = DIRECTION ( 'NONE',  ( -0.7071067811865435759, 0.7071067811865515695, -5.731567514496413899E-31 ) ) ;
#1589 = ORIENTED_EDGE ( 'NONE', *, *, #65, .F. ) ;
#1590 = CARTESIAN_POINT ( 'NONE',  ( 7.000000000000009770, 39.99999999999999289, 175.0000000000000284 ) ) ;
#1591 = LINE ( 'NONE', #1210, #2006 ) ;
#1592 = EDGE_CURVE ( 'NONE', #1521, #2248, #2077, .T. ) ;
#1593 = DIRECTION ( 'NONE',  ( 1.000000000000000000, 0.000000000000000000, 0.000000000000000000 ) ) ;
#1594 = VERTEX_POINT ( 'NONE', #2298 ) ;
#1595 = DIRECTION ( 'NONE',  ( -4.336808689942018969E-17, 1.000000000000000000, -0.000000000000000000 ) ) ;
#1596 = FACE_OUTER_BOUND ( 'NONE', #973, .T. ) ;
#1597 = ADVANCED_FACE ( 'NONE', ( #2285 ), #513, .F. ) ;
#1598 = LINE ( 'NONE', #245, #1464 ) ;
#1599 = DIRECTION ( 'NONE',  ( 1.000000000000000000, 0.000000000000000000, 0.000000000000000000 ) ) ;
#1600 = LINE ( 'NONE', #1811, #2125 ) ;
#1601 = ORIENTED_EDGE ( 'NONE', *, *, #1087, .F. ) ;
#1602 = CARTESIAN_POINT ( 'NONE',  ( -45.35533905932731358, 92.04652880646531798, 169.9999999999999716 ) ) ;
#1603 = FACE_BOUND ( 'NONE', #563, .T. ) ;
#1604 = AXIS2_PLACEMENT_3D ( 'NONE', #1269, #117, #290 ) ;
#1605 = CARTESIAN_POINT ( 'NONE',  ( -9.999999999999992895, -7.000000000000010658, 175.0000000000000284 ) ) ;
#1606 = ORIENTED_EDGE ( 'NONE', *, *, #2305, .F. ) ;
#1607 = ORIENTED_EDGE ( 'NONE', *, *, #1204, .T. ) ;
#1608 = DIRECTION ( 'NONE',  ( -4.336808689942018969E-17, -1.000000000000000000, -0.000000000000000000 ) ) ;
#1609 = DIRECTION ( 'NONE',  ( 1.000000000000000000, 0.000000000000000000, -0.000000000000000000 ) ) ;
#1610 = DIRECTION ( 'NONE',  ( -0.7071067811865513475, 0.7071067811865437980, 0.000000000000000000 ) ) ;
#1611 = AXIS2_PLACEMENT_3D ( 'NONE', #1114, #314, #114 ) ;
#1612 = CARTESIAN_POINT ( 'NONE',  ( 7.000000000000011546, 9.999999999999998224, 175.0000000000000284 ) ) ;
#1613 = ORIENTED_EDGE ( 'NONE', *, *, #2091, .F. ) ;
#1614 = CARTESIAN_POINT ( 'NONE',  ( 7.000000000000011546, 9.999999999999998224, 215.0000000000000284 ) ) ;
#1615 = CARTESIAN_POINT ( 'NONE',  ( 8.979035614105619345, 48.92929216119344460, 195.0351739328737608 ) ) ;
#1616 = VECTOR ( 'NONE', #602, 1000.000000000000000 ) ;
#1617 = DIRECTION ( 'NONE',  ( -1.000000000000000000, 0.000000000000000000, 0.000000000000000000 ) ) ;
#1618 = EDGE_LOOP ( 'NONE', ( #1803, #1345, #1094, #1128 ) ) ;
#1619 = CARTESIAN_POINT ( 'NONE',  ( -39.99999999999998579, -8.500000000000017764, 175.0000000000000284 ) ) ;
#1620 = CARTESIAN_POINT ( 'NONE',  ( -114.0018678657915387, -1.200000000000022826, 167.0000000000000000 ) ) ;
#1621 = EDGE_CURVE ( 'NONE', #465, #2522, #1295, .T. ) ;
#1622 = AXIS2_PLACEMENT_3D ( 'NONE', #591, #200, #2200 ) ;
#1623 = AXIS2_PLACEMENT_3D ( 'NONE', #759, #1550, #2338 ) ;
#1624 = DIRECTION ( 'NONE',  ( 1.000000000000000000, 0.000000000000000000, 0.000000000000000000 ) ) ;
#1625 = VECTOR ( 'NONE', #298, 1000.000000000000000 ) ;
#1626 = VECTOR ( 'NONE', #1610, 1000.000000000000000 ) ;
#1627 = VERTEX_POINT ( 'NONE', #331 ) ;
#1628 = CARTESIAN_POINT ( 'NONE',  ( -39.99999999999998579, -20.50000000000001776, 175.0000000000000000 ) ) ;
#1629 =( BOUNDED_CURVE ( )  B_SPLINE_CURVE ( 3, ( #441, #592, #1228, #1776 ),
 .UNSPECIFIED., .F., .T. ) 
 B_SPLINE_CURVE_WITH_KNOTS ( ( 4, 4 ),
 ( 6.009171103369432387, 6.557199510989736524 ),
 .UNSPECIFIED. ) 
 CURVE ( )  GEOMETRIC_REPRESENTATION_ITEM ( )  RATIONAL_B_SPLINE_CURVE ( ( 1.000000000000000000, 0.9751282799207716678, 0.9751282799207716678, 1.000000000000000000 ) ) 
 REPRESENTATION_ITEM ( '' )  );
#1630 = CARTESIAN_POINT ( 'NONE',  ( -107.8518678657915331, -1.200000000000022160, 167.0000000000000000 ) ) ;
#1631 = EDGE_CURVE ( 'NONE', #269, #1816, #1911, .T. ) ;
#1632 = CARTESIAN_POINT ( 'NONE',  ( -48.92929216119343749, -8.979035614105788099, 195.0351739328737608 ) ) ;
#1633 = ORIENTED_EDGE ( 'NONE', *, *, #946, .T. ) ;
#1634 = ORIENTED_EDGE ( 'NONE', *, *, #1933, .F. ) ;
#1635 = CYLINDRICAL_SURFACE ( 'NONE', #574, 5.000000000000000888 ) ;
#1636 = ORIENTED_EDGE ( 'NONE', *, *, #761, .F. ) ;
#1637 = DIRECTION ( 'NONE',  ( 0.000000000000000000, 0.000000000000000000, -1.000000000000000000 ) ) ;
#1638 = VERTEX_POINT ( 'NONE', #2336 ) ;
#1639 = CARTESIAN_POINT ( 'NONE',  ( 8.535533905932750187, 48.53553390593273775, 230.0000000000000000 ) ) ;
#1640 = LINE ( 'NONE', #2444, #757 ) ;
#1641 = AXIS2_PLACEMENT_3D ( 'NONE', #1049, #1834, #2230 ) ;
#1642 = DIRECTION ( 'NONE',  ( 1.000000000000000000, 4.336808689942018969E-17, 0.000000000000000000 ) ) ;
#1643 = LOCAL_TIME ( 10, 28, 26.00000000000000000, #169 ) ;
#1644 = PRODUCT_RELATED_PRODUCT_CATEGORY ( 'detail', '', ( #773 ) ) ;
#1645 = ORIENTED_EDGE ( 'NONE', *, *, #930, .T. ) ;
#1646 = VECTOR ( 'NONE', #199, 1000.000000000000000 ) ;
#1647 = DIRECTION ( 'NONE',  ( 0.000000000000000000, -1.000000000000000000, 0.000000000000000000 ) ) ;
#1648 = EDGE_LOOP ( 'NONE', ( #2319, #691 ) ) ;
#1649 = AXIS2_PLACEMENT_3D ( 'NONE', #209, #178, #1372 ) ;
#1650 = CARTESIAN_POINT ( 'NONE',  ( 28.64256269160301116, 125.8277360742802387, 170.6150009283868485 ) ) ;
#1651 = CIRCLE ( 'NONE', #537, 1.750000000000001554 ) ;
#1652 = EDGE_LOOP ( 'NONE', ( #40, #2467, #993, #1288 ) ) ;
#1653 = CARTESIAN_POINT ( 'NONE',  ( -92.04652880646460744, 45.35533905932752674, 169.9999999999999716 ) ) ;
#1654 = FACE_OUTER_BOUND ( 'NONE', #2324, .T. ) ;
#1655 = CARTESIAN_POINT ( 'NONE',  ( -122.4018678657915302, -30.00000000000000355, 175.0000000000000284 ) ) ;
#1656 = EDGE_CURVE ( 'NONE', #862, #781, #2491, .T. ) ;
#1657 = AXIS2_PLACEMENT_3D ( 'NONE', #1027, #1459, #877 ) ;
#1658 = EDGE_CURVE ( 'NONE', #1348, #2542, #713, .T. ) ;
#1659 = AXIS2_PLACEMENT_3D ( 'NONE', #1579, #17, #1787 ) ;
#1660 = ORIENTED_EDGE ( 'NONE', *, *, #153, .T. ) ;
#1661 = EDGE_CURVE ( 'NONE', #2465, #1541, #1264, .T. ) ;
#1662 = ORIENTED_EDGE ( 'NONE', *, *, #2497, .F. ) ;
#1663 = CARTESIAN_POINT ( 'NONE',  ( 8.500000000000012434, 39.99999999999999289, 175.0000000000000284 ) ) ;
#1664 = CIRCLE ( 'NONE', #264, 2.499999999999998668 ) ;
#1665 = ORIENTED_EDGE ( 'NONE', *, *, #1797, .F. ) ;
#1666 = DIRECTION ( 'NONE',  ( -1.000000000000000000, -2.955188886704707001E-17, -0.000000000000000000 ) ) ;
#1667 = PLANE ( 'NONE',  #1879 ) ;
#1668 = AXIS2_PLACEMENT_3D ( 'NONE', #2552, #805, #1987 ) ;
#1669 = VECTOR ( 'NONE', #1289, 1000.000000000000000 ) ;
#1670 = LINE ( 'NONE', #299, #2084 ) ;
#1671 = DIRECTION ( 'NONE',  ( 0.3162277660168365534, 0.3162277660168390514, -0.8944271909999159664 ) ) ;
#1672 = EDGE_CURVE ( 'NONE', #21, #1816, #1169, .T. ) ;
#1673 = VERTEX_POINT ( 'NONE', #2391 ) ;
#1674 = CARTESIAN_POINT ( 'NONE',  ( -16.02147873449847992, 50.66971101263929711, 175.0000000000000284 ) ) ;
#1675 = ORIENTED_EDGE ( 'NONE', *, *, #1497, .T. ) ;
#1676 = CARTESIAN_POINT ( 'NONE',  ( -39.99999999999998579, -22.00000000000002132, 175.0000000000000000 ) ) ;
#1677 = ORIENTED_EDGE ( 'NONE', *, *, #119, .T. ) ;
#1678 = CARTESIAN_POINT ( 'NONE',  ( -7.928932188134521830, 122.4018678657926813, 165.0000000000000000 ) ) ;
#1679 = DIRECTION ( 'NONE',  ( 1.000000000000000000, 0.000000000000000000, 0.000000000000000000 ) ) ;
#1680 = LINE ( 'NONE', #1172, #477 ) ;
#1681 = ORIENTED_EDGE ( 'NONE', *, *, #2403, .T. ) ;
#1682 = PLANE ( 'NONE',  #870 ) ;
#1683 = CARTESIAN_POINT ( 'NONE',  ( 26.56688690460273250, 127.1513934441491926, 171.6991128830825346 ) ) ;
#1684 = EDGE_CURVE ( 'NONE', #1963, #118, #1215, .T. ) ;
#1685 = CARTESIAN_POINT ( 'NONE',  ( -48.67548753206617818, -8.675487532066371799, 194.9999999999999147 ) ) ;
#1686 = AXIS2_PLACEMENT_3D ( 'NONE', #1936, #2376, #576 ) ;
#1687 = ORIENTED_EDGE ( 'NONE', *, *, #431, .T. ) ;
#1688 = EDGE_CURVE ( 'NONE', #1917, #432, #2160, .T. ) ;
#1689 = ADVANCED_FACE ( 'NONE', ( #1156 ), #1350, .F. ) ;
#1690 = CARTESIAN_POINT ( 'NONE',  ( -12.24999999999997868, 108.4018678657927239, 167.0000000000000000 ) ) ;
#1691 = ORIENTED_EDGE ( 'NONE', *, *, #1672, .F. ) ;
#1692 = CARTESIAN_POINT ( 'NONE',  ( 30.00000000000000000, 122.4018678657926813, 175.0000000000000284 ) ) ;
#1693 = LINE ( 'NONE', #1124, #74 ) ;
#1694 = CC_DESIGN_DATE_AND_TIME_ASSIGNMENT ( #2128, #2333, ( #1938 ) ) ;
#1695 = PLANE ( 'NONE',  #2126 ) ;
#1696 = EDGE_LOOP ( 'NONE', ( #1860, #2183, #2140, #1197, #1798, #2175, #45, #740, #151, #1237, #2047, #1048 ) ) ;
#1697 = CARTESIAN_POINT ( 'NONE',  ( -15.44472221513619026, 62.13591196227451263, 169.9999999999999716 ) ) ;
#1698 = AXIS2_PLACEMENT_3D ( 'NONE', #1825, #1233, #1076 ) ;
#1699 = CARTESIAN_POINT ( 'NONE',  ( 25.29749245346620157, 127.3938370498178045, 170.4670281258737532 ) ) ;
#1700 = APPLICATION_PROTOCOL_DEFINITION ( 'international standard', 'config_control_design', 1994, #125 ) ;
#1701 = ORIENTED_EDGE ( 'NONE', *, *, #665, .T. ) ;
#1702 = ORIENTED_EDGE ( 'NONE', *, *, #242, .T. ) ;
#1703 = CARTESIAN_POINT ( 'NONE',  ( -68.96446609406740436, -0.6801948466055446341, 175.0000000000000284 ) ) ;
#1704 = ADVANCED_FACE ( 'NONE', ( #952 ), #2362, .T. ) ;
#1705 = VERTEX_POINT ( 'NONE', #1806 ) ;
#1706 = DIRECTION ( 'NONE',  ( 0.000000000000000000, 0.7071067811865439090, 0.7071067811865512365 ) ) ;
#1707 = CYLINDRICAL_SURFACE ( 'NONE', #1861, 1.750000000000001554 ) ;
#1708 = FACE_OUTER_BOUND ( 'NONE', #1769, .T. ) ;
#1709 = ORIENTED_EDGE ( 'NONE', *, *, #930, .F. ) ;
#1710 = DIRECTION ( 'NONE',  ( 0.000000000000000000, 0.000000000000000000, -1.000000000000000000 ) ) ;
#1711 = VECTOR ( 'NONE', #2131, 1000.000000000000000 ) ;
#1712 = CIRCLE ( 'NONE', #2215, 1.750000000000008438 ) ;
#1713 = EDGE_CURVE ( 'NONE', #2426, #432, #621, .T. ) ;
#1714 = ORIENTED_EDGE ( 'NONE', *, *, #635, .T. ) ;
#1715 = VECTOR ( 'NONE', #2174, 1000.000000000000000 ) ;
#1716 = DIRECTION ( 'NONE',  ( -4.336808689942018969E-17, 1.000000000000000000, -0.000000000000000000 ) ) ;
#1717 = ORIENTED_EDGE ( 'NONE', *, *, #949, .F. ) ;
#1718 = CARTESIAN_POINT ( 'NONE',  ( 30.00000000000001421, 50.00000000000000000, 343.1370849898476081 ) ) ;
#1719 = EDGE_LOOP ( 'NONE', ( #1096, #1701, #548, #1146 ) ) ;
#1720 = DIRECTION ( 'NONE',  ( -1.000000000000000000, 0.000000000000000000, 0.000000000000000000 ) ) ;
#1721 = DIRECTION ( 'NONE',  ( 1.000000000000000000, 1.786765180256111307E-16, 6.938893903907225912E-17 ) ) ;
#1722 = CARTESIAN_POINT ( 'NONE',  ( 1.750000000000015543, 108.4018678657931360, 165.0000000000000000 ) ) ;
#1723 = ORIENTED_EDGE ( 'NONE', *, *, #979, .F. ) ;
#1724 = DIRECTION ( 'NONE',  ( 2.220446049250313081E-16, -1.000000000000000000, -6.938893903907225912E-17 ) ) ;
#1725 = ADVANCED_FACE ( 'NONE', ( #1792 ), #1548, .T. ) ;
#1726 = ORIENTED_EDGE ( 'NONE', *, *, #931, .F. ) ;
#1727 = PERSON_AND_ORGANIZATION ( #158, #656 ) ;
#1728 = ORIENTED_EDGE ( 'NONE', *, *, #1534, .T. ) ;
#1729 = ORIENTED_EDGE ( 'NONE', *, *, #739, .F. ) ;
#1730 = B_SPLINE_CURVE_WITH_KNOTS ( 'NONE', 3,
 ( #1434, #279, #838, #1079, #659, #671, #2228, #2033, #1272, #259, #294, #1071, #2262, #454, #1650, #637, #1457, #1471, #1423, #1238, #2217, #488, #501, #160 ),
 .UNSPECIFIED., .F., .F.,
 ( 4, 2, 2, 2, 2, 2, 2, 2, 2, 2, 2, 4 ),
 ( 0.005424275011047542325, 0.006185662143187830274, 0.006947049275328118223, 0.007708436407468407039, 0.008089129973538583540, 0.008469823539608760041, 0.008850517105678936541, 0.009231210671749113042, 0.009992597803889464309, 0.01075398493602981384, 0.01113467850209998340, 0.01151537206817015470 ),
 .UNSPECIFIED. ) ;
#1731 = DIRECTION ( 'NONE',  ( 0.000000000000000000, -1.000000000000000000, 0.000000000000000000 ) ) ;
#1732 = VECTOR ( 'NONE', #859, 1000.000000000000000 ) ;
#1733 = VERTEX_POINT ( 'NONE', #1184 ) ;
#1734 = LINE ( 'NONE', #1574, #348 ) ;
#1735 = VECTOR ( 'NONE', #1098, 1000.000000000000000 ) ;
#1736 = CARTESIAN_POINT ( 'NONE',  ( -40.00000000000000000, -15.00000000000000000, 197.5000000000000000 ) ) ;
#1737 = ORIENTED_EDGE ( 'NONE', *, *, #1234, .F. ) ;
#1738 = DIRECTION ( 'NONE',  ( -0.7071067811865439090, 0.7071067811865512365, -5.238529448733281520E-31 ) ) ;
#1739 = EDGE_CURVE ( 'NONE', #1585, #1121, #382, .T. ) ;
#1740 = VERTEX_POINT ( 'NONE', #7 ) ;
#1741 = EDGE_CURVE ( 'NONE', #1627, #1733, #607, .T. ) ;
#1742 = AXIS2_PLACEMENT_3D ( 'NONE', #300, #1102, #2098 ) ;
#1743 = ORIENTED_EDGE ( 'NONE', *, *, #1389, .T. ) ;
#1744 = DIRECTION ( 'NONE',  ( -0.7071067811865513475, 0.7071067811865437980, 0.000000000000000000 ) ) ;
#1745 = CIRCLE ( 'NONE', #1657, 13.99999999999999822 ) ;
#1746 = DIRECTION ( 'NONE',  ( 0.7071067811865512365, 2.089634101476033200E-17, 0.7071067811865437980 ) ) ;
#1747 = VECTOR ( 'NONE', #3, 1000.000000000000000 ) ;
#1748 = ADVANCED_FACE ( 'NONE', ( #2545 ), #1993, .T. ) ;
#1749 = ORIENTED_EDGE ( 'NONE', *, *, #840, .F. ) ;
#1750 = DIRECTION ( 'NONE',  ( -0.000000000000000000, -0.000000000000000000, 1.000000000000000000 ) ) ;
#1751 = DIRECTION ( 'NONE',  ( 0.000000000000000000, 0.000000000000000000, 1.000000000000000000 ) ) ;
#1752 = VERTEX_POINT ( 'NONE', #1965 ) ;
#1753 = FACE_OUTER_BOUND ( 'NONE', #858, .T. ) ;
#1754 = CYLINDRICAL_SURFACE ( 'NONE', #213, 4.999999999999997335 ) ;
#1755 = AXIS2_PLACEMENT_3D ( 'NONE', #1577, #1986, #974 ) ;
#1756 = VECTOR ( 'NONE', #1841, 1000.000000000000000 ) ;
#1757 = VECTOR ( 'NONE', #1485, 1000.000000000000114 ) ;
#1758 = ADVANCED_FACE ( 'NONE', ( #1596 ), #1408, .F. ) ;
#1759 = APPROVAL_DATE_TIME ( #588, #436 ) ;
#1760 = AXIS2_PLACEMENT_3D ( 'NONE', #2208, #1373, #1223 ) ;
#1761 = CIRCLE ( 'NONE', #1296, 6.150000000000003020 ) ;
#1762 = VERTEX_POINT ( 'NONE', #1365 ) ;
#1763 = DIRECTION ( 'NONE',  ( -4.336808689942018352E-17, -1.000000000000000000, -0.000000000000000000 ) ) ;
#1764 = DIRECTION ( 'NONE',  ( -0.7071067811865513475, 0.7071067811865437980, -0.000000000000000000 ) ) ;
#1765 = ORIENTED_EDGE ( 'NONE', *, *, #741, .F. ) ;
#1766 = DIRECTION ( 'NONE',  ( -0.7071067811865439090, 0.7071067811865512365, -5.238529448733281520E-31 ) ) ;
#1767 = ADVANCED_FACE ( 'NONE', ( #1775 ), #35, .T. ) ;
#1768 = CARTESIAN_POINT ( 'NONE',  ( 1.750000000000013767, 108.4018678657927239, 167.0000000000000000 ) ) ;
#1769 = EDGE_LOOP ( 'NONE', ( #784, #1213, #950, #2104 ) ) ;
#1770 = DIRECTION ( 'NONE',  ( 0.000000000000000000, 0.000000000000000000, -1.000000000000000000 ) ) ;
#1771 = DIRECTION ( 'NONE',  ( -0.000000000000000000, -0.000000000000000000, -1.000000000000000000 ) ) ;
#1772 = CARTESIAN_POINT ( 'NONE',  ( -14.25371178153211815, 52.43747796560567309, 170.0000000000000000 ) ) ;
#1773 = ORIENTED_EDGE ( 'NONE', *, *, #946, .F. ) ;
#1774 = CARTESIAN_POINT ( 'NONE',  ( 30.00000000000000000, 36.46446609406702777, 201.4644660940673191 ) ) ;
#1775 = FACE_OUTER_BOUND ( 'NONE', #2086, .T. ) ;
#1776 = CARTESIAN_POINT ( 'NONE',  ( -68.96446609406740436, -0.6801948466055446341, 175.0000000000000284 ) ) ;
#1777 = ADVANCED_FACE ( 'NONE', ( #233 ), #1818, .F. ) ;
#1778 = VERTEX_POINT ( 'NONE', #2164 ) ;
#1779 = DIRECTION ( 'NONE',  ( -0.7071067811865513475, 0.7071067811865437980, 0.000000000000000000 ) ) ;
#1780 = EDGE_CURVE ( 'NONE', #810, #146, #2331, .T. ) ;
#1781 =( GEOMETRIC_REPRESENTATION_CONTEXT ( 3 ) GLOBAL_UNCERTAINTY_ASSIGNED_CONTEXT ( ( #2219 ) ) GLOBAL_UNIT_ASSIGNED_CONTEXT ( ( #2463, #1092, #303 ) ) REPRESENTATION_CONTEXT ( 'NONE', 'WORKASPACE' ) );
#1782 = CARTESIAN_POINT ( 'NONE',  ( -33.34559487356858654, 33.34559487356899155, -2.927413515468597376E-29 ) ) ;
#1783 = CIRCLE ( 'NONE', #992, 1.500000000000001332 ) ;
#1784 = EDGE_LOOP ( 'NONE', ( #2512, #1427, #2546, #1515 ) ) ;
#1785 = DIRECTION ( 'NONE',  ( 4.336808689942018969E-17, -1.000000000000000000, 0.000000000000000000 ) ) ;
#1786 = LINE ( 'NONE', #1180, #1220 ) ;
#1787 = DIRECTION ( 'NONE',  ( 1.000000000000000000, 0.000000000000000000, 0.000000000000000000 ) ) ;
#1788 = PERSON_AND_ORGANIZATION ( #158, #656 ) ;
#1789 = ORIENTED_EDGE ( 'NONE', *, *, #1330, .T. ) ;
#1790 = VECTOR ( 'NONE', #1738, 1000.000000000000000 ) ;
#1791 = DIRECTION ( 'NONE',  ( 0.7071067811865513475, -0.7071067811865437980, -0.000000000000000000 ) ) ;
#1792 = FACE_OUTER_BOUND ( 'NONE', #1268, .T. ) ;
#1793 = CARTESIAN_POINT ( 'NONE',  ( -4.999999999999998224, 4.999999999999998224, 175.0000000000000284 ) ) ;
#1794 = ORIENTED_EDGE ( 'NONE', *, *, #1929, .F. ) ;
#1795 = CARTESIAN_POINT ( 'NONE',  ( -122.4018678657915302, -30.00000000000000355, 175.0000000000000284 ) ) ;
#1796 = DIRECTION ( 'NONE',  ( -0.7071067811865454633, -0.7071067811865495711, 0.000000000000000000 ) ) ;
#1797 = EDGE_CURVE ( 'NONE', #1061, #1733, #1386, .T. ) ;
#1798 = ORIENTED_EDGE ( 'NONE', *, *, #60, .T. ) ;
#1799 = CARTESIAN_POINT ( 'NONE',  ( 14.99999999999999645, 40.00000000000000000, 195.0000000000000284 ) ) ;
#1800 = DIRECTION ( 'NONE',  ( -0.7071067811865464625, -0.7071067811865486830, 0.000000000000000000 ) ) ;
#1801 = LINE ( 'NONE', #2166, #255 ) ;
#1802 = ADVANCED_FACE ( 'NONE', ( #1603, #1232 ), #1192, .T. ) ;
#1803 = ORIENTED_EDGE ( 'NONE', *, *, #2464, .T. ) ;
#1804 = DIRECTION ( 'NONE',  ( 0.000000000000000000, 1.000000000000000000, 0.000000000000000000 ) ) ;
#1805 = VECTOR ( 'NONE', #2185, 1000.000000000000000 ) ;
#1806 = CARTESIAN_POINT ( 'NONE',  ( -121.8518678657915331, -1.200000000000022160, 167.0000000000000000 ) ) ;
#1807 = CIRCLE ( 'NONE', #510, 2.500000000000002220 ) ;
#1808 = CARTESIAN_POINT ( 'NONE',  ( -40.00000000000000000, -15.00000000000000000, 200.0000000000000000 ) ) ;
#1809 = ORIENTED_EDGE ( 'NONE', *, *, #2564, .F. ) ;
#1810 = DIRECTION ( 'NONE',  ( 1.000000000000000000, 0.000000000000000000, 0.000000000000000000 ) ) ;
#1811 = CARTESIAN_POINT ( 'NONE',  ( 14.99999999999999289, 40.00000000000000000, 200.0000000000000284 ) ) ;
#1812 = ORIENTED_EDGE ( 'NONE', *, *, #206, .T. ) ;
#1813 = CARTESIAN_POINT ( 'NONE',  ( -50.00000000000000000, -24.99999999999999645, 343.1370849898476081 ) ) ;
#1814 = CYLINDRICAL_SURFACE ( 'NONE', #2538, 1.500000000000001332 ) ;
#1815 = CARTESIAN_POINT ( 'NONE',  ( -40.00000000000000000, -15.00000000000000000, 195.0000000000000000 ) ) ;
#1816 = VERTEX_POINT ( 'NONE', #599 ) ;
#1817 = CARTESIAN_POINT ( 'NONE',  ( 3.180194846605310932, 70.00000000000011369, 175.0000000000000284 ) ) ;
#1818 = CYLINDRICAL_SURFACE ( 'NONE', #1424, 1.750000000000003553 ) ;
#1819 = CARTESIAN_POINT ( 'NONE',  ( 15.75000000000000711, 108.4018678657927239, 167.0000000000000000 ) ) ;
#1820 = DIRECTION ( 'NONE',  ( 1.000000000000000000, 1.786765180256111061E-16, 6.938893903907225912E-17 ) ) ;
#1821 = ORIENTED_EDGE ( 'NONE', *, *, #522, .T. ) ;
#1822 = CARTESIAN_POINT ( 'NONE',  ( -122.4018678657915302, -30.00000000000000355, 165.0000000000000000 ) ) ;
#1823 = CARTESIAN_POINT ( 'NONE',  ( -122.4018678657915302, -25.00000000000000000, 165.0000000000000000 ) ) ;
#1824 = APPROVAL_PERSON_ORGANIZATION ( #2514, #436, #2358 ) ;
#1825 = CARTESIAN_POINT ( 'NONE',  ( -9.999999999999991118, -22.00000000000001421, 175.0000000000000000 ) ) ;
#1826 = ADVANCED_FACE ( 'NONE', ( #392 ), #2180, .F. ) ;
#1827 = ADVANCED_FACE ( 'NONE', ( #628 ), #1416, .T. ) ;
#1828 = ORIENTED_EDGE ( 'NONE', *, *, #931, .T. ) ;
#1829 = CARTESIAN_POINT ( 'NONE',  ( -107.8518678657915331, -1.200000000000022160, 165.0000000000000000 ) ) ;
#1830 = CARTESIAN_POINT ( 'NONE',  ( -4.999999999999998224, 4.999999999999998224, 165.0000000000000000 ) ) ;
#1831 = ADVANCED_FACE ( 'NONE', ( #239 ), #1814, .F. ) ;
#1832 = CARTESIAN_POINT ( 'NONE',  ( 0.000000000000000000, 0.000000000000000000, 175.0000000000000284 ) ) ;
#1833 = ORIENTED_EDGE ( 'NONE', *, *, #229, .F. ) ;
#1834 = DIRECTION ( 'NONE',  ( -0.000000000000000000, -0.000000000000000000, 1.000000000000000000 ) ) ;
#1835 = DIRECTION ( 'NONE',  ( 0.7071067811865455743, 0.7071067811865495711, 0.000000000000000000 ) ) ;
#1836 = LINE ( 'NONE', #2026, #2355 ) ;
#1837 = ORIENTED_EDGE ( 'NONE', *, *, #902, .F. ) ;
#1838 = FACE_BOUND ( 'NONE', #2144, .T. ) ;
#1839 = ORIENTED_EDGE ( 'NONE', *, *, #2115, .F. ) ;
#1840 = AXIS2_PLACEMENT_3D ( 'NONE', #1832, #1637, #49 ) ;
#1841 = DIRECTION ( 'NONE',  ( 0.000000000000000000, 1.000000000000000000, 0.000000000000000000 ) ) ;
#1842 = AXIS2_PLACEMENT_3D ( 'NONE', #662, #2049, #84 ) ;
#1843 = VECTOR ( 'NONE', #2366, 1000.000000000000000 ) ;
#1844 = ORIENTED_EDGE ( 'NONE', *, *, #1185, .F. ) ;
#1845 = EDGE_CURVE ( 'NONE', #1141, #337, #615, .T. ) ;
#1846 = DIRECTION ( 'NONE',  ( -1.000000000000000000, 0.000000000000000000, 0.000000000000000000 ) ) ;
#1847 = DIRECTION ( 'NONE',  ( -1.000000000000000000, -4.336808689942018969E-17, -0.000000000000000000 ) ) ;
#1848 = CARTESIAN_POINT ( 'NONE',  ( 5.500000000000007105, 39.99999999999999289, 175.0000000000000284 ) ) ;
#1849 = ORIENTED_EDGE ( 'NONE', *, *, #2116, .F. ) ;
#1850 = DIRECTION ( 'NONE',  ( -2.654126918244514854E-16, 1.000000000000000000, 6.938893903907225912E-17 ) ) ;
#1851 = ORIENTED_EDGE ( 'NONE', *, *, #2173, .F. ) ;
#1852 = DIRECTION ( 'NONE',  ( -0.000000000000000000, -0.000000000000000000, -1.000000000000000000 ) ) ;
#1853 = EDGE_CURVE ( 'NONE', #617, #1740, #230, .T. ) ;
#1854 = EDGE_CURVE ( 'NONE', #536, #269, #2417, .T. ) ;
#1855 = VERTEX_POINT ( 'NONE', #640 ) ;
#1856 = DIRECTION ( 'NONE',  ( 0.000000000000000000, 0.000000000000000000, 1.000000000000000000 ) ) ;
#1857 = CARTESIAN_POINT ( 'NONE',  ( -4.999999999999998224, 9.999999999999998224, 165.0000000000000000 ) ) ;
#1858 = CARTESIAN_POINT ( 'NONE',  ( 22.00000000000001421, 40.00000000000000000, 175.0000000000000000 ) ) ;
#1859 = CIRCLE ( 'NONE', #1356, 1.499999999999997780 ) ;
#1860 = ORIENTED_EDGE ( 'NONE', *, *, #1631, .T. ) ;
#1861 = AXIS2_PLACEMENT_3D ( 'NONE', #2096, #2481, #163 ) ;
#1862 = DIRECTION ( 'NONE',  ( -0.6785983445458505514, 0.2810846377148206177, -0.6785983445458433350 ) ) ;
#1863 = ORIENTED_EDGE ( 'NONE', *, *, #2149, .T. ) ;
#1864 = CARTESIAN_POINT ( 'NONE',  ( -46.59277592640376042, 90.80909193938884982, 169.9999999999999716 ) ) ;
#1865 = ORIENTED_EDGE ( 'NONE', *, *, #1204, .F. ) ;
#1866 = DIRECTION ( 'NONE',  ( -1.000000000000000000, 0.000000000000000000, 0.000000000000000000 ) ) ;
#1867 = CIRCLE ( 'NONE', #746, 4.999999999999990230 ) ;
#1868 = DIRECTION ( 'NONE',  ( -1.000000000000000000, 0.000000000000000000, 0.000000000000000000 ) ) ;
#1869 = CARTESIAN_POINT ( 'NONE',  ( 27.00000000000000000, 85.10186786579268414, 168.2500000000000000 ) ) ;
#1870 = ORIENTED_EDGE ( 'NONE', *, *, #1985, .F. ) ;
#1871 = EDGE_CURVE ( 'NONE', #2114, #2079, #1786, .T. ) ;
#1872 = VERTEX_POINT ( 'NONE', #15 ) ;
#1873 = CARTESIAN_POINT ( 'NONE',  ( -114.0018678657915387, -1.200000000000022826, 165.0000000000000000 ) ) ;
#1874 = CIRCLE ( 'NONE', #2532, 1.750000000000008438 ) ;
#1875 = AXIS2_PLACEMENT_3D ( 'NONE', #120, #1133, #308 ) ;
#1876 = ORIENTED_EDGE ( 'NONE', *, *, #608, .F. ) ;
#1877 = DIRECTION ( 'NONE',  ( 0.000000000000000000, 0.000000000000000000, -1.000000000000000000 ) ) ;
#1878 = FACE_BOUND ( 'NONE', #2122, .T. ) ;
#1879 = AXIS2_PLACEMENT_3D ( 'NONE', #1438, #2232, #274 ) ;
#1880 = VECTOR ( 'NONE', #1779, 1000.000000000000000 ) ;
#1881 = DIRECTION ( 'NONE',  ( 1.000000000000000000, 1.786765180256111061E-16, 6.938893903907225912E-17 ) ) ;
#1882 = ORIENTED_EDGE ( 'NONE', *, *, #710, .T. ) ;
#1883 = DIRECTION ( 'NONE',  ( -0.7071067811865513475, 0.7071067811865437980, -0.000000000000000000 ) ) ;
#1884 = ORIENTED_EDGE ( 'NONE', *, *, #476, .T. ) ;
#1885 = EDGE_LOOP ( 'NONE', ( #455, #2197, #2412, #2375 ) ) ;
#1886 = CARTESIAN_POINT ( 'NONE',  ( 5.500000000000007994, 9.999999999999998224, 175.0000000000000284 ) ) ;
#1887 = ORIENTED_EDGE ( 'NONE', *, *, #1075, .T. ) ;
#1888 = DIRECTION ( 'NONE',  ( -0.2810846377148217834, 0.6785983445458503294, -0.6785983445458431129 ) ) ;
#1889 = FACE_OUTER_BOUND ( 'NONE', #681, .T. ) ;
#1890 = CARTESIAN_POINT ( 'NONE',  ( -107.8518678657915331, -1.200000000000022160, 175.0000000000000284 ) ) ;
#1891 = ORIENTED_EDGE ( 'NONE', *, *, #1559, .T. ) ;
#1892 = CARTESIAN_POINT ( 'NONE',  ( -9.999999999999991118, -22.00000000000001421, 175.0000000000000000 ) ) ;
#1893 = CARTESIAN_POINT ( 'NONE',  ( 25.62175368755207927, 127.3635002020320428, 171.0846515647992589 ) ) ;
#1894 = CC_DESIGN_SECURITY_CLASSIFICATION ( #1938, ( #734 ) ) ;
#1895 =( BOUNDED_CURVE ( )  B_SPLINE_CURVE ( 3, ( #70, #864, #649, #2045 ),
 .UNSPECIFIED., .F., .F. ) 
 B_SPLINE_CURVE_WITH_KNOTS ( ( 4, 4 ),
 ( 0.000000000000000000, 1.570796326794898556 ),
 .UNSPECIFIED. ) 
 CURVE ( )  GEOMETRIC_REPRESENTATION_ITEM ( )  RATIONAL_B_SPLINE_CURVE ( ( 1.000000000000000000, 0.8047378541243644934, 0.8047378541243644934, 1.000000000000000000 ) ) 
 REPRESENTATION_ITEM ( '' )  );
#1896 = EDGE_CURVE ( 'NONE', #1381, #1246, #1054, .T. ) ;
#1897 = AXIS2_PLACEMENT_3D ( 'NONE', #1253, #1265, #2057 ) ;
#1898 = ORIENTED_EDGE ( 'NONE', *, *, #379, .F. ) ;
#1899 = DIRECTION ( 'NONE',  ( 1.000000000000000000, 1.786765180256111061E-16, 6.938893903907225912E-17 ) ) ;
#1900 = ORIENTED_EDGE ( 'NONE', *, *, #745, .F. ) ;
#1901 = DIRECTION ( 'NONE',  ( -0.000000000000000000, -0.000000000000000000, -1.000000000000000000 ) ) ;
#1902 = ADVANCED_FACE ( 'NONE', ( #585 ), #2222, .F. ) ;
#1903 = DIRECTION ( 'NONE',  ( 2.220446049250313081E-16, -1.000000000000000000, -6.938893903907224680E-17 ) ) ;
#1904 = CARTESIAN_POINT ( 'NONE',  ( 27.00000000000000000, 85.10186786579268414, 168.2500000000000000 ) ) ;
#1905 = ORIENTED_EDGE ( 'NONE', *, *, #2281, .T. ) ;
#1906 = LINE ( 'NONE', #2304, #629 ) ;
#1907 = VERTEX_POINT ( 'NONE', #1 ) ;
#1908 = ORIENTED_EDGE ( 'NONE', *, *, #1354, .T. ) ;
#1909 = DIRECTION ( 'NONE',  ( 0.7071067811865464625, 0.7071067811865486830, 0.000000000000000000 ) ) ;
#1910 = ORIENTED_EDGE ( 'NONE', *, *, #1152, .F. ) ;
#1911 = LINE ( 'NONE', #133, #2535 ) ;
#1912 = ORIENTED_EDGE ( 'NONE', *, *, #828, .F. ) ;
#1913 = CARTESIAN_POINT ( 'NONE',  ( -127.4018678657914734, -30.00000000000000355, 175.0000000000000284 ) ) ;
#1914 = EDGE_CURVE ( 'NONE', #2060, #626, #790, .T. ) ;
#1915 = CARTESIAN_POINT ( 'NONE',  ( -10.00000000000000000, -30.00000000000000000, 165.0000000000000000 ) ) ;
#1916 = DIRECTION ( 'NONE',  ( -0.7071067811865439090, 0.000000000000000000, 0.7071067811865512365 ) ) ;
#1917 = VERTEX_POINT ( 'NONE', #1004 ) ;
#1918 = CARTESIAN_POINT ( 'NONE',  ( -127.4018678657915302, -25.00000000000006750, 165.0000000000000000 ) ) ;
#1919 = AXIS2_PLACEMENT_3D ( 'NONE', #719, #1510, #1313 ) ;
#1920 = CIRCLE ( 'NONE', #2251, 5.000000000000000888 ) ;
#1921 = ORIENTED_EDGE ( 'NONE', *, *, #473, .T. ) ;
#1922 = AXIS2_PLACEMENT_3D ( 'NONE', #1890, #336, #904 ) ;
#1923 = CARTESIAN_POINT ( 'NONE',  ( -50.00000000000000000, -10.00000000000019895, 194.9999999999999147 ) ) ;
#1924 = EDGE_LOOP ( 'NONE', ( #1077, #1174, #1945, #854 ) ) ;
#1925 = LINE ( 'NONE', #1303, #1051 ) ;
#1926 = EDGE_LOOP ( 'NONE', ( #1239, #1326, #775, #1491 ) ) ;
#1927 = DIRECTION ( 'NONE',  ( 1.000000000000000000, 0.000000000000000000, 0.000000000000000000 ) ) ;
#1928 = LINE ( 'NONE', #527, #658 ) ;
#1929 = EDGE_CURVE ( 'NONE', #371, #1980, #1591, .T. ) ;
#1930 = EDGE_CURVE ( 'NONE', #1061, #197, #1050, .T. ) ;
#1931 = DIRECTION ( 'NONE',  ( 0.7071067811865513475, -0.7071067811865437980, -0.000000000000000000 ) ) ;
#1932 = ORIENTED_EDGE ( 'NONE', *, *, #1929, .T. ) ;
#1933 = EDGE_CURVE ( 'NONE', #605, #1535, #644, .T. ) ;
#1934 = PERSON_AND_ORGANIZATION ( #158, #656 ) ;
#1935 = ORIENTED_EDGE ( 'NONE', *, *, #2058, .F. ) ;
#1936 = CARTESIAN_POINT ( 'NONE',  ( 27.00000000000000000, 85.10186786579268414, 170.0000000000000000 ) ) ;
#1937 = CARTESIAN_POINT ( 'NONE',  ( -122.4018678657915302, -25.00000000000000000, 175.0000000000000284 ) ) ;
#1938 = SECURITY_CLASSIFICATION ( '', '', #4 ) ;
#1939 = ORIENTED_EDGE ( 'NONE', *, *, #2054, .T. ) ;
#1940 = DIRECTION ( 'NONE',  ( 0.000000000000000000, 0.000000000000000000, -1.000000000000000000 ) ) ;
#1941 = CARTESIAN_POINT ( 'NONE',  ( -22.69427617128281938, 43.99691357585488305, 176.1264787318621643 ) ) ;
#1942 = EDGE_LOOP ( 'NONE', ( #141, #1714 ) ) ;
#1943 = CARTESIAN_POINT ( 'NONE',  ( -9.999999999999998224, 127.4018678657926955, 175.0000000000000284 ) ) ;
#1944 = EDGE_CURVE ( 'NONE', #660, #2079, #1063, .T. ) ;
#1945 = ORIENTED_EDGE ( 'NONE', *, *, #2448, .T. ) ;
#1946 = AXIS2_PLACEMENT_3D ( 'NONE', #1943, #1208, #2537 ) ;
#1947 = EDGE_CURVE ( 'NONE', #1539, #218, #2024, .T. ) ;
#1948 = ORIENTED_EDGE ( 'NONE', *, *, #2117, .T. ) ;
#1949 = DIRECTION ( 'NONE',  ( 0.000000000000000000, -1.000000000000000000, 0.000000000000000000 ) ) ;
#1950 = CARTESIAN_POINT ( 'NONE',  ( 5.500000000000010658, 39.99999999999999289, 215.0000000000000284 ) ) ;
#1951 = AXIS2_PLACEMENT_3D ( 'NONE', #1605, #2401, #2210 ) ;
#1952 = VERTEX_POINT ( 'NONE', #1242 ) ;
#1953 = CARTESIAN_POINT ( 'NONE',  ( -86.02505007196650411, 51.37681779382605640, 175.0000000000000284 ) ) ;
#1954 = FACE_OUTER_BOUND ( 'NONE', #1031, .T. ) ;
#1955 = ORIENTED_EDGE ( 'NONE', *, *, #92, .F. ) ;
#1956 = PLANE ( 'NONE',  #1649 ) ;
#1957 = CARTESIAN_POINT ( 'NONE',  ( 25.94695775125504156, 127.3142922712495704, 168.5829643034112451 ) ) ;
#1958 = AXIS2_PLACEMENT_3D ( 'NONE', #1358, #193, #1003 ) ;
#1959 = AXIS2_PLACEMENT_3D ( 'NONE', #1768, #1000, #2548 ) ;
#1960 = VECTOR ( 'NONE', #1766, 1000.000000000000000 ) ;
#1961 = APPROVAL_STATUS ( 'not_yet_approved' ) ;
#1962 = VECTOR ( 'NONE', #996, 1000.000000000000000 ) ;
#1963 = VERTEX_POINT ( 'NONE', #1460 ) ;
#1964 = CARTESIAN_POINT ( 'NONE',  ( 1.750000000000013767, 108.4018678657927239, 175.0000000000000284 ) ) ;
#1965 = CARTESIAN_POINT ( 'NONE',  ( -39.99999999999998579, -5.500000000000011546, 175.0000000000000284 ) ) ;
#1966 = CARTESIAN_POINT ( 'NONE',  ( -60.21565255865799315, 77.18621530713447498, 170.0000000000000000 ) ) ;
#1967 = ORIENTED_EDGE ( 'NONE', *, *, #1201, .F. ) ;
#1968 = DIRECTION ( 'NONE',  ( 1.000000000000000000, 1.786765180256111307E-16, 6.938893903907225912E-17 ) ) ;
#1969 = CARTESIAN_POINT ( 'NONE',  ( -39.99999999999998579, -22.00000000000002132, 175.0000000000000000 ) ) ;
#1970 = ORIENTED_EDGE ( 'NONE', *, *, #1661, .T. ) ;
#1971 = DIRECTION ( 'NONE',  ( 1.000000000000000000, 0.000000000000000000, 0.000000000000000000 ) ) ;
#1972 = CARTESIAN_POINT ( 'NONE',  ( 24.99999999999999645, 122.4018678657926813, 175.0000000000000284 ) ) ;
#1973 = CARTESIAN_POINT ( 'NONE',  ( -70.00000000000014211, -27.92893218813452805, 175.0000000000000568 ) ) ;
#1974 = APPROVAL_ROLE ( '' ) ;
#1975 = ORIENTED_EDGE ( 'NONE', *, *, #1498, .F. ) ;
#1976 = EDGE_CURVE ( 'NONE', #2136, #1384, #1486, .T. ) ;
#1977 = LINE ( 'NONE', #159, #1317 ) ;
#1978 = CARTESIAN_POINT ( 'NONE',  ( -127.4018678657919992, 7.928932188134489856, 175.0000000000000284 ) ) ;
#1979 = LINE ( 'NONE', #1216, #1715 ) ;
#1980 = VERTEX_POINT ( 'NONE', #73 ) ;
#1981 = CYLINDRICAL_SURFACE ( 'NONE', #438, 1.499999999999998668 ) ;
#1982 = AXIS2_PLACEMENT_3D ( 'NONE', #2074, #2113, #2101 ) ;
#1983 = CARTESIAN_POINT ( 'NONE',  ( -9.999999999999998224, 9.999999999999998224, 165.0000000000000000 ) ) ;
#1984 = EDGE_LOOP ( 'NONE', ( #2133, #2287 ) ) ;
#1985 = EDGE_CURVE ( 'NONE', #781, #862, #227, .T. ) ;
#1986 = DIRECTION ( 'NONE',  ( 1.000000000000000000, 1.786765180256111307E-16, 6.938893903907225912E-17 ) ) ;
#1987 = DIRECTION ( 'NONE',  ( 0.000000000000000000, 0.000000000000000000, 1.000000000000000000 ) ) ;
#1988 = PLANE ( 'NONE',  #543 ) ;
#1989 = DATE_TIME_ROLE ( 'creation_date' ) ;
#1990 = ORIENTED_EDGE ( 'NONE', *, *, #2516, .T. ) ;
#1991 = VECTOR ( 'NONE', #1883, 1000.000000000000000 ) ;
#1992 = FACE_OUTER_BOUND ( 'NONE', #1924, .T. ) ;
#1993 = CYLINDRICAL_SURFACE ( 'NONE', #509, 4.999999999999997335 ) ;
#1994 = FACE_OUTER_BOUND ( 'NONE', #610, .T. ) ;
#1995 = VERTEX_POINT ( 'NONE', #492 ) ;
#1996 = DIRECTION ( 'NONE',  ( 1.000000000000000000, 0.000000000000000000, 0.000000000000000000 ) ) ;
#1997 = CARTESIAN_POINT ( 'NONE',  ( -49.96482606712618235, -11.47903561410577034, 195.0351739328737324 ) ) ;
#1998 = ADVANCED_FACE ( 'NONE', ( #1878, #285, #2036, #856, #262 ), #1074, .F. ) ;
#1999 = ADVANCED_FACE ( 'NONE', ( #1040 ), #100, .F. ) ;
#2000 = ORIENTED_EDGE ( 'NONE', *, *, #97, .T. ) ;
#2001 = CARTESIAN_POINT ( 'NONE',  ( -45.53441154284752912, 27.30677007226132247, 171.7777777777776009 ) ) ;
#2002 = DIRECTION ( 'NONE',  ( -0.7071067811865513475, 0.7071067811865437980, 0.000000000000000000 ) ) ;
#2003 = CARTESIAN_POINT ( 'NONE',  ( -101.7018678657915416, -1.200000000000022160, 165.0000000000000000 ) ) ;
#2004 = ORIENTED_EDGE ( 'NONE', *, *, #280, .F. ) ;
#2005 = CARTESIAN_POINT ( 'NONE',  ( -39.99999999999999289, -5.500000000000018652, 215.0000000000000000 ) ) ;
#2006 = VECTOR ( 'NONE', #1018, 1000.000000000000000 ) ;
#2007 = CARTESIAN_POINT ( 'NONE',  ( -24.86031349933041312, 41.83087624780726088, 170.0000000000000000 ) ) ;
#2008 = VECTOR ( 'NONE', #2493, 1000.000000000000000 ) ;
#2009 = FACE_OUTER_BOUND ( 'NONE', #2270, .T. ) ;
#2010 = DIRECTION ( 'NONE',  ( 1.000000000000000000, 0.000000000000000000, 0.000000000000000000 ) ) ;
#2011 = ORIENTED_EDGE ( 'NONE', *, *, #1854, .F. ) ;
#2012 = CARTESIAN_POINT ( 'NONE',  ( -10.00000000000000000, -30.00000000000000000, 165.0000000000000000 ) ) ;
#2013 = ADVANCED_FACE ( 'NONE', ( #1654 ), #52, .T. ) ;
#2014 = CARTESIAN_POINT ( 'NONE',  ( -51.37681779382606351, 86.02505007196650411, 175.0000000000000284 ) ) ;
#2015 = EDGE_CURVE ( 'NONE', #567, #523, #437, .T. ) ;
#2016 = CARTESIAN_POINT ( 'NONE',  ( 11.47903561410559803, 49.96482606712618235, 195.0351739328737324 ) ) ;
#2017 = ORIENTED_EDGE ( 'NONE', *, *, #867, .F. ) ;
#2018 = ADVANCED_FACE ( 'NONE', ( #482, #652 ), #1667, .T. ) ;
#2019 = DIRECTION ( 'NONE',  ( 4.336808689942019585E-17, -1.000000000000000000, 0.000000000000000000 ) ) ;
#2020 = DIRECTION ( 'NONE',  ( 0.000000000000000000, 0.000000000000000000, 1.000000000000000000 ) ) ;
#2021 = CARTESIAN_POINT ( 'NONE',  ( -50.00000000000000000, -10.00000000000020250, 230.0000000000000000 ) ) ;
#2022 = ORIENTED_EDGE ( 'NONE', *, *, #1185, .T. ) ;
#2023 = DIRECTION ( 'NONE',  ( -1.000000000000000000, 0.000000000000000000, 0.000000000000000000 ) ) ;
#2024 = LINE ( 'NONE', #2265, #94 ) ;
#2025 = CIRCLE ( 'NONE', #528, 1.500000000000001332 ) ;
#2026 = CARTESIAN_POINT ( 'NONE',  ( -86.02505007196650411, 51.37681779382605640, 175.0000000000000284 ) ) ;
#2027 = VERTEX_POINT ( 'NONE', #64 ) ;
#2028 = AXIS2_PLACEMENT_3D ( 'NONE', #1590, #1785, #561 ) ;
#2029 = CARTESIAN_POINT ( 'NONE',  ( 24.99999999999999645, 122.4018678657926813, 175.0000000000000284 ) ) ;
#2030 = EDGE_CURVE ( 'NONE', #523, #1058, #1640, .T. ) ;
#2031 = ORIENTED_EDGE ( 'NONE', *, *, #473, .F. ) ;
#2032 = APPROVAL ( #977, 'UNSPECIFIED' ) ;
#2033 = CARTESIAN_POINT ( 'NONE',  ( 28.64323445389852907, 125.8270228652773568, 169.3867375661410506 ) ) ;
#2034 = VERTEX_POINT ( 'NONE', #2434 ) ;
#2035 = DIRECTION ( 'NONE',  ( 0.7071067811865513475, -0.7071067811865437980, -0.000000000000000000 ) ) ;
#2036 = FACE_BOUND ( 'NONE', #938, .T. ) ;
#2037 = DIRECTION ( 'NONE',  ( -0.7071067811865435759, -0.7071067811865515695, 0.000000000000000000 ) ) ;
#2038 = EDGE_LOOP ( 'NONE', ( #1465, #1812 ) ) ;
#2039 = FACE_BOUND ( 'NONE', #905, .T. ) ;
#2040 = ADVANCED_FACE ( 'NONE', ( #1450 ), #2243, .T. ) ;
#2041 = EDGE_CURVE ( 'NONE', #405, #1705, #415, .T. ) ;
#2042 = ORIENTED_EDGE ( 'NONE', *, *, #1330, .F. ) ;
#2043 = VECTOR ( 'NONE', #1378, 1000.000000000000000 ) ;
#2044 = AXIS2_PLACEMENT_3D ( 'NONE', #651, #1448, #1856 ) ;
#2045 = CARTESIAN_POINT ( 'NONE',  ( 30.00000000000000000, 62.92893218813459555, 175.0000000000000284 ) ) ;
#2046 = AXIS2_PLACEMENT_3D ( 'NONE', #623, #1380, #813 ) ;
#2047 = ORIENTED_EDGE ( 'NONE', *, *, #65, .T. ) ;
#2048 = CARTESIAN_POINT ( 'NONE',  ( -7.928932188134521830, 122.4018678657926813, 175.0000000000000284 ) ) ;
#2049 = DIRECTION ( 'NONE',  ( 0.000000000000000000, 0.000000000000000000, 1.000000000000000000 ) ) ;
#2050 = CARTESIAN_POINT ( 'NONE',  ( -15.44472221513619026, 62.13591196227451263, 169.9999999999999716 ) ) ;
#2051 = ORIENTED_EDGE ( 'NONE', *, *, #2305, .T. ) ;
#2052 = CARTESIAN_POINT ( 'NONE',  ( -9.999999999999994671, -7.000000000000013323, 215.0000000000000000 ) ) ;
#2053 = ORIENTED_EDGE ( 'NONE', *, *, #1944, .T. ) ;
#2054 = EDGE_CURVE ( 'NONE', #1348, #678, #686, .T. ) ;
#2055 = ORIENTED_EDGE ( 'NONE', *, *, #2116, .T. ) ;
#2056 = LINE ( 'NONE', #283, #2081 ) ;
#2057 = DIRECTION ( 'NONE',  ( -1.000000000000000000, 0.000000000000000000, 0.000000000000000000 ) ) ;
#2058 = EDGE_CURVE ( 'NONE', #1952, #21, #322, .T. ) ;
#2059 = CARTESIAN_POINT ( 'NONE',  ( 1.750000000000013767, 108.4018678657927239, 175.0000000000000284 ) ) ;
#2060 = VERTEX_POINT ( 'NONE', #335 ) ;
#2061 = VERTEX_POINT ( 'NONE', #2495 ) ;
#2062 = AXIS2_PLACEMENT_3D ( 'NONE', #1736, #1344, #1527 ) ;
#2063 = CARTESIAN_POINT ( 'NONE',  ( -70.00000000000011369, -3.180194846605513881, 175.0000000000000284 ) ) ;
#2064 = ORIENTED_EDGE ( 'NONE', *, *, #75, .T. ) ;
#2065 = CARTESIAN_POINT ( 'NONE',  ( -9.999999999999998224, 127.4018678657926955, 175.0000000000000284 ) ) ;
#2066 = ORIENTED_EDGE ( 'NONE', *, *, #642, .T. ) ;
#2067 = CYLINDRICAL_SURFACE ( 'NONE', #1543, 1.750000000000001554 ) ;
#2068 = AXIS2_PLACEMENT_3D ( 'NONE', #918, #1724, #1501 ) ;
#2069 = DIRECTION ( 'NONE',  ( 0.6785983445458505514, -0.2810846377148206177, 0.6785983445458434460 ) ) ;
#2070 = EDGE_CURVE ( 'NONE', #1010, #626, #2121, .T. ) ;
#2071 = CARTESIAN_POINT ( 'NONE',  ( -39.99999999999998579, -22.00000000000002132, 175.0000000000000000 ) ) ;
#2072 = FACE_OUTER_BOUND ( 'NONE', #374, .T. ) ;
#2073 = ORIENTED_EDGE ( 'NONE', *, *, #1273, .T. ) ;
#2074 = CARTESIAN_POINT ( 'NONE',  ( -40.00000000000000000, -15.00000000000000000, 197.5000000000000000 ) ) ;
#2075 = B_SPLINE_CURVE_WITH_KNOTS ( 'NONE', 3,
 ( #1347, #1153, #1103, #1683, #2474, #700, #1298, #2089, #1893, #1505, #907, #1699, #2487, #711, #2295, #520, #130, #408, #2196, #195, #779, #1957, #807, #1555, #1417, #991, #1005, #2342 ),
 .UNSPECIFIED., .F., .F.,
 ( 4, 2, 2, 2, 2, 2, 2, 2, 2, 2, 2, 2, 2, 4 ),
 ( 0.01151537206817015470, 0.01186396222785088099, 0.01221255238753160728, 0.01290973270689305119, 0.01325832286657377922, 0.01360691302625450551, 0.01430409334561596503, 0.01465268350529669479, 0.01500127366497742455, 0.01534986382465815431, 0.01569845398433888581, 0.01639563430370028982, 0.01674422446338100917, 0.01709281462306173199 ),
 .UNSPECIFIED. ) ;
#2076 = ORIENTED_EDGE ( 'NONE', *, *, #2395, .F. ) ;
#2077 = LINE ( 'NONE', #898, #596 ) ;
#2078 = AXIS2_PLACEMENT_3D ( 'NONE', #1969, #1820, #2396 ) ;
#2079 = VERTEX_POINT ( 'NONE', #1941 ) ;
#2080 = DIRECTION ( 'NONE',  ( -0.7071067811865454633, -0.7071067811865495711, 0.000000000000000000 ) ) ;
#2081 = VECTOR ( 'NONE', #2314, 1000.000000000000000 ) ;
#2082 = LINE ( 'NONE', #311, #1442 ) ;
#2083 = AXIS2_PLACEMENT_3D ( 'NONE', #446, #2400, #1400 ) ;
#2084 = VECTOR ( 'NONE', #2292, 1000.000000000000000 ) ;
#2085 = DIRECTION ( 'NONE',  ( 0.7071067811865464625, 0.7071067811865486830, 0.000000000000000000 ) ) ;
#2086 = EDGE_LOOP ( 'NONE', ( #1839, #1726 ) ) ;
#2087 = CYLINDRICAL_SURFACE ( 'NONE', #2068, 2.500000000000002220 ) ;
#2088 = EDGE_CURVE ( 'NONE', #2103, #1435, #622, .T. ) ;
#2089 = CARTESIAN_POINT ( 'NONE',  ( 25.69637036129292085, 127.3538584186199643, 171.1732903901236398 ) ) ;
#2090 = PERSON_AND_ORGANIZATION ( #158, #656 ) ;
#2091 = EDGE_CURVE ( 'NONE', #940, #2147, #1538, .T. ) ;
#2092 = EDGE_LOOP ( 'NONE', ( #2206, #1636 ) ) ;
#2093 = CARTESIAN_POINT ( 'NONE',  ( -39.99999999999999289, -7.000000000000017764, 215.0000000000000000 ) ) ;
#2094 = ORIENTED_EDGE ( 'NONE', *, *, #1249, .F. ) ;
#2095 = LINE ( 'NONE', #721, #1669 ) ;
#2096 = CARTESIAN_POINT ( 'NONE',  ( 27.00000000000000000, 85.10186786579268414, 170.0000000000000000 ) ) ;
#2097 = FACE_OUTER_BOUND ( 'NONE', #1341, .T. ) ;
#2098 = DIRECTION ( 'NONE',  ( -1.387778780781445360E-14, 1.000000000000000000, 0.000000000000000000 ) ) ;
#2099 = CARTESIAN_POINT ( 'NONE',  ( -49.96482606712618235, -11.47903561410577034, 195.0351739328737324 ) ) ;
#2100 = CIRCLE ( 'NONE', #778, 6.150000000000003020 ) ;
#2101 = DIRECTION ( 'NONE',  ( 0.000000000000000000, 0.000000000000000000, 1.000000000000000000 ) ) ;
#2102 = VECTOR ( 'NONE', #1183, 1000.000000000000000 ) ;
#2103 = VERTEX_POINT ( 'NONE', #1551 ) ;
#2104 = ORIENTED_EDGE ( 'NONE', *, *, #2091, .T. ) ;
#2105 = CARTESIAN_POINT ( 'NONE',  ( 15.00000000000000000, 10.00000000000000711, 197.5000000000000000 ) ) ;
#2106 = ORIENTED_EDGE ( 'NONE', *, *, #550, .T. ) ;
#2107 = FACE_OUTER_BOUND ( 'NONE', #2260, .T. ) ;
#2108 = PLANE ( 'NONE',  #2435 ) ;
#2109 = CARTESIAN_POINT ( 'NONE',  ( -9.999999999999992895, -5.500000000000007994, 175.0000000000000284 ) ) ;
#2110 = ORIENTED_EDGE ( 'NONE', *, *, #1684, .F. ) ;
#2111 = PLANE ( 'NONE',  #1742 ) ;
#2112 = ORIENTED_EDGE ( 'NONE', *, *, #665, .F. ) ;
#2113 = DIRECTION ( 'NONE',  ( 1.000000000000000000, 0.000000000000000000, 0.000000000000000000 ) ) ;
#2114 = VERTEX_POINT ( 'NONE', #942 ) ;
#2115 = EDGE_CURVE ( 'NONE', #1855, #113, #1111, .T. ) ;
#2116 = EDGE_CURVE ( 'NONE', #1445, #2426, #1693, .T. ) ;
#2117 = EDGE_CURVE ( 'NONE', #1917, #2402, #1928, .T. ) ;
#2118 = CARTESIAN_POINT ( 'NONE',  ( 24.99999999999999645, 50.00000000000000000, 194.9999999999999147 ) ) ;
#2119 = ORIENTED_EDGE ( 'NONE', *, *, #449, .T. ) ;
#2120 = FACE_OUTER_BOUND ( 'NONE', #2272, .T. ) ;
#2121 = LINE ( 'NONE', #1915, #2233 ) ;
#2122 = EDGE_LOOP ( 'NONE', ( #2440, #1044 ) ) ;
#2123 = ADVANCED_FACE ( 'NONE', ( #1889 ), #2108, .T. ) ;
#2124 = DIRECTION ( 'NONE',  ( 1.000000000000000000, -4.336808689942018969E-17, -0.000000000000000000 ) ) ;
#2125 = VECTOR ( 'NONE', #27, 1000.000000000000000 ) ;
#2126 = AXIS2_PLACEMENT_3D ( 'NONE', #1514, #2509, #2085 ) ;
#2127 = CARTESIAN_POINT ( 'NONE',  ( -45.69154638311133709, 14.89311769143048991, 180.4444444444443150 ) ) ;
#2128 = DATE_AND_TIME ( #547, #1149 ) ;
#2129 = ORIENTED_EDGE ( 'NONE', *, *, #16, .F. ) ;
#2130 = CARTESIAN_POINT ( 'NONE',  ( -4.142135623731038052, 64.14213562373100785, 175.0000000000000284 ) ) ;
#2131 = DIRECTION ( 'NONE',  ( -0.3162277660168589244, -0.3162277660168553162, 0.8944271909999023107 ) ) ;
#2132 = EDGE_CURVE ( 'NONE', #954, #1907, #2515, .T. ) ;
#2133 = ORIENTED_EDGE ( 'NONE', *, *, #2482, .F. ) ;
#2134 = CARTESIAN_POINT ( 'NONE',  ( -49.85530012980892423, -10.56054295327310122, 195.1446998701909763 ) ) ;
#2135 = DIRECTION ( 'NONE',  ( -0.7071067811865513475, 0.7071067811865437980, -0.000000000000000000 ) ) ;
#2136 = VERTEX_POINT ( 'NONE', #349 ) ;
#2137 = FACE_OUTER_BOUND ( 'NONE', #2188, .T. ) ;
#2138 = EDGE_CURVE ( 'NONE', #405, #923, #516, .T. ) ;
#2139 = ORIENTED_EDGE ( 'NONE', *, *, #1713, .T. ) ;
#2140 = ORIENTED_EDGE ( 'NONE', *, *, #809, .T. ) ;
#2141 = CARTESIAN_POINT ( 'NONE',  ( -39.99999999999998579, -22.00000000000002132, 175.0000000000000000 ) ) ;
#2142 = DIRECTION ( 'NONE',  ( -1.000000000000000000, 0.000000000000000000, 0.000000000000000000 ) ) ;
#2143 = VECTOR ( 'NONE', #267, 1000.000000000000000 ) ;
#2144 = EDGE_LOOP ( 'NONE', ( #1072, #1395 ) ) ;
#2145 = DIRECTION ( 'NONE',  ( -4.336808689942018969E-17, 1.000000000000000000, -0.000000000000000000 ) ) ;
#2146 = FACE_OUTER_BOUND ( 'NONE', #309, .T. ) ;
#2147 = VERTEX_POINT ( 'NONE', #1306 ) ;
#2148 = DIRECTION ( 'NONE',  ( 0.000000000000000000, 0.7071067811865440200, 0.7071067811865509034 ) ) ;
#2149 = EDGE_CURVE ( 'NONE', #660, #1138, #542, .T. ) ;
#2150 = CIRCLE ( 'NONE', #539, 1.499999999999999556 ) ;
#2151 = DIRECTION ( 'NONE',  ( 1.000000000000000000, 0.000000000000000000, 0.000000000000000000 ) ) ;
#2152 = COORDINATED_UNIVERSAL_TIME_OFFSET ( 1, 0, .AHEAD. ) ;
#2153 = EDGE_CURVE ( 'NONE', #1816, #371, #2397, .T. ) ;
#2154 = APPROVAL ( #712, 'UNSPECIFIED' ) ;
#2155 = ORIENTED_EDGE ( 'NONE', *, *, #2173, .T. ) ;
#2156 = CARTESIAN_POINT ( 'NONE',  ( 30.00000000000000000, 127.4018678657926955, 175.0000000000000284 ) ) ;
#2157 = FACE_OUTER_BOUND ( 'NONE', #1549, .T. ) ;
#2158 = ORIENTED_EDGE ( 'NONE', *, *, #572, .F. ) ;
#2159 = DIRECTION ( 'NONE',  ( -0.7071067811865513475, 0.7071067811865437980, 0.000000000000000000 ) ) ;
#2160 =( BOUNDED_CURVE ( )  B_SPLINE_CURVE ( 3, ( #995, #427, #981, #400 ),
 .UNSPECIFIED., .F., .T. ) 
 B_SPLINE_CURVE_WITH_KNOTS ( ( 4, 4 ),
 ( 1.570796326794896558, 3.141592653589793560 ),
 .UNSPECIFIED. ) 
 CURVE ( )  GEOMETRIC_REPRESENTATION_ITEM ( )  RATIONAL_B_SPLINE_CURVE ( ( 1.000000000000000000, 0.8047378541243649375, 0.8047378541243649375, 1.000000000000000000 ) ) 
 REPRESENTATION_ITEM ( '' )  );
#2161 = CARTESIAN_POINT ( 'NONE',  ( 7.000000000000011546, 9.999999999999998224, 175.0000000000000284 ) ) ;
#2162 = ORIENTED_EDGE ( 'NONE', *, *, #1930, .F. ) ;
#2163 = LINE ( 'NONE', #165, #843 ) ;
#2164 = CARTESIAN_POINT ( 'NONE',  ( 8.500000000000010658, 9.999999999999998224, 215.0000000000000284 ) ) ;
#2165 = ADVANCED_FACE ( 'NONE', ( #360 ), #1707, .F. ) ;
#2166 = CARTESIAN_POINT ( 'NONE',  ( 30.00000000000000000, 127.4018678657926955, 165.0000000000000000 ) ) ;
#2167 = AXIS2_PLACEMENT_3D ( 'NONE', #430, #235, #1025 ) ;
#2168 = CIRCLE ( 'NONE', #968, 1.499999999999998668 ) ;
#2169 = AXIS2_PLACEMENT_3D ( 'NONE', #2071, #1488, #126 ) ;
#2170 = ORIENTED_EDGE ( 'NONE', *, *, #469, .T. ) ;
#2171 = LINE ( 'NONE', #2544, #2102 ) ;
#2172 = DIRECTION ( 'NONE',  ( 0.7071067811865447972, 0.000000000000000000, -0.7071067811865503483 ) ) ;
#2173 = EDGE_CURVE ( 'NONE', #2147, #1445, #947, .T. ) ;
#2174 = DIRECTION ( 'NONE',  ( -0.000000000000000000, -0.000000000000000000, 1.000000000000000000 ) ) ;
#2175 = ORIENTED_EDGE ( 'NONE', *, *, #2351, .T. ) ;
#2176 = DIRECTION ( 'NONE',  ( 4.336808689942019585E-17, -1.000000000000000000, 0.000000000000000000 ) ) ;
#2177 = LINE ( 'NONE', #1983, #1843 ) ;
#2178 = ORIENTED_EDGE ( 'NONE', *, *, #808, .F. ) ;
#2179 = FACE_OUTER_BOUND ( 'NONE', #944, .T. ) ;
#2180 = CYLINDRICAL_SURFACE ( 'NONE', #2083, 13.99999999999999822 ) ;
#2181 = LINE ( 'NONE', #1374, #1369 ) ;
#2182 = PERSON_AND_ORGANIZATION_ROLE ( 'classification_officer' ) ;
#2183 = ORIENTED_EDGE ( 'NONE', *, *, #2153, .T. ) ;
#2184 = CARTESIAN_POINT ( 'NONE',  ( -16.68215908221264598, 60.89847509519804447, 169.9999999999999716 ) ) ;
#2185 = DIRECTION ( 'NONE',  ( -3.469446951953614189E-16, -1.000000000000000000, -0.000000000000000000 ) ) ;
#2186 = EDGE_CURVE ( 'NONE', #260, #1154, #2082, .T. ) ;
#2187 = CARTESIAN_POINT ( 'NONE',  ( 8.823495121289550269, 48.80689448952308851, 195.0117384192939483 ) ) ;
#2188 = EDGE_LOOP ( 'NONE', ( #646, #1315, #2408, #970 ) ) ;
#2189 = LINE ( 'NONE', #403, #1880 ) ;
#2190 = APPROVAL_PERSON_ORGANIZATION ( #1142, #2032, #1974 ) ;
#2191 = CARTESIAN_POINT ( 'NONE',  ( -49.98826158070595937, -11.67556757496468300, 195.0117384192939483 ) ) ;
#2192 = VECTOR ( 'NONE', #150, 1000.000000000000000 ) ;
#2193 = ORIENTED_EDGE ( 'NONE', *, *, #522, .F. ) ;
#2194 = CARTESIAN_POINT ( 'NONE',  ( 27.00000000000000000, 85.10186786579268414, 170.0000000000000000 ) ) ;
#2195 = CARTESIAN_POINT ( 'NONE',  ( 22.00000000000001421, 40.00000000000000000, 175.0000000000000000 ) ) ;
#2196 = CARTESIAN_POINT ( 'NONE',  ( 25.49042805833894221, 127.3781956204563244, 169.1071524750876165 ) ) ;
#2197 = ORIENTED_EDGE ( 'NONE', *, *, #75, .F. ) ;
#2198 = CIRCLE ( 'NONE', #953, 2.499999999999998668 ) ;
#2199 = DIRECTION ( 'NONE',  ( -1.000000000000000000, 0.000000000000000000, 0.000000000000000000 ) ) ;
#2200 = DIRECTION ( 'NONE',  ( -0.7071067811865454633, -0.7071067811865495711, 0.000000000000000000 ) ) ;
#2201 = CARTESIAN_POINT ( 'NONE',  ( -39.99999999999998579, -5.500000000000012434, 175.0000000000000284 ) ) ;
#2202 = ADVANCED_FACE ( 'NONE', ( #706 ), #1496, .T. ) ;
#2203 = LINE ( 'NONE', #429, #56 ) ;
#2204 = EDGE_CURVE ( 'NONE', #1235, #1138, #722, .T. ) ;
#2205 = PLANE ( 'NONE',  #2167 ) ;
#2206 = ORIENTED_EDGE ( 'NONE', *, *, #1658, .F. ) ;
#2207 = LINE ( 'NONE', #2409, #138 ) ;
#2208 = CARTESIAN_POINT ( 'NONE',  ( -107.8518678657915331, -1.200000000000022160, 167.0000000000000000 ) ) ;
#2209 = EDGE_CURVE ( 'NONE', #82, #2465, #1198, .T. ) ;
#2210 = DIRECTION ( 'NONE',  ( 0.000000000000000000, -1.000000000000000000, 0.000000000000000000 ) ) ;
#2211 = AXIS2_PLACEMENT_3D ( 'NONE', #2161, #386, #2010 ) ;
#2212 = ORIENTED_EDGE ( 'NONE', *, *, #2496, .F. ) ;
#2213 = ORIENTED_EDGE ( 'NONE', *, *, #872, .F. ) ;
#2214 = CYLINDRICAL_SURFACE ( 'NONE', #901, 1.500000000000003109 ) ;
#2215 = AXIS2_PLACEMENT_3D ( 'NONE', #2277, #1136, #2080 ) ;
#2216 = CARTESIAN_POINT ( 'NONE',  ( -70.00000000000011369, -25.00000000000000000, 175.0000000000000284 ) ) ;
#2217 = CARTESIAN_POINT ( 'NONE',  ( 27.45496995390136874, 126.7594903488546976, 171.6936014219645585 ) ) ;
#2218 = EDGE_CURVE ( 'NONE', #1511, #2027, #2335, .T. ) ;
#2219 = UNCERTAINTY_MEASURE_WITH_UNIT (LENGTH_MEASURE( 1.000000000000000082E-05 ), #2463, 'distance_accuracy_value', 'NONE');
#2220 = ORIENTED_EDGE ( 'NONE', *, *, #853, .F. ) ;
#2221 = CARTESIAN_POINT ( 'NONE',  ( -39.99999999999998579, -20.50000000000001776, 175.0000000000000000 ) ) ;
#2222 = CYLINDRICAL_SURFACE ( 'NONE', #1668, 2.500000000000002220 ) ;
#2223 = EDGE_CURVE ( 'NONE', #1328, #2060, #1571, .T. ) ;
#2224 = DIRECTION ( 'NONE',  ( 1.000000000000000000, 0.000000000000000000, 0.000000000000000000 ) ) ;
#2225 = ADVANCED_FACE ( 'NONE', ( #1992 ), #782, .F. ) ;
#2226 = ORIENTED_EDGE ( 'NONE', *, *, #2204, .T. ) ;
#2227 = PLANE ( 'NONE',  #2309 ) ;
#2228 = CARTESIAN_POINT ( 'NONE',  ( 28.49811186337764113, 125.9771426269222729, 169.0654402224285491 ) ) ;
#2229 = ORIENTED_EDGE ( 'NONE', *, *, #949, .T. ) ;
#2230 = DIRECTION ( 'NONE',  ( -1.000000000000000000, 0.000000000000000000, 0.000000000000000000 ) ) ;
#2231 = CIRCLE ( 'NONE', #1563, 13.99999999999999112 ) ;
#2232 = DIRECTION ( 'NONE',  ( 0.000000000000000000, 0.000000000000000000, 1.000000000000000000 ) ) ;
#2233 = VECTOR ( 'NONE', #915, 1000.000000000000000 ) ;
#2234 = DIRECTION ( 'NONE',  ( -0.000000000000000000, -0.000000000000000000, 1.000000000000000000 ) ) ;
#2235 = ORIENTED_EDGE ( 'NONE', *, *, #853, .T. ) ;
#2236 = CARTESIAN_POINT ( 'NONE',  ( -10.00000000000000000, -30.00000000000000000, 175.0000000000000284 ) ) ;
#2237 = CC_DESIGN_DATE_AND_TIME_ASSIGNMENT ( #2541, #1989, ( #1266 ) ) ;
#2238 = EDGE_LOOP ( 'NONE', ( #839, #1932, #164, #1702, #231, #1891, #1573, #71, #751, #1665, #1580, #256 ) ) ;
#2239 = CARTESIAN_POINT ( 'NONE',  ( 24.99999999999999645, 45.00000000000000711, 343.1370849898476081 ) ) ;
#2240 = ORIENTED_EDGE ( 'NONE', *, *, #1741, .F. ) ;
#2241 = CARTESIAN_POINT ( 'NONE',  ( 1.750000000000015543, 108.4018678657931360, 165.0000000000000000 ) ) ;
#2242 = CLOSED_SHELL ( 'NONE', ( #1902, #361, #367, #1597, #703, #36, #236, #1300, #166, #586, #787, #566, #1999, #1093, #445, #987, #1454, #1452, #421, #1517, #412, #1406, #1998, #2388, #726, #396, #2225, #315, #1826, #1802, #1355, #2018, #2165, #519, #1280, #2320, #1777, #2040, #1019, #1029, #1520, #2013, #1021, #1034, #2421, #487, #1831, #143, #1360, #1704, #822, #88, #1758, #1086, #1309, #2202, #2526, #1767, #1689, #963, #2550, #500, #1140, #2123, #2469, #1343, #770, #1827, #1119, #752, #620, #2438, #1545, #475, #534, #1748, #2477, #1324, #1725, #1274, #106, #1466 ) ) ;
#2243 = PLANE ( 'NONE',  #780 ) ;
#2244 = VECTOR ( 'NONE', #1042, 1000.000000000000000 ) ;
#2245 = DIRECTION ( 'NONE',  ( -1.000000000000000000, 0.000000000000000000, 0.000000000000000000 ) ) ;
#2246 = EDGE_CURVE ( 'NONE', #2060, #358, #2171, .T. ) ;
#2247 = EDGE_LOOP ( 'NONE', ( #1912, #1157, #1371, #708 ) ) ;
#2248 = VERTEX_POINT ( 'NONE', #564 ) ;
#2249 = CARTESIAN_POINT ( 'NONE',  ( 30.00000000000000000, 45.00000000000001421, 192.9289321881344108 ) ) ;
#2250 = ORIENTED_EDGE ( 'NONE', *, *, #1780, .T. ) ;
#2251 = AXIS2_PLACEMENT_3D ( 'NONE', #1678, #705, #2468 ) ;
#2252 = EDGE_CURVE ( 'NONE', #1535, #605, #1783, .T. ) ;
#2253 = DIRECTION ( 'NONE',  ( 4.336808689942019585E-17, -1.000000000000000000, 0.000000000000000000 ) ) ;
#2254 = AXIS2_PLACEMENT_3D ( 'NONE', #1319, #1916, #140 ) ;
#2255 = ORIENTED_EDGE ( 'NONE', *, *, #2357, .T. ) ;
#2256 = DIRECTION ( 'NONE',  ( 0.000000000000000000, 0.000000000000000000, -1.000000000000000000 ) ) ;
#2257 = DIRECTION ( 'NONE',  ( 1.000000000000000000, 0.000000000000000000, 0.000000000000000000 ) ) ;
#2258 = LINE ( 'NONE', #2460, #835 ) ;
#2259 = EDGE_LOOP ( 'NONE', ( #1066, #1675, #874, #1729 ) ) ;
#2260 = EDGE_LOOP ( 'NONE', ( #291, #672, #345, #1662 ) ) ;
#2261 = EDGE_CURVE ( 'NONE', #1872, #1338, #1977, .T. ) ;
#2262 = CARTESIAN_POINT ( 'NONE',  ( 28.73559778737113746, 125.7255562413467942, 170.2561730696101279 ) ) ;
#2263 = EDGE_LOOP ( 'NONE', ( #161, #1870, #2422, #743 ) ) ;
#2264 = CARTESIAN_POINT ( 'NONE',  ( 7.900000000000000355, 108.4018678657931360, 167.0000000000000000 ) ) ;
#2265 = CARTESIAN_POINT ( 'NONE',  ( -59.57106781186548261, -4.571067811865677122, 184.3933982822018436 ) ) ;
#2266 = FACE_OUTER_BOUND ( 'NONE', #188, .T. ) ;
#2267 = MANIFOLD_SOLID_BREP ( 'Stock-minilip main body-1', #2242 ) ;
#2268 = CARTESIAN_POINT ( 'NONE',  ( 11.67556757496450537, 49.98826158070595937, 195.0117384192939483 ) ) ;
#2269 = VECTOR ( 'NONE', #1909, 1000.000000000000000 ) ;
#2270 = EDGE_LOOP ( 'NONE', ( #368, #736, #1728, #2170, #1178 ) ) ;
#2271 = LINE ( 'NONE', #1104, #2432 ) ;
#2272 = EDGE_LOOP ( 'NONE', ( #727, #1794, #330, #1691 ) ) ;
#2273 = CARTESIAN_POINT ( 'NONE',  ( 30.00000000000001421, 45.00000000000000711, 230.0000000000000000 ) ) ;
#2274 = EDGE_CURVE ( 'NONE', #1118, #660, #2361, .T. ) ;
#2275 = EDGE_CURVE ( 'NONE', #2282, #2447, #1526, .T. ) ;
#2276 = ORIENTED_EDGE ( 'NONE', *, *, #14, .T. ) ;
#2277 = CARTESIAN_POINT ( 'NONE',  ( -62.13591196227348235, 15.44472221513671784, 169.9999999999999716 ) ) ;
#2278 = CARTESIAN_POINT ( 'NONE',  ( -9.999999999999998224, 9.999999999999998224, 175.0000000000000284 ) ) ;
#2279 = CARTESIAN_POINT ( 'NONE',  ( -39.99999999999998579, -22.00000000000002132, 175.0000000000000000 ) ) ;
#2280 = CYLINDRICAL_SURFACE ( 'NONE', #1611, 1.500000000000003109 ) ;
#2281 = EDGE_CURVE ( 'NONE', #2561, #358, #1108, .T. ) ;
#2282 = VERTEX_POINT ( 'NONE', #2184 ) ;
#2283 = LINE ( 'NONE', #1923, #366 ) ;
#2284 = ORIENTED_EDGE ( 'NONE', *, *, #2357, .F. ) ;
#2285 = FACE_OUTER_BOUND ( 'NONE', #2259, .T. ) ;
#2286 = VECTOR ( 'NONE', #2558, 1000.000000000000000 ) ;
#2287 = ORIENTED_EDGE ( 'NONE', *, *, #664, .F. ) ;
#2288 = DIRECTION ( 'NONE',  ( 4.336808689942019585E-17, -1.000000000000000000, 0.000000000000000000 ) ) ;
#2289 = AXIS2_PLACEMENT_3D ( 'NONE', #99, #1901, #1316 ) ;
#2290 = DIRECTION ( 'NONE',  ( 0.7071067811865513475, 0.7071067811865436870, -9.813077866773589553E-17 ) ) ;
#2291 = VECTOR ( 'NONE', #1835, 1000.000000000000114 ) ;
#2292 = DIRECTION ( 'NONE',  ( -1.000000000000000000, 0.000000000000000000, 0.000000000000000000 ) ) ;
#2293 = ORIENTED_EDGE ( 'NONE', *, *, #2015, .T. ) ;
#2294 = CARTESIAN_POINT ( 'NONE',  ( -107.8518678657915331, -1.200000000000022160, 175.0000000000000284 ) ) ;
#2295 = CARTESIAN_POINT ( 'NONE',  ( 25.26174092983751862, 127.3950669119512042, 169.7662156656162438 ) ) ;
#2296 = FACE_OUTER_BOUND ( 'NONE', #763, .T. ) ;
#2297 = EDGE_LOOP ( 'NONE', ( #817, #1351, #1935, #575, #208, #2000, #2352, #174, #909, #2519 ) ) ;
#2298 = CARTESIAN_POINT ( 'NONE',  ( -39.99999999999999289, -8.500000000000015987, 215.0000000000000000 ) ) ;
#2299 = VERTEX_POINT ( 'NONE', #768 ) ;
#2300 = CARTESIAN_POINT ( 'NONE',  ( 4.571067811865496822, 59.57106781186545419, 184.3933982822018720 ) ) ;
#2301 = DIRECTION ( 'NONE',  ( -0.7071067811865437980, 0.7071067811865513475, 0.000000000000000000 ) ) ;
#2302 = CARTESIAN_POINT ( 'NONE',  ( -51.37681779382595693, 86.02505007196650411, 175.0000000000000284 ) ) ;
#2303 = ORIENTED_EDGE ( 'NONE', *, *, #1497, .F. ) ;
#2304 = CARTESIAN_POINT ( 'NONE',  ( 30.00000000000000000, 10.00000000000000000, 165.0000000000000000 ) ) ;
#2305 = EDGE_CURVE ( 'NONE', #337, #2248, #2231, .T. ) ;
#2306 = EDGE_CURVE ( 'NONE', #862, #2461, #980, .T. ) ;
#2307 = ORIENTED_EDGE ( 'NONE', *, *, #1443, .T. ) ;
#2308 = EDGE_CURVE ( 'NONE', #278, #1080, #990, .T. ) ;
#2309 = AXIS2_PLACEMENT_3D ( 'NONE', #2236, #1214, #1608 ) ;
#2310 = AXIS2_PLACEMENT_3D ( 'NONE', #1112, #1903, #124 ) ;
#2311 = ORIENTED_EDGE ( 'NONE', *, *, #168, .F. ) ;
#2312 = DIRECTION ( 'NONE',  ( 0.000000000000000000, -1.000000000000000000, 0.000000000000000000 ) ) ;
#2313 = ORIENTED_EDGE ( 'NONE', *, *, #2462, .F. ) ;
#2314 = DIRECTION ( 'NONE',  ( -0.000000000000000000, -0.000000000000000000, 1.000000000000000000 ) ) ;
#2315 = CARTESIAN_POINT ( 'NONE',  ( -50.66971101263929711, 16.02147873449847992, 175.0000000000000284 ) ) ;
#2316 = ORIENTED_EDGE ( 'NONE', *, *, #1498, .T. ) ;
#2317 = FACE_OUTER_BOUND ( 'NONE', #332, .T. ) ;
#2318 = CIRCLE ( 'NONE', #1205, 1.750000000000008438 ) ;
#2319 = ORIENTED_EDGE ( 'NONE', *, *, #241, .F. ) ;
#2320 = ADVANCED_FACE ( 'NONE', ( #356 ), #2344, .T. ) ;
#2321 = CALENDAR_DATE ( 2026, 2, 6 ) ;
#2322 = ORIENTED_EDGE ( 'NONE', *, *, #821, .F. ) ;
#2323 = DIRECTION ( 'NONE',  ( 0.000000000000000000, -1.000000000000000000, 0.000000000000000000 ) ) ;
#2324 = EDGE_LOOP ( 'NONE', ( #834, #2293, #2158, #2155, #1069, #1905, #109, #243, #471, #1026, #747, #1607 ) ) ;
#2325 = LINE ( 'NONE', #556, #307 ) ;
#2326 = EDGE_CURVE ( 'NONE', #248, #1872, #1068, .T. ) ;
#2327 = DIRECTION ( 'NONE',  ( 0.6324555320336793240, 0.6324555320336725517, -0.4472135954999577612 ) ) ;
#2328 = CIRCLE ( 'NONE', #844, 1.500000000000003109 ) ;
#2329 = ORIENTED_EDGE ( 'NONE', *, *, #1273, .F. ) ;
#2330 = CARTESIAN_POINT ( 'NONE',  ( 15.75000000000000711, 108.4018678657927239, 175.0000000000000284 ) ) ;
#2331 = CIRCLE ( 'NONE', #391, 5.000000000000000888 ) ;
#2332 = ORIENTED_EDGE ( 'NONE', *, *, #1001, .F. ) ;
#2333 = DATE_TIME_ROLE ( 'classification_date' ) ;
#2334 = ORIENTED_EDGE ( 'NONE', *, *, #1741, .T. ) ;
#2335 = LINE ( 'NONE', #994, #326 ) ;
#2336 = CARTESIAN_POINT ( 'NONE',  ( 7.900000000000000355, 108.4018678657931360, 165.0000000000000000 ) ) ;
#2337 = ORIENTED_EDGE ( 'NONE', *, *, #1284, .F. ) ;
#2338 = DIRECTION ( 'NONE',  ( -1.000000000000000000, 0.000000000000000000, -0.000000000000000000 ) ) ;
#2339 = CARTESIAN_POINT ( 'NONE',  ( -127.4018678657920276, 10.00000000000000533, 175.0000000000000284 ) ) ;
#2340 = VERTEX_POINT ( 'NONE', #951 ) ;
#2341 = DIRECTION ( 'NONE',  ( 0.000000000000000000, 0.000000000000000000, -1.000000000000000000 ) ) ;
#2342 = CARTESIAN_POINT ( 'NONE',  ( 27.00000000000025224, 126.9844435607488151, 168.2499999999992042 ) ) ;
#2343 = EDGE_LOOP ( 'NONE', ( #484, #439, #2380, #1606 ) ) ;
#2344 = PLANE ( 'NONE',  #1401 ) ;
#2345 = DIRECTION ( 'NONE',  ( 1.000000000000000000, 1.786765180256111061E-16, 6.938893903907225912E-17 ) ) ;
#2346 = AXIS2_PLACEMENT_3D ( 'NONE', #873, #2390, #277 ) ;
#2347 = LINE ( 'NONE', #2471, #1256 ) ;
#2348 = EDGE_LOOP ( 'NONE', ( #1518, #1166 ) ) ;
#2349 = LINE ( 'NONE', #418, #1461 ) ;
#2350 = LINE ( 'NONE', #11, #2498 ) ;
#2351 = EDGE_CURVE ( 'NONE', #1285, #2061, #2513, .T. ) ;
#2352 = ORIENTED_EDGE ( 'NONE', *, *, #741, .T. ) ;
#2353 = DIRECTION ( 'NONE',  ( -0.2810846377148217279, 0.6785983445458503294, -0.6785983445458432239 ) ) ;
#2354 = CARTESIAN_POINT ( 'NONE',  ( 9.705954536043329028, 49.50131801714545077, 195.1446998701910900 ) ) ;
#2355 = VECTOR ( 'NONE', #43, 1000.000000000000114 ) ;
#2356 = DIRECTION ( 'NONE',  ( 1.786765180256111307E-16, -1.000000000000000000, -6.938893903907225912E-17 ) ) ;
#2357 = EDGE_CURVE ( 'NONE', #597, #1492, #2025, .T. ) ;
#2358 = APPROVAL_ROLE ( '' ) ;
#2359 = ORIENTED_EDGE ( 'NONE', *, *, #2132, .F. ) ;
#2360 = AXIS2_PLACEMENT_3D ( 'NONE', #1858, #1451, #1642 ) ;
#2361 = LINE ( 'NONE', #2130, #1646 ) ;
#2362 = PLANE ( 'NONE',  #1168 ) ;
#2363 = CARTESIAN_POINT ( 'NONE',  ( -39.99999999999998579, -8.500000000000017764, 175.0000000000000284 ) ) ;
#2364 = ORIENTED_EDGE ( 'NONE', *, *, #860, .F. ) ;
#2365 = CARTESIAN_POINT ( 'NONE',  ( -4.399999999999970157, 108.4018678657931360, 167.0000000000000000 ) ) ;
#2366 = DIRECTION ( 'NONE',  ( -1.000000000000000000, -4.336808689942018352E-17, 0.000000000000000000 ) ) ;
#2367 = ORIENTED_EDGE ( 'NONE', *, *, #31, .T. ) ;
#2368 = FACE_BOUND ( 'NONE', #1310, .T. ) ;
#2369 = DIRECTION ( 'NONE',  ( 1.000000000000000000, 0.000000000000000000, 0.000000000000000000 ) ) ;
#2370 = DIRECTION ( 'NONE',  ( 0.000000000000000000, 0.7071067811865440200, 0.7071067811865509034 ) ) ;
#2371 = VECTOR ( 'NONE', #1047, 1000.000000000000114 ) ;
#2372 = EDGE_CURVE ( 'NONE', #2027, #899, #1532, .T. ) ;
#2373 = AXIS2_PLACEMENT_3D ( 'NONE', #2241, #72, #1866 ) ;
#2374 = AXIS2_PLACEMENT_3D ( 'NONE', #2405, #634, #1796 ) ;
#2375 = ORIENTED_EDGE ( 'NONE', *, *, #1059, .F. ) ;
#2376 = DIRECTION ( 'NONE',  ( -0.000000000000000000, -1.000000000000000000, -0.000000000000000000 ) ) ;
#2377 = CC_DESIGN_PERSON_AND_ORGANIZATION_ASSIGNMENT ( #1788, #1388, ( #1266 ) ) ;
#2378 = CARTESIAN_POINT ( 'NONE',  ( 30.00000000000000000, 10.00000000000000000, 230.0000000000000000 ) ) ;
#2379 = DIRECTION ( 'NONE',  ( 1.000000000000000000, 1.786765180256111061E-16, 6.938893903907225912E-17 ) ) ;
#2380 = ORIENTED_EDGE ( 'NONE', *, *, #1592, .T. ) ;
#2381 = CARTESIAN_POINT ( 'NONE',  ( -48.53553390593275196, -8.535533905932942034, 194.9999999999999147 ) ) ;
#2382 = CARTESIAN_POINT ( 'NONE',  ( -63.37334882934994340, 14.20728534806024790, 169.9999999999999716 ) ) ;
#2383 = ORIENTED_EDGE ( 'NONE', *, *, #258, .F. ) ;
#2384 = CARTESIAN_POINT ( 'NONE',  ( -39.99999999999998579, -23.50000000000002132, 175.0000000000000000 ) ) ;
#2385 = CARTESIAN_POINT ( 'NONE',  ( -15.44472221513619026, 62.13591196227451263, 169.9999999999999716 ) ) ;
#2386 = FACE_OUTER_BOUND ( 'NONE', #876, .T. ) ;
#2387 = EDGE_CURVE ( 'NONE', #340, #260, #1007, .T. ) ;
#2388 = ADVANCED_FACE ( 'NONE', ( #57, #1247, #2039, #1432, #461 ), #2227, .F. ) ;
#2389 = ORIENTED_EDGE ( 'NONE', *, *, #1947, .T. ) ;
#2390 = DIRECTION ( 'NONE',  ( 6.938893903907224680E-17, 6.938893903907227145E-17, 1.000000000000000000 ) ) ;
#2391 = CARTESIAN_POINT ( 'NONE',  ( -9.999999999999991118, -23.50000000000001421, 175.0000000000000000 ) ) ;
#2392 = DIRECTION ( 'NONE',  ( 1.000000000000000000, 0.000000000000000000, 0.000000000000000000 ) ) ;
#2393 = LINE ( 'NONE', #25, #1170 ) ;
#2394 = VECTOR ( 'NONE', #1283, 1000.000000000000000 ) ;
#2395 = EDGE_CURVE ( 'NONE', #2465, #1585, #244, .T. ) ;
#2396 = DIRECTION ( 'NONE',  ( 0.000000000000000000, -1.000000000000000000, 0.000000000000000000 ) ) ;
#2397 = CIRCLE ( 'NONE', #532, 5.000000000000004441 ) ;
#2398 = ORIENTED_EDGE ( 'NONE', *, *, #173, .F. ) ;
#2399 = LINE ( 'NONE', #1038, #766 ) ;
#2400 = DIRECTION ( 'NONE',  ( -0.000000000000000000, -0.000000000000000000, 1.000000000000000000 ) ) ;
#2401 = DIRECTION ( 'NONE',  ( 1.000000000000000000, 1.786765180256111307E-16, 6.938893903907225912E-17 ) ) ;
#2402 = VERTEX_POINT ( 'NONE', #2427 ) ;
#2403 = EDGE_CURVE ( 'NONE', #1121, #2136, #1033, .T. ) ;
#2404 = CARTESIAN_POINT ( 'NONE',  ( 30.00000000000000000, 127.4018678657926955, 175.0000000000000284 ) ) ;
#2405 = CARTESIAN_POINT ( 'NONE',  ( -62.13591196227348235, 15.44472221513671784, 169.9999999999999716 ) ) ;
#2406 = AXIS2_PLACEMENT_3D ( 'NONE', #630, #424, #1212 ) ;
#2407 = CARTESIAN_POINT ( 'NONE',  ( 0.000000000000000000, 0.000000000000000000, 175.0000000000000284 ) ) ;
#2408 = ORIENTED_EDGE ( 'NONE', *, *, #134, .T. ) ;
#2409 = CARTESIAN_POINT ( 'NONE',  ( -9.999999999999998224, 127.4018678657926955, 175.0000000000000284 ) ) ;
#2410 = DIRECTION ( 'NONE',  ( -1.000000000000000000, 0.000000000000000000, 0.000000000000000000 ) ) ;
#2411 = DIRECTION ( 'NONE',  ( 1.000000000000000000, 0.000000000000000000, 0.000000000000000000 ) ) ;
#2412 = ORIENTED_EDGE ( 'NONE', *, *, #2351, .F. ) ;
#2413 = VECTOR ( 'NONE', #1522, 999.9999999999998863 ) ;
#2414 = ORIENTED_EDGE ( 'NONE', *, *, #2372, .F. ) ;
#2415 = VECTOR ( 'NONE', #748, 1000.000000000000000 ) ;
#2416 = CARTESIAN_POINT ( 'NONE',  ( 7.000000000000009770, 39.99999999999999289, 175.0000000000000284 ) ) ;
#2417 = CIRCLE ( 'NONE', #969, 4.999999999999990230 ) ;
#2418 = CIRCLE ( 'NONE', #718, 6.149999999999985256 ) ;
#2419 = LINE ( 'NONE', #2363, #1962 ) ;
#2420 = DIRECTION ( 'NONE',  ( -1.000000000000000000, 0.000000000000000000, 0.000000000000000000 ) ) ;
#2421 = ADVANCED_FACE ( 'NONE', ( #78 ), #2214, .F. ) ;
#2422 = ORIENTED_EDGE ( 'NONE', *, *, #334, .T. ) ;
#2423 = CYLINDRICAL_SURFACE ( 'NONE', #215, 5.000000000000000000 ) ;
#2424 = CARTESIAN_POINT ( 'NONE',  ( 12.07106781186549505, 45.00000000000000711, 230.0000000000000000 ) ) ;
#2425 = CARTESIAN_POINT ( 'NONE',  ( 12.07106781186549505, 50.00000000000000000, 194.9999999999999147 ) ) ;
#2426 = VERTEX_POINT ( 'NONE', #619 ) ;
#2427 = CARTESIAN_POINT ( 'NONE',  ( -62.92893218813462397, -30.00000000000000000, 175.0000000000000284 ) ) ;
#2428 = ORIENTED_EDGE ( 'NONE', *, *, #241, .T. ) ;
#2429 = CARTESIAN_POINT ( 'NONE',  ( -4.999999999999998224, 4.999999999999998224, 230.0000000000000000 ) ) ;
#2430 = ORIENTED_EDGE ( 'NONE', *, *, #229, .T. ) ;
#2431 = DIRECTION ( 'NONE',  ( 1.000000000000000000, -4.336808689942018969E-17, -0.000000000000000000 ) ) ;
#2432 = VECTOR ( 'NONE', #1117, 1000.000000000000000 ) ;
#2433 = EDGE_CURVE ( 'NONE', #2299, #212, #453, .T. ) ;
#2434 = CARTESIAN_POINT ( 'NONE',  ( 8.500000000000012434, 39.99999999999999289, 175.0000000000000284 ) ) ;
#2435 = AXIS2_PLACEMENT_3D ( 'NONE', #2315, #2327, #2301 ) ;
#2436 = CYLINDRICAL_SURFACE ( 'NONE', #1449, 1.750000000000003553 ) ;
#2437 = VERTEX_POINT ( 'NONE', #1236 ) ;
#2438 = ADVANCED_FACE ( 'NONE', ( #1258, #1838 ), #1635, .T. ) ;
#2439 = DIRECTION ( 'NONE',  ( -0.000000000000000000, -0.000000000000000000, -1.000000000000000000 ) ) ;
#2440 = ORIENTED_EDGE ( 'NONE', *, *, #2433, .T. ) ;
#2441 = CARTESIAN_POINT ( 'NONE',  ( -121.8518678657915331, -1.200000000000022160, 175.0000000000000284 ) ) ;
#2442 = ORIENTED_EDGE ( 'NONE', *, *, #1656, .T. ) ;
#2443 = CARTESIAN_POINT ( 'NONE',  ( -23.88908729652607121, 44.39518395093591607, 175.0000000000000284 ) ) ;
#2444 = CARTESIAN_POINT ( 'NONE',  ( 8.535533905932750187, 48.53553390593273775, 343.1370849898476081 ) ) ;
#2445 = ADVANCED_BREP_SHAPE_REPRESENTATION ( 'cutting shaft hanger 2', ( #2267, #1604 ), #1781 ) ;
#2446 = CARTESIAN_POINT ( 'NONE',  ( -7.928932188134521830, 127.4018678657926955, 175.0000000000000284 ) ) ;
#2447 = VERTEX_POINT ( 'NONE', #68 ) ;
#2448 = EDGE_CURVE ( 'NONE', #136, #146, #825, .T. ) ;
#2449 = CARTESIAN_POINT ( 'NONE',  ( -4.142135623731038052, 64.14213562373100785, 175.0000000000000284 ) ) ;
#2450 = AXIS2_PLACEMENT_3D ( 'NONE', #2429, #1852, #875 ) ;
#2451 = EDGE_LOOP ( 'NONE', ( #667, #1529, #2193, #2213 ) ) ;
#2452 = CC_DESIGN_PERSON_AND_ORGANIZATION_ASSIGNMENT ( #1934, #1335, ( #734 ) ) ;
#2453 = CIRCLE ( 'NONE', #2450, 5.000000000000000000 ) ;
#2454 = AXIS2_PLACEMENT_3D ( 'NONE', #1252, #433, #1062 ) ;
#2455 = DIRECTION ( 'NONE',  ( 0.000000000000000000, 0.000000000000000000, -1.000000000000000000 ) ) ;
#2456 = ORIENTED_EDGE ( 'NONE', *, *, #347, .F. ) ;
#2457 = CARTESIAN_POINT ( 'NONE',  ( -39.99999999999999289, -8.500000000000015987, 215.0000000000000000 ) ) ;
#2458 = DIRECTION ( 'NONE',  ( -0.7071067811865513475, 0.7071067811865437980, 0.000000000000000000 ) ) ;
#2459 = DIRECTION ( 'NONE',  ( 0.000000000000000000, 0.000000000000000000, -1.000000000000000000 ) ) ;
#2460 = CARTESIAN_POINT ( 'NONE',  ( -16.02147873449847992, 50.66971101263929711, 175.0000000000000284 ) ) ;
#2461 = VERTEX_POINT ( 'NONE', #655 ) ;
#2462 = EDGE_CURVE ( 'NONE', #1907, #954, #115, .T. ) ;
#2463 =( LENGTH_UNIT ( ) NAMED_UNIT ( * ) SI_UNIT ( .MILLI., .METRE. ) );
#2464 = EDGE_CURVE ( 'NONE', #1521, #1141, #2473, .T. ) ;
#2465 = VERTEX_POINT ( 'NONE', #2249 ) ;
#2466 = CARTESIAN_POINT ( 'NONE',  ( 24.99999999999999645, 50.00000000000000000, 230.0000000000000000 ) ) ;
#2467 = ORIENTED_EDGE ( 'NONE', *, *, #47, .T. ) ;
#2468 = DIRECTION ( 'NONE',  ( -1.000000000000000000, 0.000000000000000000, 0.000000000000000000 ) ) ;
#2469 = ADVANCED_FACE ( 'NONE', ( #1227 ), #474, .T. ) ;
#2470 = DIRECTION ( 'NONE',  ( 0.000000000000000000, 0.000000000000000000, -1.000000000000000000 ) ) ;
#2471 = CARTESIAN_POINT ( 'NONE',  ( -114.0018678657915387, -1.200000000000022826, 175.0000000000000284 ) ) ;
#2472 = CARTESIAN_POINT ( 'NONE',  ( -43.59864320077377897, 23.09254654636391635, 175.0000000000000284 ) ) ;
#2473 = CIRCLE ( 'NONE', #323, 13.99999999999999112 ) ;
#2474 = CARTESIAN_POINT ( 'NONE',  ( 26.45993611204974982, 127.1852362365195859, 171.6684516168550658 ) ) ;
#2475 = DIRECTION ( 'NONE',  ( 1.000000000000000000, 0.000000000000000000, 0.000000000000000000 ) ) ;
#2476 = VERTEX_POINT ( 'NONE', #2005 ) ;
#2477 = ADVANCED_FACE ( 'NONE', ( #1067 ), #633, .T. ) ;
#2478 = DIRECTION ( 'NONE',  ( 1.000000000000000000, 0.000000000000000000, 0.000000000000000000 ) ) ;
#2479 = ORIENTED_EDGE ( 'NONE', *, *, #2246, .T. ) ;
#2480 = CARTESIAN_POINT ( 'NONE',  ( 22.00000000000001421, 40.00000000000000000, 175.0000000000000000 ) ) ;
#2481 = DIRECTION ( 'NONE',  ( 0.000000000000000000, 1.000000000000000000, 0.000000000000000000 ) ) ;
#2482 = EDGE_CURVE ( 'NONE', #50, #1456, #2100, .T. ) ;
#2483 = DIRECTION ( 'NONE',  ( 0.000000000000000000, 0.000000000000000000, 1.000000000000000000 ) ) ;
#2484 = VERTEX_POINT ( 'NONE', #1619 ) ;
#2485 = DIRECTION ( 'NONE',  ( -0.7071067811865435759, -0.7071067811865515695, 0.000000000000000000 ) ) ;
#2486 = CC_DESIGN_PERSON_AND_ORGANIZATION_ASSIGNMENT ( #1727, #2182, ( #1938 ) ) ;
#2487 = CARTESIAN_POINT ( 'NONE',  ( 25.24999237091311954, 127.3956143365843019, 170.2323338780895199 ) ) ;
#2488 = PERSON_AND_ORGANIZATION ( #158, #656 ) ;
#2489 = ORIENTED_EDGE ( 'NONE', *, *, #2218, .T. ) ;
#2490 = DIRECTION ( 'NONE',  ( 0.000000000000000000, -1.000000000000000000, 0.000000000000000000 ) ) ;
#2491 = CIRCLE ( 'NONE', #18, 6.149999999999985256 ) ;
#2492 = ORIENTED_EDGE ( 'NONE', *, *, #1896, .F. ) ;
#2493 = DIRECTION ( 'NONE',  ( -1.000000000000000000, -2.955188886704707001E-17, 0.000000000000000000 ) ) ;
#2494 = VECTOR ( 'NONE', #1888, 1000.000000000000000 ) ;
#2495 = CARTESIAN_POINT ( 'NONE',  ( 30.00000000000000000, 122.4018678657926813, 165.0000000000000000 ) ) ;
#2496 = EDGE_CURVE ( 'NONE', #1058, #940, #2283, .T. ) ;
#2497 = EDGE_CURVE ( 'NONE', #2517, #1778, #1479, .T. ) ;
#2498 = VECTOR ( 'NONE', #191, 1000.000000000000000 ) ;
#2499 = FACE_OUTER_BOUND ( 'NONE', #533, .T. ) ;
#2500 = ORIENTED_EDGE ( 'NONE', *, *, #203, .T. ) ;
#2501 = DIRECTION ( 'NONE',  ( -1.000000000000000000, -1.318389841742375916E-14, 0.000000000000000000 ) ) ;
#2502 = VERTEX_POINT ( 'NONE', #2063 ) ;
#2503 = ORIENTED_EDGE ( 'NONE', *, *, #1245, .F. ) ;
#2504 = CARTESIAN_POINT ( 'NONE',  ( -39.99999999999998579, -23.50000000000002132, 175.0000000000000000 ) ) ;
#2505 =( BOUNDED_CURVE ( )  B_SPLINE_CURVE ( 3, ( #2016, #2268, #53, #2425 ),
 .UNSPECIFIED., .F., .T. ) 
 B_SPLINE_CURVE_WITH_KNOTS ( ( 4, 4 ),
 ( 6.164500429291014605, 6.283185307179586232 ),
 .UNSPECIFIED. ) 
 CURVE ( )  GEOMETRIC_REPRESENTATION_ITEM ( )  RATIONAL_B_SPLINE_CURVE ( ( 1.000000000000000000, 0.9988265027490239589, 0.9988265027490239589, 1.000000000000000000 ) ) 
 REPRESENTATION_ITEM ( '' )  );
#2506 = EDGE_LOOP ( 'NONE', ( #1257, #1357, #583, #2031 ) ) ;
#2507 = LINE ( 'NONE', #1525, #1426 ) ;
#2508 = DIRECTION ( 'NONE',  ( -0.000000000000000000, -0.000000000000000000, 1.000000000000000000 ) ) ;
#2509 = DIRECTION ( 'NONE',  ( 0.7071067811865486830, -0.7071067811865464625, 0.000000000000000000 ) ) ;
#2510 = DIRECTION ( 'NONE',  ( 0.000000000000000000, 0.000000000000000000, -1.000000000000000000 ) ) ;
#2511 = EDGE_CURVE ( 'NONE', #218, #940, #1209, .T. ) ;
#2512 = ORIENTED_EDGE ( 'NONE', *, *, #1658, .T. ) ;
#2513 = CIRCLE ( 'NONE', #284, 5.000000000000000888 ) ;
#2514 = PERSON_AND_ORGANIZATION ( #158, #656 ) ;
#2515 = CIRCLE ( 'NONE', #286, 1.499999999999997780 ) ;
#2516 = EDGE_CURVE ( 'NONE', #358, #1917, #2271, .T. ) ;
#2517 = VERTEX_POINT ( 'NONE', #1311 ) ;
#2518 = DIRECTION ( 'NONE',  ( 0.000000000000000000, 0.000000000000000000, -1.000000000000000000 ) ) ;
#2519 = ORIENTED_EDGE ( 'NONE', *, *, #979, .T. ) ;
#2520 = CARTESIAN_POINT ( 'NONE',  ( -93.85186786579154727, -1.200000000000023936, 175.0000000000000284 ) ) ;
#2521 = CARTESIAN_POINT ( 'NONE',  ( -93.85186786579154727, -1.200000000000023936, 167.0000000000000000 ) ) ;
#2522 = VERTEX_POINT ( 'NONE', #485 ) ;
#2523 = DIRECTION ( 'NONE',  ( -0.000000000000000000, -0.000000000000000000, -1.000000000000000000 ) ) ;
#2524 = AXIS2_PLACEMENT_3D ( 'NONE', #1151, #2341, #1971 ) ;
#2525 = ORIENTED_EDGE ( 'NONE', *, *, #2138, .F. ) ;
#2526 = ADVANCED_FACE ( 'NONE', ( #2296 ), #535, .F. ) ;
#2527 = ORIENTED_EDGE ( 'NONE', *, *, #1672, .T. ) ;
#2528 = DIRECTION ( 'NONE',  ( 1.000000000000000000, 1.786765180256111307E-16, 6.938893903907225912E-17 ) ) ;
#2529 = DIRECTION ( 'NONE',  ( 1.000000000000000000, 4.336808689942018969E-17, 0.000000000000000000 ) ) ;
#2530 = ORIENTED_EDGE ( 'NONE', *, *, #552, .F. ) ;
#2531 = PLANE ( 'NONE',  #1623 ) ;
#2532 = AXIS2_PLACEMENT_3D ( 'NONE', #1602, #2035, #273 ) ;
#2533 = DIRECTION ( 'NONE',  ( 0.000000000000000000, 0.000000000000000000, -1.000000000000000000 ) ) ;
#2534 = CIRCLE ( 'NONE', #1755, 1.500000000000003109 ) ;
#2535 = VECTOR ( 'NONE', #925, 1000.000000000000000 ) ;
#2536 = ORIENTED_EDGE ( 'NONE', *, *, #761, .T. ) ;
#2537 = DIRECTION ( 'NONE',  ( 0.7071067811865455743, 0.7071067811865495711, 0.000000000000000000 ) ) ;
#2538 = AXIS2_PLACEMENT_3D ( 'NONE', #2195, #434, #2369 ) ;
#2539 = VECTOR ( 'NONE', #785, 1000.000000000000000 ) ;
#2540 = DIRECTION ( 'NONE',  ( 1.000000000000000000, 1.786765180256111307E-16, 6.938893903907225912E-17 ) ) ;
#2541 = DATE_AND_TIME ( #378, #1314 ) ;
#2542 = VERTEX_POINT ( 'NONE', #329 ) ;
#2543 = EDGE_CURVE ( 'NONE', #1539, #1418, #145, .T. ) ;
#2544 = CARTESIAN_POINT ( 'NONE',  ( -50.00000000000000000, -30.00000000000000000, 230.0000000000000000 ) ) ;
#2545 = FACE_OUTER_BOUND ( 'NONE', #184, .T. ) ;
#2546 = ORIENTED_EDGE ( 'NONE', *, *, #328, .F. ) ;
#2547 = DIRECTION ( 'NONE',  ( -1.000000000000000000, -0.000000000000000000, -0.000000000000000000 ) ) ;
#2548 = DIRECTION ( 'NONE',  ( -1.000000000000000000, 0.000000000000000000, 0.000000000000000000 ) ) ;
#2549 = ORIENTED_EDGE ( 'NONE', *, *, #2138, .T. ) ;
#2550 = ADVANCED_FACE ( 'NONE', ( #90 ), #885, .F. ) ;
#2551 = DIRECTION ( 'NONE',  ( -0.000000000000000000, -0.000000000000000000, 1.000000000000000000 ) ) ;
#2552 = CARTESIAN_POINT ( 'NONE',  ( -40.00000000000000000, -15.00000000000000000, 197.5000000000000000 ) ) ;
#2553 = DIRECTION ( 'NONE',  ( -0.7071067811865435759, -0.7071067811865514585, 0.000000000000000000 ) ) ;
#2554 = SHAPE_DEFINITION_REPRESENTATION ( #914, #2445 ) ;
#2555 = ORIENTED_EDGE ( 'NONE', *, *, #2261, .T. ) ;
#2556 = VECTOR ( 'NONE', #34, 1000.000000000000000 ) ;
#2557 = DIRECTION ( 'NONE',  ( -0.000000000000000000, -0.7071067811865512365, 0.7071067811865439090 ) ) ;
#2558 = DIRECTION ( 'NONE',  ( 4.336808689942019585E-17, -1.000000000000000000, 0.000000000000000000 ) ) ;
#2559 = VECTOR ( 'NONE', #2508, 1000.000000000000000 ) ;
#2560 = PLANE ( 'NONE',  #848 ) ;
#2561 = VERTEX_POINT ( 'NONE', #131 ) ;
#2562 = LINE ( 'NONE', #1368, #2539 ) ;
#2563 = PLANE ( 'NONE',  #1582 ) ;
#2564 = EDGE_CURVE ( 'NONE', #1963, #2517, #1859, .T. ) ;
#2565 = ORIENTED_EDGE ( 'NONE', *, *, #343, .F. ) ;
#2566 = CYLINDRICAL_SURFACE ( 'NONE', #1958, 6.149999999999985256 ) ;
ENDSEC;
END-ISO-10303-21;
