ISO-10303-21;
HEADER;
FILE_DESCRIPTION (( 'STEP AP203' ),
    '1' );
FILE_NAME ('Feed side plate 1.STEP',
    '2026-06-02T08:36:46',
    ( '' ),
    ( '' ),
    'SwSTEP 2.0',
    'SolidWorks 2024',
    '' );
FILE_SCHEMA (( 'CONFIG_CONTROL_DESIGN' ));
ENDSEC;

DATA;
#1 = EDGE_CURVE ( 'NONE', #1631, #1064, #2197, .T. ) ;
#2 = ORIENTED_EDGE ( 'NONE', *, *, #1744, .T. ) ;
#3 = DIRECTION ( 'NONE',  ( -1.000000000000000000, 0.000000000000000000, 0.000000000000000000 ) ) ;
#4 = EDGE_LOOP ( 'NONE', ( #201, #2811, #1175, #2446, #437 ) ) ;
#5 = CARTESIAN_POINT ( 'NONE',  ( -17.75000000000000355, 2.593513200157509857, -50.85785663856226080 ) ) ;
#6 = DIRECTION ( 'NONE',  ( -1.000000000000000000, 0.000000000000000000, 0.000000000000000000 ) ) ;
#7 = ORIENTED_EDGE ( 'NONE', *, *, #1493, .T. ) ;
#8 = EDGE_CURVE ( 'NONE', #3034, #2916, #3126, .T. ) ;
#9 = DIRECTION ( 'NONE',  ( 0.000000000000000000, 0.000000000000000000, -1.000000000000000000 ) ) ;
#10 = EDGE_CURVE ( 'NONE', #2556, #729, #2129, .T. ) ;
#11 = FACE_OUTER_BOUND ( 'NONE', #339, .T. ) ;
#12 = AXIS2_PLACEMENT_3D ( 'NONE', #1014, #2018, #3013 ) ;
#13 = DIRECTION ( 'NONE',  ( -1.000000000000000000, 4.886545002751564989E-16, 0.000000000000000000 ) ) ;
#14 = CARTESIAN_POINT ( 'NONE',  ( -19.95646728200213360, 4.638692345779120707, -104.2955803164349646 ) ) ;
#15 = VERTEX_POINT ( 'NONE', #3119 ) ;
#16 = VECTOR ( 'NONE', #2603, 1000.000000000000000 ) ;
#17 = ORIENTED_EDGE ( 'NONE', *, *, #1452, .F. ) ;
#18 = VECTOR ( 'NONE', #518, 1000.000000000000000 ) ;
#19 = DIRECTION ( 'NONE',  ( 1.000000000000000000, -1.156482317317871133E-15, 0.000000000000000000 ) ) ;
#20 = EDGE_LOOP ( 'NONE', ( #2881, #3186, #2053, #1471, #931 ) ) ;
#21 = PLANE ( 'NONE',  #289 ) ;
#22 = CIRCLE ( 'NONE', #2573, 4.499999999999986677 ) ;
#23 = AXIS2_PLACEMENT_3D ( 'NONE', #1813, #2577, #72 ) ;
#24 = DIRECTION ( 'NONE',  ( -1.000000000000000000, 0.000000000000000000, 0.000000000000000000 ) ) ;
#25 = ORIENTED_EDGE ( 'NONE', *, *, #1495, .T. ) ;
#26 = LINE ( 'NONE', #2743, #2082 ) ;
#27 = AXIS2_PLACEMENT_3D ( 'NONE', #2292, #2761, #513 ) ;
#28 = CIRCLE ( 'NONE', #2111, 1.499999999999994449 ) ;
#29 = CYLINDRICAL_SURFACE ( 'NONE', #887, 1.500000000000004885 ) ;
#30 = CARTESIAN_POINT ( 'NONE',  ( -17.75000000000000355, -7.324999999999984190, -133.3705803164349390 ) ) ;
#31 = FACE_OUTER_BOUND ( 'NONE', #187, .T. ) ;
#32 = CARTESIAN_POINT ( 'NONE',  ( -24.25000000000000711, 1.638692345779117820, -93.82610086423677842 ) ) ;
#33 = EDGE_CURVE ( 'NONE', #458, #1805, #1436, .T. ) ;
#34 = AXIS2_PLACEMENT_3D ( 'NONE', #1817, #588, #2316 ) ;
#35 = ORIENTED_EDGE ( 'NONE', *, *, #3001, .F. ) ;
#36 = DIRECTION ( 'NONE',  ( 0.3959401535119442817, -0.9182763172580125088, 0.000000000000000000 ) ) ;
#37 = DIRECTION ( 'NONE',  ( 0.3162277660168379412, -2.194270917860436355E-15, 0.9486832980505138790 ) ) ;
#38 = VERTEX_POINT ( 'NONE', #161 ) ;
#39 = AXIS2_PLACEMENT_3D ( 'NONE', #1119, #2119, #2863 ) ;
#40 = CARTESIAN_POINT ( 'NONE',  ( -17.75000000000001421, 29.94999999999999929, -86.37525551735875240 ) ) ;
#41 = ORIENTED_EDGE ( 'NONE', *, *, #2025, .F. ) ;
#42 = SECURITY_CLASSIFICATION ( '', '', #312 ) ;
#43 = EDGE_CURVE ( 'NONE', #3200, #2015, #2435, .T. ) ;
#44 = LINE ( 'NONE', #2740, #2922 ) ;
#45 = ORIENTED_EDGE ( 'NONE', *, *, #2725, .T. ) ;
#46 = LINE ( 'NONE', #1570, #135 ) ;
#47 = CARTESIAN_POINT ( 'NONE',  ( -17.75000000000001421, 60.00000000000000711, -154.9955803164349675 ) ) ;
#48 = DIRECTION ( 'NONE',  ( 0.000000000000000000, 0.000000000000000000, 1.000000000000000000 ) ) ;
#49 = PLANE ( 'NONE',  #1248 ) ;
#50 = DIRECTION ( 'NONE',  ( -0.000000000000000000, -0.000000000000000000, -1.000000000000000000 ) ) ;
#51 = VERTEX_POINT ( 'NONE', #213 ) ;
#52 = CARTESIAN_POINT ( 'NONE',  ( -17.75000000000001421, 47.50000000000000000, 41.25000000000000000 ) ) ;
#53 = DIRECTION ( 'NONE',  ( 0.000000000000000000, -1.000000000000000000, 0.000000000000000000 ) ) ;
#54 = AXIS2_PLACEMENT_3D ( 'NONE', #3111, #643, #919 ) ;
#55 = ADVANCED_FACE ( 'NONE', ( #1634 ), #1188, .F. ) ;
#57 = EDGE_CURVE ( 'NONE', #3167, #1360, #1320, .T. ) ;
#56 = CARTESIAN_POINT ( 'NONE',  ( -27.75000000000001066, 10.00000000000000178, 0.000000000000000000 ) ) ;
#58 = VERTEX_POINT ( 'NONE', #2644 ) ;
#59 = LINE ( 'NONE', #2346, #1171 ) ;
#60 = ORIENTED_EDGE ( 'NONE', *, *, #2607, .F. ) ;
#61 = ORIENTED_EDGE ( 'NONE', *, *, #360, .F. ) ;
#62 = EDGE_CURVE ( 'NONE', #1851, #894, #2626, .T. ) ;
#63 = CARTESIAN_POINT ( 'NONE',  ( -24.25000000000000711, 49.63999999999997215, -154.9955803164349675 ) ) ;
#64 = FACE_OUTER_BOUND ( 'NONE', #164, .T. ) ;
#65 = CARTESIAN_POINT ( 'NONE',  ( -170.0000000000000000, 45.99999999999998579, 13.74999999999999822 ) ) ;
#66 = CARTESIAN_POINT ( 'NONE',  ( -24.74999999999999289, 46.00000000000000000, 41.25000000000000000 ) ) ;
#67 = APPROVAL_DATE_TIME ( #1380, #2674 ) ;
#68 = EDGE_CURVE ( 'NONE', #1770, #2691, #2482, .T. ) ;
#69 = AXIS2_PLACEMENT_3D ( 'NONE', #1097, #1085, #2099 ) ;
#70 = VERTEX_POINT ( 'NONE', #746 ) ;
#71 = DIRECTION ( 'NONE',  ( -0.7071067811865485719, 8.659560562354921765E-17, -0.7071067811865465735 ) ) ;
#72 = DIRECTION ( 'NONE',  ( 0.000000000000000000, 0.000000000000000000, 1.000000000000000000 ) ) ;
#73 = CIRCLE ( 'NONE', #891, 3.000000000000002665 ) ;
#74 = CIRCLE ( 'NONE', #636, 1.499999999999994449 ) ;
#75 = LINE ( 'NONE', #1563, #2066 ) ;
#76 = EDGE_LOOP ( 'NONE', ( #159, #1975 ) ) ;
#77 = DIRECTION ( 'NONE',  ( 0.000000000000000000, 1.000000000000000000, 0.000000000000000000 ) ) ;
#78 = EDGE_CURVE ( 'NONE', #58, #1476, #2229, .T. ) ;
#79 = ORIENTED_EDGE ( 'NONE', *, *, #3136, .T. ) ;
#80 = CARTESIAN_POINT ( 'NONE',  ( -17.75000000000000355, 57.00000000000000000, 52.00000000000000000 ) ) ;
#81 = FACE_OUTER_BOUND ( 'NONE', #2736, .T. ) ;
#82 = FACE_BOUND ( 'NONE', #859, .T. ) ;
#83 = LINE ( 'NONE', #818, #1838 ) ;
#84 = VERTEX_POINT ( 'NONE', #2466 ) ;
#85 = ADVANCED_FACE ( 'NONE', ( #254 ), #21, .F. ) ;
#86 = DIRECTION ( 'NONE',  ( 1.000000000000000000, 1.040834085586084257E-16, 0.000000000000000000 ) ) ;
#87 = CARTESIAN_POINT ( 'NONE',  ( -24.75000000000002842, -48.50000000000001421, -144.1830803164349390 ) ) ;
#88 = AXIS2_PLACEMENT_3D ( 'NONE', #2797, #344, #610 ) ;
#89 = AXIS2_PLACEMENT_3D ( 'NONE', #1900, #1653, #2885 ) ;
#90 = AXIS2_PLACEMENT_3D ( 'NONE', #2172, #2665, #3162 ) ;
#91 = DIRECTION ( 'NONE',  ( 0.000000000000000000, 0.000000000000000000, -1.000000000000000000 ) ) ;
#92 = ORIENTED_EDGE ( 'NONE', *, *, #1857, .F. ) ;
#93 = DIRECTION ( 'NONE',  ( 1.000000000000000000, -0.000000000000000000, -0.000000000000000000 ) ) ;
#94 = EDGE_CURVE ( 'NONE', #1850, #1468, #2013, .T. ) ;
#95 = VERTEX_POINT ( 'NONE', #1245 ) ;
#96 = DIRECTION ( 'NONE',  ( 0.000000000000000000, 0.000000000000000000, 1.000000000000000000 ) ) ;
#97 = CARTESIAN_POINT ( 'NONE',  ( -24.74999999999999289, 13.64999999999999147, -86.37525551735875240 ) ) ;
#98 = CARTESIAN_POINT ( 'NONE',  ( 80.00000000000005684, -7.324999999999998401, -13.22500000000000675 ) ) ;
#99 = DIRECTION ( 'NONE',  ( -1.000000000000000000, 0.000000000000000000, 0.000000000000000000 ) ) ;
#100 = ORIENTED_EDGE ( 'NONE', *, *, #1336, .T. ) ;
#101 = ORIENTED_EDGE ( 'NONE', *, *, #533, .F. ) ;
#102 = DIRECTION ( 'NONE',  ( -1.000000000000000000, 0.000000000000000000, 0.000000000000000000 ) ) ;
#103 = EDGE_CURVE ( 'NONE', #15, #2792, #1731, .T. ) ;
#104 = CARTESIAN_POINT ( 'NONE',  ( -25.54353271799787706, 46.63999999999996504, -154.9955803164349675 ) ) ;
#105 = CONICAL_SURFACE ( 'NONE', #1933, 1.500000000000001332, 0.7853981633974520538 ) ;
#106 = ORIENTED_EDGE ( 'NONE', *, *, #2158, .F. ) ;
#107 = VECTOR ( 'NONE', #1870, 1000.000000000000000 ) ;
#108 = CYLINDRICAL_SURFACE ( 'NONE', #141, 1.499999999999997780 ) ;
#109 = VERTEX_POINT ( 'NONE', #2692 ) ;
#110 = DIRECTION ( 'NONE',  ( -1.000000000000000000, 2.312964634635738322E-15, -0.000000000000000000 ) ) ;
#111 = CARTESIAN_POINT ( 'NONE',  ( -170.0000000000000000, 10.64999999999998082, -86.37525551735875240 ) ) ;
#112 = DIRECTION ( 'NONE',  ( 0.000000000000000000, 0.000000000000000000, 1.000000000000000000 ) ) ;
#113 = DIRECTION ( 'NONE',  ( 0.3162277660168379412, 0.000000000000000000, -0.9486832980505138790 ) ) ;
#114 = ADVANCED_FACE ( 'NONE', ( #1010 ), #1749, .F. ) ;
#115 = EDGE_CURVE ( 'NONE', #1858, #2280, #2739, .T. ) ;
#116 = ORIENTED_EDGE ( 'NONE', *, *, #1495, .F. ) ;
#117 = CARTESIAN_POINT ( 'NONE',  ( -24.75000000000004974, 22.50000000000000355, 13.74999999999999822 ) ) ;
#118 = AXIS2_PLACEMENT_3D ( 'NONE', #1786, #523, #1498 ) ;
#119 = ORIENTED_EDGE ( 'NONE', *, *, #2872, .F. ) ;
#120 = AXIS2_PLACEMENT_3D ( 'NONE', #508, #2499, #1011 ) ;
#121 = CYLINDRICAL_SURFACE ( 'NONE', #2422, 1.500000000000001332 ) ;
#122 = ORIENTED_EDGE ( 'NONE', *, *, #202, .T. ) ;
#123 = VECTOR ( 'NONE', #1940, 1000.000000000000000 ) ;
#124 = EDGE_CURVE ( 'NONE', #1316, #1669, #28, .T. ) ;
#125 = CIRCLE ( 'NONE', #1953, 1.500000000000004885 ) ;
#126 = ORIENTED_EDGE ( 'NONE', *, *, #1789, .F. ) ;
#127 = CARTESIAN_POINT ( 'NONE',  ( -24.75000000000004974, 22.50000000000000355, 41.25000000000000000 ) ) ;
#128 = FACE_OUTER_BOUND ( 'NONE', #3058, .T. ) ;
#129 = CARTESIAN_POINT ( 'NONE',  ( -24.75000000000002842, -40.00000000000000000, -144.1830803164349390 ) ) ;
#130 = APPLICATION_CONTEXT ( 'configuration controlled 3d designs of mechanical parts and assemblies' ) ;
#131 = DIRECTION ( 'NONE',  ( -1.000000000000000000, 0.000000000000000000, 0.000000000000000000 ) ) ;
#132 = ORIENTED_EDGE ( 'NONE', *, *, #2209, .F. ) ;
#133 = CARTESIAN_POINT ( 'NONE',  ( -17.75000000000000355, -7.324999999999984190, -13.22500000000000675 ) ) ;
#134 = EDGE_CURVE ( 'NONE', #1966, #1219, #1746, .T. ) ;
#135 = VECTOR ( 'NONE', #110, 1000.000000000000000 ) ;
#136 = ORIENTED_EDGE ( 'NONE', *, *, #2029, .F. ) ;
#137 = AXIS2_PLACEMENT_3D ( 'NONE', #2271, #1494, #2755 ) ;
#138 = CIRCLE ( 'NONE', #545, 5.000000000000000000 ) ;
#139 = LINE ( 'NONE', #210, #1206 ) ;
#140 = EDGE_LOOP ( 'NONE', ( #1337, #2608, #2007, #674, #2173 ) ) ;
#141 = AXIS2_PLACEMENT_3D ( 'NONE', #573, #540, #2032 ) ;
#142 = CARTESIAN_POINT ( 'NONE',  ( -21.75000000000003197, 10.00000000000000178, 52.00000000000000000 ) ) ;
#143 = CARTESIAN_POINT ( 'NONE',  ( -17.75000000000001421, -0.5999999999999972022, 17.79051713694687464 ) ) ;
#144 = CARTESIAN_POINT ( 'NONE',  ( -17.75000000000000355, 20.29999999999999716, -73.29779015821748089 ) ) ;
#145 = DIRECTION ( 'NONE',  ( 1.000000000000000000, -1.836970198721029934E-16, 0.000000000000000000 ) ) ;
#146 = VECTOR ( 'NONE', #3146, 1000.000000000000000 ) ;
#147 = EDGE_LOOP ( 'NONE', ( #2899, #1080 ) ) ;
#148 = VECTOR ( 'NONE', #708, 1000.000000000000000 ) ;
#149 = DIRECTION ( 'NONE',  ( 0.000000000000000000, 1.000000000000000000, 8.673617379884027583E-16 ) ) ;
#150 = PRODUCT_DEFINITION_SHAPE ( 'NONE', 'NONE',  #1041 ) ;
#151 = ORIENTED_EDGE ( 'NONE', *, *, #369, .T. ) ;
#152 = DIRECTION ( 'NONE',  ( -0.000000000000000000, -0.000000000000000000, -1.000000000000000000 ) ) ;
#153 = VERTEX_POINT ( 'NONE', #1765 ) ;
#154 = CONICAL_SURFACE ( 'NONE', #2081, 1.500000000000001332, 0.7853981633974469467 ) ;
#155 = VERTEX_POINT ( 'NONE', #2450 ) ;
#156 = ORIENTED_EDGE ( 'NONE', *, *, #2800, .T. ) ;
#157 = DIRECTION ( 'NONE',  ( 1.000000000000000000, -1.387778780781445922E-16, 0.000000000000000000 ) ) ;
#158 = EDGE_CURVE ( 'NONE', #1030, #2772, #1533, .T. ) ;
#159 = ORIENTED_EDGE ( 'NONE', *, *, #522, .T. ) ;
#160 = DATE_AND_TIME ( #3104, #2019 ) ;
#161 = CARTESIAN_POINT ( 'NONE',  ( -25.75000000000000711, -8.324999999999999289, -130.3705803164349390 ) ) ;
#162 = FACE_OUTER_BOUND ( 'NONE', #2187, .T. ) ;
#163 = CARTESIAN_POINT ( 'NONE',  ( -24.74999999999999289, 28.44999999999999929, -86.37525551735875240 ) ) ;
#164 = EDGE_LOOP ( 'NONE', ( #2386, #1751, #2604, #1193 ) ) ;
#165 = EDGE_CURVE ( 'NONE', #1982, #968, #1906, .T. ) ;
#166 = LINE ( 'NONE', #1942, #2908 ) ;
#167 = DIRECTION ( 'NONE',  ( 0.000000000000000000, 0.000000000000000000, 1.000000000000000000 ) ) ;
#168 = ORIENTED_EDGE ( 'NONE', *, *, #2495, .F. ) ;
#169 = FACE_BOUND ( 'NONE', #76, .T. ) ;
#170 = CARTESIAN_POINT ( 'NONE',  ( -24.74999999999999289, 28.44999999999999929, -86.37525551735875240 ) ) ;
#171 = VERTEX_POINT ( 'NONE', #3226 ) ;
#172 = ORIENTED_EDGE ( 'NONE', *, *, #1147, .F. ) ;
#173 = VERTEX_POINT ( 'NONE', #40 ) ;
#174 = FACE_OUTER_BOUND ( 'NONE', #2094, .T. ) ;
#175 = ORIENTED_EDGE ( 'NONE', *, *, #2904, .T. ) ;
#176 = AXIS2_PLACEMENT_3D ( 'NONE', #2813, #2570, #831 ) ;
#177 = ORIENTED_EDGE ( 'NONE', *, *, #435, .F. ) ;
#178 = CC_DESIGN_DATE_AND_TIME_ASSIGNMENT ( #2058, #197, ( #42 ) ) ;
#179 = CARTESIAN_POINT ( 'NONE',  ( 80.00000000000005684, 21.79999999999998295, -73.29779015821748089 ) ) ;
#180 = EDGE_CURVE ( 'NONE', #58, #1163, #1027, .T. ) ;
#181 = VERTEX_POINT ( 'NONE', #1232 ) ;
#182 = DIRECTION ( 'NONE',  ( 0.000000000000000000, 0.000000000000000000, 1.000000000000000000 ) ) ;
#183 = CARTESIAN_POINT ( 'NONE',  ( -170.0000000000000000, 47.49999999999998579, 41.25000000000000000 ) ) ;
#184 = ORIENTED_EDGE ( 'NONE', *, *, #2407, .F. ) ;
#185 = CARTESIAN_POINT ( 'NONE',  ( -27.75000000000000355, 60.00000000000000711, -154.9955803164349675 ) ) ;
#186 = PLANE ( 'NONE',  #2149 ) ;
#187 = EDGE_LOOP ( 'NONE', ( #2391, #2641, #1204, #947, #1081, #3022, #852, #313 ) ) ;
#188 = DIRECTION ( 'NONE',  ( -1.000000000000000000, -1.734723475976806108E-16, 0.000000000000000000 ) ) ;
#189 = DIRECTION ( 'NONE',  ( 1.000000000000000000, -1.387778780781445922E-16, 0.000000000000000000 ) ) ;
#190 = AXIS2_PLACEMENT_3D ( 'NONE', #1285, #1738, #1521 ) ;
#191 = EDGE_CURVE ( 'NONE', #1146, #1605, #1481, .T. ) ;
#192 = EDGE_LOOP ( 'NONE', ( #1112, #1684, #1184, #2328, #1742, #1628, #2343, #524, #2494, #1432 ) ) ;
#193 = ORIENTED_EDGE ( 'NONE', *, *, #335, .F. ) ;
#194 = CARTESIAN_POINT ( 'NONE',  ( -17.75000000000001421, 60.00000000000000711, -154.9955803164349675 ) ) ;
#195 = CLOSED_SHELL ( 'NONE', ( #869, #525, #650, #2228, #1408, #1795, #2230, #3184, #790, #2127, #2560, #693, #2935, #2357, #940, #860, #282, #2597, #3089, #1799, #2393, #923, #1338, #398, #2238, #1110, #400, #1619, #238, #613, #2198, #574, #2363, #820, #584, #2179, #1666, #2657, #797, #346, #1586, #720, #966, #1055, #1673, #3172, #1537, #1100, #3208, #3051, #2310, #2339, #1993, #2023, #3056, #1873, #1159, #2067, #1785, #1131, #1106, #85, #114, #1688, #1904, #1883, #2326, #1382, #819, #3081, #261, #3074, #268, #1402, #2270, #55, #1552, #898, #1705, #2972, #1932, #1878, #1003, #1652, #2319, #1606, #1818, #1075, #855, #315, #3098, #1763, #2464, #846 ) ) ;
#196 = ORIENTED_EDGE ( 'NONE', *, *, #1065, .F. ) ;
#197 = DATE_TIME_ROLE ( 'classification_date' ) ;
#198 = VERTEX_POINT ( 'NONE', #2940 ) ;
#199 = EDGE_CURVE ( 'NONE', #2683, #857, #698, .T. ) ;
#200 = DIRECTION ( 'NONE',  ( -0.9182763172580125088, 0.3959401535119442817, 0.000000000000000000 ) ) ;
#201 = ORIENTED_EDGE ( 'NONE', *, *, #2924, .F. ) ;
#202 = EDGE_CURVE ( 'NONE', #95, #2123, #714, .T. ) ;
#203 = DIRECTION ( 'NONE',  ( -0.000000000000000000, -0.000000000000000000, 1.000000000000000000 ) ) ;
#204 = CARTESIAN_POINT ( 'NONE',  ( 0.000000000000000000, 0.000000000000000000, -154.9955803164349675 ) ) ;
#205 = VECTOR ( 'NONE', #2817, 1000.000000000000000 ) ;
#206 = EDGE_LOOP ( 'NONE', ( #664, #1638 ) ) ;
#207 = CARTESIAN_POINT ( 'NONE',  ( 2.204364238465212896E-16, -0.6000000000000058620, -149.9955803164349390 ) ) ;
#208 = CARTESIAN_POINT ( 'NONE',  ( -27.75000000000000711, 47.50000000000000000, 41.25000000000000000 ) ) ;
#209 = ORIENTED_EDGE ( 'NONE', *, *, #2460, .T. ) ;
#210 = CARTESIAN_POINT ( 'NONE',  ( -24.74999999999999289, 12.14999999999999503, -56.92034058415724473 ) ) ;
#211 = EDGE_CURVE ( 'NONE', #153, #580, #990, .T. ) ;
#212 = VERTEX_POINT ( 'NONE', #979 ) ;
#213 = CARTESIAN_POINT ( 'NONE',  ( -17.75000000000001066, -0.5999999999999963141, 0.000000000000000000 ) ) ;
#214 = CIRCLE ( 'NONE', #1033, 1.500000000000004885 ) ;
#215 = DIRECTION ( 'NONE',  ( -1.000000000000000000, 1.156482317317871133E-15, -0.000000000000000000 ) ) ;
#216 = ORIENTED_EDGE ( 'NONE', *, *, #2717, .T. ) ;
#217 = DIRECTION ( 'NONE',  ( -0.7071067811865470176, 0.000000000000000000, 0.7071067811865480168 ) ) ;
#218 = FACE_BOUND ( 'NONE', #575, .T. ) ;
#219 = ORIENTED_EDGE ( 'NONE', *, *, #1395, .T. ) ;
#220 = LINE ( 'NONE', #2205, #148 ) ;
#221 = EDGE_CURVE ( 'NONE', #2792, #434, #1983, .T. ) ;
#222 = CARTESIAN_POINT ( 'NONE',  ( -17.75000000000001421, 26.95000000000000639, -58.42034058415723763 ) ) ;
#223 = ORIENTED_EDGE ( 'NONE', *, *, #491, .T. ) ;
#224 = DIRECTION ( 'NONE',  ( -0.7071067811865470176, 8.659560562354939021E-17, -0.7071067811865480168 ) ) ;
#225 = EDGE_LOOP ( 'NONE', ( #1910, #2844, #1955, #3224, #384 ) ) ;
#226 = CARTESIAN_POINT ( 'NONE',  ( -24.74999999999999289, 47.50000000000000000, 41.25000000000000000 ) ) ;
#227 = VECTOR ( 'NONE', #1754, 1000.000000000000000 ) ;
#228 = EDGE_CURVE ( 'NONE', #1922, #1130, #3023, .T. ) ;
#229 = CARTESIAN_POINT ( 'NONE',  ( -20.75000000000000355, -8.324999999999985079, -13.22500000000001386 ) ) ;
#230 = AXIS2_PLACEMENT_3D ( 'NONE', #2522, #2308, #2087 ) ;
#231 = VERTEX_POINT ( 'NONE', #320 ) ;
#232 = CARTESIAN_POINT ( 'NONE',  ( 80.00000000000004263, 20.29999999999999005, -23.30000000000000782 ) ) ;
#233 = CIRCLE ( 'NONE', #1841, 6.000000000000001776 ) ;
#234 = CARTESIAN_POINT ( 'NONE',  ( -17.75000000000001421, 24.00000000000001066, 13.74999999999999822 ) ) ;
#235 = PLANE ( 'NONE',  #1861 ) ;
#236 = DIRECTION ( 'NONE',  ( 0.000000000000000000, 0.000000000000000000, -1.000000000000000000 ) ) ;
#237 = AXIS2_PLACEMENT_3D ( 'NONE', #853, #2576, #1827 ) ;
#238 = ADVANCED_FACE ( 'NONE', ( #1349 ), #372, .T. ) ;
#239 = ORIENTED_EDGE ( 'NONE', *, *, #1299, .T. ) ;
#240 = CARTESIAN_POINT ( 'NONE',  ( -27.74999999999999645, 1.638692345779117820, -93.82610086423677842 ) ) ;
#241 = ORIENTED_EDGE ( 'NONE', *, *, #1327, .T. ) ;
#242 = DIRECTION ( 'NONE',  ( -1.000000000000000000, 1.387778780781445676E-16, -0.000000000000000000 ) ) ;
#243 = DIRECTION ( 'NONE',  ( 0.000000000000000000, 1.000000000000000000, 0.000000000000000000 ) ) ;
#244 = CIRCLE ( 'NONE', #961, 1.500000000000001332 ) ;
#245 = ORIENTED_EDGE ( 'NONE', *, *, #1825, .F. ) ;
#246 = DIRECTION ( 'NONE',  ( 1.000000000000000000, 0.000000000000000000, 0.000000000000000000 ) ) ;
#247 = CARTESIAN_POINT ( 'NONE',  ( -24.74999999999999645, 3.144479452198270408, -13.22500000000001386 ) ) ;
#248 = FACE_BOUND ( 'NONE', #2947, .T. ) ;
#249 = CARTESIAN_POINT ( 'NONE',  ( -17.75000000000000355, -50.00000000000001421, -144.1830803164349390 ) ) ;
#250 = ORIENTED_EDGE ( 'NONE', *, *, #2006, .T. ) ;
#251 = DIRECTION ( 'NONE',  ( -1.000000000000000000, -1.734723475976806108E-16, 0.000000000000000000 ) ) ;
#252 = ORIENTED_EDGE ( 'NONE', *, *, #2669, .T. ) ;
#253 = EDGE_CURVE ( 'NONE', #694, #2110, #2582, .T. ) ;
#254 = FACE_OUTER_BOUND ( 'NONE', #1826, .T. ) ;
#255 = EDGE_CURVE ( 'NONE', #483, #1922, #59, .T. ) ;
#256 = LINE ( 'NONE', #702, #2100 ) ;
#257 = ORIENTED_EDGE ( 'NONE', *, *, #2818, .T. ) ;
#258 = CYLINDRICAL_SURFACE ( 'NONE', #2752, 6.000000000000001776 ) ;
#259 = VECTOR ( 'NONE', #1486, 1000.000000000000000 ) ;
#260 = CARTESIAN_POINT ( 'NONE',  ( -19.95646728200213360, 46.63999999999996504, -93.82610086423677842 ) ) ;
#261 = ADVANCED_FACE ( 'NONE', ( #1601 ), #121, .F. ) ;
#262 = CARTESIAN_POINT ( 'NONE',  ( -27.75000000000001776, -57.00000000000001421, -154.9955803164349675 ) ) ;
#263 = DIRECTION ( 'NONE',  ( -1.000000000000000000, 0.000000000000000000, 0.000000000000000000 ) ) ;
#264 = ORIENTED_EDGE ( 'NONE', *, *, #533, .T. ) ;
#265 = CARTESIAN_POINT ( 'NONE',  ( 2.204364238465212896E-16, -0.6000000000000058620, 0.000000000000000000 ) ) ;
#266 = ORIENTED_EDGE ( 'NONE', *, *, #2634, .F. ) ;
#267 = DIRECTION ( 'NONE',  ( 0.000000000000000000, 0.000000000000000000, -1.000000000000000000 ) ) ;
#268 = ADVANCED_FACE ( 'NONE', ( #1315 ), #2333, .F. ) ;
#269 = DIRECTION ( 'NONE',  ( 1.000000000000000000, -0.000000000000000000, -0.000000000000000000 ) ) ;
#270 = ORIENTED_EDGE ( 'NONE', *, *, #1200, .T. ) ;
#271 = LINE ( 'NONE', #455, #290 ) ;
#272 = CARTESIAN_POINT ( 'NONE',  ( -27.74999999999999645, 1.638692345779117820, -104.2955803164349646 ) ) ;
#273 = VECTOR ( 'NONE', #1342, 1000.000000000000000 ) ;
#274 = CARTESIAN_POINT ( 'NONE',  ( -24.75000000000004974, 24.00000000000000711, 13.74999999999999822 ) ) ;
#275 = CARTESIAN_POINT ( 'NONE',  ( -24.75000000000004974, 24.00000000000000711, 41.25000000000000000 ) ) ;
#276 = DIRECTION ( 'NONE',  ( -1.000000000000000000, 1.387778780781445429E-16, 0.000000000000000000 ) ) ;
#277 = AXIS2_PLACEMENT_3D ( 'NONE', #655, #145, #2102 ) ;
#278 = ORIENTED_EDGE ( 'NONE', *, *, #1832, .F. ) ;
#279 = AXIS2_PLACEMENT_3D ( 'NONE', #1812, #1104, #2803 ) ;
#280 = DIRECTION ( 'NONE',  ( -6.938893903907223447E-16, -1.000000000000000000, -0.000000000000000000 ) ) ;
#281 = CARTESIAN_POINT ( 'NONE',  ( -25.54353271799787706, 46.63999999999996504, -104.2955803164349646 ) ) ;
#282 = ADVANCED_FACE ( 'NONE', ( #2049 ), #108, .F. ) ;
#283 = ORIENTED_EDGE ( 'NONE', *, *, #2497, .T. ) ;
#284 = DIRECTION ( 'NONE',  ( -1.000000000000000000, 0.000000000000000000, 0.000000000000000000 ) ) ;
#285 = PLANE ( 'NONE',  #118 ) ;
#286 = ORIENTED_EDGE ( 'NONE', *, *, #297, .T. ) ;
#287 = EDGE_CURVE ( 'NONE', #580, #70, #2010, .T. ) ;
#288 = DIRECTION ( 'NONE',  ( 0.000000000000000000, 0.000000000000000000, -1.000000000000000000 ) ) ;
#289 = AXIS2_PLACEMENT_3D ( 'NONE', #2974, #2990, #3007 ) ;
#290 = VECTOR ( 'NONE', #217, 1000.000000000000000 ) ;
#291 = DIRECTION ( 'NONE',  ( 0.000000000000000000, 0.000000000000000000, 1.000000000000000000 ) ) ;
#292 = CYLINDRICAL_SURFACE ( 'NONE', #744, 6.000000000000001776 ) ;
#293 = CARTESIAN_POINT ( 'NONE',  ( -24.75000000000002842, -50.00000000000000711, -145.6830803164349675 ) ) ;
#294 = CARTESIAN_POINT ( 'NONE',  ( -27.75000000000001776, -60.00000000000001421, -154.9955803164349675 ) ) ;
#295 = EDGE_CURVE ( 'NONE', #2563, #1858, #1045, .T. ) ;
#296 = AXIS2_PLACEMENT_3D ( 'NONE', #2819, #758, #823 ) ;
#297 = EDGE_CURVE ( 'NONE', #1669, #619, #3073, .T. ) ;
#298 = ORIENTED_EDGE ( 'NONE', *, *, #1019, .F. ) ;
#299 = LINE ( 'NONE', #1072, #3042 ) ;
#300 = DIRECTION ( 'NONE',  ( 1.000000000000000000, -0.000000000000000000, -0.000000000000000000 ) ) ;
#301 = DIRECTION ( 'NONE',  ( -0.7071067811865470176, 0.000000000000000000, 0.7071067811865481278 ) ) ;
#302 = ORIENTED_EDGE ( 'NONE', *, *, #952, .F. ) ;
#303 = AXIS2_PLACEMENT_3D ( 'NONE', #1614, #429, #627 ) ;
#304 = CARTESIAN_POINT ( 'NONE',  ( -24.75000000000002842, -40.00000000000000000, -144.1830803164349390 ) ) ;
#305 = VECTOR ( 'NONE', #2701, 1000.000000000000000 ) ;
#306 = CC_DESIGN_APPROVAL ( #1418, ( #1814 ) ) ;
#307 = ORIENTED_EDGE ( 'NONE', *, *, #2717, .F. ) ;
#308 = DIRECTION ( 'NONE',  ( 2.891205793294678080E-17, -1.000000000000000000, 0.000000000000000000 ) ) ;
#309 = DIRECTION ( 'NONE',  ( 0.000000000000000000, 0.000000000000000000, 1.000000000000000000 ) ) ;
#310 = DIRECTION ( 'NONE',  ( -0.000000000000000000, -0.000000000000000000, 1.000000000000000000 ) ) ;
#311 = DIRECTION ( 'NONE',  ( 1.000000000000000000, -0.000000000000000000, -0.000000000000000000 ) ) ;
#312 = SECURITY_CLASSIFICATION_LEVEL ( 'unclassified' ) ;
#313 = ORIENTED_EDGE ( 'NONE', *, *, #1485, .F. ) ;
#314 = CARTESIAN_POINT ( 'NONE',  ( -27.75000000000001066, 20.29999999999999005, -23.30000000000000782 ) ) ;
#315 = ADVANCED_FACE ( 'NONE', ( #340 ), #2301, .T. ) ;
#316 = DIRECTION ( 'NONE',  ( -1.000000000000000000, -2.891205793294678080E-17, -0.000000000000000000 ) ) ;
#317 = AXIS2_PLACEMENT_3D ( 'NONE', #127, #2113, #2352 ) ;
#318 = CARTESIAN_POINT ( 'NONE',  ( -19.74999999999999645, 3.144479452198270408, -130.3705803164349390 ) ) ;
#319 = ORIENTED_EDGE ( 'NONE', *, *, #228, .F. ) ;
#320 = CARTESIAN_POINT ( 'NONE',  ( -17.75000000000001066, -60.00000000000001421, -3.000000000000002665 ) ) ;
#321 = ORIENTED_EDGE ( 'NONE', *, *, #2394, .T. ) ;
#322 = ORIENTED_EDGE ( 'NONE', *, *, #1233, .T. ) ;
#323 = EDGE_CURVE ( 'NONE', #2154, #1631, #1967, .T. ) ;
#324 = DIRECTION ( 'NONE',  ( 0.000000000000000000, 1.000000000000000000, -0.000000000000000000 ) ) ;
#325 = FACE_OUTER_BOUND ( 'NONE', #2508, .T. ) ;
#326 = DIRECTION ( 'NONE',  ( 0.000000000000000000, 0.000000000000000000, 1.000000000000000000 ) ) ;
#327 = LINE ( 'NONE', #1503, #2512 ) ;
#328 = PERSON_AND_ORGANIZATION_ROLE ( 'design_supplier' ) ;
#329 = VECTOR ( 'NONE', #2261, 1000.000000000000000 ) ;
#330 = VECTOR ( 'NONE', #2559, 1000.000000000000000 ) ;
#331 = VERTEX_POINT ( 'NONE', #2808 ) ;
#332 = DIRECTION ( 'NONE',  ( -0.000000000000000000, -0.000000000000000000, -1.000000000000000000 ) ) ;
#333 = CARTESIAN_POINT ( 'NONE',  ( -24.74999999999999289, 29.94999999999999574, -58.42034058415723763 ) ) ;
#334 = AXIS2_PLACEMENT_3D ( 'NONE', #129, #2647, #2132 ) ;
#335 = EDGE_CURVE ( 'NONE', #2216, #173, #1535, .T. ) ;
#336 = EDGE_CURVE ( 'NONE', #2609, #1770, #598, .T. ) ;
#337 = VECTOR ( 'NONE', #1491, 1000.000000000000114 ) ;
#338 = CARTESIAN_POINT ( 'NONE',  ( -24.75000000000002842, -50.00000000000000711, -144.1830803164349390 ) ) ;
#339 = EDGE_LOOP ( 'NONE', ( #2905, #322, #2051, #1672, #2412 ) ) ;
#340 = FACE_OUTER_BOUND ( 'NONE', #918, .T. ) ;
#341 = ORIENTED_EDGE ( 'NONE', *, *, #2497, .F. ) ;
#342 = FACE_OUTER_BOUND ( 'NONE', #3006, .T. ) ;
#343 = DIRECTION ( 'NONE',  ( 0.000000000000000000, 0.000000000000000000, 1.000000000000000000 ) ) ;
#344 = DIRECTION ( 'NONE',  ( 1.000000000000000000, -1.387778780781445922E-16, 0.000000000000000000 ) ) ;
#345 = PLANE ( 'NONE',  #230 ) ;
#346 = ADVANCED_FACE ( 'NONE', ( #1802 ), #1551, .F. ) ;
#347 = ORIENTED_EDGE ( 'NONE', *, *, #778, .T. ) ;
#348 = ORIENTED_EDGE ( 'NONE', *, *, #3136, .F. ) ;
#349 = DIRECTION ( 'NONE',  ( 0.000000000000000000, -0.01776729308268480689, -0.9998421491898178415 ) ) ;
#350 = DIRECTION ( 'NONE',  ( -1.000000000000000000, -0.000000000000000000, -0.000000000000000000 ) ) ;
#351 = VECTOR ( 'NONE', #493, 1000.000000000000000 ) ;
#352 = VECTOR ( 'NONE', #2820, 1000.000000000000000 ) ;
#353 = DIRECTION ( 'NONE',  ( 1.000000000000000000, -0.000000000000000000, -0.000000000000000000 ) ) ;
#354 = EDGE_LOOP ( 'NONE', ( #2413, #1676, #2106, #1890 ) ) ;
#355 = CARTESIAN_POINT ( 'NONE',  ( -27.75000000000001066, 13.00000000000000000, 52.00000000000000000 ) ) ;
#356 = ORIENTED_EDGE ( 'NONE', *, *, #1542, .F. ) ;
#357 = VECTOR ( 'NONE', #614, 1000.000000000000000 ) ;
#358 = EDGE_CURVE ( 'NONE', #2599, #1064, #1424, .T. ) ;
#359 = ORIENTED_EDGE ( 'NONE', *, *, #78, .T. ) ;
#360 = EDGE_CURVE ( 'NONE', #3034, #930, #1109, .T. ) ;
#361 = CC_DESIGN_APPROVAL ( #375, ( #42 ) ) ;
#362 = CARTESIAN_POINT ( 'NONE',  ( 80.00000000000004263, 20.29999999999999005, -29.30000000000001137 ) ) ;
#363 = DIRECTION ( 'NONE',  ( 0.000000000000000000, 0.000000000000000000, -1.000000000000000000 ) ) ;
#364 = PLANE ( 'NONE',  #88 ) ;
#365 = DESIGN_CONTEXT ( 'detailed design', #2024, 'design' ) ;
#366 = CARTESIAN_POINT ( 'NONE',  ( -21.25000000000000355, 1.638692345779117820, -93.82610086423677842 ) ) ;
#367 = ORIENTED_EDGE ( 'NONE', *, *, #1895, .T. ) ;
#368 = DIRECTION ( 'NONE',  ( 1.000000000000000000, -1.387778780781445922E-16, 0.000000000000000000 ) ) ;
#369 = EDGE_CURVE ( 'NONE', #2913, #1816, #2107, .T. ) ;
#370 = ORIENTED_EDGE ( 'NONE', *, *, #297, .F. ) ;
#371 = AXIS2_PLACEMENT_3D ( 'NONE', #1383, #620, #406 ) ;
#372 = CYLINDRICAL_SURFACE ( 'NONE', #1700, 5.000000000000000000 ) ;
#373 = ORIENTED_EDGE ( 'NONE', *, *, #1227, .T. ) ;
#374 = ORIENTED_EDGE ( 'NONE', *, *, #2978, .F. ) ;
#375 = APPROVAL ( #2144, 'UNSPECIFIED' ) ;
#376 = PLANE ( 'NONE',  #1186 ) ;
#377 = EDGE_CURVE ( 'NONE', #3002, #2194, #3069, .T. ) ;
#378 = CARTESIAN_POINT ( 'NONE',  ( -24.74999999999999289, 29.94999999999999574, -86.37525551735875240 ) ) ;
#379 = CARTESIAN_POINT ( 'NONE',  ( -27.75000000000001066, -8.324999999999997513, -133.3705803164349390 ) ) ;
#380 = CARTESIAN_POINT ( 'NONE',  ( -170.0000000000000000, 20.99999999999998224, 41.25000000000000000 ) ) ;
#381 = ORIENTED_EDGE ( 'NONE', *, *, #1341, .T. ) ;
#382 = CARTESIAN_POINT ( 'NONE',  ( -170.0000000000000000, 49.64177672930824059, -104.1955961015159744 ) ) ;
#383 = VECTOR ( 'NONE', #673, 1000.000000000000000 ) ;
#384 = ORIENTED_EDGE ( 'NONE', *, *, #358, .F. ) ;
#385 = VECTOR ( 'NONE', #980, 1000.000000000000000 ) ;
#386 = VERTEX_POINT ( 'NONE', #807 ) ;
#387 = EDGE_CURVE ( 'NONE', #2784, #2360, #2545, .T. ) ;
#388 = AXIS2_PLACEMENT_3D ( 'NONE', #314, #1039, #2329 ) ;
#389 = ORIENTED_EDGE ( 'NONE', *, *, #1160, .T. ) ;
#390 = CARTESIAN_POINT ( 'NONE',  ( -21.25000000000000355, 1.638692345779117820, -93.82610086423677842 ) ) ;
#391 = CIRCLE ( 'NONE', #237, 1.500000000000001332 ) ;
#392 = ORIENTED_EDGE ( 'NONE', *, *, #1, .F. ) ;
#393 = DIRECTION ( 'NONE',  ( 0.000000000000000000, -0.000000000000000000, 1.000000000000000000 ) ) ;
#394 = FACE_BOUND ( 'NONE', #1297, .T. ) ;
#395 = CARTESIAN_POINT ( 'NONE',  ( -5.000000000000000888, -0.6000000000000034195, -154.9955803164349675 ) ) ;
#396 = CARTESIAN_POINT ( 'NONE',  ( -17.75000000000001066, -60.00000000000001421, -154.9955803164349675 ) ) ;
#397 = EDGE_LOOP ( 'NONE', ( #2366, #2856, #2903, #119 ) ) ;
#398 = ADVANCED_FACE ( 'NONE', ( #1578 ), #1526, .T. ) ;
#399 = DIRECTION ( 'NONE',  ( -1.000000000000000000, 0.000000000000000000, 0.000000000000000000 ) ) ;
#400 = ADVANCED_FACE ( 'NONE', ( #582 ), #2510, .F. ) ;
#401 = ORIENTED_EDGE ( 'NONE', *, *, #1445, .T. ) ;
#402 = VECTOR ( 'NONE', #2633, 1000.000000000000114 ) ;
#403 = DIRECTION ( 'NONE',  ( 1.000000000000000000, -0.000000000000000000, -0.000000000000000000 ) ) ;
#404 = EDGE_LOOP ( 'NONE', ( #2200, #193 ) ) ;
#405 = AXIS2_PLACEMENT_3D ( 'NONE', #2237, #3202, #2930 ) ;
#406 = DIRECTION ( 'NONE',  ( -1.000000000000000000, 0.000000000000000000, -0.000000000000000000 ) ) ;
#407 = EDGE_CURVE ( 'NONE', #171, #2364, #2330, .T. ) ;
#408 = CARTESIAN_POINT ( 'NONE',  ( -17.75000000000001066, -1.799999999999996048, 0.000000000000000000 ) ) ;
#409 = CARTESIAN_POINT ( 'NONE',  ( -170.0000000000000000, 48.99999999999998579, 13.74999999999999822 ) ) ;
#410 = VERTEX_POINT ( 'NONE', #793 ) ;
#411 = CARTESIAN_POINT ( 'NONE',  ( -27.75000000000000355, 57.00000000000000000, -154.9955803164349675 ) ) ;
#412 = DIRECTION ( 'NONE',  ( 1.000000000000000000, 0.000000000000000000, -0.000000000000000000 ) ) ;
#413 = VERTEX_POINT ( 'NONE', #1260 ) ;
#414 = DIRECTION ( 'NONE',  ( 0.000000000000000000, 0.000000000000000000, 1.000000000000000000 ) ) ;
#415 = FACE_OUTER_BOUND ( 'NONE', #1152, .T. ) ;
#416 = ORIENTED_EDGE ( 'NONE', *, *, #499, .T. ) ;
#417 = CARTESIAN_POINT ( 'NONE',  ( -21.25000000000000355, 49.63999999999997215, -154.9955803164349675 ) ) ;
#418 = ORIENTED_EDGE ( 'NONE', *, *, #731, .F. ) ;
#419 = ORIENTED_EDGE ( 'NONE', *, *, #2383, .T. ) ;
#420 = CARTESIAN_POINT ( 'NONE',  ( -27.75000000000001066, 22.50000000000000355, 13.74999999999999822 ) ) ;
#421 = DIRECTION ( 'NONE',  ( 0.000000000000000000, 1.000000000000000000, 0.000000000000000000 ) ) ;
#422 = DIRECTION ( 'NONE',  ( -0.000000000000000000, -1.000000000000000000, -0.000000000000000000 ) ) ;
#423 = ORIENTED_EDGE ( 'NONE', *, *, #1939, .F. ) ;
#424 = EDGE_CURVE ( 'NONE', #181, #153, #2834, .T. ) ;
#425 = LINE ( 'NONE', #2925, #1612 ) ;
#426 = DIRECTION ( 'NONE',  ( -1.000000000000000000, 0.000000000000000000, 0.000000000000000000 ) ) ;
#427 = ORIENTED_EDGE ( 'NONE', *, *, #1928, .T. ) ;
#428 = DIRECTION ( 'NONE',  ( -1.000000000000000000, 0.000000000000000000, -0.000000000000000000 ) ) ;
#429 = DIRECTION ( 'NONE',  ( -1.000000000000000000, 0.000000000000000000, 0.000000000000000000 ) ) ;
#430 = EDGE_LOOP ( 'NONE', ( #3174, #958, #2890, #283 ) ) ;
#431 = ORIENTED_EDGE ( 'NONE', *, *, #1431, .F. ) ;
#432 = DIRECTION ( 'NONE',  ( -1.000000000000000000, 0.000000000000000000, 0.000000000000000000 ) ) ;
#433 = EDGE_CURVE ( 'NONE', #719, #1222, #2804, .T. ) ;
#434 = VERTEX_POINT ( 'NONE', #1798 ) ;
#435 = EDGE_CURVE ( 'NONE', #181, #504, #2267, .T. ) ;
#436 = CARTESIAN_POINT ( 'NONE',  ( -24.75000000000004974, 22.50000000000000355, 39.75000000000000000 ) ) ;
#437 = ORIENTED_EDGE ( 'NONE', *, *, #828, .F. ) ;
#438 = AXIS2_PLACEMENT_3D ( 'NONE', #2452, #200, #1733 ) ;
#439 = VECTOR ( 'NONE', #476, 1000.000000000000114 ) ;
#440 = CARTESIAN_POINT ( 'NONE',  ( -21.75000000000003197, 13.00000000000000178, 55.00000000000000000 ) ) ;
#441 = ORIENTED_EDGE ( 'NONE', *, *, #3218, .T. ) ;
#442 = DIRECTION ( 'NONE',  ( 1.000000000000000000, 1.040834085586084257E-16, 0.000000000000000000 ) ) ;
#443 = DIRECTION ( 'NONE',  ( -0.3162277660168379412, 0.000000000000000000, -0.9486832980505138790 ) ) ;
#444 = EDGE_LOOP ( 'NONE', ( #2710, #2826, #1242, #2150, #2654, #1925, #2677, #1153 ) ) ;
#445 = EDGE_CURVE ( 'NONE', #454, #109, #2044, .T. ) ;
#446 = PLANE ( 'NONE',  #975 ) ;
#447 = DIRECTION ( 'NONE',  ( 0.9182763172580129529, 0.3959401535119435045, -0.000000000000000000 ) ) ;
#448 = EDGE_LOOP ( 'NONE', ( #2894, #1288 ) ) ;
#449 = FACE_OUTER_BOUND ( 'NONE', #2465, .T. ) ;
#450 = EDGE_LOOP ( 'NONE', ( #2434, #3071 ) ) ;
#451 = ORIENTED_EDGE ( 'NONE', *, *, #778, .F. ) ;
#452 = VECTOR ( 'NONE', #3102, 1000.000000000000000 ) ;
#453 = CARTESIAN_POINT ( 'NONE',  ( -25.75000000000004263, -59.99999999999999289, -16.22500000000001563 ) ) ;
#454 = VERTEX_POINT ( 'NONE', #333 ) ;
#455 = CARTESIAN_POINT ( 'NONE',  ( -24.74999999999999289, 12.14999999999999503, -84.87525551735875240 ) ) ;
#456 = CARTESIAN_POINT ( 'NONE',  ( -17.75000000000001421, 1.638692345779117820, -154.9955803164349675 ) ) ;
#457 = CIRCLE ( 'NONE', #915, 1.499999999999997780 ) ;
#458 = VERTEX_POINT ( 'NONE', #570 ) ;
#459 = FACE_BOUND ( 'NONE', #3171, .T. ) ;
#460 = DIRECTION ( 'NONE',  ( 0.000000000000000000, 0.000000000000000000, 1.000000000000000000 ) ) ;
#461 = ORIENTED_EDGE ( 'NONE', *, *, #2146, .F. ) ;
#462 = CARTESIAN_POINT ( 'NONE',  ( -17.75000000000001421, 46.00000000000000000, 13.74999999999999822 ) ) ;
#463 = AXIS2_PLACEMENT_3D ( 'NONE', #802, #1823, #564 ) ;
#464 = EDGE_CURVE ( 'NONE', #3008, #212, #944, .T. ) ;
#465 = ORIENTED_EDGE ( 'NONE', *, *, #369, .F. ) ;
#466 = CARTESIAN_POINT ( 'NONE',  ( -24.74999999999999289, 12.14999999999999503, -58.42034058415723763 ) ) ;
#467 = ORIENTED_EDGE ( 'NONE', *, *, #567, .F. ) ;
#468 = VECTOR ( 'NONE', #1132, 1000.000000000000000 ) ;
#469 = LINE ( 'NONE', #417, #2986 ) ;
#470 = ORIENTED_EDGE ( 'NONE', *, *, #387, .T. ) ;
#471 = DIRECTION ( 'NONE',  ( 0.000000000000000000, 1.000000000000000000, 0.000000000000000000 ) ) ;
#472 = DIRECTION ( 'NONE',  ( 0.000000000000000000, 0.000000000000000000, 1.000000000000000000 ) ) ;
#473 = DIRECTION ( 'NONE',  ( -1.000000000000000000, 1.387778780781445922E-16, -0.000000000000000000 ) ) ;
#474 = LINE ( 'NONE', #32, #2120 ) ;
#475 = ORIENTED_EDGE ( 'NONE', *, *, #1741, .F. ) ;
#476 = DIRECTION ( 'NONE',  ( 0.3959401535119434490, -0.9182763172580128419, -0.000000000000000000 ) ) ;
#477 = ORIENTED_EDGE ( 'NONE', *, *, #2756, .T. ) ;
#478 = DIRECTION ( 'NONE',  ( -1.000000000000000000, 1.387778780781445922E-16, -0.000000000000000000 ) ) ;
#479 = ORIENTED_EDGE ( 'NONE', *, *, #1042, .T. ) ;
#480 = AXIS2_PLACEMENT_3D ( 'NONE', #816, #2070, #343 ) ;
#481 = DIRECTION ( 'NONE',  ( 0.000000000000000000, 0.000000000000000000, -1.000000000000000000 ) ) ;
#482 = CIRCLE ( 'NONE', #3088, 4.499999999999983125 ) ;
#483 = VERTEX_POINT ( 'NONE', #281 ) ;
#484 = FACE_OUTER_BOUND ( 'NONE', #1764, .T. ) ;
#485 = CIRCLE ( 'NONE', #1469, 4.499999999999986677 ) ;
#486 = CARTESIAN_POINT ( 'NONE',  ( -24.75000000000002842, -40.00000000000000000, -142.6830803164349390 ) ) ;
#487 = LINE ( 'NONE', #3028, #2991 ) ;
#488 = DIRECTION ( 'NONE',  ( -1.000000000000000000, 0.000000000000000000, 0.000000000000000000 ) ) ;
#489 = ORIENTED_EDGE ( 'NONE', *, *, #3180, .F. ) ;
#490 = LINE ( 'NONE', #2447, #3137 ) ;
#491 = EDGE_CURVE ( 'NONE', #70, #504, #2920, .T. ) ;
#492 = EDGE_LOOP ( 'NONE', ( #1089, #2584, #17, #1174 ) ) ;
#493 = DIRECTION ( 'NONE',  ( 1.000000000000000000, -0.000000000000000000, -0.000000000000000000 ) ) ;
#494 = ORIENTED_EDGE ( 'NONE', *, *, #377, .F. ) ;
#495 = EDGE_CURVE ( 'NONE', #1805, #729, #888, .T. ) ;
#496 = DIRECTION ( 'NONE',  ( -1.000000000000000000, -0.000000000000000000, -0.000000000000000000 ) ) ;
#497 = CIRCLE ( 'NONE', #2528, 1.499999999999994449 ) ;
#498 = ORIENTED_EDGE ( 'NONE', *, *, #2533, .F. ) ;
#499 = EDGE_CURVE ( 'NONE', #2123, #410, #1778, .T. ) ;
#500 = CARTESIAN_POINT ( 'NONE',  ( -170.0000000000000000, 45.99999999999998579, 41.25000000000000000 ) ) ;
#501 = CARTESIAN_POINT ( 'NONE',  ( -17.75000000000001421, 49.63999999999997215, -93.82610086423677842 ) ) ;
#502 = LINE ( 'NONE', #1488, #1006 ) ;
#503 = DIRECTION ( 'NONE',  ( 0.000000000000000000, -1.000000000000000000, 0.000000000000000000 ) ) ;
#504 = VERTEX_POINT ( 'NONE', #87 ) ;
#505 = CARTESIAN_POINT ( 'NONE',  ( -20.75000000000004263, -60.00000000000000000, -133.3705803164349390 ) ) ;
#506 = VERTEX_POINT ( 'NONE', #537 ) ;
#507 = DIRECTION ( 'NONE',  ( 1.000000000000000000, -1.387778780781445922E-16, 0.000000000000000000 ) ) ;
#508 = CARTESIAN_POINT ( 'NONE',  ( -27.74999999999999645, 1.638692345779117820, -93.82610086423677842 ) ) ;
#509 = ORIENTED_EDGE ( 'NONE', *, *, #1279, .F. ) ;
#510 = DIRECTION ( 'NONE',  ( -1.000000000000000000, -0.000000000000000000, -0.000000000000000000 ) ) ;
#511 = VECTOR ( 'NONE', #308, 1000.000000000000000 ) ;
#512 = LINE ( 'NONE', #2744, #3134 ) ;
#513 = DIRECTION ( 'NONE',  ( 0.000000000000000000, 0.000000000000000000, 1.000000000000000000 ) ) ;
#514 = DIRECTION ( 'NONE',  ( 0.000000000000000000, 0.000000000000000000, 1.000000000000000000 ) ) ;
#515 = CARTESIAN_POINT ( 'NONE',  ( -24.74999999999999289, 12.14999999999999503, -58.42034058415723763 ) ) ;
#516 = EDGE_CURVE ( 'NONE', #1028, #410, #2075, .T. ) ;
#517 = VERTEX_POINT ( 'NONE', #2283 ) ;
#518 = DIRECTION ( 'NONE',  ( -1.000000000000000000, 1.387778780781445676E-16, -0.000000000000000000 ) ) ;
#519 = DIRECTION ( 'NONE',  ( -1.000000000000000000, 1.387778780781445922E-16, -0.000000000000000000 ) ) ;
#520 = ORIENTED_EDGE ( 'NONE', *, *, #2883, .T. ) ;
#521 = DIRECTION ( 'NONE',  ( 1.000000000000000000, 0.000000000000000000, 0.000000000000000000 ) ) ;
#522 = EDGE_CURVE ( 'NONE', #212, #3008, #680, .T. ) ;
#523 = DIRECTION ( 'NONE',  ( 0.000000000000000000, -1.000000000000000000, 0.000000000000000000 ) ) ;
#524 = ORIENTED_EDGE ( 'NONE', *, *, #1299, .F. ) ;
#525 = ADVANCED_FACE ( 'NONE', ( #1040 ), #1202, .F. ) ;
#526 = CIRCLE ( 'NONE', #2349, 1.500000000000001332 ) ;
#527 = CARTESIAN_POINT ( 'NONE',  ( -27.75000000000001776, -40.00000000000000000, -144.1830803164349390 ) ) ;
#528 = CARTESIAN_POINT ( 'NONE',  ( -27.75000000000001066, 22.50000000000000355, 36.75000000000002132 ) ) ;
#529 = VECTOR ( 'NONE', #2695, 1000.000000000000000 ) ;
#530 = CARTESIAN_POINT ( 'NONE',  ( 0.000000000000000000, -1.799999999999993383, 0.000000000000000000 ) ) ;
#531 = CARTESIAN_POINT ( 'NONE',  ( -24.74999999999999289, 12.14999999999999503, -59.92034058415723052 ) ) ;
#532 = AXIS2_PLACEMENT_3D ( 'NONE', #2371, #1637, #850 ) ;
#533 = EDGE_CURVE ( 'NONE', #84, #1476, #1547, .T. ) ;
#534 = ORIENTED_EDGE ( 'NONE', *, *, #1513, .F. ) ;
#535 = VECTOR ( 'NONE', #3222, 1000.000000000000000 ) ;
#536 = LINE ( 'NONE', #2225, #998 ) ;
#537 = CARTESIAN_POINT ( 'NONE',  ( -17.75000000000001421, -1.799999999999996048, -154.9955803164349675 ) ) ;
#538 = PLANE ( 'NONE',  #2367 ) ;
#539 = ORIENTED_EDGE ( 'NONE', *, *, #932, .F. ) ;
#540 = DIRECTION ( 'NONE',  ( 1.000000000000000000, 1.040834085586084257E-16, 0.000000000000000000 ) ) ;
#541 = ORIENTED_EDGE ( 'NONE', *, *, #3043, .F. ) ;
#542 = EDGE_CURVE ( 'NONE', #2194, #3129, #3145, .T. ) ;
#543 = CARTESIAN_POINT ( 'NONE',  ( -17.75000000000000355, -38.50000000000001421, -144.1830803164349390 ) ) ;
#544 = AXIS2_PLACEMENT_3D ( 'NONE', #1343, #1855, #1557 ) ;
#545 = AXIS2_PLACEMENT_3D ( 'NONE', #3085, #1312, #2578 ) ;
#546 = CARTESIAN_POINT ( 'NONE',  ( -21.25000000000000355, 49.63999999999997215, -104.2955803164349646 ) ) ;
#547 = DIRECTION ( 'NONE',  ( 0.000000000000000000, 0.000000000000000000, 1.000000000000000000 ) ) ;
#548 = DIRECTION ( 'NONE',  ( -0.7071067811865473507, 0.000000000000000000, 0.7071067811865477948 ) ) ;
#549 = CALENDAR_DATE ( 2026, 2, 6 ) ;
#550 = VECTOR ( 'NONE', #1782, 1000.000000000000227 ) ;
#551 = ORIENTED_EDGE ( 'NONE', *, *, #1775, .F. ) ;
#552 = DIRECTION ( 'NONE',  ( 1.000000000000000000, -0.000000000000000000, -0.000000000000000000 ) ) ;
#553 = DIRECTION ( 'NONE',  ( 0.000000000000000000, 0.000000000000000000, 1.000000000000000000 ) ) ;
#554 = CARTESIAN_POINT ( 'NONE',  ( -17.75000000000001421, 47.50000000000000000, 13.74999999999999822 ) ) ;
#555 = ORIENTED_EDGE ( 'NONE', *, *, #925, .T. ) ;
#556 = CIRCLE ( 'NONE', #1484, 1.500000000000001332 ) ;
#557 = CARTESIAN_POINT ( 'NONE',  ( -27.75000000000001066, 2.609471229692149397, -49.96474588505747505 ) ) ;
#558 = EDGE_CURVE ( 'NONE', #2137, #1348, #1440, .T. ) ;
#559 = AXIS2_PLACEMENT_3D ( 'NONE', #1891, #938, #2155 ) ;
#560 = EDGE_LOOP ( 'NONE', ( #1265, #2648, #2631, #1047 ) ) ;
#561 = ORIENTED_EDGE ( 'NONE', *, *, #2756, .F. ) ;
#562 = CARTESIAN_POINT ( 'NONE',  ( -17.75000000000000355, 10.00000000000000178, -13.22500000000000675 ) ) ;
#563 = DIRECTION ( 'NONE',  ( -1.000000000000000000, 0.000000000000000000, 0.000000000000000000 ) ) ;
#564 = DIRECTION ( 'NONE',  ( 0.000000000000000000, 1.000000000000000000, 0.000000000000000000 ) ) ;
#565 = DIRECTION ( 'NONE',  ( 0.000000000000000000, 0.000000000000000000, -1.000000000000000000 ) ) ;
#566 = APPLICATION_PROTOCOL_DEFINITION ( 'international standard', 'config_control_design', 1994, #2024 ) ;
#567 = EDGE_CURVE ( 'NONE', #3160, #2108, #1214, .T. ) ;
#568 = ORIENTED_EDGE ( 'NONE', *, *, #809, .F. ) ;
#569 = DIRECTION ( 'NONE',  ( 1.000000000000000000, -0.000000000000000000, -0.000000000000000000 ) ) ;
#570 = CARTESIAN_POINT ( 'NONE',  ( -24.75000000000004974, 22.50000000000000355, 39.75000000000000000 ) ) ;
#571 = DIRECTION ( 'NONE',  ( 0.000000000000000000, -0.000000000000000000, 1.000000000000000000 ) ) ;
#572 = ORIENTED_EDGE ( 'NONE', *, *, #2686, .F. ) ;
#573 = CARTESIAN_POINT ( 'NONE',  ( -170.0000000000000000, 12.14999999999997904, -86.37525551735875240 ) ) ;
#574 = ADVANCED_FACE ( 'NONE', ( #2879 ), #2929, .F. ) ;
#575 = EDGE_LOOP ( 'NONE', ( #3124, #1241 ) ) ;
#576 = LINE ( 'NONE', #362, #1370 ) ;
#577 = CARTESIAN_POINT ( 'NONE',  ( -27.75000000000000711, 28.44999999999999929, -62.92034058415724473 ) ) ;
#578 = DIRECTION ( 'NONE',  ( -1.000000000000000000, 0.000000000000000000, 0.000000000000000000 ) ) ;
#579 = CARTESIAN_POINT ( 'NONE',  ( -19.95646728200213360, 4.638692345779120707, -154.9955803164349675 ) ) ;
#580 = VERTEX_POINT ( 'NONE', #956 ) ;
#581 = CARTESIAN_POINT ( 'NONE',  ( -24.75000000000002842, -38.50000000000000711, -144.1830803164349390 ) ) ;
#582 = FACE_OUTER_BOUND ( 'NONE', #1386, .T. ) ;
#583 = VECTOR ( 'NONE', #1824, 1000.000000000000000 ) ;
#584 = ADVANCED_FACE ( 'NONE', ( #1642 ), #446, .F. ) ;
#585 = AXIS2_PLACEMENT_3D ( 'NONE', #911, #632, #1916 ) ;
#586 = CARTESIAN_POINT ( 'NONE',  ( -20.75000000000004263, -60.00000000000000000, -13.22500000000001386 ) ) ;
#587 = VERTEX_POINT ( 'NONE', #905 ) ;
#588 = DIRECTION ( 'NONE',  ( 1.000000000000000000, -1.387778780781445922E-16, 0.000000000000000000 ) ) ;
#589 = VERTEX_POINT ( 'NONE', #2895 ) ;
#590 = VECTOR ( 'NONE', #2982, 1000.000000000000000 ) ;
#591 = CARTESIAN_POINT ( 'NONE',  ( -24.74999999999999645, 3.144479452198270408, -133.3705803164349390 ) ) ;
#592 = CARTESIAN_POINT ( 'NONE',  ( -24.74999999999999289, 28.44999999999999929, -84.87525551735875240 ) ) ;
#593 = DIRECTION ( 'NONE',  ( -1.000000000000000000, 0.000000000000000000, 0.000000000000000000 ) ) ;
#594 = DIRECTION ( 'NONE',  ( 0.000000000000000000, 0.000000000000000000, 1.000000000000000000 ) ) ;
#595 = VECTOR ( 'NONE', #730, 1000.000000000000000 ) ;
#596 = ORIENTED_EDGE ( 'NONE', *, *, #1972, .F. ) ;
#597 = CARTESIAN_POINT ( 'NONE',  ( -17.75000000000000355, 60.00000000000000711, -50.99019513592786268 ) ) ;
#598 = CIRCLE ( 'NONE', #2843, 3.000000000000000888 ) ;
#599 = CIRCLE ( 'NONE', #1479, 1.500000000000001332 ) ;
#600 = CARTESIAN_POINT ( 'NONE',  ( -17.75000000000001421, 49.00000000000000000, 41.25000000000000000 ) ) ;
#601 = EDGE_LOOP ( 'NONE', ( #2451, #2821, #668, #2956, #2878 ) ) ;
#602 = CC_DESIGN_PERSON_AND_ORGANIZATION_ASSIGNMENT ( #3118, #3016, ( #633 ) ) ;
#603 = DIRECTION ( 'NONE',  ( 1.000000000000000000, -0.000000000000000000, -0.000000000000000000 ) ) ;
#604 = EDGE_CURVE ( 'NONE', #1244, #2550, #675, .T. ) ;
#605 = VECTOR ( 'NONE', #3053, 1000.000000000000000 ) ;
#606 = ORIENTED_EDGE ( 'NONE', *, *, #1293, .T. ) ;
#607 = ORIENTED_EDGE ( 'NONE', *, *, #897, .F. ) ;
#608 = APPROVAL_PERSON_ORGANIZATION ( #1559, #1418, #1865 ) ;
#609 = CARTESIAN_POINT ( 'NONE',  ( -21.25000000000000355, 49.63999999999997215, -104.2955803164349646 ) ) ;
#610 = DIRECTION ( 'NONE',  ( 1.387778780781445922E-16, 1.000000000000000000, 0.000000000000000000 ) ) ;
#611 = LINE ( 'NONE', #379, #1625 ) ;
#612 = ORIENTED_EDGE ( 'NONE', *, *, #62, .F. ) ;
#613 = ADVANCED_FACE ( 'NONE', ( #2387, #1946, #2684, #459, #691, #1695, #2636, #2457, #1182, #169, #1662 ), #235, .F. ) ;
#614 = DIRECTION ( 'NONE',  ( -6.938893903907223447E-16, -1.000000000000000000, -0.000000000000000000 ) ) ;
#615 = ORIENTED_EDGE ( 'NONE', *, *, #1832, .T. ) ;
#616 = AXIS2_PLACEMENT_3D ( 'NONE', #527, #2518, #2338 ) ;
#617 = ORIENTED_EDGE ( 'NONE', *, *, #838, .F. ) ;
#618 = APPROVAL_DATE_TIME ( #1523, #1418 ) ;
#619 = VERTEX_POINT ( 'NONE', #2188 ) ;
#620 = DIRECTION ( 'NONE',  ( 0.000000000000000000, 0.000000000000000000, -1.000000000000000000 ) ) ;
#621 = EDGE_CURVE ( 'NONE', #873, #1833, #1961, .T. ) ;
#622 = EDGE_CURVE ( 'NONE', #913, #517, #2652, .T. ) ;
#623 = DIRECTION ( 'NONE',  ( 0.000000000000000000, 0.000000000000000000, -1.000000000000000000 ) ) ;
#624 = DIRECTION ( 'NONE',  ( 0.000000000000000000, 0.000000000000000000, 1.000000000000000000 ) ) ;
#625 = DIRECTION ( 'NONE',  ( 0.000000000000000000, 0.000000000000000000, -1.000000000000000000 ) ) ;
#626 = ORIENTED_EDGE ( 'NONE', *, *, #2048, .F. ) ;
#627 = DIRECTION ( 'NONE',  ( 0.000000000000000000, 0.000000000000000000, -1.000000000000000000 ) ) ;
#628 = CONICAL_SURFACE ( 'NONE', #781, 1.499999999999994449, 0.7853981633974490562 ) ;
#629 = EDGE_CURVE ( 'NONE', #775, #1524, #2690, .T. ) ;
#630 = ORIENTED_EDGE ( 'NONE', *, *, #2036, .T. ) ;
#631 = AXIS2_PLACEMENT_3D ( 'NONE', #2554, #2572, #1324 ) ;
#632 = DIRECTION ( 'NONE',  ( -1.000000000000000000, 0.000000000000000000, 0.000000000000000000 ) ) ;
#633 = PRODUCT ( 'Feed side plate 1', 'Feed side plate 1', '', ( #3050 ) ) ;
#634 = ORIENTED_EDGE ( 'NONE', *, *, #1685, .F. ) ;
#635 = EDGE_CURVE ( 'NONE', #2683, #2651, #2174, .T. ) ;
#636 = AXIS2_PLACEMENT_3D ( 'NONE', #695, #432, #678 ) ;
#637 = COORDINATED_UNIVERSAL_TIME_OFFSET ( 1, 0, .AHEAD. ) ;
#638 = ORIENTED_EDGE ( 'NONE', *, *, #3138, .F. ) ;
#639 = CARTESIAN_POINT ( 'NONE',  ( -24.74999999999999289, 47.50000000000000000, 39.75000000000000000 ) ) ;
#640 = DIRECTION ( 'NONE',  ( -1.000000000000000000, -0.000000000000000000, -0.000000000000000000 ) ) ;
#641 = FACE_OUTER_BOUND ( 'NONE', #397, .T. ) ;
#642 = ORIENTED_EDGE ( 'NONE', *, *, #407, .T. ) ;
#643 = DIRECTION ( 'NONE',  ( 1.000000000000000000, -0.000000000000000000, -0.000000000000000000 ) ) ;
#644 = ORIENTED_EDGE ( 'NONE', *, *, #1443, .T. ) ;
#645 = DIRECTION ( 'NONE',  ( 0.000000000000000000, 0.000000000000000000, -1.000000000000000000 ) ) ;
#646 = CARTESIAN_POINT ( 'NONE',  ( -170.0000000000000000, 48.99999999999998579, 41.25000000000000000 ) ) ;
#647 = ORIENTED_EDGE ( 'NONE', *, *, #558, .F. ) ;
#648 = CYLINDRICAL_SURFACE ( 'NONE', #685, 1.500000000000001332 ) ;
#649 = ORIENTED_EDGE ( 'NONE', *, *, #2694, .T. ) ;
#650 = ADVANCED_FACE ( 'NONE', ( #1448 ), #2427, .F. ) ;
#651 = CARTESIAN_POINT ( 'NONE',  ( -24.75000000000004974, 22.50000000000000355, 42.75000000000000000 ) ) ;
#652 = ORIENTED_EDGE ( 'NONE', *, *, #2146, .T. ) ;
#653 = VECTOR ( 'NONE', #1892, 1000.000000000000000 ) ;
#654 = LINE ( 'NONE', #1636, #2190 ) ;
#655 = CARTESIAN_POINT ( 'NONE',  ( 2.204364238465212896E-16, -0.6000000000000058620, 17.79051713694687464 ) ) ;
#656 = ORIENTED_EDGE ( 'NONE', *, *, #3117, .T. ) ;
#657 = DIRECTION ( 'NONE',  ( 0.9182763172580129529, -0.3959401535119435045, 0.000000000000000000 ) ) ;
#658 = DIRECTION ( 'NONE',  ( -6.938893903907223447E-16, -1.000000000000000000, -0.000000000000000000 ) ) ;
#659 = EDGE_CURVE ( 'NONE', #821, #173, #220, .T. ) ;
#660 = VERTEX_POINT ( 'NONE', #1712 ) ;
#661 = DIRECTION ( 'NONE',  ( -0.000000000000000000, -0.000000000000000000, 1.000000000000000000 ) ) ;
#662 = PLANE ( 'NONE',  #2016 ) ;
#663 = EDGE_CURVE ( 'NONE', #2933, #2480, #1706, .T. ) ;
#664 = ORIENTED_EDGE ( 'NONE', *, *, #62, .T. ) ;
#665 = ORIENTED_EDGE ( 'NONE', *, *, #3150, .T. ) ;
#666 = CARTESIAN_POINT ( 'NONE',  ( -24.74999999999999289, 10.64999999999999680, -86.37525551735875240 ) ) ;
#667 = CIRCLE ( 'NONE', #2549, 1.500000000000004885 ) ;
#668 = ORIENTED_EDGE ( 'NONE', *, *, #1513, .T. ) ;
#669 = ORIENTED_EDGE ( 'NONE', *, *, #3188, .F. ) ;
#670 = CARTESIAN_POINT ( 'NONE',  ( -24.74999999999999289, 28.44999999999999929, -59.92034058415723052 ) ) ;
#671 = ORIENTED_EDGE ( 'NONE', *, *, #2279, .F. ) ;
#672 = CARTESIAN_POINT ( 'NONE',  ( -17.75000000000003553, -60.00000000000000000, -13.22500000000001386 ) ) ;
#673 = DIRECTION ( 'NONE',  ( -0.3162277660168379412, -6.569518770826194517E-17, -0.9486832980505138790 ) ) ;
#674 = ORIENTED_EDGE ( 'NONE', *, *, #3031, .T. ) ;
#675 = LINE ( 'NONE', #3216, #2849 ) ;
#676 = CYLINDRICAL_SURFACE ( 'NONE', #2481, 1.499999999999997780 ) ;
#677 = ORIENTED_EDGE ( 'NONE', *, *, #1421, .T. ) ;
#678 = DIRECTION ( 'NONE',  ( 0.000000000000000000, 0.000000000000000000, -1.000000000000000000 ) ) ;
#679 = EDGE_CURVE ( 'NONE', #1140, #231, #2488, .T. ) ;
#680 = CIRCLE ( 'NONE', #1510, 6.000000000000001776 ) ;
#681 = EDGE_CURVE ( 'NONE', #1219, #1966, #2724, .T. ) ;
#682 = AXIS2_PLACEMENT_3D ( 'NONE', #1571, #1322, #1515 ) ;
#683 = EDGE_LOOP ( 'NONE', ( #986, #427, #2852, #1903 ) ) ;
#684 = ORIENTED_EDGE ( 'NONE', *, *, #1506, .T. ) ;
#685 = AXIS2_PLACEMENT_3D ( 'NONE', #942, #2672, #2642 ) ;
#686 = DIRECTION ( 'NONE',  ( -1.000000000000000000, 1.387778780781445676E-16, 0.000000000000000000 ) ) ;
#687 = VERTEX_POINT ( 'NONE', #274 ) ;
#688 = CARTESIAN_POINT ( 'NONE',  ( -19.95646728200213360, 4.638692345779120707, -154.9955803164349675 ) ) ;
#689 = CARTESIAN_POINT ( 'NONE',  ( -27.75000000000000711, 28.44999999999999929, -53.92034058415722342 ) ) ;
#690 = ORIENTED_EDGE ( 'NONE', *, *, #1327, .F. ) ;
#691 = FACE_BOUND ( 'NONE', #2065, .T. ) ;
#692 = CARTESIAN_POINT ( 'NONE',  ( -17.75000000000001421, 10.64999999999999680, -86.37525551735875240 ) ) ;
#693 = ADVANCED_FACE ( 'NONE', ( #2714 ), #1846, .F. ) ;
#694 = VERTEX_POINT ( 'NONE', #262 ) ;
#695 = CARTESIAN_POINT ( 'NONE',  ( -24.74999999999999289, 28.44999999999999929, -58.42034058415723763 ) ) ;
#696 = AXIS2_PLACEMENT_3D ( 'NONE', #2091, #2298, #2284 ) ;
#697 = ORIENTED_EDGE ( 'NONE', *, *, #952, .T. ) ;
#698 = LINE ( 'NONE', #2961, #851 ) ;
#699 = EDGE_CURVE ( 'NONE', #458, #2937, #3148, .T. ) ;
#700 = VERTEX_POINT ( 'NONE', #2997 ) ;
#701 = VECTOR ( 'NONE', #37, 1000.000000000000000 ) ;
#702 = CARTESIAN_POINT ( 'NONE',  ( -17.75000000000000355, 14.00000000000005684, -50.99019513592786268 ) ) ;
#703 = ORIENTED_EDGE ( 'NONE', *, *, #765, .T. ) ;
#704 = DIRECTION ( 'NONE',  ( -1.000000000000000000, -0.000000000000000000, -0.000000000000000000 ) ) ;
#705 = FACE_OUTER_BOUND ( 'NONE', #192, .T. ) ;
#706 = AXIS2_PLACEMENT_3D ( 'NONE', #249, #2716, #754 ) ;
#707 = EDGE_LOOP ( 'NONE', ( #1730, #3164, #239, #3141, #1613, #2862, #1002, #2092 ) ) ;
#708 = DIRECTION ( 'NONE',  ( 1.000000000000000000, 1.040834085586084257E-16, 0.000000000000000000 ) ) ;
#709 = CARTESIAN_POINT ( 'NONE',  ( -27.75000000000001066, 12.14999999999999503, -62.92034058415725895 ) ) ;
#710 = VECTOR ( 'NONE', #1406, 1000.000000000000000 ) ;
#711 = ORIENTED_EDGE ( 'NONE', *, *, #1207, .T. ) ;
#712 = PLANE ( 'NONE',  #3038 ) ;
#713 = ORIENTED_EDGE ( 'NONE', *, *, #2800, .F. ) ;
#714 = LINE ( 'NONE', #5, #1589 ) ;
#715 = VERTEX_POINT ( 'NONE', #724 ) ;
#716 = CIRCLE ( 'NONE', #3234, 1.500000000000001332 ) ;
#717 = VECTOR ( 'NONE', #2861, 1000.000000000000000 ) ;
#718 = FACE_OUTER_BOUND ( 'NONE', #1950, .T. ) ;
#719 = VERTEX_POINT ( 'NONE', #30 ) ;
#720 = ADVANCED_FACE ( 'NONE', ( #3232 ), #292, .F. ) ;
#721 = LINE ( 'NONE', #3230, #749 ) ;
#722 = EDGE_CURVE ( 'NONE', #904, #3002, #2730, .T. ) ;
#723 = CARTESIAN_POINT ( 'NONE',  ( -24.74999999999999289, 47.50000000000000000, 13.74999999999999822 ) ) ;
#724 = CARTESIAN_POINT ( 'NONE',  ( -21.25000000000000355, 1.638692345779117820, -154.9955803164349675 ) ) ;
#725 = DIRECTION ( 'NONE',  ( 0.000000000000000000, 1.000000000000000000, 0.000000000000000000 ) ) ;
#726 = ORIENTED_EDGE ( 'NONE', *, *, #1084, .T. ) ;
#727 = LINE ( 'NONE', #240, #535 ) ;
#728 = EDGE_CURVE ( 'NONE', #729, #1805, #22, .T. ) ;
#729 = VERTEX_POINT ( 'NONE', #2474 ) ;
#730 = DIRECTION ( 'NONE',  ( -0.000000000000000000, -0.000000000000000000, -1.000000000000000000 ) ) ;
#731 = EDGE_CURVE ( 'NONE', #84, #2916, #487, .T. ) ;
#732 = VECTOR ( 'NONE', #1404, 1000.000000000000000 ) ;
#733 = DIRECTION ( 'NONE',  ( -1.000000000000000000, 0.000000000000000000, -0.000000000000000000 ) ) ;
#734 = CIRCLE ( 'NONE', #2050, 14.00000000000000355 ) ;
#735 = VERTEX_POINT ( 'NONE', #2039 ) ;
#736 = DIRECTION ( 'NONE',  ( 1.000000000000000000, 1.040834085586084257E-16, 0.000000000000000000 ) ) ;
#737 = VECTOR ( 'NONE', #19, 1000.000000000000000 ) ;
#738 = FACE_OUTER_BOUND ( 'NONE', #3205, .T. ) ;
#739 = CARTESIAN_POINT ( 'NONE',  ( 80.00000000000004263, 20.29999999999999005, -23.30000000000000782 ) ) ;
#740 = DIRECTION ( 'NONE',  ( 1.000000000000000000, -1.387778780781445922E-16, 0.000000000000000000 ) ) ;
#741 = EDGE_CURVE ( 'NONE', #2136, #2599, #1239, .T. ) ;
#742 = ORIENTED_EDGE ( 'NONE', *, *, #2243, .T. ) ;
#743 = CARTESIAN_POINT ( 'NONE',  ( -27.75000000000000711, 28.44999999999999929, -90.87525551735876661 ) ) ;
#744 = AXIS2_PLACEMENT_3D ( 'NONE', #739, #1254, #48 ) ;
#745 = ORIENTED_EDGE ( 'NONE', *, *, #2048, .T. ) ;
#746 = CARTESIAN_POINT ( 'NONE',  ( -24.75000000000002842, -50.00000000000000711, -142.6830803164349390 ) ) ;
#747 = EDGE_CURVE ( 'NONE', #1423, #901, #1756, .T. ) ;
#748 = DIRECTION ( 'NONE',  ( 0.000000000000000000, 0.000000000000000000, 1.000000000000000000 ) ) ;
#749 = VECTOR ( 'NONE', #2728, 1000.000000000000000 ) ;
#750 = EDGE_LOOP ( 'NONE', ( #2210, #1133, #347, #3209 ) ) ;
#751 = LINE ( 'NONE', #1722, #1965 ) ;
#752 = DIRECTION ( 'NONE',  ( -1.000000000000000000, 1.387778780781445922E-16, -0.000000000000000000 ) ) ;
#753 = CARTESIAN_POINT ( 'NONE',  ( -24.75000000000002842, -40.00000000000000000, -145.6830803164349675 ) ) ;
#754 = DIRECTION ( 'NONE',  ( 0.000000000000000000, 0.000000000000000000, 1.000000000000000000 ) ) ;
#755 = VECTOR ( 'NONE', #50, 1000.000000000000000 ) ;
#756 = ORIENTED_EDGE ( 'NONE', *, *, #1543, .T. ) ;
#757 = FACE_OUTER_BOUND ( 'NONE', #1483, .T. ) ;
#758 = DIRECTION ( 'NONE',  ( 0.000000000000000000, 0.000000000000000000, -1.000000000000000000 ) ) ;
#759 = AXIS2_PLACEMENT_3D ( 'NONE', #1125, #787, #1111 ) ;
#760 = EDGE_CURVE ( 'NONE', #2332, #155, #502, .T. ) ;
#761 = VERTEX_POINT ( 'NONE', #1724 ) ;
#762 = CARTESIAN_POINT ( 'NONE',  ( -170.0000000000000000, 1.638692345779117820, -104.2955803164349646 ) ) ;
#763 = FACE_OUTER_BOUND ( 'NONE', #2382, .T. ) ;
#764 = VERTEX_POINT ( 'NONE', #2248 ) ;
#765 = EDGE_CURVE ( 'NONE', #2315, #1181, #2020, .T. ) ;
#766 = FACE_OUTER_BOUND ( 'NONE', #825, .T. ) ;
#767 = CIRCLE ( 'NONE', #3020, 1.500000000000004885 ) ;
#768 = FACE_OUTER_BOUND ( 'NONE', #1954, .T. ) ;
#769 = CARTESIAN_POINT ( 'NONE',  ( -24.75000000000004974, 22.50000000000000355, 41.25000000000000000 ) ) ;
#770 = CARTESIAN_POINT ( 'NONE',  ( -27.75000000000001776, -60.00000000000001421, -151.9955803164349390 ) ) ;
#771 = ORIENTED_EDGE ( 'NONE', *, *, #1336, .F. ) ;
#772 = LINE ( 'NONE', #2463, #2411 ) ;
#773 = DIRECTION ( 'NONE',  ( 1.000000000000000000, -1.387778780781445922E-16, 0.000000000000000000 ) ) ;
#774 = DIRECTION ( 'NONE',  ( 0.000000000000000000, 0.01776729308268480342, 0.9998421491898178415 ) ) ;
#775 = VERTEX_POINT ( 'NONE', #1000 ) ;
#776 = CARTESIAN_POINT ( 'NONE',  ( -24.75000000000002842, -50.00000000000000711, -144.1830803164349390 ) ) ;
#777 = ORIENTED_EDGE ( 'NONE', *, *, #604, .F. ) ;
#778 = EDGE_CURVE ( 'NONE', #38, #2078, #1793, .T. ) ;
#779 = CARTESIAN_POINT ( 'NONE',  ( -19.75000000000004263, -60.00000000000000000, -130.3705803164349390 ) ) ;
#780 = ORIENTED_EDGE ( 'NONE', *, *, #2361, .F. ) ;
#781 = AXIS2_PLACEMENT_3D ( 'NONE', #1710, #903, #472 ) ;
#782 = FACE_OUTER_BOUND ( 'NONE', #2299, .T. ) ;
#783 = DIRECTION ( 'NONE',  ( -1.000000000000000000, 0.000000000000000000, 0.000000000000000000 ) ) ;
#784 = CONICAL_SURFACE ( 'NONE', #631, 1.500000000000004885, 0.7853981633974479459 ) ;
#785 = DIRECTION ( 'NONE',  ( -0.7071067811865485719, 8.659560562354921765E-17, -0.7071067811865465735 ) ) ;
#786 = DIRECTION ( 'NONE',  ( -1.000000000000000000, -1.734723475976806108E-16, 0.000000000000000000 ) ) ;
#787 = DIRECTION ( 'NONE',  ( 0.000000000000000000, 0.000000000000000000, 1.000000000000000000 ) ) ;
#788 = AXIS2_PLACEMENT_3D ( 'NONE', #1378, #2195, #2655 ) ;
#789 = VERTEX_POINT ( 'NONE', #2540 ) ;
#790 = ADVANCED_FACE ( 'NONE', ( #2780 ), #1478, .F. ) ;
#791 = CIRCLE ( 'NONE', #1208, 1.500000000000004885 ) ;
#792 = CARTESIAN_POINT ( 'NONE',  ( -17.75000000000001421, 49.00000000000000000, 13.74999999999999822 ) ) ;
#793 = CARTESIAN_POINT ( 'NONE',  ( -17.75000000000000355, 49.64177672930824059, -104.1955961015159744 ) ) ;
#794 = DIRECTION ( 'NONE',  ( 0.000000000000000000, 0.000000000000000000, -1.000000000000000000 ) ) ;
#795 = ORIENTED_EDGE ( 'NONE', *, *, #2259, .F. ) ;
#796 = DIRECTION ( 'NONE',  ( -1.000000000000000000, 1.387778780781445922E-16, -0.000000000000000000 ) ) ;
#797 = ADVANCED_FACE ( 'NONE', ( #1502, #1540, #1474, #248, #82, #2101, #832, #2615, #1114, #394, #1086, #2588, #3107 ), #364, .F. ) ;
#798 = ORIENTED_EDGE ( 'NONE', *, *, #1845, .T. ) ;
#799 = DIRECTION ( 'NONE',  ( -0.3959401535119434490, -0.9182763172580128419, 0.000000000000000000 ) ) ;
#800 = VECTOR ( 'NONE', #794, 1000.000000000000000 ) ;
#801 = CARTESIAN_POINT ( 'NONE',  ( -17.75000000000000355, 57.00000000000000000, 52.00000000000000000 ) ) ;
#802 = CARTESIAN_POINT ( 'NONE',  ( -170.0000000000000000, 12.14999999999997904, -58.42034058415723763 ) ) ;
#803 = LINE ( 'NONE', #2263, #2870 ) ;
#804 = COORDINATED_UNIVERSAL_TIME_OFFSET ( 1, 0, .AHEAD. ) ;
#805 = EDGE_LOOP ( 'NONE', ( #3154, #2884, #551, #341 ) ) ;
#806 = LINE ( 'NONE', #2043, #205 ) ;
#807 = CARTESIAN_POINT ( 'NONE',  ( -17.75000000000001421, 24.00000000000001066, 41.25000000000000000 ) ) ;
#808 = VECTOR ( 'NONE', #2022, 1000.000000000000000 ) ;
#809 = EDGE_CURVE ( 'NONE', #231, #1345, #1098, .T. ) ;
#810 = FACE_OUTER_BOUND ( 'NONE', #2525, .T. ) ;
#811 = ORIENTED_EDGE ( 'NONE', *, *, #2735, .F. ) ;
#812 = CARTESIAN_POINT ( 'NONE',  ( -17.75000000000000355, 60.00000000000000711, -50.99019513592786268 ) ) ;
#813 = ORIENTED_EDGE ( 'NONE', *, *, #963, .F. ) ;
#814 = EDGE_LOOP ( 'NONE', ( #836, #795, #3213, #2181 ) ) ;
#815 = CARTESIAN_POINT ( 'NONE',  ( 0.000000000000000000, 0.000000000000000000, -154.9955803164349675 ) ) ;
#816 = CARTESIAN_POINT ( 'NONE',  ( -24.74999999999999289, 28.44999999999999929, -58.42034058415723763 ) ) ;
#817 = DIRECTION ( 'NONE',  ( 1.000000000000000000, 1.040834085586084257E-16, 0.000000000000000000 ) ) ;
#818 = CARTESIAN_POINT ( 'NONE',  ( -24.74999999999999289, 28.44999999999999929, -56.92034058415724473 ) ) ;
#819 = ADVANCED_FACE ( 'NONE', ( #2307 ), #1808, .F. ) ;
#820 = ADVANCED_FACE ( 'NONE', ( #1573 ), #2085, .F. ) ;
#821 = VERTEX_POINT ( 'NONE', #378 ) ;
#822 = DIRECTION ( 'NONE',  ( 0.000000000000000000, 1.000000000000000000, 0.000000000000000000 ) ) ;
#823 = DIRECTION ( 'NONE',  ( -1.000000000000000000, 0.000000000000000000, -0.000000000000000000 ) ) ;
#824 = CARTESIAN_POINT ( 'NONE',  ( -17.75000000000001421, 12.14999999999999503, -58.42034058415723763 ) ) ;
#825 = EDGE_LOOP ( 'NONE', ( #647, #1077, #1899, #3076, #1661 ) ) ;
#826 = EDGE_CURVE ( 'NONE', #173, #2216, #909, .T. ) ;
#827 = DIRECTION ( 'NONE',  ( 0.000000000000000000, 1.000000000000000000, 0.000000000000000000 ) ) ;
#828 = EDGE_CURVE ( 'NONE', #3196, #700, #1745, .T. ) ;
#829 = ORIENTED_EDGE ( 'NONE', *, *, #2383, .F. ) ;
#830 = DIRECTION ( 'NONE',  ( 1.000000000000000000, 0.000000000000000000, 0.000000000000000000 ) ) ;
#831 = DIRECTION ( 'NONE',  ( 0.000000000000000000, 0.000000000000000000, 1.000000000000000000 ) ) ;
#832 = FACE_BOUND ( 'NONE', #1641, .T. ) ;
#833 = FACE_OUTER_BOUND ( 'NONE', #1393, .T. ) ;
#834 = AXIS2_PLACEMENT_3D ( 'NONE', #1238, #752, #2247 ) ;
#835 = CC_DESIGN_PERSON_AND_ORGANIZATION_ASSIGNMENT ( #2542, #328, ( #1814 ) ) ;
#836 = ORIENTED_EDGE ( 'NONE', *, *, #2003, .F. ) ;
#837 = CARTESIAN_POINT ( 'NONE',  ( -17.75000000000000355, 50.57442947755838247, -51.71120672838238619 ) ) ;
#838 = EDGE_CURVE ( 'NONE', #1982, #3221, #1069, .T. ) ;
#839 = CIRCLE ( 'NONE', #993, 1.500000000000001332 ) ;
#840 = AXIS2_PLACEMENT_3D ( 'NONE', #977, #2721, #987 ) ;
#841 = PLANE ( 'NONE',  #3055 ) ;
#842 = ORIENTED_EDGE ( 'NONE', *, *, #1579, .F. ) ;
#843 = DIRECTION ( 'NONE',  ( 0.000000000000000000, 0.000000000000000000, -1.000000000000000000 ) ) ;
#844 = VERTEX_POINT ( 'NONE', #2571 ) ;
#845 = ORIENTED_EDGE ( 'NONE', *, *, #988, .T. ) ;
#846 = ADVANCED_FACE ( 'NONE', ( #2859 ), #1026, .F. ) ;
#847 = DIRECTION ( 'NONE',  ( 4.886545002751564989E-16, 1.000000000000000000, 0.000000000000000000 ) ) ;
#848 = CARTESIAN_POINT ( 'NONE',  ( -25.75000000000000000, 3.144479452198277514, -130.3705803164349390 ) ) ;
#849 = DIRECTION ( 'NONE',  ( 1.000000000000000000, 0.000000000000000000, -0.000000000000000000 ) ) ;
#850 = DIRECTION ( 'NONE',  ( 0.000000000000000000, 0.000000000000000000, -1.000000000000000000 ) ) ;
#851 = VECTOR ( 'NONE', #242, 1000.000000000000000 ) ;
#852 = ORIENTED_EDGE ( 'NONE', *, *, #1160, .F. ) ;
#853 = CARTESIAN_POINT ( 'NONE',  ( -17.75000000000001421, 12.14999999999999503, -86.37525551735875240 ) ) ;
#854 = VECTOR ( 'NONE', #1329, 1000.000000000000000 ) ;
#855 = ADVANCED_FACE ( 'NONE', ( #128 ), #2115, .T. ) ;
#856 = EDGE_CURVE ( 'NONE', #1740, #2480, #1620, .T. ) ;
#857 = VERTEX_POINT ( 'NONE', #1052 ) ;
#858 = DIRECTION ( 'NONE',  ( 0.7071067811865453523, 0.7071067811865496822, -0.000000000000000000 ) ) ;
#859 = EDGE_LOOP ( 'NONE', ( #1296, #1150 ) ) ;
#860 = ADVANCED_FACE ( 'NONE', ( #2056 ), #3048, .F. ) ;
#861 = ORIENTED_EDGE ( 'NONE', *, *, #2896, .T. ) ;
#862 = AXIS2_PLACEMENT_3D ( 'NONE', #382, #3183, #2175 ) ;
#863 = ORIENTED_EDGE ( 'NONE', *, *, #2854, .F. ) ;
#864 = VECTOR ( 'NONE', #922, 1000.000000000000000 ) ;
#865 = DIRECTION ( 'NONE',  ( -1.387778780781445676E-16, -1.000000000000000000, 1.155081008495165429E-16 ) ) ;
#866 = DIRECTION ( 'NONE',  ( 0.000000000000000000, 1.000000000000000000, 0.000000000000000000 ) ) ;
#867 = AXIS2_PLACEMENT_3D ( 'NONE', #2037, #1340, #96 ) ;
#868 = LINE ( 'NONE', #409, #1051 ) ;
#869 = ADVANCED_FACE ( 'NONE', ( #2553 ), #154, .F. ) ;
#870 = DIRECTION ( 'NONE',  ( 0.000000000000000000, 0.000000000000000000, -1.000000000000000000 ) ) ;
#871 = EDGE_LOOP ( 'NONE', ( #3229, #461, #419, #1325 ) ) ;
#872 = PLANE ( 'NONE',  #862 ) ;
#873 = VERTEX_POINT ( 'NONE', #3079 ) ;
#874 = VECTOR ( 'NONE', #704, 1000.000000000000000 ) ;
#875 = LINE ( 'NONE', #265, #1308 ) ;
#876 = CC_DESIGN_DATE_AND_TIME_ASSIGNMENT ( #160, #2041, ( #1041 ) ) ;
#877 = APPROVAL_ROLE ( '' ) ;
#878 = VERTEX_POINT ( 'NONE', #1839 ) ;
#879 = DIRECTION ( 'NONE',  ( 1.000000000000000000, -2.312964634635738322E-15, 0.000000000000000000 ) ) ;
#880 = CARTESIAN_POINT ( 'NONE',  ( -24.25000000000000711, 1.638692345779117820, -154.9955803164349675 ) ) ;
#881 = DIRECTION ( 'NONE',  ( -0.7071067811865496822, 0.7071067811865453523, 0.000000000000000000 ) ) ;
#882 = ORIENTED_EDGE ( 'NONE', *, *, #2495, .T. ) ;
#883 = PLANE ( 'NONE',  #1934 ) ;
#884 = ORIENTED_EDGE ( 'NONE', *, *, #424, .F. ) ;
#885 = CARTESIAN_POINT ( 'NONE',  ( -24.75000000000004974, 22.50000000000000355, 13.74999999999999822 ) ) ;
#886 = ORIENTED_EDGE ( 'NONE', *, *, #1439, .T. ) ;
#887 = AXIS2_PLACEMENT_3D ( 'NONE', #1556, #2552, #2001 ) ;
#888 = CIRCLE ( 'NONE', #1300, 4.499999999999986677 ) ;
#889 = EDGE_CURVE ( 'NONE', #2364, #1914, #1496, .T. ) ;
#890 = ORIENTED_EDGE ( 'NONE', *, *, #1569, .F. ) ;
#891 = AXIS2_PLACEMENT_3D ( 'NONE', #2072, #1269, #3029 ) ;
#892 = DIRECTION ( 'NONE',  ( 2.891205793294678080E-17, -1.000000000000000000, 0.000000000000000000 ) ) ;
#893 = AXIS2_PLACEMENT_3D ( 'NONE', #3133, #1681, #2688 ) ;
#894 = VERTEX_POINT ( 'NONE', #1884 ) ;
#895 = DIRECTION ( 'NONE',  ( 0.000000000000000000, 1.000000000000000000, 0.000000000000000000 ) ) ;
#896 = VERTEX_POINT ( 'NONE', #2398 ) ;
#897 = EDGE_CURVE ( 'NONE', #941, #2585, #928, .T. ) ;
#898 = ADVANCED_FACE ( 'NONE', ( #1923 ), #105, .F. ) ;
#899 = DIRECTION ( 'NONE',  ( -1.000000000000000000, 0.000000000000000000, 0.000000000000000000 ) ) ;
#900 = DIRECTION ( 'NONE',  ( 1.465963500825469940E-16, -1.000000000000000000, 0.000000000000000000 ) ) ;
#901 = VERTEX_POINT ( 'NONE', #1384 ) ;
#902 = DIRECTION ( 'NONE',  ( -0.000000000000000000, -0.000000000000000000, -1.000000000000000000 ) ) ;
#903 = DIRECTION ( 'NONE',  ( -1.000000000000000000, 0.000000000000000000, 0.000000000000000000 ) ) ;
#904 = VERTEX_POINT ( 'NONE', #408 ) ;
#905 = CARTESIAN_POINT ( 'NONE',  ( -24.74999999999999289, 26.95000000000000284, -58.42034058415723763 ) ) ;
#906 = CARTESIAN_POINT ( 'NONE',  ( -27.75000000000000711, 18.80000000000000071, -73.29779015821748089 ) ) ;
#907 = ORIENTED_EDGE ( 'NONE', *, *, #1200, .F. ) ;
#908 = ORIENTED_EDGE ( 'NONE', *, *, #567, .T. ) ;
#909 = CIRCLE ( 'NONE', #1532, 1.500000000000001332 ) ;
#910 = CIRCLE ( 'NONE', #90, 1.500000000000004885 ) ;
#911 = CARTESIAN_POINT ( 'NONE',  ( -24.75000000000002842, -40.00000000000000000, -144.1830803164349390 ) ) ;
#912 = EDGE_CURVE ( 'NONE', #904, #1163, #3122, .T. ) ;
#913 = VERTEX_POINT ( 'NONE', #880 ) ;
#914 = EDGE_LOOP ( 'NONE', ( #2700, #2104 ) ) ;
#915 = AXIS2_PLACEMENT_3D ( 'NONE', #2998, #276, #1449 ) ;
#916 = CARTESIAN_POINT ( 'NONE',  ( -24.74999999999999289, 12.14999999999999503, -86.37525551735875240 ) ) ;
#917 = LINE ( 'NONE', #670, #123 ) ;
#918 = EDGE_LOOP ( 'NONE', ( #989, #1335, #2801, #2575 ) ) ;
#919 = DIRECTION ( 'NONE',  ( 0.000000000000000000, 0.000000000000000000, 1.000000000000000000 ) ) ;
#920 = DIRECTION ( 'NONE',  ( -1.000000000000000000, 0.000000000000000000, 0.000000000000000000 ) ) ;
#921 = ORIENTED_EDGE ( 'NONE', *, *, #1928, .F. ) ;
#922 = DIRECTION ( 'NONE',  ( 1.000000000000000000, 1.040834085586084257E-16, 0.000000000000000000 ) ) ;
#923 = ADVANCED_FACE ( 'NONE', ( #162 ), #1141, .F. ) ;
#924 = DIRECTION ( 'NONE',  ( 1.000000000000000000, -0.000000000000000000, -0.000000000000000000 ) ) ;
#925 = EDGE_CURVE ( 'NONE', #2315, #1564, #654, .T. ) ;
#926 = ORIENTED_EDGE ( 'NONE', *, *, #2656, .T. ) ;
#927 = DIRECTION ( 'NONE',  ( 0.000000000000000000, 1.000000000000000000, 0.000000000000000000 ) ) ;
#928 = CIRCLE ( 'NONE', #2192, 1.500000000000001332 ) ;
#929 = VECTOR ( 'NONE', #1907, 1000.000000000000000 ) ;
#930 = VERTEX_POINT ( 'NONE', #3139 ) ;
#931 = ORIENTED_EDGE ( 'NONE', *, *, #57, .F. ) ;
#932 = EDGE_CURVE ( 'NONE', #3200, #1095, #716, .T. ) ;
#933 = CARTESIAN_POINT ( 'NONE',  ( -24.75000000000004263, -60.00000000000000000, -13.22500000000001386 ) ) ;
#934 = ORIENTED_EDGE ( 'NONE', *, *, #103, .F. ) ;
#935 = DIRECTION ( 'NONE',  ( 0.000000000000000000, 0.000000000000000000, -1.000000000000000000 ) ) ;
#936 = LINE ( 'NONE', #1927, #383 ) ;
#937 = EDGE_LOOP ( 'NONE', ( #302, #2620, #2517, #1094, #2574 ) ) ;
#938 = DIRECTION ( 'NONE',  ( -1.000000000000000000, 0.000000000000000000, 0.000000000000000000 ) ) ;
#939 = CARTESIAN_POINT ( 'NONE',  ( -18.75000000000004974, 13.00000000000000178, 55.00000000000000000 ) ) ;
#940 = ADVANCED_FACE ( 'NONE', ( #2131 ), #2888, .F. ) ;
#941 = VERTEX_POINT ( 'NONE', #2167 ) ;
#942 = CARTESIAN_POINT ( 'NONE',  ( -170.0000000000000000, 47.49999999999998579, 13.74999999999999822 ) ) ;
#943 = CIRCLE ( 'NONE', #2302, 1.500000000000001332 ) ;
#944 = CIRCLE ( 'NONE', #2765, 6.000000000000001776 ) ;
#945 = VECTOR ( 'NONE', #2436, 1000.000000000000000 ) ;
#946 = ORIENTED_EDGE ( 'NONE', *, *, #2848, .F. ) ;
#947 = ORIENTED_EDGE ( 'NONE', *, *, #995, .F. ) ;
#948 = AXIS2_PLACEMENT_3D ( 'NONE', #1797, #368, #822 ) ;
#949 = CONICAL_SURFACE ( 'NONE', #1416, 1.500000000000001332, 0.7853981633974520538 ) ;
#950 = LINE ( 'NONE', #1235, #529 ) ;
#951 = VERTEX_POINT ( 'NONE', #3158 ) ;
#952 = EDGE_CURVE ( 'NONE', #2133, #587, #1820, .T. ) ;
#953 = DIRECTION ( 'NONE',  ( 0.3162277660168379412, -1.534660244226794758E-16, -0.9486832980505138790 ) ) ;
#954 = PLANE ( 'NONE',  #2477 ) ;
#955 = EDGE_LOOP ( 'NONE', ( #3144, #606, #3040, #742, #2164 ) ) ;
#956 = CARTESIAN_POINT ( 'NONE',  ( -24.75000000000002842, -51.50000000000000711, -144.1830803164349390 ) ) ;
#957 = DIRECTION ( 'NONE',  ( -1.000000000000000000, 1.387778780781445922E-16, -0.000000000000000000 ) ) ;
#958 = ORIENTED_EDGE ( 'NONE', *, *, #2166, .T. ) ;
#959 = CARTESIAN_POINT ( 'NONE',  ( -20.75000000000000355, -8.324999999999999289, -133.3705803164349390 ) ) ;
#960 = CIRCLE ( 'NONE', #2783, 1.499999999999994449 ) ;
#961 = AXIS2_PLACEMENT_3D ( 'NONE', #1060, #1548, #91 ) ;
#962 = ORIENTED_EDGE ( 'NONE', *, *, #2706, .T. ) ;
#963 = EDGE_CURVE ( 'NONE', #1468, #1560, #2275, .T. ) ;
#964 = DIRECTION ( 'NONE',  ( 0.000000000000000000, 0.000000000000000000, -1.000000000000000000 ) ) ;
#965 = VECTOR ( 'NONE', #350, 1000.000000000000000 ) ;
#966 = ADVANCED_FACE ( 'NONE', ( #1821 ), #1790, .F. ) ;
#967 = DIRECTION ( 'NONE',  ( 1.000000000000000000, -1.387778780781445922E-16, 0.000000000000000000 ) ) ;
#968 = VERTEX_POINT ( 'NONE', #2812 ) ;
#969 = DIRECTION ( 'NONE',  ( 0.000000000000000000, 0.000000000000000000, 1.000000000000000000 ) ) ;
#970 = FACE_OUTER_BOUND ( 'NONE', #2841, .T. ) ;
#971 = AXIS2_PLACEMENT_3D ( 'NONE', #885, #2606, #2637 ) ;
#972 = EDGE_CURVE ( 'NONE', #3112, #109, #960, .T. ) ;
#973 = CARTESIAN_POINT ( 'NONE',  ( -24.74999999999999289, 47.50000000000000000, 41.25000000000000000 ) ) ;
#974 = CARTESIAN_POINT ( 'NONE',  ( 2.204364238465212896E-16, -0.6000000000000058620, -149.9955803164349390 ) ) ;
#975 = AXIS2_PLACEMENT_3D ( 'NONE', #1460, #2221, #2442 ) ;
#976 = EDGE_LOOP ( 'NONE', ( #2178, #861, #126, #2035, #1261 ) ) ;
#977 = CARTESIAN_POINT ( 'NONE',  ( -24.74999999999999289, 12.14999999999999503, -86.37525551735875240 ) ) ;
#978 = ORIENTED_EDGE ( 'NONE', *, *, #699, .F. ) ;
#979 = CARTESIAN_POINT ( 'NONE',  ( -17.75000000000001421, 20.29999999999999005, -17.30000000000000426 ) ) ;
#980 = DIRECTION ( 'NONE',  ( 1.000000000000000000, 1.734723475976806108E-16, -0.000000000000000000 ) ) ;
#981 = ORIENTED_EDGE ( 'NONE', *, *, #622, .F. ) ;
#982 = CARTESIAN_POINT ( 'NONE',  ( -10.67500000000003091, -8.324999999999990408, -43.45000000000003126 ) ) ;
#983 = DIRECTION ( 'NONE',  ( 1.000000000000000000, -0.000000000000000000, -0.000000000000000000 ) ) ;
#984 = DIRECTION ( 'NONE',  ( 0.000000000000000000, 0.000000000000000000, 1.000000000000000000 ) ) ;
#985 = FACE_OUTER_BOUND ( 'NONE', #937, .T. ) ;
#986 = ORIENTED_EDGE ( 'NONE', *, *, #2158, .T. ) ;
#987 = DIRECTION ( 'NONE',  ( 0.000000000000000000, 0.000000000000000000, -1.000000000000000000 ) ) ;
#988 = EDGE_CURVE ( 'NONE', #3008, #660, #576, .T. ) ;
#989 = ORIENTED_EDGE ( 'NONE', *, *, #8, .F. ) ;
#990 = LINE ( 'NONE', #2708, #1964 ) ;
#991 = AXIS2_PLACEMENT_3D ( 'NONE', #1737, #563, #2729 ) ;
#992 = PLANE ( 'NONE',  #120 ) ;
#993 = AXIS2_PLACEMENT_3D ( 'NONE', #3009, #1998, #2992 ) ;
#994 = ORIENTED_EDGE ( 'NONE', *, *, #2953, .F. ) ;
#995 = EDGE_CURVE ( 'NONE', #2360, #1454, #46, .T. ) ;
#996 = EDGE_CURVE ( 'NONE', #504, #2042, #2524, .T. ) ;
#997 = DIRECTION ( 'NONE',  ( 0.000000000000000000, 1.000000000000000000, 0.000000000000000000 ) ) ;
#998 = VECTOR ( 'NONE', #2212, 1000.000000000000000 ) ;
#999 = CARTESIAN_POINT ( 'NONE',  ( -27.74999999999999645, 49.63999999999997215, -154.9955803164349675 ) ) ;
#1000 = CARTESIAN_POINT ( 'NONE',  ( -17.75000000000001421, 46.00000000000000000, 41.25000000000000000 ) ) ;
#1001 = CYLINDRICAL_SURFACE ( 'NONE', #1649, 14.00000000000000355 ) ;
#1002 = ORIENTED_EDGE ( 'NONE', *, *, #747, .F. ) ;
#1003 = ADVANCED_FACE ( 'NONE', ( #782 ), #1658, .F. ) ;
#1004 = ORIENTED_EDGE ( 'NONE', *, *, #1341, .F. ) ;
#1005 = DIRECTION ( 'NONE',  ( -1.000000000000000000, 1.387778780781445922E-16, -0.000000000000000000 ) ) ;
#1006 = VECTOR ( 'NONE', #2262, 1000.000000000000000 ) ;
#1007 = CARTESIAN_POINT ( 'NONE',  ( 80.00000000000005684, -7.324999999999998401, -133.3705803164349390 ) ) ;
#1008 = EDGE_LOOP ( 'NONE', ( #1012, #1411, #1038, #2365 ) ) ;
#1009 = EDGE_CURVE ( 'NONE', #1095, #2951, #2759, .T. ) ;
#1010 = FACE_OUTER_BOUND ( 'NONE', #2594, .T. ) ;
#1011 = DIRECTION ( 'NONE',  ( 0.000000000000000000, -0.000000000000000000, -1.000000000000000000 ) ) ;
#1012 = ORIENTED_EDGE ( 'NONE', *, *, #255, .T. ) ;
#1013 = CYLINDRICAL_SURFACE ( 'NONE', #1640, 1.499999999999997780 ) ;
#1014 = CARTESIAN_POINT ( 'NONE',  ( -27.74999999999999645, 49.63999999999997215, -93.82610086423677842 ) ) ;
#1015 = CARTESIAN_POINT ( 'NONE',  ( -27.75000000000001066, 22.50000000000000355, 41.25000000000000000 ) ) ;
#1016 = PLANE ( 'NONE',  #2664 ) ;
#1017 = DIRECTION ( 'NONE',  ( -1.000000000000000000, -0.000000000000000000, -0.000000000000000000 ) ) ;
#1018 = VECTOR ( 'NONE', #152, 1000.000000000000000 ) ;
#1019 = EDGE_CURVE ( 'NONE', #1064, #2599, #1717, .T. ) ;
#1020 = ORIENTED_EDGE ( 'NONE', *, *, #2006, .F. ) ;
#1021 = LINE ( 'NONE', #2266, #2157 ) ;
#1022 = EDGE_CURVE ( 'NONE', #857, #1423, #3026, .T. ) ;
#1023 = AXIS2_PLACEMENT_3D ( 'NONE', #1428, #645, #428 ) ;
#1024 = CARTESIAN_POINT ( 'NONE',  ( -24.75000000000002842, -50.00000000000000711, -144.1830803164349390 ) ) ;
#1025 = EDGE_LOOP ( 'NONE', ( #711, #2547, #278, #921, #122, #416, #2226, #798, #2790, #2985, #2437, #1864, #216, #321 ) ) ;
#1026 = CONICAL_SURFACE ( 'NONE', #1082, 1.500000000000001332, 0.7853981633974469467 ) ;
#1027 = LINE ( 'NONE', #1511, #351 ) ;
#1028 = VERTEX_POINT ( 'NONE', #2320 ) ;
#1029 = CARTESIAN_POINT ( 'NONE',  ( -27.75000000000000711, 21.79999999999999716, -73.29779015821748089 ) ) ;
#1030 = VERTEX_POINT ( 'NONE', #543 ) ;
#1031 = EDGE_CURVE ( 'NONE', #506, #789, #1538, .T. ) ;
#1032 = PLANE ( 'NONE',  #2445 ) ;
#1033 = AXIS2_PLACEMENT_3D ( 'NONE', #2619, #131, #870 ) ;
#1034 = DIRECTION ( 'NONE',  ( -1.000000000000000000, 0.000000000000000000, 0.000000000000000000 ) ) ;
#1035 = DIRECTION ( 'NONE',  ( 1.000000000000000000, -1.387778780781445922E-16, 0.000000000000000000 ) ) ;
#1036 = CARTESIAN_POINT ( 'NONE',  ( 0.000000000000000000, -1.799999999999993383, -149.9955803164349390 ) ) ;
#1037 = APPLICATION_PROTOCOL_DEFINITION ( 'international standard', 'config_control_design', 1994, #130 ) ;
#1038 = ORIENTED_EDGE ( 'NONE', *, *, #963, .T. ) ;
#1039 = DIRECTION ( 'NONE',  ( -1.000000000000000000, 0.000000000000000000, 0.000000000000000000 ) ) ;
#1040 = FACE_OUTER_BOUND ( 'NONE', #2809, .T. ) ;
#1041 = PRODUCT_DEFINITION ( 'UNKNOWN', '', #1814, #365 ) ;
#1042 = EDGE_CURVE ( 'NONE', #1030, #2869, #3063, .T. ) ;
#1043 = DIRECTION ( 'NONE',  ( 0.000000000000000000, 0.000000000000000000, 1.000000000000000000 ) ) ;
#1044 = ORIENTED_EDGE ( 'NONE', *, *, #158, .T. ) ;
#1045 = LINE ( 'NONE', #557, #550 ) ;
#1046 = EDGE_LOOP ( 'NONE', ( #2336, #1969, #319, #1667 ) ) ;
#1047 = ORIENTED_EDGE ( 'NONE', *, *, #3117, .F. ) ;
#1048 = AXIS2_PLACEMENT_3D ( 'NONE', #848, #363, #1068 ) ;
#1049 = DIRECTION ( 'NONE',  ( 0.000000000000000000, -0.000000000000000000, 1.000000000000000000 ) ) ;
#1050 = CARTESIAN_POINT ( 'NONE',  ( -27.75000000000001066, 12.99999999999999822, 55.00000000000000000 ) ) ;
#1051 = VECTOR ( 'NONE', #1162, 1000.000000000000000 ) ;
#1052 = CARTESIAN_POINT ( 'NONE',  ( -24.75000000000000355, -8.324999999999997513, -133.3705803164349390 ) ) ;
#1053 = LINE ( 'NONE', #2505, #1203 ) ;
#1054 = CALENDAR_DATE ( 2026, 2, 6 ) ;
#1055 = ADVANCED_FACE ( 'NONE', ( #342 ), #1032, .F. ) ;
#1056 = VECTOR ( 'NONE', #3170, 999.9999999999998863 ) ;
#1057 = ORIENTED_EDGE ( 'NONE', *, *, #972, .F. ) ;
#1058 = CYLINDRICAL_SURFACE ( 'NONE', #1598, 1.499999999999997780 ) ;
#1059 = DIRECTION ( 'NONE',  ( 1.000000000000000000, 1.465963500825469940E-16, 0.000000000000000000 ) ) ;
#1060 = CARTESIAN_POINT ( 'NONE',  ( -24.74999999999999289, 47.50000000000000000, 41.25000000000000000 ) ) ;
#1061 = VERTEX_POINT ( 'NONE', #1266 ) ;
#1062 = DIRECTION ( 'NONE',  ( 0.000000000000000000, 1.000000000000000000, 0.000000000000000000 ) ) ;
#1063 = ORIENTED_EDGE ( 'NONE', *, *, #3207, .T. ) ;
#1064 = VERTEX_POINT ( 'NONE', #2098 ) ;
#1065 = EDGE_CURVE ( 'NONE', #1140, #2973, #2794, .T. ) ;
#1066 = DIRECTION ( 'NONE',  ( -6.938893903907223447E-16, -1.000000000000000000, -0.000000000000000000 ) ) ;
#1067 = AXIS2_PLACEMENT_3D ( 'NONE', #3070, #2202, #2682 ) ;
#1068 = DIRECTION ( 'NONE',  ( -1.000000000000000000, 0.000000000000000000, -0.000000000000000000 ) ) ;
#1069 = LINE ( 'NONE', #1352, #1803 ) ;
#1070 = CARTESIAN_POINT ( 'NONE',  ( -27.75000000000001066, 10.00000000000000000, 52.00000000000000000 ) ) ;
#1071 = ORIENTED_EDGE ( 'NONE', *, *, #2767, .F. ) ;
#1072 = CARTESIAN_POINT ( 'NONE',  ( -50.31867409493050047, -8.324999999999985079, -56.66455803164352290 ) ) ;
#1073 = DIRECTION ( 'NONE',  ( -1.000000000000000000, -2.891205793294678080E-17, -0.000000000000000000 ) ) ;
#1074 = CIRCLE ( 'NONE', #1330, 1.500000000000001332 ) ;
#1075 = ADVANCED_FACE ( 'NONE', ( #1836 ), #1301, .T. ) ;
#1076 = DIRECTION ( 'NONE',  ( -1.000000000000000000, 0.000000000000000000, 0.000000000000000000 ) ) ;
#1077 = ORIENTED_EDGE ( 'NONE', *, *, #1291, .T. ) ;
#1078 = LOCAL_TIME ( 10, 36, 46.00000000000000000, #2396 ) ;
#1079 = CARTESIAN_POINT ( 'NONE',  ( -19.95646728200213360, 46.63999999999996504, -154.9955803164349675 ) ) ;
#1080 = ORIENTED_EDGE ( 'NONE', *, *, #932, .T. ) ;
#1081 = ORIENTED_EDGE ( 'NONE', *, *, #387, .F. ) ;
#1082 = AXIS2_PLACEMENT_3D ( 'NONE', #2354, #3094, #1323 ) ;
#1083 = DIRECTION ( 'NONE',  ( 0.000000000000000000, 0.000000000000000000, -1.000000000000000000 ) ) ;
#1084 = EDGE_CURVE ( 'NONE', #821, #2214, #1283, .T. ) ;
#1085 = DIRECTION ( 'NONE',  ( -1.000000000000000000, 1.387778780781445922E-16, -0.000000000000000000 ) ) ;
#1086 = FACE_BOUND ( 'NONE', #2140, .T. ) ;
#1087 = CARTESIAN_POINT ( 'NONE',  ( -25.54353271799787706, 4.638692345779120707, -104.2955803164349646 ) ) ;
#1088 = AXIS2_PLACEMENT_3D ( 'NONE', #143, #847, #1127 ) ;
#1089 = ORIENTED_EDGE ( 'NONE', *, *, #2282, .F. ) ;
#1090 = CARTESIAN_POINT ( 'NONE',  ( -19.75000000000000355, -8.324999999999985079, -16.22500000000001563 ) ) ;
#1091 = CARTESIAN_POINT ( 'NONE',  ( -24.74999999999999289, 12.14999999999999503, -86.37525551735875240 ) ) ;
#1092 = ORIENTED_EDGE ( 'NONE', *, *, #1506, .F. ) ;
#1093 = DIRECTION ( 'NONE',  ( 0.000000000000000000, 0.000000000000000000, -1.000000000000000000 ) ) ;
#1094 = ORIENTED_EDGE ( 'NONE', *, *, #2076, .F. ) ;
#1095 = VERTEX_POINT ( 'NONE', #1771 ) ;
#1096 = CARTESIAN_POINT ( 'NONE',  ( 80.00000000000005684, 18.79999999999998650, -73.29779015821748089 ) ) ;
#1097 = CARTESIAN_POINT ( 'NONE',  ( -27.75000000000000355, 57.00000000000000000, 52.00000000000000000 ) ) ;
#1098 = LINE ( 'NONE', #2846, #1905 ) ;
#1099 = PLANE ( 'NONE',  #277 ) ;
#1100 = ADVANCED_FACE ( 'NONE', ( #2613 ), #1367, .F. ) ;
#1101 = EDGE_CURVE ( 'NONE', #2162, #458, #3120, .T. ) ;
#1102 = AXIS2_PLACEMENT_3D ( 'NONE', #1769, #24, #2516 ) ;
#1103 = VERTEX_POINT ( 'NONE', #1618 ) ;
#1104 = DIRECTION ( 'NONE',  ( -1.000000000000000000, 0.000000000000000000, 0.000000000000000000 ) ) ;
#1105 = CIRCLE ( 'NONE', #334, 1.500000000000001332 ) ;
#1106 = ADVANCED_FACE ( 'NONE', ( #3121 ), #1607, .F. ) ;
#1107 = VECTOR ( 'NONE', #2934, 1000.000000000000000 ) ;
#1108 = ORIENTED_EDGE ( 'NONE', *, *, #2468, .T. ) ;
#1109 = LINE ( 'NONE', #2853, #2369 ) ;
#1110 = ADVANCED_FACE ( 'NONE', ( #2368 ), #3106, .T. ) ;
#1111 = DIRECTION ( 'NONE',  ( 1.000000000000000000, 0.000000000000000000, 0.000000000000000000 ) ) ;
#1112 = ORIENTED_EDGE ( 'NONE', *, *, #1493, .F. ) ;
#1113 = DIRECTION ( 'NONE',  ( 1.000000000000000000, -1.387778780781445676E-16, 0.000000000000000000 ) ) ;
#1114 = FACE_BOUND ( 'NONE', #1980, .T. ) ;
#1115 = CYLINDRICAL_SURFACE ( 'NONE', #1154, 1.499999999999994449 ) ;
#1116 = CARTESIAN_POINT ( 'NONE',  ( -27.75000000000000711, 20.29999999999999716, -73.29779015821748089 ) ) ;
#1117 = CIRCLE ( 'NONE', #1172, 1.500000000000004885 ) ;
#1118 = ORIENTED_EDGE ( 'NONE', *, *, #2121, .T. ) ;
#1119 = CARTESIAN_POINT ( 'NONE',  ( -170.0000000000000000, 22.49999999999998934, 41.25000000000000000 ) ) ;
#1120 = EDGE_CURVE ( 'NONE', #51, #1181, #2601, .T. ) ;
#1121 = EDGE_CURVE ( 'NONE', #2335, #1423, #1853, .T. ) ;
#1122 = ORIENTED_EDGE ( 'NONE', *, *, #2953, .T. ) ;
#1123 = CARTESIAN_POINT ( 'NONE',  ( -27.75000000000001066, 10.00000000000000000, 51.99999999999997158 ) ) ;
#1124 = VECTOR ( 'NONE', #1183, 1000.000000000000000 ) ;
#1125 = CARTESIAN_POINT ( 'NONE',  ( 0.000000000000000000, 0.000000000000000000, 0.000000000000000000 ) ) ;
#1126 = VECTOR ( 'NONE', #310, 1000.000000000000000 ) ;
#1127 = DIRECTION ( 'NONE',  ( -1.000000000000000000, 4.886545002751564989E-16, 0.000000000000000000 ) ) ;
#1128 = DIRECTION ( 'NONE',  ( 0.000000000000000000, 0.000000000000000000, 1.000000000000000000 ) ) ;
#1129 = CARTESIAN_POINT ( 'NONE',  ( -25.54353271799787706, 4.638692345779120707, -154.9955803164349675 ) ) ;
#1130 = VERTEX_POINT ( 'NONE', #609 ) ;
#1131 = ADVANCED_FACE ( 'NONE', ( #2845 ), #376, .F. ) ;
#1132 = DIRECTION ( 'NONE',  ( -0.000000000000000000, -0.000000000000000000, 1.000000000000000000 ) ) ;
#1133 = ORIENTED_EDGE ( 'NONE', *, *, #2872, .T. ) ;
#1134 = LINE ( 'NONE', #1912, #1124 ) ;
#1135 = VERTEX_POINT ( 'NONE', #639 ) ;
#1136 = ORIENTED_EDGE ( 'NONE', *, *, #445, .F. ) ;
#1137 = VECTOR ( 'NONE', #442, 1000.000000000000000 ) ;
#1138 = LINE ( 'NONE', #2623, #1056 ) ;
#1139 = EDGE_CURVE ( 'NONE', #719, #2824, #1635, .T. ) ;
#1140 = VERTEX_POINT ( 'NONE', #672 ) ;
#1141 = CYLINDRICAL_SURFACE ( 'NONE', #1281, 14.00000000000000355 ) ;
#1142 = CARTESIAN_POINT ( 'NONE',  ( -21.25000000000000355, 1.638692345779117820, -154.9955803164349675 ) ) ;
#1143 = ORIENTED_EDGE ( 'NONE', *, *, #728, .F. ) ;
#1144 = LINE ( 'NONE', #688, #1497 ) ;
#1145 = DIRECTION ( 'NONE',  ( 0.000000000000000000, 0.000000000000000000, -1.000000000000000000 ) ) ;
#1146 = VERTEX_POINT ( 'NONE', #411 ) ;
#1147 = EDGE_CURVE ( 'NONE', #1177, #660, #2033, .T. ) ;
#1148 = DIRECTION ( 'NONE',  ( 1.000000000000000000, -0.000000000000000000, -0.000000000000000000 ) ) ;
#1149 = CARTESIAN_POINT ( 'NONE',  ( -25.75000000000000000, 3.144479452198277514, -16.22500000000001563 ) ) ;
#1150 = ORIENTED_EDGE ( 'NONE', *, *, #2533, .T. ) ;
#1151 = CONICAL_SURFACE ( 'NONE', #2822, 1.500000000000004885, 0.7853981633974479459 ) ;
#1152 = EDGE_LOOP ( 'NONE', ( #2285, #3147, #1748, #2639, #1811 ) ) ;
#1153 = ORIENTED_EDGE ( 'NONE', *, *, #1121, .T. ) ;
#1154 = AXIS2_PLACEMENT_3D ( 'NONE', #1594, #3095, #2399 ) ;
#1155 = CARTESIAN_POINT ( 'NONE',  ( -27.75000000000000355, 57.00000000000000000, -151.9955803164349390 ) ) ;
#1156 = AXIS2_PLACEMENT_3D ( 'NONE', #1984, #2976, #1707 ) ;
#1157 = ORIENTED_EDGE ( 'NONE', *, *, #1685, .T. ) ;
#1158 = DIRECTION ( 'NONE',  ( 1.000000000000000000, -1.387778780781445922E-16, 0.000000000000000000 ) ) ;
#1159 = ADVANCED_FACE ( 'NONE', ( #2877 ), #883, .F. ) ;
#1160 = EDGE_CURVE ( 'NONE', #155, #1816, #2117, .T. ) ;
#1161 = CARTESIAN_POINT ( 'NONE',  ( -170.0000000000000000, 28.44999999999998508, -58.42034058415723763 ) ) ;
#1162 = DIRECTION ( 'NONE',  ( 1.000000000000000000, 1.040834085586084257E-16, 0.000000000000000000 ) ) ;
#1163 = VERTEX_POINT ( 'NONE', #2891 ) ;
#1164 = DIRECTION ( 'NONE',  ( 0.3959401535119443372, 0.9182763172580125088, -0.000000000000000000 ) ) ;
#1165 = DIRECTION ( 'NONE',  ( -1.000000000000000000, 0.000000000000000000, 0.000000000000000000 ) ) ;
#1166 = ORIENTED_EDGE ( 'NONE', *, *, #2725, .F. ) ;
#1167 = CARTESIAN_POINT ( 'NONE',  ( -17.75000000000000355, 10.00000000000000178, -50.99019513592786268 ) ) ;
#1168 = CARTESIAN_POINT ( 'NONE',  ( -17.75000000000001421, 20.29999999999999005, -29.30000000000001492 ) ) ;
#1169 = VECTOR ( 'NONE', #1670, 1000.000000000000114 ) ;
#1170 = ORIENTED_EDGE ( 'NONE', *, *, #838, .T. ) ;
#1171 = VECTOR ( 'NONE', #1531, 999.9999999999998863 ) ;
#1172 = AXIS2_PLACEMENT_3D ( 'NONE', #1276, #1844, #1528 ) ;
#1173 = LINE ( 'NONE', #1414, #2828 ) ;
#1174 = ORIENTED_EDGE ( 'NONE', *, *, #542, .F. ) ;
#1175 = ORIENTED_EDGE ( 'NONE', *, *, #491, .F. ) ;
#1176 = CARTESIAN_POINT ( 'NONE',  ( -19.75000000000001066, 20.29999999999999005, -23.30000000000000782 ) ) ;
#1177 = VERTEX_POINT ( 'NONE', #2649 ) ;
#1178 = EDGE_CURVE ( 'NONE', #2125, #2216, #1624, .T. ) ;
#1179 = CARTESIAN_POINT ( 'NONE',  ( -19.75000000000001066, 20.29999999999999005, -9.300000000000004263 ) ) ;
#1180 = FACE_OUTER_BOUND ( 'NONE', #1466, .T. ) ;
#1181 = VERTEX_POINT ( 'NONE', #1356 ) ;
#1182 = FACE_BOUND ( 'NONE', #147, .T. ) ;
#1183 = DIRECTION ( 'NONE',  ( -0.000000000000000000, -0.000000000000000000, -1.000000000000000000 ) ) ;
#1184 = ORIENTED_EDGE ( 'NONE', *, *, #2842, .T. ) ;
#1185 = DIRECTION ( 'NONE',  ( -1.000000000000000000, 1.387778780781445922E-16, -0.000000000000000000 ) ) ;
#1186 = AXIS2_PLACEMENT_3D ( 'NONE', #2871, #1881, #393 ) ;
#1187 = ORIENTED_EDGE ( 'NONE', *, *, #912, .F. ) ;
#1188 = CYLINDRICAL_SURFACE ( 'NONE', #1430, 1.499999999999997780 ) ;
#1189 = CARTESIAN_POINT ( 'NONE',  ( -25.54353271799787706, 46.63999999999996504, -104.2955803164349646 ) ) ;
#1190 = ORIENTED_EDGE ( 'NONE', *, *, #323, .T. ) ;
#1191 = LINE ( 'NONE', #2472, #2112 ) ;
#1192 = FACE_BOUND ( 'NONE', #2169, .T. ) ;
#1193 = ORIENTED_EDGE ( 'NONE', *, *, #2348, .F. ) ;
#1194 = EDGE_LOOP ( 'NONE', ( #1277, #1872, #2839, #2118, #1714 ) ) ;
#1195 = CARTESIAN_POINT ( 'NONE',  ( 7.249999999999985789, -50.00000000000001421, -144.1830803164349390 ) ) ;
#1196 = LINE ( 'NONE', #1962, #1544 ) ;
#1197 = EDGE_CURVE ( 'NONE', #1061, #1740, #767, .T. ) ;
#1198 = ORIENTED_EDGE ( 'NONE', *, *, #1485, .T. ) ;
#1199 = DIRECTION ( 'NONE',  ( -1.734723475976806108E-16, 1.000000000000000000, 0.000000000000000000 ) ) ;
#1200 = EDGE_CURVE ( 'NONE', #715, #2108, #1144, .T. ) ;
#1201 = CIRCLE ( 'NONE', #3032, 4.500000000000010658 ) ;
#1202 = CONICAL_SURFACE ( 'NONE', #3033, 1.500000000000001332, 0.7853981633974469467 ) ;
#1203 = VECTOR ( 'NONE', #1305, 1000.000000000000000 ) ;
#1204 = ORIENTED_EDGE ( 'NONE', *, *, #3218, .F. ) ;
#1205 = DIRECTION ( 'NONE',  ( 1.000000000000000000, 0.000000000000000000, 0.000000000000000000 ) ) ;
#1206 = VECTOR ( 'NONE', #2142, 1000.000000000000000 ) ;
#1207 = EDGE_CURVE ( 'NONE', #1103, #51, #166, .T. ) ;
#1208 = AXIS2_PLACEMENT_3D ( 'NONE', #117, #2851, #1525 ) ;
#1209 = LINE ( 'NONE', #2217, #3195 ) ;
#1210 = VERTEX_POINT ( 'NONE', #1179 ) ;
#1211 = EDGE_CURVE ( 'NONE', #1130, #434, #425, .T. ) ;
#1212 = CARTESIAN_POINT ( 'NONE',  ( -170.0000000000000000, 28.44999999999998508, -58.42034058415723763 ) ) ;
#1213 = DIRECTION ( 'NONE',  ( 1.000000000000000000, 0.000000000000000000, 0.000000000000000000 ) ) ;
#1214 = LINE ( 'NONE', #1911, #305 ) ;
#1215 = LINE ( 'NONE', #1240, #1973 ) ;
#1216 = ORIENTED_EDGE ( 'NONE', *, *, #287, .T. ) ;
#1217 = CARTESIAN_POINT ( 'NONE',  ( -25.75000000000000000, 3.144479452198277514, -130.3705803164349390 ) ) ;
#1218 = CC_DESIGN_PERSON_AND_ORGANIZATION_ASSIGNMENT ( #1616, #3030, ( #42 ) ) ;
#1219 = VERTEX_POINT ( 'NONE', #1691 ) ;
#1220 = CARTESIAN_POINT ( 'NONE',  ( -25.75000000000000000, 3.144479452198277514, -16.22500000000001563 ) ) ;
#1221 = CYLINDRICAL_SURFACE ( 'NONE', #1516, 1.499999999999997780 ) ;
#1222 = VERTEX_POINT ( 'NONE', #1659 ) ;
#1223 = FACE_OUTER_BOUND ( 'NONE', #2415, .T. ) ;
#1224 = FACE_OUTER_BOUND ( 'NONE', #2660, .T. ) ;
#1225 = CARTESIAN_POINT ( 'NONE',  ( -17.75000000000001421, 47.50000000000000000, 13.74999999999999822 ) ) ;
#1226 = FACE_OUTER_BOUND ( 'NONE', #3149, .T. ) ;
#1227 = EDGE_CURVE ( 'NONE', #2937, #1397, #1403, .T. ) ;
#1228 = ORIENTED_EDGE ( 'NONE', *, *, #2842, .F. ) ;
#1229 = DIRECTION ( 'NONE',  ( -0.7071067811865453523, -0.7071067811865496822, -0.000000000000000000 ) ) ;
#1230 = ORIENTED_EDGE ( 'NONE', *, *, #1279, .T. ) ;
#1231 = EDGE_CURVE ( 'NONE', #1476, #2609, #2359, .T. ) ;
#1232 = CARTESIAN_POINT ( 'NONE',  ( -17.75000000000000355, -48.50000000000002132, -144.1830803164349390 ) ) ;
#1233 = EDGE_CURVE ( 'NONE', #844, #873, #214, .T. ) ;
#1234 = VECTOR ( 'NONE', #2260, 1000.000000000000000 ) ;
#1235 = CARTESIAN_POINT ( 'NONE',  ( -24.75000000000002842, -50.00000000000000711, -142.6830803164349390 ) ) ;
#1236 = EDGE_LOOP ( 'NONE', ( #3075, #656, #1405, #561 ) ) ;
#1237 = CARTESIAN_POINT ( 'NONE',  ( 80.00000000000005684, 20.29999999999998295, -73.29779015821748089 ) ) ;
#1238 = CARTESIAN_POINT ( 'NONE',  ( 7.249999999999985789, -50.00000000000001421, -144.1830803164349390 ) ) ;
#1239 = LINE ( 'NONE', #753, #1583 ) ;
#1240 = CARTESIAN_POINT ( 'NONE',  ( -170.0000000000000000, 13.64999999999997726, -86.37525551735875240 ) ) ;
#1241 = ORIENTED_EDGE ( 'NONE', *, *, #2742, .T. ) ;
#1242 = ORIENTED_EDGE ( 'NONE', *, *, #635, .T. ) ;
#1243 = DIRECTION ( 'NONE',  ( 1.836970198721029934E-16, 1.000000000000000000, 0.000000000000000000 ) ) ;
#1244 = VERTEX_POINT ( 'NONE', #2911 ) ;
#1245 = CARTESIAN_POINT ( 'NONE',  ( -17.75000000000001421, 1.638692345779117820, -104.2955803164349646 ) ) ;
#1246 = VECTOR ( 'NONE', #2539, 1000.000000000000000 ) ;
#1247 = CARTESIAN_POINT ( 'NONE',  ( -17.75000000000000355, -40.00000000000000711, -144.1830803164349390 ) ) ;
#1248 = AXIS2_PLACEMENT_3D ( 'NONE', #3049, #565, #1255 ) ;
#1249 = EDGE_LOOP ( 'NONE', ( #1499, #2534 ) ) ;
#1250 = EDGE_CURVE ( 'NONE', #2951, #2015, #1664, .T. ) ;
#1251 = LINE ( 'NONE', #500, #259 ) ;
#1252 = AXIS2_PLACEMENT_3D ( 'NONE', #2430, #2917, #927 ) ;
#1253 = FACE_OUTER_BOUND ( 'NONE', #1718, .T. ) ;
#1254 = DIRECTION ( 'NONE',  ( -1.000000000000000000, -0.000000000000000000, -0.000000000000000000 ) ) ;
#1255 = DIRECTION ( 'NONE',  ( -1.000000000000000000, 0.000000000000000000, -0.000000000000000000 ) ) ;
#1256 = DIRECTION ( 'NONE',  ( 1.000000000000000000, -0.000000000000000000, -0.000000000000000000 ) ) ;
#1257 = ORIENTED_EDGE ( 'NONE', *, *, #433, .F. ) ;
#1258 = ORIENTED_EDGE ( 'NONE', *, *, #1120, .F. ) ;
#1259 = CARTESIAN_POINT ( 'NONE',  ( -27.75000000000001066, 10.00000000000000000, -50.99019513592786268 ) ) ;
#1260 = CARTESIAN_POINT ( 'NONE',  ( -24.74999999999999289, 47.50000000000000000, 15.25000000000000355 ) ) ;
#1261 = ORIENTED_EDGE ( 'NONE', *, *, #1293, .F. ) ;
#1262 = CARTESIAN_POINT ( 'NONE',  ( -27.75000000000001066, 12.14999999999999503, -86.37525551735875240 ) ) ;
#1263 = AXIS2_PLACEMENT_3D ( 'NONE', #2751, #1508, #1059 ) ;
#1264 = CARTESIAN_POINT ( 'NONE',  ( -24.74999999999999289, 47.50000000000000000, 42.75000000000000000 ) ) ;
#1265 = ORIENTED_EDGE ( 'NONE', *, *, #2507, .T. ) ;
#1266 = CARTESIAN_POINT ( 'NONE',  ( -24.74999999999999289, 47.50000000000000000, 12.24999999999999289 ) ) ;
#1267 = DIRECTION ( 'NONE',  ( 0.000000000000000000, 0.000000000000000000, 1.000000000000000000 ) ) ;
#1268 = DIRECTION ( 'NONE',  ( 1.000000000000000000, 1.465963500825469940E-16, 0.000000000000000000 ) ) ;
#1269 = DIRECTION ( 'NONE',  ( 1.000000000000000000, -0.000000000000000000, -0.000000000000000000 ) ) ;
#1270 = PERSON_AND_ORGANIZATION_ROLE ( 'creator' ) ;
#1271 = VECTOR ( 'NONE', #1461, 1000.000000000000000 ) ;
#1272 = ORIENTED_EDGE ( 'NONE', *, *, #1882, .F. ) ;
#1273 = CARTESIAN_POINT ( 'NONE',  ( -24.75000000000004974, 20.99999999999999645, 41.25000000000000000 ) ) ;
#1274 = AXIS2_PLACEMENT_3D ( 'NONE', #3182, #1148, #2408 ) ;
#1275 = CARTESIAN_POINT ( 'NONE',  ( -17.75000000000001421, 20.29999999999999005, -23.30000000000000782 ) ) ;
#1276 = CARTESIAN_POINT ( 'NONE',  ( -24.74999999999999289, 47.50000000000000000, 13.74999999999999822 ) ) ;
#1277 = ORIENTED_EDGE ( 'NONE', *, *, #2989, .F. ) ;
#1278 = DIRECTION ( 'NONE',  ( -1.000000000000000000, 0.000000000000000000, 0.000000000000000000 ) ) ;
#1279 = EDGE_CURVE ( 'NONE', #694, #517, #2403, .T. ) ;
#1280 = ORIENTED_EDGE ( 'NONE', *, *, #3153, .F. ) ;
#1281 = AXIS2_PLACEMENT_3D ( 'NONE', #2874, #640, #182 ) ;
#1282 = CARTESIAN_POINT ( 'NONE',  ( -27.75000000000001776, -60.00000000000001421, -154.9955803164349675 ) ) ;
#1283 = CIRCLE ( 'NONE', #2337, 1.500000000000001332 ) ;
#1284 = CYLINDRICAL_SURFACE ( 'NONE', #1622, 3.000000000000002665 ) ;
#1285 = CARTESIAN_POINT ( 'NONE',  ( -27.75000000000001066, 12.14999999999999503, -86.37525551735875240 ) ) ;
#1286 = CARTESIAN_POINT ( 'NONE',  ( -24.75000000000002842, -40.00000000000000000, -145.6830803164349675 ) ) ;
#1287 = APPROVAL_STATUS ( 'not_yet_approved' ) ;
#1288 = ORIENTED_EDGE ( 'NONE', *, *, #828, .T. ) ;
#1289 = CARTESIAN_POINT ( 'NONE',  ( -24.74999999999999289, 47.50000000000000000, 41.25000000000000000 ) ) ;
#1290 = CARTESIAN_POINT ( 'NONE',  ( -19.75000000000001066, 20.29999999999999005, -37.30000000000001137 ) ) ;
#1291 = EDGE_CURVE ( 'NONE', #2137, #3167, #2171, .T. ) ;
#1293 = EDGE_CURVE ( 'NONE', #1740, #413, #667, .T. ) ;
#1292 = CARTESIAN_POINT ( 'NONE',  ( -27.75000000000004974, -59.99999999999999289, -13.22500000000001386 ) ) ;
#1294 = ORIENTED_EDGE ( 'NONE', *, *, #522, .F. ) ;
#1295 = DIRECTION ( 'NONE',  ( -1.000000000000000000, 1.387778780781445922E-16, -0.000000000000000000 ) ) ;
#1296 = ORIENTED_EDGE ( 'NONE', *, *, #1789, .T. ) ;
#1297 = EDGE_LOOP ( 'NONE', ( #1960, #3131 ) ) ;
#1298 = AXIS2_PLACEMENT_3D ( 'NONE', #2473, #1165, #1959 ) ;
#1299 = EDGE_CURVE ( 'NONE', #2334, #2824, #2423, .T. ) ;
#1300 = AXIS2_PLACEMENT_3D ( 'NONE', #3019, #773, #3036 ) ;
#1301 = CYLINDRICAL_SURFACE ( 'NONE', #2969, 3.000000000000002665 ) ;
#1302 = DIRECTION ( 'NONE',  ( -0.9486832980505138790, 6.582812753581311037E-16, 0.3162277660168379412 ) ) ;
#1303 = AXIS2_PLACEMENT_3D ( 'NONE', #1574, #311, #1794 ) ;
#1304 = DIRECTION ( 'NONE',  ( -1.000000000000000000, 0.000000000000000000, 0.000000000000000000 ) ) ;
#1305 = DIRECTION ( 'NONE',  ( -1.000000000000000000, 1.387778780781445676E-16, -0.000000000000000000 ) ) ;
#1306 = APPROVAL_STATUS ( 'not_yet_approved' ) ;
#1307 = EDGE_CURVE ( 'NONE', #1345, #58, #2287, .T. ) ;
#1308 = VECTOR ( 'NONE', #1243, 1000.000000000000000 ) ;
#1309 = EDGE_LOOP ( 'NONE', ( #884, #1415, #1842, #2557, #1796 ) ) ;
#1310 = CARTESIAN_POINT ( 'NONE',  ( -17.75000000000000355, -57.00000000000000711, -3.000000000000002665 ) ) ;
#1311 = DIRECTION ( 'NONE',  ( 0.000000000000000000, 0.000000000000000000, -1.000000000000000000 ) ) ;
#1312 = DIRECTION ( 'NONE',  ( 4.886545002751564989E-16, 1.000000000000000000, 0.000000000000000000 ) ) ;
#1313 = AXIS2_PLACEMENT_3D ( 'NONE', #973, #3014, #984 ) ;
#1314 = ORIENTED_EDGE ( 'NONE', *, *, #2607, .T. ) ;
#1315 = FACE_OUTER_BOUND ( 'NONE', #2543, .T. ) ;
#1316 = VERTEX_POINT ( 'NONE', #3125 ) ;
#1317 = ORIENTED_EDGE ( 'NONE', *, *, #1009, .T. ) ;
#1318 = DIRECTION ( 'NONE',  ( -1.000000000000000000, 0.000000000000000000, 0.000000000000000000 ) ) ;
#1319 = VECTOR ( 'NONE', #1773, 1000.000000000000000 ) ;
#1320 = CIRCLE ( 'NONE', #89, 4.500000000000017764 ) ;
#1321 = AXIS2_PLACEMENT_3D ( 'NONE', #2681, #3214, #969 ) ;
#1322 = DIRECTION ( 'NONE',  ( -1.000000000000000000, 0.000000000000000000, 0.000000000000000000 ) ) ;
#1323 = DIRECTION ( 'NONE',  ( 0.000000000000000000, 0.000000000000000000, 1.000000000000000000 ) ) ;
#1324 = DIRECTION ( 'NONE',  ( 0.000000000000000000, 0.000000000000000000, 1.000000000000000000 ) ) ;
#1325 = ORIENTED_EDGE ( 'NONE', *, *, #2837, .T. ) ;
#1326 = ORIENTED_EDGE ( 'NONE', *, *, #94, .T. ) ;
#1327 = EDGE_CURVE ( 'NONE', #212, #1177, #2979, .T. ) ;
#1328 = CARTESIAN_POINT ( 'NONE',  ( -17.75000000000000355, 60.00000000000000711, -151.9955803164349390 ) ) ;
#1329 = DIRECTION ( 'NONE',  ( 0.000000000000000000, 0.000000000000000000, -1.000000000000000000 ) ) ;
#1330 = AXIS2_PLACEMENT_3D ( 'NONE', #2702, #488, #3233 ) ;
#1331 = CARTESIAN_POINT ( 'NONE',  ( -170.0000000000000000, 49.63999999999997215, -104.2955803164349646 ) ) ;
#1332 = ORIENTED_EDGE ( 'NONE', *, *, #3011, .F. ) ;
#1333 = DIRECTION ( 'NONE',  ( -1.836970198721029934E-16, -1.000000000000000000, 0.000000000000000000 ) ) ;
#1334 = ORIENTED_EDGE ( 'NONE', *, *, #1178, .T. ) ;
#1335 = ORIENTED_EDGE ( 'NONE', *, *, #2460, .F. ) ;
#1336 = EDGE_CURVE ( 'NONE', #1560, #2792, #2486, .T. ) ;
#1337 = ORIENTED_EDGE ( 'NONE', *, *, #1355, .F. ) ;
#1338 = ADVANCED_FACE ( 'NONE', ( #1223 ), #258, .F. ) ;
#1339 = ORIENTED_EDGE ( 'NONE', *, *, #2235, .T. ) ;
#1340 = DIRECTION ( 'NONE',  ( -1.000000000000000000, 0.000000000000000000, 0.000000000000000000 ) ) ;
#1341 = EDGE_CURVE ( 'NONE', #506, #1564, #2439, .T. ) ;
#1342 = DIRECTION ( 'NONE',  ( 1.000000000000000000, 1.040834085586084257E-16, 0.000000000000000000 ) ) ;
#1343 = CARTESIAN_POINT ( 'NONE',  ( -27.75000000000001776, -50.00000000000000711, -144.1830803164349390 ) ) ;
#1344 = DIRECTION ( 'NONE',  ( 0.9486832980505138790, -6.582812753581311037E-16, 0.3162277660168379412 ) ) ;
#1345 = VERTEX_POINT ( 'NONE', #2949 ) ;
#1346 = LINE ( 'NONE', #2344, #2617 ) ;
#1347 = EDGE_CURVE ( 'NONE', #844, #894, #26, .T. ) ;
#1348 = VERTEX_POINT ( 'NONE', #3197 ) ;
#1349 = FACE_OUTER_BOUND ( 'NONE', #492, .T. ) ;
#1350 = EDGE_LOOP ( 'NONE', ( #2591, #136 ) ) ;
#1351 = CARTESIAN_POINT ( 'NONE',  ( -17.75000000000000355, 10.00000000000000178, -133.3705803164349390 ) ) ;
#1352 = CARTESIAN_POINT ( 'NONE',  ( -24.74999999999999289, 47.50000000000000000, 42.75000000000000000 ) ) ;
#1353 = CARTESIAN_POINT ( 'NONE',  ( -5.000000000000000000, -1.799999999999994049, -149.9955803164349390 ) ) ;
#1354 = AXIS2_PLACEMENT_3D ( 'NONE', #1446, #920, #3143 ) ;
#1355 = EDGE_CURVE ( 'NONE', #2089, #775, #1251, .T. ) ;
#1356 = CARTESIAN_POINT ( 'NONE',  ( -17.75000000000001066, -0.5999999999999963141, -154.9955803164349675 ) ) ;
#1357 = ORIENTED_EDGE ( 'NONE', *, *, #1101, .T. ) ;
#1358 = FACE_OUTER_BOUND ( 'NONE', #560, .T. ) ;
#1359 = VECTOR ( 'NONE', #1005, 1000.000000000000000 ) ;
#1360 = VERTEX_POINT ( 'NONE', #2502 ) ;
#1361 = VECTOR ( 'NONE', #349, 1000.000000000000114 ) ;
#1362 = ORIENTED_EDGE ( 'NONE', *, *, #826, .T. ) ;
#1363 = ORIENTED_EDGE ( 'NONE', *, *, #2468, .F. ) ;
#1364 = EDGE_CURVE ( 'NONE', #2397, #3129, #751, .T. ) ;
#1365 =( LENGTH_UNIT ( ) NAMED_UNIT ( * ) SI_UNIT ( .MILLI., .METRE. ) );
#1366 = ORIENTED_EDGE ( 'NONE', *, *, #2394, .F. ) ;
#1367 = PLANE ( 'NONE',  #371 ) ;
#1368 = CARTESIAN_POINT ( 'NONE',  ( -170.0000000000000000, 22.49999999999998934, 13.74999999999999822 ) ) ;
#1369 = FACE_OUTER_BOUND ( 'NONE', #1699, .T. ) ;
#1370 = VECTOR ( 'NONE', #2083, 1000.000000000000000 ) ;
#1371 = VECTOR ( 'NONE', #1880, 1000.000000000000114 ) ;
#1372 = CARTESIAN_POINT ( 'NONE',  ( -27.75000000000002132, -57.00000000000000711, -3.000000000000002665 ) ) ;
#1373 = CONICAL_SURFACE ( 'NONE', #696, 1.500000000000001332, 0.7853981633974479459 ) ;
#1374 = ORIENTED_EDGE ( 'NONE', *, *, #897, .T. ) ;
#1375 = CARTESIAN_POINT ( 'NONE',  ( -17.75000000000001421, 22.50000000000000711, 41.25000000000000000 ) ) ;
#1376 = VERTEX_POINT ( 'NONE', #1709 ) ;
#1377 = ORIENTED_EDGE ( 'NONE', *, *, #2864, .T. ) ;
#1378 = CARTESIAN_POINT ( 'NONE',  ( -17.75000000000001421, 28.45000000000000284, -58.42034058415723763 ) ) ;
#1379 = AXIS2_PLACEMENT_3D ( 'NONE', #208, #189, #2653 ) ;
#1380 = DATE_AND_TIME ( #2799, #2325 ) ;
#1381 = ORIENTED_EDGE ( 'NONE', *, *, #3153, .T. ) ;
#1382 = ADVANCED_FACE ( 'NONE', ( #2454 ), #1013, .F. ) ;
#1383 = CARTESIAN_POINT ( 'NONE',  ( -170.0000000000000000, 1.638692345779117820, -104.2955803164349646 ) ) ;
#1384 = CARTESIAN_POINT ( 'NONE',  ( -25.75000000000004263, -59.99999999999999289, -130.3705803164349390 ) ) ;
#1385 = CARTESIAN_POINT ( 'NONE',  ( -17.75000000000001421, 26.95000000000000639, -86.37525551735875240 ) ) ;
#1386 = EDGE_LOOP ( 'NONE', ( #3061, #2900, #1581, #264, #2273, #2448, #1187, #1819, #1801 ) ) ;
#1387 = DIRECTION ( 'NONE',  ( 1.000000000000000000, 1.040834085586084257E-16, 0.000000000000000000 ) ) ;
#1388 = FACE_OUTER_BOUND ( 'NONE', #1647, .T. ) ;
#1389 = ORIENTED_EDGE ( 'NONE', *, *, #889, .T. ) ;
#1390 = DIRECTION ( 'NONE',  ( 1.836970198721029934E-16, 1.000000000000000000, -0.000000000000000000 ) ) ;
#1391 = CARTESIAN_POINT ( 'NONE',  ( -24.74999999999999289, 28.44999999999999929, -56.92034058415724473 ) ) ;
#1392 = ORIENTED_EDGE ( 'NONE', *, *, #165, .F. ) ;
#1393 = EDGE_LOOP ( 'NONE', ( #61, #1650, #418, #2835, #1366 ) ) ;
#1394 = CARTESIAN_POINT ( 'NONE',  ( -27.75000000000001066, 1.640478855513119338, -104.1955961015159744 ) ) ;
#1395 = EDGE_CURVE ( 'NONE', #1915, #941, #1804, .T. ) ;
#1396 = EDGE_CURVE ( 'NONE', #2651, #2824, #1976, .T. ) ;
#1397 = VERTEX_POINT ( 'NONE', #3012 ) ;
#1398 = CARTESIAN_POINT ( 'NONE',  ( -24.75000000000002842, -40.00000000000000000, -142.6830803164349390 ) ) ;
#1399 = CARTESIAN_POINT ( 'NONE',  ( -17.75000000000001421, 60.00000000000000711, 0.000000000000000000 ) ) ;
#1400 = CARTESIAN_POINT ( 'NONE',  ( -27.75000000000000355, 60.00000000000000711, -104.1955961015159744 ) ) ;
#1401 = ORIENTED_EDGE ( 'NONE', *, *, #1439, .F. ) ;
#1402 = ADVANCED_FACE ( 'NONE', ( #484 ), #2000, .F. ) ;
#1403 = LINE ( 'NONE', #380, #1137 ) ;
#1404 = DIRECTION ( 'NONE',  ( -0.000000000000000000, 1.000000000000000000, -0.000000000000000000 ) ) ;
#1405 = ORIENTED_EDGE ( 'NONE', *, *, #622, .T. ) ;
#1406 = DIRECTION ( 'NONE',  ( -1.000000000000000000, -0.000000000000000000, -0.000000000000000000 ) ) ;
#1407 = CARTESIAN_POINT ( 'NONE',  ( -25.54353271799787706, 4.638692345779120707, -154.9955803164349675 ) ) ;
#1408 = ADVANCED_FACE ( 'NONE', ( #766 ), #2627, .F. ) ;
#1409 = AXIS2_PLACEMENT_3D ( 'NONE', #3027, #1501, #309 ) ;
#1410 = ORIENTED_EDGE ( 'NONE', *, *, #10, .F. ) ;
#1411 = ORIENTED_EDGE ( 'NONE', *, *, #2519, .T. ) ;
#1412 = ORIENTED_EDGE ( 'NONE', *, *, #728, .T. ) ;
#1413 = AXIS2_PLACEMENT_3D ( 'NONE', #183, #2630, #2355 ) ;
#1414 = CARTESIAN_POINT ( 'NONE',  ( -24.25000000000000711, 49.63999999999997215, -93.82610086423677842 ) ) ;
#1415 = ORIENTED_EDGE ( 'NONE', *, *, #435, .T. ) ;
#1416 = AXIS2_PLACEMENT_3D ( 'NONE', #1434, #1632, #3187 ) ;
#1417 = ORIENTED_EDGE ( 'NONE', *, *, #765, .F. ) ;
#1418 = APPROVAL ( #1287, 'UNSPECIFIED' ) ;
#1419 = CALENDAR_DATE ( 2026, 2, 6 ) ;
#1420 = ORIENTED_EDGE ( 'NONE', *, *, #3031, .F. ) ;
#1421 = EDGE_CURVE ( 'NONE', #2332, #2913, #1753, .T. ) ;
#1422 = DIRECTION ( 'NONE',  ( -1.000000000000000000, 0.000000000000000000, 0.000000000000000000 ) ) ;
#1423 = VERTEX_POINT ( 'NONE', #1500 ) ;
#1424 = CIRCLE ( 'NONE', #34, 4.499999999999976019 ) ;
#1425 = DIRECTION ( 'NONE',  ( -1.000000000000000000, 0.000000000000000000, 0.000000000000000000 ) ) ;
#1426 = CARTESIAN_POINT ( 'NONE',  ( -25.54353271799787706, 4.638692345779120707, -93.82610086423677842 ) ) ;
#1427 = ORIENTED_EDGE ( 'NONE', *, *, #3185, .T. ) ;
#1428 = CARTESIAN_POINT ( 'NONE',  ( 80.00000000000005684, -8.325000000000013500, -133.3705803164349390 ) ) ;
#1429 = LINE ( 'NONE', #2138, #653 ) ;
#1430 = AXIS2_PLACEMENT_3D ( 'NONE', #2416, #3135, #895 ) ;
#1431 = EDGE_CURVE ( 'NONE', #3017, #1966, #271, .T. ) ;
#1432 = ORIENTED_EDGE ( 'NONE', *, *, #1031, .F. ) ;
#1433 = AXIS2_PLACEMENT_3D ( 'NONE', #812, #2548, #1831 ) ;
#1434 = CARTESIAN_POINT ( 'NONE',  ( -24.75000000000004974, 22.50000000000000355, 41.25000000000000000 ) ) ;
#1435 = ORIENTED_EDGE ( 'NONE', *, *, #2896, .F. ) ;
#1436 = LINE ( 'NONE', #436, #1371 ) ;
#1437 = ORIENTED_EDGE ( 'NONE', *, *, #1307, .F. ) ;
#1438 = CIRCLE ( 'NONE', #1860, 1.500000000000001332 ) ;
#1439 = EDGE_CURVE ( 'NONE', #896, #2063, #1191, .T. ) ;
#1440 = CIRCLE ( 'NONE', #559, 1.499999999999994449 ) ;
#1441 = LINE ( 'NONE', #2962, #2926 ) ;
#1442 = ORIENTED_EDGE ( 'NONE', *, *, #2686, .T. ) ;
#1443 = EDGE_CURVE ( 'NONE', #3203, #2658, #2223, .T. ) ;
#1444 = DIRECTION ( 'NONE',  ( 0.000000000000000000, 0.000000000000000000, 1.000000000000000000 ) ) ;
#1445 = EDGE_CURVE ( 'NONE', #2110, #2335, #721, .T. ) ;
#1446 = CARTESIAN_POINT ( 'NONE',  ( -17.75000000000000355, 10.00000000000000178, -50.99019513592786268 ) ) ;
#1447 = EDGE_LOOP ( 'NONE', ( #1776, #2245, #2080, #2977, #2491 ) ) ;
#1448 = FACE_OUTER_BOUND ( 'NONE', #1309, .T. ) ;
#1449 = DIRECTION ( 'NONE',  ( 0.000000000000000000, -1.000000000000000000, 0.000000000000000000 ) ) ;
#1450 = ORIENTED_EDGE ( 'NONE', *, *, #1347, .T. ) ;
#1451 = DIRECTION ( 'NONE',  ( 0.000000000000000000, 1.000000000000000000, 0.000000000000000000 ) ) ;
#1452 = EDGE_CURVE ( 'NONE', #3129, #2315, #138, .T. ) ;
#1453 = VECTOR ( 'NONE', #879, 1000.000000000000000 ) ;
#1454 = VERTEX_POINT ( 'NONE', #1292 ) ;
#1455 = CARTESIAN_POINT ( 'NONE',  ( -19.95646728200213360, 46.63999999999996504, -93.82610086423677842 ) ) ;
#1456 = CARTESIAN_POINT ( 'NONE',  ( -27.75000000000004974, -59.99999999999999289, -133.3705803164349390 ) ) ;
#1457 = ORIENTED_EDGE ( 'NONE', *, *, #3225, .T. ) ;
#1458 = CARTESIAN_POINT ( 'NONE',  ( -25.54353271799787706, 46.63999999999996504, -154.9955803164349675 ) ) ;
#1459 = CARTESIAN_POINT ( 'NONE',  ( -24.74999999999999289, 47.50000000000000000, 13.74999999999999822 ) ) ;
#1460 = CARTESIAN_POINT ( 'NONE',  ( 80.00000000000005684, -8.324999999999999289, -13.22500000000000675 ) ) ;
#1461 = DIRECTION ( 'NONE',  ( 1.000000000000000000, 1.040834085586084257E-16, 0.000000000000000000 ) ) ;
#1462 = EDGE_LOOP ( 'NONE', ( #2970, #2401, #175, #2160, #1381 ) ) ;
#1463 = CARTESIAN_POINT ( 'NONE',  ( 80.00000000000005684, -8.324999999999999289, -16.22500000000001563 ) ) ;
#1464 = CIRCLE ( 'NONE', #69, 3.000000000000002665 ) ;
#1465 = CIRCLE ( 'NONE', #1949, 5.000000000000000000 ) ;
#1466 = EDGE_LOOP ( 'NONE', ( #652, #2441 ) ) ;
#1467 = CARTESIAN_POINT ( 'NONE',  ( -27.75000000000000355, 60.00000000000000711, 0.000000000000000000 ) ) ;
#1468 = VERTEX_POINT ( 'NONE', #2314 ) ;
#1469 = AXIS2_PLACEMENT_3D ( 'NONE', #1876, #157, #2882 ) ;
#1470 = CARTESIAN_POINT ( 'NONE',  ( 2.204364238465212896E-16, -0.6000000000000058620, 0.000000000000000000 ) ) ;
#1471 = ORIENTED_EDGE ( 'NONE', *, *, #2562, .T. ) ;
#1472 = CARTESIAN_POINT ( 'NONE',  ( 80.00000000000004263, 20.29999999999999005, -17.30000000000000782 ) ) ;
#1473 = FACE_OUTER_BOUND ( 'NONE', #2727, .T. ) ;
#1474 = FACE_BOUND ( 'NONE', #450, .T. ) ;
#1475 = CARTESIAN_POINT ( 'NONE',  ( -27.75000000000000711, 28.44999999999999929, -81.87525551735873819 ) ) ;
#1476 = VERTEX_POINT ( 'NONE', #56 ) ;
#1477 = CARTESIAN_POINT ( 'NONE',  ( -19.95646728200213360, 4.638692345779120707, -104.2955803164349646 ) ) ;
#1478 = CONICAL_SURFACE ( 'NONE', #27, 1.500000000000004885, 0.7853981633974520538 ) ;
#1479 = AXIS2_PLACEMENT_3D ( 'NONE', #1675, #1692, #2965 ) ;
#1480 = ORIENTED_EDGE ( 'NONE', *, *, #1355, .T. ) ;
#1481 = LINE ( 'NONE', #1971, #2170 ) ;
#1482 = CARTESIAN_POINT ( 'NONE',  ( -17.75000000000001066, -60.00000000000001421, -151.9955803164349390 ) ) ;
#1483 = EDGE_LOOP ( 'NONE', ( #1549, #630, #2376, #101 ) ) ;
#1484 = AXIS2_PLACEMENT_3D ( 'NONE', #1375, #924, #1947 ) ;
#1485 = EDGE_CURVE ( 'NONE', #1140, #155, #2045, .T. ) ;
#1486 = DIRECTION ( 'NONE',  ( 1.000000000000000000, 1.040834085586084257E-16, 0.000000000000000000 ) ) ;
#1487 = CARTESIAN_POINT ( 'NONE',  ( -19.75000000000004263, -60.00000000000000000, -16.22500000000001563 ) ) ;
#1488 = CARTESIAN_POINT ( 'NONE',  ( -20.74999999999999645, 3.144479452198270408, -13.22500000000001386 ) ) ;
#1489 = CARTESIAN_POINT ( 'NONE',  ( -24.74999999999999289, 47.50000000000000000, 41.25000000000000000 ) ) ;
#1490 = ORIENTED_EDGE ( 'NONE', *, *, #1421, .F. ) ;
#1491 = DIRECTION ( 'NONE',  ( -0.3959401535119442817, -0.9182763172580125088, 0.000000000000000000 ) ) ;
#1492 = ORIENTED_EDGE ( 'NONE', *, *, #760, .F. ) ;
#1493 = EDGE_CURVE ( 'NONE', #904, #506, #3039, .T. ) ;
#1494 = DIRECTION ( 'NONE',  ( -1.000000000000000000, 0.000000000000000000, 0.000000000000000000 ) ) ;
#1495 = EDGE_CURVE ( 'NONE', #2480, #2933, #2011, .T. ) ;
#1496 = CIRCLE ( 'NONE', #1767, 14.00000000000000355 ) ;
#1497 = VECTOR ( 'NONE', #1164, 1000.000000000000114 ) ;
#1498 = DIRECTION ( 'NONE',  ( 0.000000000000000000, -0.000000000000000000, -1.000000000000000000 ) ) ;
#1499 = ORIENTED_EDGE ( 'NONE', *, *, #2837, .F. ) ;
#1500 = CARTESIAN_POINT ( 'NONE',  ( -24.75000000000004263, -60.00000000000000000, -133.3705803164349390 ) ) ;
#1501 = DIRECTION ( 'NONE',  ( -1.000000000000000000, 0.000000000000000000, 0.000000000000000000 ) ) ;
#1502 = FACE_BOUND ( 'NONE', #448, .T. ) ;
#1503 = CARTESIAN_POINT ( 'NONE',  ( -21.25000000000000355, 1.638692345779117820, -104.2955803164349646 ) ) ;
#1504 = CARTESIAN_POINT ( 'NONE',  ( -170.0000000000000000, 26.94999999999998863, -58.42034058415723763 ) ) ;
#1505 = ORIENTED_EDGE ( 'NONE', *, *, #3188, .T. ) ;
#1506 = EDGE_CURVE ( 'NONE', #2141, #619, #497, .T. ) ;
#1507 = CARTESIAN_POINT ( 'NONE',  ( -24.74999999999999289, 12.14999999999999503, -87.87525551735875240 ) ) ;
#1508 = DIRECTION ( 'NONE',  ( 1.465963500825469940E-16, -1.000000000000000000, 0.000000000000000000 ) ) ;
#1509 = ORIENTED_EDGE ( 'NONE', *, *, #2864, .F. ) ;
#1510 = AXIS2_PLACEMENT_3D ( 'NONE', #1275, #1073, #53 ) ;
#1511 = CARTESIAN_POINT ( 'NONE',  ( -17.75000000000001066, -57.00000000000000711, 0.000000000000000000 ) ) ;
#1512 = AXIS2_PLACEMENT_3D ( 'NONE', #1247, #2272, #748 ) ;
#1513 = EDGE_CURVE ( 'NONE', #3017, #1915, #2734, .T. ) ;
#1514 = EDGE_CURVE ( 'NONE', #2073, #2691, #1829, .T. ) ;
#1515 = DIRECTION ( 'NONE',  ( 0.000000000000000000, 0.000000000000000000, -1.000000000000000000 ) ) ;
#1516 = AXIS2_PLACEMENT_3D ( 'NONE', #2231, #2709, #2909 ) ;
#1517 = ORIENTED_EDGE ( 'NONE', *, *, #191, .T. ) ;
#1518 = CARTESIAN_POINT ( 'NONE',  ( -24.74999999999999289, 28.44999999999999929, -58.42034058415723763 ) ) ;
#1519 = VECTOR ( 'NONE', #280, 1000.000000000000000 ) ;
#1520 = CARTESIAN_POINT ( 'NONE',  ( 0.000000000000000000, -57.00000000000000711, -151.9955803164349390 ) ) ;
#1521 = DIRECTION ( 'NONE',  ( 0.000000000000000000, 1.000000000000000000, 0.000000000000000000 ) ) ;
#1522 = FACE_OUTER_BOUND ( 'NONE', #354, .T. ) ;
#1523 = DATE_AND_TIME ( #549, #2796 ) ;
#1524 = VERTEX_POINT ( 'NONE', #600 ) ;
#1525 = DIRECTION ( 'NONE',  ( 0.000000000000000000, 0.000000000000000000, -1.000000000000000000 ) ) ;
#1526 = PLANE ( 'NONE',  #1263 ) ;
#1527 = ORIENTED_EDGE ( 'NONE', *, *, #336, .T. ) ;
#1528 = DIRECTION ( 'NONE',  ( 0.000000000000000000, 0.000000000000000000, -1.000000000000000000 ) ) ;
#1529 = EDGE_LOOP ( 'NONE', ( #219, #1374, #367, #520, #489 ) ) ;
#1530 = AXIS2_PLACEMENT_3D ( 'NONE', #1282, #2778, #1049 ) ;
#1531 = DIRECTION ( 'NONE',  ( 0.3959401535119435045, 0.9182763172580129529, 0.000000000000000000 ) ) ;
#1532 = AXIS2_PLACEMENT_3D ( 'NONE', #2602, #2341, #112 ) ;
#1533 = CIRCLE ( 'NONE', #137, 1.500000000000001332 ) ;
#1534 = AXIS2_PLACEMENT_3D ( 'NONE', #2246, #2017, #9 ) ;
#1535 = CIRCLE ( 'NONE', #2948, 1.500000000000001332 ) ;
#1536 = ORIENTED_EDGE ( 'NONE', *, *, #68, .T. ) ;
#1537 = ADVANCED_FACE ( 'NONE', ( #1800 ), #538, .F. ) ;
#1538 = LINE ( 'NONE', #3046, #511 ) ;
#1539 = DIRECTION ( 'NONE',  ( 0.3959401535119442817, -0.9182763172580125088, 0.000000000000000000 ) ) ;
#1540 = FACE_BOUND ( 'NONE', #3096, .T. ) ;
#1541 = LINE ( 'NONE', #2293, #3037 ) ;
#1542 = EDGE_CURVE ( 'NONE', #1135, #2089, #244, .T. ) ;
#1543 = EDGE_CURVE ( 'NONE', #2078, #1995, #2546, .T. ) ;
#1544 = VECTOR ( 'NONE', #1696, 1000.000000000000000 ) ;
#1545 = ORIENTED_EDGE ( 'NONE', *, *, #2754, .F. ) ;
#1546 = CARTESIAN_POINT ( 'NONE',  ( -24.74999999999999289, 47.50000000000000000, 12.24999999999999289 ) ) ;
#1547 = LINE ( 'NONE', #3201, #2868 ) ;
#1548 = DIRECTION ( 'NONE',  ( -1.000000000000000000, 0.000000000000000000, 0.000000000000000000 ) ) ;
#1549 = ORIENTED_EDGE ( 'NONE', *, *, #731, .T. ) ;
#1550 = AXIS2_PLACEMENT_3D ( 'NONE', #3065, #1868, #623 ) ;
#1551 = PLANE ( 'NONE',  #1433 ) ;
#1552 = ADVANCED_FACE ( 'NONE', ( #2062 ), #1373, .F. ) ;
#1553 = EDGE_LOOP ( 'NONE', ( #2741, #3010 ) ) ;
#1554 = DIRECTION ( 'NONE',  ( 1.000000000000000000, -0.000000000000000000, -0.000000000000000000 ) ) ;
#1555 = VECTOR ( 'NONE', #246, 1000.000000000000000 ) ;
#1556 = CARTESIAN_POINT ( 'NONE',  ( -170.0000000000000000, 22.49999999999998934, 13.74999999999999822 ) ) ;
#1557 = DIRECTION ( 'NONE',  ( 0.000000000000000000, 1.000000000000000000, 0.000000000000000000 ) ) ;
#1558 = CARTESIAN_POINT ( 'NONE',  ( -24.74999999999999289, 26.95000000000000284, -86.37525551735875240 ) ) ;
#1559 = PERSON_AND_ORGANIZATION ( #2749, #1755 ) ;
#1560 = VERTEX_POINT ( 'NONE', #104 ) ;
#1561 = LINE ( 'NONE', #1546, #2213 ) ;
#1562 = CARTESIAN_POINT ( 'NONE',  ( -17.75000000000001421, 20.29999999999999005, -23.30000000000000782 ) ) ;
#1563 = CARTESIAN_POINT ( 'NONE',  ( -24.74999999999999289, 28.44999999999999929, -84.87525551735875240 ) ) ;
#1564 = VERTEX_POINT ( 'NONE', #1779 ) ;
#1565 = DIRECTION ( 'NONE',  ( -0.3959401535119443372, 0.9182763172580125088, 0.000000000000000000 ) ) ;
#1566 = ORIENTED_EDGE ( 'NONE', *, *, #663, .F. ) ;
#1567 = CIRCLE ( 'NONE', #176, 1.499999999999994449 ) ;
#1568 = VECTOR ( 'NONE', #2061, 1000.000000000000000 ) ;
#1569 = EDGE_CURVE ( 'NONE', #413, #1588, #1117, .T. ) ;
#1570 = CARTESIAN_POINT ( 'NONE',  ( -27.75000000000004974, -59.99999999999999289, -13.22500000000001386 ) ) ;
#1571 = CARTESIAN_POINT ( 'NONE',  ( -24.74999999999999289, 28.44999999999999929, -58.42034058415723763 ) ) ;
#1572 = VECTOR ( 'NONE', #2833, 1000.000000000000000 ) ;
#1573 = FACE_OUTER_BOUND ( 'NONE', #2295, .T. ) ;
#1574 = CARTESIAN_POINT ( 'NONE',  ( -17.75000000000000355, 57.00000000000000000, -151.9955803164349390 ) ) ;
#1575 = AXIS2_PLACEMENT_3D ( 'NONE', #2392, #1952, #1897 ) ;
#1576 = ORIENTED_EDGE ( 'NONE', *, *, #335, .T. ) ;
#1577 = CARTESIAN_POINT ( 'NONE',  ( -170.0000000000000000, 28.44999999999998508, -86.37525551735875240 ) ) ;
#1578 = FACE_OUTER_BOUND ( 'NONE', #2643, .T. ) ;
#1579 = EDGE_CURVE ( 'NONE', #735, #1851, #2530, .T. ) ;
#1580 = EDGE_CURVE ( 'NONE', #1894, #3203, #75, .T. ) ;
#1581 = ORIENTED_EDGE ( 'NONE', *, *, #2698, .T. ) ;
#1582 = DIRECTION ( 'NONE',  ( -1.000000000000000000, -0.000000000000000000, -0.000000000000000000 ) ) ;
#1583 = VECTOR ( 'NONE', #785, 1000.000000000000000 ) ;
#1584 = EDGE_LOOP ( 'NONE', ( #2467, #3189, #926, #2425, #1272, #863 ) ) ;
#1585 = DIRECTION ( 'NONE',  ( 1.000000000000000000, 1.040834085586084257E-16, 0.000000000000000000 ) ) ;
#1586 = ADVANCED_FACE ( 'NONE', ( #810 ), #841, .T. ) ;
#1587 = ORIENTED_EDGE ( 'NONE', *, *, #1231, .T. ) ;
#1588 = VERTEX_POINT ( 'NONE', #2561 ) ;
#1589 = VECTOR ( 'NONE', #1719, 1000.000000000000227 ) ;
#1590 = DIRECTION ( 'NONE',  ( -1.000000000000000000, 0.000000000000000000, 0.000000000000000000 ) ) ;
#1591 = VECTOR ( 'NONE', #1585, 1000.000000000000000 ) ;
#1592 = CARTESIAN_POINT ( 'NONE',  ( -19.74999999999999645, 3.144479452198270408, -130.3705803164349390 ) ) ;
#1593 = DIRECTION ( 'NONE',  ( 0.000000000000000000, 0.000000000000000000, 1.000000000000000000 ) ) ;
#1594 = CARTESIAN_POINT ( 'NONE',  ( 7.249999999999985789, -40.00000000000000711, -144.1830803164349390 ) ) ;
#1595 = EDGE_CURVE ( 'NONE', #2042, #580, #3000, .T. ) ;
#1596 = ORIENTED_EDGE ( 'NONE', *, *, #1452, .T. ) ;
#1597 = LINE ( 'NONE', #2593, #2375 ) ;
#1598 = AXIS2_PLACEMENT_3D ( 'NONE', #1577, #2060, #2836 ) ;
#1599 = CARTESIAN_POINT ( 'NONE',  ( -17.75000000000001421, 57.00000000000000000, -154.9955803164349675 ) ) ;
#1600 = ORIENTED_EDGE ( 'NONE', *, *, #94, .F. ) ;
#1601 = FACE_OUTER_BOUND ( 'NONE', #955, .T. ) ;
#1602 = ORIENTED_EDGE ( 'NONE', *, *, #464, .F. ) ;
#1603 = ORIENTED_EDGE ( 'NONE', *, *, #681, .F. ) ;
#1604 = ORIENTED_EDGE ( 'NONE', *, *, #2252, .F. ) ;
#1605 = VERTEX_POINT ( 'NONE', #1599 ) ;
#1606 = ADVANCED_FACE ( 'NONE', ( #1388 ), #2077, .T. ) ;
#1607 = PLANE ( 'NONE',  #3175 ) ;
#1608 = DIRECTION ( 'NONE',  ( 1.000000000000000000, 1.040834085586084257E-16, 0.000000000000000000 ) ) ;
#1609 = LINE ( 'NONE', #1400, #1572 ) ;
#1610 = AXIS2_PLACEMENT_3D ( 'NONE', #2069, #2054, #288 ) ;
#1611 = VECTOR ( 'NONE', #2147, 1000.000000000000000 ) ;
#1612 = VECTOR ( 'NONE', #902, 1000.000000000000000 ) ;
#1613 = ORIENTED_EDGE ( 'NONE', *, *, #3099, .F. ) ;
#1614 = CARTESIAN_POINT ( 'NONE',  ( -24.75000000000002842, -40.00000000000000000, -144.1830803164349390 ) ) ;
#1615 = ORIENTED_EDGE ( 'NONE', *, *, #2942, .F. ) ;
#1616 = PERSON_AND_ORGANIZATION ( #2749, #1755 ) ;
#1617 = VERTEX_POINT ( 'NONE', #689 ) ;
#1618 = CARTESIAN_POINT ( 'NONE',  ( -17.75000000000001421, 14.00000000000006040, 0.000000000000000000 ) ) ;
#1619 = ADVANCED_FACE ( 'NONE', ( #1723 ), #954, .F. ) ;
#1620 = LINE ( 'NONE', #65, #1655 ) ;
#1621 = DIRECTION ( 'NONE',  ( 0.000000000000000000, -1.000000000000000000, 0.000000000000000000 ) ) ;
#1622 = AXIS2_PLACEMENT_3D ( 'NONE', #1520, #783, #1267 ) ;
#1623 = AXIS2_PLACEMENT_3D ( 'NONE', #1024, #2028, #1311 ) ;
#1624 = LINE ( 'NONE', #1888, #2193 ) ;
#1625 = VECTOR ( 'NONE', #422, 1000.000000000000000 ) ;
#1626 = VERTEX_POINT ( 'NONE', #456 ) ;
#1627 = LINE ( 'NONE', #2621, #1018 ) ;
#1628 = ORIENTED_EDGE ( 'NONE', *, *, #2252, .T. ) ;
#1629 = VECTOR ( 'NONE', #3018, 1000.000000000000000 ) ;
#1630 = VECTOR ( 'NONE', #71, 1000.000000000000000 ) ;
#1631 = VERTEX_POINT ( 'NONE', #486 ) ;
#1632 = DIRECTION ( 'NONE',  ( -1.000000000000000000, 0.000000000000000000, 0.000000000000000000 ) ) ;
#1633 = LINE ( 'NONE', #294, #808 ) ;
#1634 = FACE_OUTER_BOUND ( 'NONE', #2707, .T. ) ;
#1635 = LINE ( 'NONE', #1351, #929 ) ;
#1636 = CARTESIAN_POINT ( 'NONE',  ( -5.000000000000000000, -1.799999999999992495, -154.9955803164349675 ) ) ;
#1637 = DIRECTION ( 'NONE',  ( -1.000000000000000000, 0.000000000000000000, 0.000000000000000000 ) ) ;
#1638 = ORIENTED_EDGE ( 'NONE', *, *, #2592, .T. ) ;
#1639 = DIRECTION ( 'NONE',  ( 0.3959401535119435045, 0.9182763172580129529, 0.000000000000000000 ) ) ;
#1640 = AXIS2_PLACEMENT_3D ( 'NONE', #1237, #1986, #2201 ) ;
#1641 = EDGE_LOOP ( 'NONE', ( #2254, #882 ) ) ;
#1642 = FACE_OUTER_BOUND ( 'NONE', #2535, .T. ) ;
#1643 = EDGE_CURVE ( 'NONE', #764, #3100, #599, .T. ) ;
#1644 = FACE_OUTER_BOUND ( 'NONE', #814, .T. ) ;
#1645 = ORIENTED_EDGE ( 'NONE', *, *, #115, .F. ) ;
#1646 = EDGE_CURVE ( 'NONE', #1833, #1680, #910, .T. ) ;
#1647 = EDGE_LOOP ( 'NONE', ( #60, #1862, #3091, #2850 ) ) ;
#1648 = LINE ( 'NONE', #2177, #1107 ) ;
#1649 = AXIS2_PLACEMENT_3D ( 'NONE', #2685, #1017, #2222 ) ;
#1650 = ORIENTED_EDGE ( 'NONE', *, *, #8, .T. ) ;
#1651 = ORIENTED_EDGE ( 'NONE', *, *, #2676, .T. ) ;
#1652 = ADVANCED_FACE ( 'NONE', ( #2950 ), #628, .F. ) ;
#1653 = DIRECTION ( 'NONE',  ( 1.000000000000000000, -1.387778780781445922E-16, 0.000000000000000000 ) ) ;
#1654 = CARTESIAN_POINT ( 'NONE',  ( -24.75000000000004974, 22.50000000000000355, 41.25000000000000000 ) ) ;
#1655 = VECTOR ( 'NONE', #817, 1000.000000000000000 ) ;
#1656 = DIRECTION ( 'NONE',  ( 0.000000000000000000, 0.000000000000000000, -1.000000000000000000 ) ) ;
#1657 = ORIENTED_EDGE ( 'NONE', *, *, #2810, .F. ) ;
#1658 = CONICAL_SURFACE ( 'NONE', #867, 1.500000000000001332, 0.7853981633974490562 ) ;
#1659 = CARTESIAN_POINT ( 'NONE',  ( -27.75000000000001066, -7.324999999999983302, -133.3705803164349390 ) ) ;
#1660 = LINE ( 'NONE', #2650, #732 ) ;
#1661 = ORIENTED_EDGE ( 'NONE', *, *, #3150, .F. ) ;
#1662 = FACE_OUTER_BOUND ( 'NONE', #1025, .T. ) ;
#1663 = DIRECTION ( 'NONE',  ( 0.000000000000000000, 0.000000000000000000, -1.000000000000000000 ) ) ;
#1664 = CIRCLE ( 'NONE', #1871, 1.499999999999997780 ) ;
#1665 = ORIENTED_EDGE ( 'NONE', *, *, #295, .T. ) ;
#1666 = ADVANCED_FACE ( 'NONE', ( #2405, #1192, #705 ), #2699, .F. ) ;
#1667 = ORIENTED_EDGE ( 'NONE', *, *, #255, .F. ) ;
#1668 = LINE ( 'NONE', #1936, #1893 ) ;
#1669 = VERTEX_POINT ( 'NONE', #2440 ) ;
#1670 = DIRECTION ( 'NONE',  ( -0.7071067811865449082, 0.000000000000000000, 0.7071067811865502373 ) ) ;
#1671 = CARTESIAN_POINT ( 'NONE',  ( -27.75000000000001066, 20.29999999999999005, -37.30000000000001137 ) ) ;
#1672 = ORIENTED_EDGE ( 'NONE', *, *, #1646, .T. ) ;
#1673 = ADVANCED_FACE ( 'NONE', ( #1180, #218 ), #1977, .T. ) ;
#1674 = DIRECTION ( 'NONE',  ( -1.000000000000000000, 1.387778780781445429E-16, 0.000000000000000000 ) ) ;
#1675 = CARTESIAN_POINT ( 'NONE',  ( -17.75000000000001421, 12.14999999999999503, -86.37525551735875240 ) ) ;
#1676 = ORIENTED_EDGE ( 'NONE', *, *, #2507, .F. ) ;
#1677 = DIRECTION ( 'NONE',  ( -6.938893903907223447E-16, -1.000000000000000000, -0.000000000000000000 ) ) ;
#1678 = DIRECTION ( 'NONE',  ( 1.000000000000000000, 1.040834085586084257E-16, 0.000000000000000000 ) ) ;
#1679 = AXIS2_PLACEMENT_3D ( 'NONE', #1772, #1034, #1792 ) ;
#1680 = VERTEX_POINT ( 'NONE', #234 ) ;
#1681 = DIRECTION ( 'NONE',  ( 1.000000000000000000, -1.387778780781445922E-16, 0.000000000000000000 ) ) ;
#1682 = EDGE_CURVE ( 'NONE', #1376, #2250, #3179, .T. ) ;
#1683 = AXIS2_PLACEMENT_3D ( 'NONE', #2161, #3115, #3152 ) ;
#1684 = ORIENTED_EDGE ( 'NONE', *, *, #912, .T. ) ;
#1685 = EDGE_CURVE ( 'NONE', #1588, #1061, #2300, .T. ) ;
#1686 = VERTEX_POINT ( 'NONE', #3215 ) ;
#1687 = ORIENTED_EDGE ( 'NONE', *, *, #2924, .T. ) ;
#1688 = ADVANCED_FACE ( 'NONE', ( #1473 ), #186, .F. ) ;
#1689 = LINE ( 'NONE', #453, #1784 ) ;
#1690 = ORIENTED_EDGE ( 'NONE', *, *, #2289, .T. ) ;
#1691 = CARTESIAN_POINT ( 'NONE',  ( -27.75000000000001066, 12.14999999999999503, -90.87525551735876661 ) ) ;
#1692 = DIRECTION ( 'NONE',  ( 1.000000000000000000, -0.000000000000000000, -0.000000000000000000 ) ) ;
#1693 = ORIENTED_EDGE ( 'NONE', *, *, #635, .F. ) ;
#1694 = EDGE_CURVE ( 'NONE', #2078, #2683, #936, .T. ) ;
#1695 = FACE_BOUND ( 'NONE', #3114, .T. ) ;
#1696 = DIRECTION ( 'NONE',  ( -0.3162277660168379412, 0.000000000000000000, -0.9486832980505138790 ) ) ;
#1697 = AXIS2_PLACEMENT_3D ( 'NONE', #420, #1158, #2165 ) ;
#1698 = AXIS2_PLACEMENT_3D ( 'NONE', #2964, #1735, #471 ) ;
#1699 = EDGE_LOOP ( 'NONE', ( #2288, #479, #2232, #1866, #572 ) ) ;
#1700 = AXIS2_PLACEMENT_3D ( 'NONE', #2565, #1333, #2840 ) ;
#1701 = CARTESIAN_POINT ( 'NONE',  ( -27.75000000000001776, -40.00000000000000000, -148.6830803164349390 ) ) ;
#1702 = ORIENTED_EDGE ( 'NONE', *, *, #2191, .F. ) ;
#1703 = DIRECTION ( 'NONE',  ( 1.156482317317871232E-16, 1.000000000000000000, -0.000000000000000000 ) ) ;
#1704 = CIRCLE ( 'NONE', #303, 1.500000000000001332 ) ;
#1705 = ADVANCED_FACE ( 'NONE', ( #970 ), #1151, .F. ) ;
#1706 = CIRCLE ( 'NONE', #2538, 1.500000000000004885 ) ;
#1707 = DIRECTION ( 'NONE',  ( 0.000000000000000000, 0.000000000000000000, 1.000000000000000000 ) ) ;
#1708 = EDGE_LOOP ( 'NONE', ( #1913, #3105, #2635, #266 ) ) ;
#1709 = CARTESIAN_POINT ( 'NONE',  ( -25.54353271799787706, 4.638692345779120707, -104.2955803164349646 ) ) ;
#1710 = CARTESIAN_POINT ( 'NONE',  ( -24.74999999999999289, 12.14999999999999503, -58.42034058415723763 ) ) ;
#1711 = ORIENTED_EDGE ( 'NONE', *, *, #2003, .T. ) ;
#1712 = CARTESIAN_POINT ( 'NONE',  ( -19.75000000000001776, 20.29999999999999005, -29.30000000000001492 ) ) ;
#1713 = CARTESIAN_POINT ( 'NONE',  ( -27.75000000000001776, -50.00000000000000711, -148.6830803164349390 ) ) ;
#1714 = ORIENTED_EDGE ( 'NONE', *, *, #3207, .F. ) ;
#1715 = LINE ( 'NONE', #2705, #439 ) ;
#1716 = EDGE_CURVE ( 'NONE', #951, #1028, #1909, .T. ) ;
#1717 = CIRCLE ( 'NONE', #616, 4.499999999999976019 ) ;
#1718 = EDGE_LOOP ( 'NONE', ( #1734, #2417, #1326, #2444 ) ) ;
#1719 = DIRECTION ( 'NONE',  ( 0.000000000000000000, 0.01786506621014885901, 0.9998404069696857910 ) ) ;
#1720 = FACE_OUTER_BOUND ( 'NONE', #1788, .T. ) ;
#1721 = ORIENTED_EDGE ( 'NONE', *, *, #2432, .F. ) ;
#1722 = CARTESIAN_POINT ( 'NONE',  ( 2.204364238465212896E-16, -0.6000000000000058620, 17.79051713694687464 ) ) ;
#1723 = FACE_OUTER_BOUND ( 'NONE', #3130, .T. ) ;
#1724 = CARTESIAN_POINT ( 'NONE',  ( -17.75000000000001421, 49.63999999999997215, -154.9955803164349675 ) ) ;
#1725 = CYLINDRICAL_SURFACE ( 'NONE', #1810, 1.499999999999994449 ) ;
#1726 = ORIENTED_EDGE ( 'NONE', *, *, #253, .T. ) ;
#1727 = CARTESIAN_POINT ( 'NONE',  ( -25.75000000000004263, -59.99999999999999289, -130.3705803164349390 ) ) ;
#1728 = CONICAL_SURFACE ( 'NONE', #1944, 1.500000000000001332, 0.7853981633974490562 ) ;
#1729 = VECTOR ( 'NONE', #1656, 1000.000000000000000 ) ;
#1730 = ORIENTED_EDGE ( 'NONE', *, *, #1445, .F. ) ;
#1731 = LINE ( 'NONE', #1455, #595 ) ;
#1732 = VECTOR ( 'NONE', #1229, 1000.000000000000000 ) ;
#1733 = DIRECTION ( 'NONE',  ( -0.3959401535119442817, -0.9182763172580125088, 0.000000000000000000 ) ) ;
#1734 = ORIENTED_EDGE ( 'NONE', *, *, #2656, .F. ) ;
#1735 = DIRECTION ( 'NONE',  ( 1.000000000000000000, -1.387778780781445922E-16, 0.000000000000000000 ) ) ;
#1736 = AXIS2_PLACEMENT_3D ( 'NONE', #769, #2504, #1978 ) ;
#1737 = CARTESIAN_POINT ( 'NONE',  ( -24.75000000000004974, 22.50000000000000355, 41.25000000000000000 ) ) ;
#1738 = DIRECTION ( 'NONE',  ( 1.000000000000000000, -1.387778780781445922E-16, 0.000000000000000000 ) ) ;
#1739 = CARTESIAN_POINT ( 'NONE',  ( -170.0000000000000000, 1.640478855513117340, -104.1955961015159744 ) ) ;
#1740 = VERTEX_POINT ( 'NONE', #1943 ) ;
#1741 = EDGE_CURVE ( 'NONE', #2063, #2360, #2927, .T. ) ;
#1742 = ORIENTED_EDGE ( 'NONE', *, *, #1065, .T. ) ;
#1743 = CARTESIAN_POINT ( 'NONE',  ( -24.75000000000004974, 22.50000000000000355, 13.74999999999999822 ) ) ;
#1744 = EDGE_CURVE ( 'NONE', #1454, #198, #1660, .T. ) ;
#1745 = CIRCLE ( 'NONE', #544, 4.499999999999983125 ) ;
#1746 = CIRCLE ( 'NONE', #2476, 4.500000000000017764 ) ;
#1747 = VECTOR ( 'NONE', #2697, 1000.000000000000000 ) ;
#1748 = ORIENTED_EDGE ( 'NONE', *, *, #2030, .T. ) ;
#1749 = PLANE ( 'NONE',  #2419 ) ;
#1750 = LINE ( 'NONE', #1070, #2566 ) ;
#1751 = ORIENTED_EDGE ( 'NONE', *, *, #2471, .F. ) ;
#1752 = AXIS2_PLACEMENT_3D ( 'NONE', #170, #399, #1663 ) ;
#1753 = LINE ( 'NONE', #982, #1908 ) ;
#1754 = DIRECTION ( 'NONE',  ( 2.891205793294678080E-17, -1.000000000000000000, 0.000000000000000000 ) ) ;
#1755 = ORGANIZATION ( 'UNSPECIFIED', 'UNSPECIFIED', '' ) ;
#1756 = LINE ( 'NONE', #1988, #590 ) ;
#1757 = CARTESIAN_POINT ( 'NONE',  ( -19.75000000000000355, -8.324999999999999289, -130.3705803164349390 ) ) ;
#1758 = CYLINDRICAL_SURFACE ( 'NONE', #405, 1.500000000000004885 ) ;
#1759 = ORIENTED_EDGE ( 'NONE', *, *, #1939, .T. ) ;
#1760 = LINE ( 'NONE', #2750, #1359 ) ;
#1761 = DIRECTION ( 'NONE',  ( 0.000000000000000000, -1.000000000000000000, 0.000000000000000000 ) ) ;
#1762 = CC_DESIGN_PERSON_AND_ORGANIZATION_ASSIGNMENT ( #2555, #1270, ( #1814 ) ) ;
#1763 = ADVANCED_FACE ( 'NONE', ( #3047 ), #2980, .F. ) ;
#1764 = EDGE_LOOP ( 'NONE', ( #348, #3025, #2478, #3155, #1985 ) ) ;
#1765 = CARTESIAN_POINT ( 'NONE',  ( -17.75000000000000355, -51.50000000000001421, -144.1830803164349390 ) ) ;
#1766 = AXIS2_PLACEMENT_3D ( 'NONE', #1518, #2586, #1083 ) ;
#1767 = AXIS2_PLACEMENT_3D ( 'NONE', #2832, #593, #1593 ) ;
#1768 = VECTOR ( 'NONE', #1867, 1000.000000000000000 ) ;
#1769 = CARTESIAN_POINT ( 'NONE',  ( -24.75000000000004974, 22.50000000000000355, 13.74999999999999822 ) ) ;
#1770 = VERTEX_POINT ( 'NONE', #1050 ) ;
#1771 = CARTESIAN_POINT ( 'NONE',  ( -17.75000000000000355, 18.80000000000000071, -73.29779015821748089 ) ) ;
#1772 = CARTESIAN_POINT ( 'NONE',  ( -24.74999999999999289, 28.44999999999999929, -86.37525551735875240 ) ) ;
#1773 = DIRECTION ( 'NONE',  ( 1.000000000000000000, -1.387778780781445676E-16, 0.000000000000000000 ) ) ;
#1774 = DIRECTION ( 'NONE',  ( -0.000000000000000000, 1.000000000000000000, 0.000000000000000000 ) ) ;
#1775 = EDGE_CURVE ( 'NONE', #589, #2073, #2203, .T. ) ;
#1776 = ORIENTED_EDGE ( 'NONE', *, *, #33, .F. ) ;
#1777 = LINE ( 'NONE', #2479, #1629 ) ;
#1778 = LINE ( 'NONE', #2769, #2207 ) ;
#1779 = CARTESIAN_POINT ( 'NONE',  ( -5.000000000000000000, -1.799999999999994049, -154.9955803164349675 ) ) ;
#1780 = EDGE_LOOP ( 'NONE', ( #356, #2719, #374, #617, #638 ) ) ;
#1781 = VECTOR ( 'NONE', #658, 1000.000000000000000 ) ;
#1782 = DIRECTION ( 'NONE',  ( -2.479275980370018880E-18, -0.01786506621014885901, -0.9998404069696857910 ) ) ;
#1783 = EDGE_CURVE ( 'NONE', #687, #1680, #512, .T. ) ;
#1784 = VECTOR ( 'NONE', #215, 1000.000000000000000 ) ;
#1785 = ADVANCED_FACE ( 'NONE', ( #738 ), #1987, .F. ) ;
#1786 = CARTESIAN_POINT ( 'NONE',  ( -25.54353271799787706, 4.638692345779120707, -93.82610086423677842 ) ) ;
#1787 = CIRCLE ( 'NONE', #388, 14.00000000000000355 ) ;
#1788 = EDGE_LOOP ( 'NONE', ( #962, #1457, #270, #467 ) ) ;
#1789 = EDGE_CURVE ( 'NONE', #1686, #331, #1201, .T. ) ;
#1790 = PLANE ( 'NONE',  #1530 ) ;
#1791 = AXIS2_PLACEMENT_3D ( 'NONE', #1289, #102, #2296 ) ;
#1792 = DIRECTION ( 'NONE',  ( 0.000000000000000000, 0.000000000000000000, 1.000000000000000000 ) ) ;
#1793 = LINE ( 'NONE', #2521, #1319 ) ;
#1794 = DIRECTION ( 'NONE',  ( 0.000000000000000000, 0.000000000000000000, 1.000000000000000000 ) ) ;
#1795 = ADVANCED_FACE ( 'NONE', ( #1224 ), #1728, .F. ) ;
#1796 = ORIENTED_EDGE ( 'NONE', *, *, #211, .F. ) ;
#1797 = CARTESIAN_POINT ( 'NONE',  ( -27.75000000000000711, 47.50000000000000000, 41.25000000000000000 ) ) ;
#1798 = CARTESIAN_POINT ( 'NONE',  ( -21.25000000000000355, 49.63999999999997215, -154.9955803164349675 ) ) ;
#1799 = ADVANCED_FACE ( 'NONE', ( #11 ), #29, .F. ) ;
#1800 = FACE_OUTER_BOUND ( 'NONE', #1584, .T. ) ;
#1801 = ORIENTED_EDGE ( 'NONE', *, *, #2634, .T. ) ;
#1802 = FACE_OUTER_BOUND ( 'NONE', #430, .T. ) ;
#1803 = VECTOR ( 'NONE', #2071, 1000.000000000000000 ) ;
#1804 = CIRCLE ( 'NONE', #1534, 1.500000000000001332 ) ;
#1805 = VERTEX_POINT ( 'NONE', #528 ) ;
#1806 = DIRECTION ( 'NONE',  ( -1.000000000000000000, 1.387778780781445922E-16, -0.000000000000000000 ) ) ;
#1807 = DIRECTION ( 'NONE',  ( 1.000000000000000000, 1.040834085586084257E-16, 0.000000000000000000 ) ) ;
#1808 = CYLINDRICAL_SURFACE ( 'NONE', #1852, 1.500000000000004885 ) ;
#1809 = DIRECTION ( 'NONE',  ( -0.7071067811865470176, 8.659560562354940254E-17, -0.7071067811865481278 ) ) ;
#1810 = AXIS2_PLACEMENT_3D ( 'NONE', #2967, #957, #503 ) ;
#1811 = ORIENTED_EDGE ( 'NONE', *, *, #3062, .T. ) ;
#1812 = CARTESIAN_POINT ( 'NONE',  ( -24.74999999999999289, 28.44999999999999929, -58.42034058415723763 ) ) ;
#1813 = CARTESIAN_POINT ( 'NONE',  ( -17.75000000000000355, -50.00000000000001421, -144.1830803164349390 ) ) ;
#1814 = PRODUCT_DEFINITION_FORMATION_WITH_SPECIFIED_SOURCE ( 'ANY', '', #633, .NOT_KNOWN. ) ;
#1815 = DIRECTION ( 'NONE',  ( 0.000000000000000000, 0.9998421491898179525, -0.01776729308268480689 ) ) ;
#1816 = VERTEX_POINT ( 'NONE', #1487 ) ;
#1817 = CARTESIAN_POINT ( 'NONE',  ( -27.75000000000001776, -40.00000000000000000, -144.1830803164349390 ) ) ;
#1818 = ADVANCED_FACE ( 'NONE', ( #64 ), #1284, .T. ) ;
#1819 = ORIENTED_EDGE ( 'NONE', *, *, #722, .T. ) ;
#1820 = CIRCLE ( 'NONE', #1766, 1.499999999999994449 ) ;
#1821 = FACE_OUTER_BOUND ( 'NONE', #707, .T. ) ;
#1822 = CARTESIAN_POINT ( 'NONE',  ( -17.75000000000001421, 49.63999999999997215, -104.2955803164349646 ) ) ;
#1823 = DIRECTION ( 'NONE',  ( 1.000000000000000000, 1.040834085586084257E-16, 0.000000000000000000 ) ) ;
#1824 = DIRECTION ( 'NONE',  ( 1.000000000000000000, 0.000000000000000000, 0.000000000000000000 ) ) ;
#1825 = EDGE_CURVE ( 'NONE', #2937, #2556, #2047, .T. ) ;
#1826 = EDGE_LOOP ( 'NONE', ( #2999, #389, #465, #1490 ) ) ;
#1827 = DIRECTION ( 'NONE',  ( 0.000000000000000000, 0.000000000000000000, 1.000000000000000000 ) ) ;
#1828 = CARTESIAN_POINT ( 'NONE',  ( -24.75000000000004263, -60.00000000000000000, -13.22500000000001386 ) ) ;
#1829 = LINE ( 'NONE', #2771, #352 ) ;
#1830 = ORIENTED_EDGE ( 'NONE', *, *, #1211, .T. ) ;
#1831 = DIRECTION ( 'NONE',  ( 0.000000000000000000, 0.000000000000000000, -1.000000000000000000 ) ) ;
#1832 = EDGE_CURVE ( 'NONE', #1626, #1181, #3231, .T. ) ;
#1833 = VERTEX_POINT ( 'NONE', #2291 ) ;
#1834 = EDGE_LOOP ( 'NONE', ( #177, #1898, #1937, #1216, #223 ) ) ;
#1835 = AXIS2_PLACEMENT_3D ( 'NONE', #1459, #426, #2220 ) ;
#1836 = FACE_OUTER_BOUND ( 'NONE', #805, .T. ) ;
#1837 = CARTESIAN_POINT ( 'NONE',  ( -24.24999999999999289, 49.63999999999997215, -104.2955803164349646 ) ) ;
#1838 = VECTOR ( 'NONE', #548, 1000.000000000000000 ) ;
#1839 = CARTESIAN_POINT ( 'NONE',  ( -27.75000000000000711, 47.50000000000000000, 36.74999999999999289 ) ) ;
#1840 = CARTESIAN_POINT ( 'NONE',  ( -21.75000000000003197, 10.00000000000000178, -50.99019513592786268 ) ) ;
#1841 = AXIS2_PLACEMENT_3D ( 'NONE', #2958, #2240, #1981 ) ;
#1842 = ORIENTED_EDGE ( 'NONE', *, *, #996, .T. ) ;
#1843 = CARTESIAN_POINT ( 'NONE',  ( -24.75000000000002842, -50.00000000000000711, -145.6830803164349675 ) ) ;
#1845 = EDGE_CURVE ( 'NONE', #1935, #761, #2276, .T. ) ;
#1844 = DIRECTION ( 'NONE',  ( -1.000000000000000000, 0.000000000000000000, 0.000000000000000000 ) ) ;
#1846 = CONICAL_SURFACE ( 'NONE', #1313, 1.500000000000001332, 0.7853981633974479459 ) ;
#1847 = ORIENTED_EDGE ( 'NONE', *, *, #2669, .F. ) ;
#1848 = VECTOR ( 'NONE', #93, 1000.000000000000000 ) ;
#1849 = CARTESIAN_POINT ( 'NONE',  ( -170.0000000000000000, 49.63999999999997215, -104.2955803164349646 ) ) ;
#1850 = VERTEX_POINT ( 'NONE', #999 ) ;
#1851 = VERTEX_POINT ( 'NONE', #2487 ) ;
#1852 = AXIS2_PLACEMENT_3D ( 'NONE', #1368, #1608, #866 ) ;
#1853 = LINE ( 'NONE', #2858, #1453 ) ;
#1854 = AXIS2_PLACEMENT_3D ( 'NONE', #304, #1278, #843 ) ;
#1855 = DIRECTION ( 'NONE',  ( 1.000000000000000000, -1.387778780781445922E-16, 0.000000000000000000 ) ) ;
#1856 = LINE ( 'NONE', #2148, #1729 ) ;
#1857 = EDGE_CURVE ( 'NONE', #1095, #3200, #2981, .T. ) ;
#1858 = VERTEX_POINT ( 'NONE', #272 ) ;
#1859 = LINE ( 'NONE', #2544, #3198 ) ;
#1860 = AXIS2_PLACEMENT_3D ( 'NONE', #1489, #2747, #2983 ) ;
#1861 = AXIS2_PLACEMENT_3D ( 'NONE', #1167, #1930, #414 ) ;
#1862 = ORIENTED_EDGE ( 'NONE', *, *, #2166, .F. ) ;
#1863 = CARTESIAN_POINT ( 'NONE',  ( -19.74999999999999645, 3.144479452198270408, -16.22500000000001563 ) ) ;
#1864 = ORIENTED_EDGE ( 'NONE', *, *, #1775, .T. ) ;
#1865 = APPROVAL_ROLE ( '' ) ;
#1866 = ORIENTED_EDGE ( 'NONE', *, *, #2624, .T. ) ;
#1867 = DIRECTION ( 'NONE',  ( 0.000000000000000000, 0.000000000000000000, -1.000000000000000000 ) ) ;
#1868 = DIRECTION ( 'NONE',  ( 1.000000000000000000, 0.000000000000000000, 0.000000000000000000 ) ) ;
#1869 = FACE_OUTER_BOUND ( 'NONE', #683, .T. ) ;
#1870 = DIRECTION ( 'NONE',  ( 1.156482317317871232E-16, 1.000000000000000000, -0.000000000000000000 ) ) ;
#1871 = AXIS2_PLACEMENT_3D ( 'NONE', #1116, #1674, #2134 ) ;
#1872 = ORIENTED_EDGE ( 'NONE', *, *, #2191, .T. ) ;
#1873 = ADVANCED_FACE ( 'NONE', ( #1253 ), #2520, .F. ) ;
#1874 = LINE ( 'NONE', #1149, #357 ) ;
#1875 = ORIENTED_EDGE ( 'NONE', *, *, #1364, .T. ) ;
#1876 = CARTESIAN_POINT ( 'NONE',  ( -27.75000000000001066, 22.50000000000000355, 13.74999999999999822 ) ) ;
#1877 = ORIENTED_EDGE ( 'NONE', *, *, #2243, .F. ) ;
#1878 = ADVANCED_FACE ( 'NONE', ( #768 ), #2713, .F. ) ;
#1879 = PERSON_AND_ORGANIZATION ( #2749, #1755 ) ;
#1880 = DIRECTION ( 'NONE',  ( -0.7071067811865449082, 8.659560562354966138E-17, -0.7071067811865502373 ) ) ;
#1881 = DIRECTION ( 'NONE',  ( 0.000000000000000000, 1.000000000000000000, 0.000000000000000000 ) ) ;
#1882 = EDGE_CURVE ( 'NONE', #1935, #1130, #2779, .T. ) ;
#1883 = ADVANCED_FACE ( 'NONE', ( #2321 ), #3093, .F. ) ;
#1884 = CARTESIAN_POINT ( 'NONE',  ( -27.75000000000001066, 22.50000000000000355, 9.250000000000010658 ) ) ;
#1885 = FACE_OUTER_BOUND ( 'NONE', #1708, .T. ) ;
#1886 = CONICAL_SURFACE ( 'NONE', #480, 1.499999999999994449, 0.7853981633974485010 ) ;
#1887 = ORIENTED_EDGE ( 'NONE', *, *, #2459, .T. ) ;
#1888 = CARTESIAN_POINT ( 'NONE',  ( -170.0000000000000000, 26.94999999999998863, -86.37525551735875240 ) ) ;
#1889 = AXIS2_PLACEMENT_3D ( 'NONE', #2589, #1344, #113 ) ;
#1890 = ORIENTED_EDGE ( 'NONE', *, *, #2706, .F. ) ;
#1891 = CARTESIAN_POINT ( 'NONE',  ( -24.74999999999999289, 12.14999999999999503, -58.42034058415723763 ) ) ;
#1892 = DIRECTION ( 'NONE',  ( -0.7071067811865477948, 0.000000000000000000, 0.7071067811865473507 ) ) ;
#1893 = VECTOR ( 'NONE', #403, 1000.000000000000000 ) ;
#1894 = VERTEX_POINT ( 'NONE', #592 ) ;
#1895 = EDGE_CURVE ( 'NONE', #2585, #3100, #2831, .T. ) ;
#1896 = ORIENTED_EDGE ( 'NONE', *, *, #2449, .T. ) ;
#1897 = DIRECTION ( 'NONE',  ( 0.000000000000000000, 1.000000000000000000, 0.000000000000000000 ) ) ;
#1898 = ORIENTED_EDGE ( 'NONE', *, *, #3192, .F. ) ;
#1899 = ORIENTED_EDGE ( 'NONE', *, *, #2618, .F. ) ;
#1900 = CARTESIAN_POINT ( 'NONE',  ( -27.75000000000001066, 12.14999999999999503, -58.42034058415723763 ) ) ;
#1901 = DIRECTION ( 'NONE',  ( -1.000000000000000000, 0.000000000000000000, 0.000000000000000000 ) ) ;
#1902 = DIRECTION ( 'NONE',  ( 1.000000000000000000, 1.301042606982605321E-16, 0.000000000000000000 ) ) ;
#1903 = ORIENTED_EDGE ( 'NONE', *, *, #3225, .F. ) ;
#1904 = ADVANCED_FACE ( 'NONE', ( #325 ), #3064, .F. ) ;
#1905 = VECTOR ( 'NONE', #1304, 1000.000000000000000 ) ;
#1906 = CIRCLE ( 'NONE', #2317, 1.500000000000001332 ) ;
#1907 = DIRECTION ( 'NONE',  ( 0.000000000000000000, -1.000000000000000000, 0.000000000000000000 ) ) ;
#1908 = VECTOR ( 'NONE', #953, 1000.000000000000000 ) ;
#1909 = LINE ( 'NONE', #2892, #3191 ) ;
#1910 = ORIENTED_EDGE ( 'NONE', *, *, #741, .F. ) ;
#1911 = CARTESIAN_POINT ( 'NONE',  ( -19.95646728200213360, 4.638692345779120707, -93.82610086423677842 ) ) ;
#1912 = CARTESIAN_POINT ( 'NONE',  ( -27.74999999999999645, 49.63999999999997215, -93.82610086423677842 ) ) ;
#1913 = ORIENTED_EDGE ( 'NONE', *, *, #377, .T. ) ;
#1914 = VERTEX_POINT ( 'NONE', #2340 ) ;
#1915 = VERTEX_POINT ( 'NONE', #97 ) ;
#1916 = DIRECTION ( 'NONE',  ( 0.000000000000000000, 0.000000000000000000, -1.000000000000000000 ) ) ;
#1917 = CIRCLE ( 'NONE', #2959, 1.500000000000004885 ) ;
#1918 = ORIENTED_EDGE ( 'NONE', *, *, #1250, .F. ) ;
#1919 = EDGE_CURVE ( 'NONE', #2691, #2550, #1464, .T. ) ;
#1920 = PERSON_AND_ORGANIZATION ( #2749, #1755 ) ;
#1921 = DIRECTION ( 'NONE',  ( -0.7071067811865485719, 0.000000000000000000, 0.7071067811865465735 ) ) ;
#1922 = VERTEX_POINT ( 'NONE', #1837 ) ;
#1923 = FACE_OUTER_BOUND ( 'NONE', #1447, .T. ) ;
#1924 = CYLINDRICAL_SURFACE ( 'NONE', #2253, 1.500000000000001332 ) ;
#1925 = ORIENTED_EDGE ( 'NONE', *, *, #433, .T. ) ;
#1926 = CARTESIAN_POINT ( 'NONE',  ( -19.75000000000004263, -60.00000000000000000, -16.22500000000001563 ) ) ;
#1927 = CARTESIAN_POINT ( 'NONE',  ( 25.36867409493046566, -8.324999999999988631, 4.985441968356520093 ) ) ;
#1928 = EDGE_CURVE ( 'NONE', #95, #1626, #2306, .T. ) ;
#1929 = ORIENTED_EDGE ( 'NONE', *, *, #360, .T. ) ;
#1930 = DIRECTION ( 'NONE',  ( -1.000000000000000000, 0.000000000000000000, 0.000000000000000000 ) ) ;
#1931 = CARTESIAN_POINT ( 'NONE',  ( -170.0000000000000000, 12.14999999999997904, -86.37525551735875240 ) ) ;
#1932 = ADVANCED_FACE ( 'NONE', ( #81 ), #1886, .F. ) ;
#1933 = AXIS2_PLACEMENT_3D ( 'NONE', #1654, #899, #2370 ) ;
#1934 = AXIS2_PLACEMENT_3D ( 'NONE', #3178, #657, #1639 ) ;
#1935 = VERTEX_POINT ( 'NONE', #1822 ) ;
#1936 = CARTESIAN_POINT ( 'NONE',  ( -27.75000000000001776, -60.00000000000001421, -151.9955803164349390 ) ) ;
#1937 = ORIENTED_EDGE ( 'NONE', *, *, #211, .T. ) ;
#1938 = ORIENTED_EDGE ( 'NONE', *, *, #1197, .T. ) ;
#1939 = EDGE_CURVE ( 'NONE', #619, #2141, #1567, .T. ) ;
#1940 = DIRECTION ( 'NONE',  ( -0.7071067811865473507, 8.659560562354936556E-17, -0.7071067811865477948 ) ) ;
#1941 = VERTEX_POINT ( 'NONE', #577 ) ;
#1942 = CARTESIAN_POINT ( 'NONE',  ( -17.75000000000001421, 60.00000000000000711, 0.000000000000000000 ) ) ;
#1943 = CARTESIAN_POINT ( 'NONE',  ( -24.74999999999999289, 46.00000000000000000, 13.74999999999999822 ) ) ;
#1944 = AXIS2_PLACEMENT_3D ( 'NONE', #2503, #2996, #291 ) ;
#1945 = ORIENTED_EDGE ( 'NONE', *, *, #2883, .F. ) ;
#1946 = FACE_BOUND ( 'NONE', #914, .T. ) ;
#1947 = DIRECTION ( 'NONE',  ( 0.000000000000000000, 0.000000000000000000, 1.000000000000000000 ) ) ;
#1948 = ORIENTED_EDGE ( 'NONE', *, *, #2418, .F. ) ;
#1949 = AXIS2_PLACEMENT_3D ( 'NONE', #1353, #900, #1902 ) ;
#1950 = EDGE_LOOP ( 'NONE', ( #539, #2461, #1427, #2410 ) ) ;
#1951 = CIRCLE ( 'NONE', #2612, 14.00000000000000355 ) ;
#1952 = DIRECTION ( 'NONE',  ( 1.000000000000000000, -1.387778780781445922E-16, 0.000000000000000000 ) ) ;
#1953 = AXIS2_PLACEMENT_3D ( 'NONE', #1743, #3, #3206 ) ;
#1954 = EDGE_LOOP ( 'NONE', ( #1702, #2196, #41, #2350, #669 ) ) ;
#1955 = ORIENTED_EDGE ( 'NONE', *, *, #2289, .F. ) ;
#1956 = PLANE ( 'NONE',  #438 ) ;
#1957 = ORIENTED_EDGE ( 'NONE', *, *, #1716, .T. ) ;
#1958 = DIRECTION ( 'NONE',  ( 0.3162277660168379412, 6.569518770826194517E-17, 0.9486832980505138790 ) ) ;
#1959 = DIRECTION ( 'NONE',  ( 0.000000000000000000, 0.000000000000000000, 1.000000000000000000 ) ) ;
#1960 = ORIENTED_EDGE ( 'NONE', *, *, #2618, .T. ) ;
#1961 = LINE ( 'NONE', #3165, #864 ) ;
#1962 = CARTESIAN_POINT ( 'NONE',  ( -19.75000000000004263, -60.00000000000000000, -130.3705803164349390 ) ) ;
#1963 = EDGE_CURVE ( 'NONE', #2963, #454, #2400, .T. ) ;
#1964 = VECTOR ( 'NONE', #478, 1000.000000000000000 ) ;
#1965 = VECTOR ( 'NONE', #2233, 1000.000000000000000 ) ;
#1966 = VERTEX_POINT ( 'NONE', #3024 ) ;
#1967 = CIRCLE ( 'NONE', #1854, 1.500000000000001332 ) ;
#1968 = LINE ( 'NONE', #2509, #1732 ) ;
#1969 = ORIENTED_EDGE ( 'NONE', *, *, #2715, .F. ) ;
#1970 = APPROVAL_ROLE ( '' ) ;
#1971 = CARTESIAN_POINT ( 'NONE',  ( 0.000000000000000000, 57.00000000000000000, -154.9955803164349675 ) ) ;
#1972 = EDGE_CURVE ( 'NONE', #687, #844, #2511, .T. ) ;
#1973 = VECTOR ( 'NONE', #2506, 1000.000000000000000 ) ;
#1974 = CARTESIAN_POINT ( 'NONE',  ( 80.00000000000005684, -7.324999999999998401, -133.3705803164349390 ) ) ;
#1975 = ORIENTED_EDGE ( 'NONE', *, *, #464, .T. ) ;
#1976 = LINE ( 'NONE', #2219, #1747 ) ;
#1977 = PLANE ( 'NONE',  #1298 ) ;
#1978 = DIRECTION ( 'NONE',  ( 0.000000000000000000, 0.000000000000000000, -1.000000000000000000 ) ) ;
#1979 = DIRECTION ( 'NONE',  ( 0.000000000000000000, 0.000000000000000000, 1.000000000000000000 ) ) ;
#1980 = EDGE_LOOP ( 'NONE', ( #2829, #2923 ) ) ;
#1981 = DIRECTION ( 'NONE',  ( 0.000000000000000000, 0.000000000000000000, 1.000000000000000000 ) ) ;
#1982 = VERTEX_POINT ( 'NONE', #1264 ) ;
#1983 = LINE ( 'NONE', #1079, #2114 ) ;
#1984 = CARTESIAN_POINT ( 'NONE',  ( -24.75000000000002842, -50.00000000000000711, -144.1830803164349390 ) ) ;
#1985 = ORIENTED_EDGE ( 'NONE', *, *, #2490, .T. ) ;
#1986 = DIRECTION ( 'NONE',  ( -1.000000000000000000, 1.387778780781445676E-16, -0.000000000000000000 ) ) ;
#1987 = PLANE ( 'NONE',  #2456 ) ;
#1988 = CARTESIAN_POINT ( 'NONE',  ( -24.75000000000004263, -60.00000000000000000, -133.3705803164349390 ) ) ;
#1989 = PLANE ( 'NONE',  #2536 ) ;
#1990 = EDGE_LOOP ( 'NONE', ( #2802, #1830, #1108, #2218 ) ) ;
#1991 = CARTESIAN_POINT ( 'NONE',  ( -17.75000000000000355, -41.50000000000000000, -144.1830803164349390 ) ) ;
#1992 = VECTOR ( 'NONE', #3199, 1000.000000000000000 ) ;
#1993 = ADVANCED_FACE ( 'NONE', ( #763 ), #285, .F. ) ;
#1994 = AXIS2_PLACEMENT_3D ( 'NONE', #163, #2889, #624 ) ;
#1995 = VERTEX_POINT ( 'NONE', #779 ) ;
#1996 = DIRECTION ( 'NONE',  ( 1.000000000000000000, 0.000000000000000000, 0.000000000000000000 ) ) ;
#1997 = CIRCLE ( 'NONE', #2720, 3.000000000000002665 ) ;
#1998 = DIRECTION ( 'NONE',  ( -1.000000000000000000, 0.000000000000000000, 0.000000000000000000 ) ) ;
#1999 = ORIENTED_EDGE ( 'NONE', *, *, #722, .F. ) ;
#2000 = CYLINDRICAL_SURFACE ( 'NONE', #3157, 1.499999999999997780 ) ;
#2001 = DIRECTION ( 'NONE',  ( 0.000000000000000000, 1.000000000000000000, 0.000000000000000000 ) ) ;
#2002 = DIRECTION ( 'NONE',  ( 1.000000000000000000, -0.000000000000000000, -0.000000000000000000 ) ) ;
#2003 = EDGE_CURVE ( 'NONE', #2563, #2123, #44, .T. ) ;
#2004 = DIRECTION ( 'NONE',  ( -0.000000000000000000, -0.000000000000000000, -1.000000000000000000 ) ) ;
#2005 = ORIENTED_EDGE ( 'NONE', *, *, #741, .T. ) ;
#2006 = EDGE_CURVE ( 'NONE', #2772, #1030, #2764, .T. ) ;
#2007 = ORIENTED_EDGE ( 'NONE', *, *, #165, .T. ) ;
#2008 = LINE ( 'NONE', #1507, #2614 ) ;
#2009 = CARTESIAN_POINT ( 'NONE',  ( 0.000000000000000000, -1.799999999999993383, 17.79051713694687464 ) ) ;
#2010 = CIRCLE ( 'NONE', #3103, 1.500000000000001332 ) ;
#2011 = CIRCLE ( 'NONE', #3212, 1.500000000000004885 ) ;
#2012 = ORIENTED_EDGE ( 'NONE', *, *, #103, .T. ) ;
#2013 = LINE ( 'NONE', #2215, #2995 ) ;
#2014 = CARTESIAN_POINT ( 'NONE',  ( -24.74999999999999289, 28.44999999999999929, -86.37525551735875240 ) ) ;
#2015 = VERTEX_POINT ( 'NONE', #1029 ) ;
#2016 = AXIS2_PLACEMENT_3D ( 'NONE', #2409, #447, #3166 ) ;
#2017 = DIRECTION ( 'NONE',  ( -1.000000000000000000, 0.000000000000000000, 0.000000000000000000 ) ) ;
#2018 = DIRECTION ( 'NONE',  ( 0.000000000000000000, 1.000000000000000000, 0.000000000000000000 ) ) ;
#2019 = LOCAL_TIME ( 10, 36, 46.00000000000000000, #804 ) ;
#2020 = LINE ( 'NONE', #2745, #2886 ) ;
#2021 = FACE_OUTER_BOUND ( 'NONE', #2241, .T. ) ;
#2022 = DIRECTION ( 'NONE',  ( -0.000000000000000000, -0.000000000000000000, 1.000000000000000000 ) ) ;
#2023 = ADVANCED_FACE ( 'NONE', ( #2257 ), #992, .F. ) ;
#2024 = APPLICATION_CONTEXT ( 'configuration controlled 3d designs of mechanical parts and assemblies' ) ;
#2025 = EDGE_CURVE ( 'NONE', #1894, #821, #526, .T. ) ;
#2026 = ORIENTED_EDGE ( 'NONE', *, *, #1042, .F. ) ;
#2027 = LINE ( 'NONE', #1727, #737 ) ;
#2028 = DIRECTION ( 'NONE',  ( -1.000000000000000000, 0.000000000000000000, 0.000000000000000000 ) ) ;
#2029 = EDGE_CURVE ( 'NONE', #1397, #386, #943, .T. ) ;
#2030 = EDGE_CURVE ( 'NONE', #2556, #2162, #839, .T. ) ;
#2031 = ORIENTED_EDGE ( 'NONE', *, *, #180, .F. ) ;
#2032 = DIRECTION ( 'NONE',  ( 0.000000000000000000, 1.000000000000000000, 0.000000000000000000 ) ) ;
#2033 = CIRCLE ( 'NONE', #54, 6.000000000000001776 ) ;
#2034 = DIRECTION ( 'NONE',  ( 1.000000000000000000, -0.000000000000000000, -0.000000000000000000 ) ) ;
#2035 = ORIENTED_EDGE ( 'NONE', *, *, #3004, .F. ) ;
#2036 = EDGE_CURVE ( 'NONE', #2916, #2609, #1750, .T. ) ;
#2037 = CARTESIAN_POINT ( 'NONE',  ( -24.74999999999999289, 12.14999999999999503, -86.37525551735875240 ) ) ;
#2038 = CARTESIAN_POINT ( 'NONE',  ( -27.75000000000000711, 47.50000000000000000, 13.74999999999999822 ) ) ;
#2039 = CARTESIAN_POINT ( 'NONE',  ( -24.75000000000004974, 22.50000000000000355, 15.25000000000000355 ) ) ;
#2040 = DIRECTION ( 'NONE',  ( 0.000000000000000000, -0.000000000000000000, 1.000000000000000000 ) ) ;
#2041 = DATE_TIME_ROLE ( 'creation_date' ) ;
#2042 = VERTEX_POINT ( 'NONE', #293 ) ;
#2043 = CARTESIAN_POINT ( 'NONE',  ( -17.75000000000001421, -0.5999999999999972022, 0.000000000000000000 ) ) ;
#2044 = LINE ( 'NONE', #3054, #330 ) ;
#2045 = LINE ( 'NONE', #586, #2887 ) ;
#2046 = ORIENTED_EDGE ( 'NONE', *, *, #2645, .T. ) ;
#2047 = CIRCLE ( 'NONE', #991, 1.500000000000001332 ) ;
#2048 = EDGE_CURVE ( 'NONE', #2332, #2063, #1053, .T. ) ;
#2049 = FACE_OUTER_BOUND ( 'NONE', #1529, .T. ) ;
#2050 = AXIS2_PLACEMENT_3D ( 'NONE', #1176, #1422, #2469 ) ;
#2051 = ORIENTED_EDGE ( 'NONE', *, *, #621, .T. ) ;
#2052 = CIRCLE ( 'NONE', #1252, 4.500000000000014211 ) ;
#2053 = ORIENTED_EDGE ( 'NONE', *, *, #124, .F. ) ;
#2054 = DIRECTION ( 'NONE',  ( -1.000000000000000000, 0.000000000000000000, 0.000000000000000000 ) ) ;
#2055 = DIRECTION ( 'NONE',  ( 0.000000000000000000, 2.312964634635740689E-15, 1.000000000000000000 ) ) ;
#2056 = FACE_OUTER_BOUND ( 'NONE', #2611, .T. ) ;
#2057 = DIRECTION ( 'NONE',  ( -1.000000000000000000, -0.000000000000000000, -0.000000000000000000 ) ) ;
#2058 = DATE_AND_TIME ( #1054, #2898 ) ;
#2059 = ORIENTED_EDGE ( 'NONE', *, *, #558, .T. ) ;
#2060 = DIRECTION ( 'NONE',  ( 1.000000000000000000, 1.040834085586084257E-16, 0.000000000000000000 ) ) ;
#2061 = DIRECTION ( 'NONE',  ( -1.000000000000000000, 1.387778780781445676E-16, -0.000000000000000000 ) ) ;
#2062 = FACE_OUTER_BOUND ( 'NONE', #2373, .T. ) ;
#2063 = VERTEX_POINT ( 'NONE', #3066 ) ;
#2064 = DIRECTION ( 'NONE',  ( 0.000000000000000000, 1.000000000000000000, 0.000000000000000000 ) ) ;
#2065 = EDGE_LOOP ( 'NONE', ( #2952, #1945 ) ) ;
#2066 = VECTOR ( 'NONE', #301, 1000.000000000000000 ) ;
#2067 = ADVANCED_FACE ( 'NONE', ( #2021 ), #345, .F. ) ;
#2068 = EDGE_LOOP ( 'NONE', ( #644, #1505 ) ) ;
#2069 = CARTESIAN_POINT ( 'NONE',  ( -24.75000000000002842, -50.00000000000000711, -144.1830803164349390 ) ) ;
#2070 = DIRECTION ( 'NONE',  ( -1.000000000000000000, 0.000000000000000000, 0.000000000000000000 ) ) ;
#2071 = DIRECTION ( 'NONE',  ( -0.7071067811865477948, 0.000000000000000000, 0.7071067811865473507 ) ) ;
#2072 = CARTESIAN_POINT ( 'NONE',  ( -17.75000000000000355, -57.00000000000000711, -151.9955803164349390 ) ) ;
#2073 = VERTEX_POINT ( 'NONE', #2781 ) ;
#2074 = LINE ( 'NONE', #1843, #1630 ) ;
#2075 = LINE ( 'NONE', #2527, #2095 ) ;
#2076 = EDGE_CURVE ( 'NONE', #2963, #1617, #83, .T. ) ;
#2077 = CYLINDRICAL_SURFACE ( 'NONE', #1067, 3.000000000000002665 ) ;
#2078 = VERTEX_POINT ( 'NONE', #1757 ) ;
#2079 = DIRECTION ( 'NONE',  ( 1.000000000000000000, 1.040834085586084257E-16, 0.000000000000000000 ) ) ;
#2080 = ORIENTED_EDGE ( 'NONE', *, *, #2030, .F. ) ;
#2081 = AXIS2_PLACEMENT_3D ( 'NONE', #2814, #578, #2322 ) ;
#2082 = VECTOR ( 'NONE', #2711, 1000.000000000000114 ) ;
#2083 = DIRECTION ( 'NONE',  ( -1.000000000000000000, -0.000000000000000000, -0.000000000000000000 ) ) ;
#2084 = CARTESIAN_POINT ( 'NONE',  ( -17.75000000000001421, 1.638692345779117820, -93.82610086423677842 ) ) ;
#2085 = PLANE ( 'NONE',  #2943 ) ;
#2086 = UNCERTAINTY_MEASURE_WITH_UNIT (LENGTH_MEASURE( 1.000000000000000082E-05 ), #1365, 'distance_accuracy_value', 'NONE');
#2087 = DIRECTION ( 'NONE',  ( 0.000000000000000000, -0.000000000000000000, 1.000000000000000000 ) ) ;
#2088 = EDGE_CURVE ( 'NONE', #2334, #789, #73, .T. ) ;
#2089 = VERTEX_POINT ( 'NONE', #66 ) ;
#2090 = CARTESIAN_POINT ( 'NONE',  ( -21.75000000000003197, 10.00000000000000178, 52.00000000000000000 ) ) ;
#2091 = CARTESIAN_POINT ( 'NONE',  ( -24.74999999999999289, 47.50000000000000000, 41.25000000000000000 ) ) ;
#2092 = ORIENTED_EDGE ( 'NONE', *, *, #1121, .F. ) ;
#2093 = DIRECTION ( 'NONE',  ( 0.000000000000000000, 1.000000000000000000, 0.000000000000000000 ) ) ;
#2094 = EDGE_LOOP ( 'NONE', ( #1157, #1938, #2568, #25, #1877 ) ) ;
#2095 = VECTOR ( 'NONE', #300, 1000.000000000000000 ) ;
#2096 = ORIENTED_EDGE ( 'NONE', *, *, #202, .F. ) ;
#2097 = VECTOR ( 'NONE', #3078, 1000.000000000000000 ) ;
#2098 = CARTESIAN_POINT ( 'NONE',  ( -27.75000000000001776, -40.00000000000000000, -139.6830803164349675 ) ) ;
#2099 = DIRECTION ( 'NONE',  ( 0.000000000000000000, 1.000000000000000000, 2.775557561562888827E-14 ) ) ;
#2100 = VECTOR ( 'NONE', #481, 1000.000000000000000 ) ;
#2101 = FACE_BOUND ( 'NONE', #206, .T. ) ;
#2102 = DIRECTION ( 'NONE',  ( 1.836970198721029934E-16, 1.000000000000000000, 0.000000000000000000 ) ) ;
#2103 = CIRCLE ( 'NONE', #2353, 1.500000000000001332 ) ;
#2104 = ORIENTED_EDGE ( 'NONE', *, *, #629, .F. ) ;
#2105 = DIRECTION ( 'NONE',  ( 0.000000000000000000, 0.000000000000000000, 1.000000000000000000 ) ) ;
#2106 = ORIENTED_EDGE ( 'NONE', *, *, #2939, .T. ) ;
#2107 = LINE ( 'NONE', #1863, #452 ) ;
#2108 = VERTEX_POINT ( 'NONE', #579 ) ;
#2109 = PERSON_AND_ORGANIZATION_ROLE ( 'creator' ) ;
#2110 = VERTEX_POINT ( 'NONE', #770 ) ;
#2111 = AXIS2_PLACEMENT_3D ( 'NONE', #466, #2514, #964 ) ;
#2112 = VECTOR ( 'NONE', #1958, 1000.000000000000000 ) ;
#2113 = DIRECTION ( 'NONE',  ( -1.000000000000000000, 0.000000000000000000, 0.000000000000000000 ) ) ;
#2114 = VECTOR ( 'NONE', #1565, 1000.000000000000114 ) ;
#2115 = CYLINDRICAL_SURFACE ( 'NONE', #1550, 3.000000000000000000 ) ;
#2116 = FACE_OUTER_BOUND ( 'NONE', #1194, .T. ) ;
#2117 = LINE ( 'NONE', #1926, #2600 ) ;
#2118 = ORIENTED_EDGE ( 'NONE', *, *, #1580, .F. ) ;
#2119 = DIRECTION ( 'NONE',  ( 1.000000000000000000, 1.040834085586084257E-16, 0.000000000000000000 ) ) ;
#2120 = VECTOR ( 'NONE', #2004, 1000.000000000000000 ) ;
#2121 = EDGE_CURVE ( 'NONE', #1376, #3160, #2746, .T. ) ;
#2122 = AXIS2_PLACEMENT_3D ( 'NONE', #1195, #473, #2667 ) ;
#2123 = VERTEX_POINT ( 'NONE', #2815 ) ;
#2124 = CARTESIAN_POINT ( 'NONE',  ( -24.75000000000004974, 22.50000000000000355, 42.75000000000000000 ) ) ;
#2125 = VERTEX_POINT ( 'NONE', #1558 ) ;
#2126 = EDGE_CURVE ( 'NONE', #1605, #2827, #2718, .T. ) ;
#2127 = ADVANCED_FACE ( 'NONE', ( #2541 ), #784, .F. ) ;
#2128 = DIRECTION ( 'NONE',  ( 0.000000000000000000, -0.01786506621014886248, -0.9998404069696857910 ) ) ;
#2129 = LINE ( 'NONE', #651, #1169 ) ;
#2130 = CARTESIAN_POINT ( 'NONE',  ( -17.75000000000001421, -0.5999999999999972022, 17.79051713694687464 ) ) ;
#2131 = FACE_OUTER_BOUND ( 'NONE', #2579, .T. ) ;
#2132 = DIRECTION ( 'NONE',  ( 0.000000000000000000, 0.000000000000000000, -1.000000000000000000 ) ) ;
#2133 = VERTEX_POINT ( 'NONE', #2762 ) ;
#2134 = DIRECTION ( 'NONE',  ( 0.000000000000000000, -1.000000000000000000, 0.000000000000000000 ) ) ;
#2135 = VECTOR ( 'NONE', #1806, 1000.000000000000000 ) ;
#2136 = VERTEX_POINT ( 'NONE', #1286 ) ;
#2137 = VERTEX_POINT ( 'NONE', #531 ) ;
#2138 = CARTESIAN_POINT ( 'NONE',  ( -24.74999999999999289, 47.50000000000000000, 15.25000000000000355 ) ) ;
#2139 = EDGE_LOOP ( 'NONE', ( #1875, #1596, #703, #1258, #1615 ) ) ;
#2140 = EDGE_LOOP ( 'NONE', ( #1918, #2485 ) ) ;
#2141 = VERTEX_POINT ( 'NONE', #2323 ) ;
#2142 = DIRECTION ( 'NONE',  ( -0.7071067811865470176, 0.000000000000000000, 0.7071067811865481278 ) ) ;
#2143 = ORIENTED_EDGE ( 'NONE', *, *, #3001, .T. ) ;
#2144 = APPROVAL_STATUS ( 'not_yet_approved' ) ;
#2145 = CARTESIAN_POINT ( 'NONE',  ( -18.75000000000004974, 13.00000000000000178, 55.00000000000000000 ) ) ;
#2146 = EDGE_CURVE ( 'NONE', #1210, #171, #1951, .T. ) ;
#2147 = DIRECTION ( 'NONE',  ( 2.891205793294678080E-17, -1.000000000000000000, 0.000000000000000000 ) ) ;
#2148 = CARTESIAN_POINT ( 'NONE',  ( -17.75000000000000355, -7.324999999999984190, -50.99019513592786268 ) ) ;
#2149 = AXIS2_PLACEMENT_3D ( 'NONE', #247, #2186, #443 ) ;
#2150 = ORIENTED_EDGE ( 'NONE', *, *, #1396, .T. ) ;
#2151 = DIRECTION ( 'NONE',  ( -1.000000000000000000, 0.000000000000000000, 0.000000000000000000 ) ) ;
#2152 = AXIS2_PLACEMENT_3D ( 'NONE', #1840, #881, #594 ) ;
#2153 = DIRECTION ( 'NONE',  ( 0.000000000000000000, 0.000000000000000000, 1.000000000000000000 ) ) ;
#2154 = VERTEX_POINT ( 'NONE', #3080 ) ;
#2155 = DIRECTION ( 'NONE',  ( 0.000000000000000000, 0.000000000000000000, -1.000000000000000000 ) ) ;
#2156 = CARTESIAN_POINT ( 'NONE',  ( -24.74999999999999289, 47.50000000000000000, 39.75000000000000000 ) ) ;
#2157 = VECTOR ( 'NONE', #36, 1000.000000000000114 ) ;
#2158 = EDGE_CURVE ( 'NONE', #2224, #95, #327, .T. ) ;
#2159 = ORIENTED_EDGE ( 'NONE', *, *, #1963, .F. ) ;
#2160 = ORIENTED_EDGE ( 'NONE', *, *, #1783, .T. ) ;
#2161 = CARTESIAN_POINT ( 'NONE',  ( -27.75000000000001066, 12.14999999999999503, -58.42034058415723763 ) ) ;
#2162 = VERTEX_POINT ( 'NONE', #275 ) ;
#2163 = VECTOR ( 'NONE', #1268, 1000.000000000000000 ) ;
#2164 = ORIENTED_EDGE ( 'NONE', *, *, #663, .T. ) ;
#2165 = DIRECTION ( 'NONE',  ( 0.000000000000000000, 1.000000000000000000, 0.000000000000000000 ) ) ;
#2166 = EDGE_CURVE ( 'NONE', #2827, #1244, #1541, .T. ) ;
#2167 = CARTESIAN_POINT ( 'NONE',  ( -24.74999999999999289, 12.14999999999999503, -87.87525551735875240 ) ) ;
#2168 = DIRECTION ( 'NONE',  ( 0.000000000000000000, -0.000000000000000000, -1.000000000000000000 ) ) ;
#2169 = EDGE_LOOP ( 'NONE', ( #250, #1044 ) ) ;
#2170 = VECTOR ( 'NONE', #521, 1000.000000000000000 ) ;
#2171 = LINE ( 'NONE', #3161, #717 ) ;
#2172 = CARTESIAN_POINT ( 'NONE',  ( -17.75000000000001421, 22.50000000000000711, 13.74999999999999822 ) ) ;
#2173 = ORIENTED_EDGE ( 'NONE', *, *, #2807, .T. ) ;
#2174 = LINE ( 'NONE', #2914, #3110 ) ;
#2175 = DIRECTION ( 'NONE',  ( 1.000000000000000000, 0.000000000000000000, -0.000000000000000000 ) ) ;
#2176 = EDGE_LOOP ( 'NONE', ( #2026, #1020, #1442, #1190, #1690 ) ) ;
#2177 = CARTESIAN_POINT ( 'NONE',  ( -17.75000000000000355, 60.00000000000000711, 52.00000000000000000 ) ) ;
#2178 = ORIENTED_EDGE ( 'NONE', *, *, #1197, .F. ) ;
#2179 = ADVANCED_FACE ( 'NONE', ( #1522 ), #49, .F. ) ;
#2180 = CC_DESIGN_SECURITY_CLASSIFICATION ( #42, ( #1814 ) ) ;
#2181 = ORIENTED_EDGE ( 'NONE', *, *, #499, .F. ) ;
#2182 = ORIENTED_EDGE ( 'NONE', *, *, #221, .F. ) ;
#2183 = DIRECTION ( 'NONE',  ( 1.000000000000000000, 1.040834085586084257E-16, 0.000000000000000000 ) ) ;
#2184 = ORIENTED_EDGE ( 'NONE', *, *, #995, .T. ) ;
#2185 = CARTESIAN_POINT ( 'NONE',  ( -27.75000000000001066, 10.00000000000000000, -50.99019513592786268 ) ) ;
#2186 = DIRECTION ( 'NONE',  ( 0.9486832980505138790, -6.582812753581311037E-16, -0.3162277660168379412 ) ) ;
#2187 = EDGE_LOOP ( 'NONE', ( #2865, #642, #1389, #829 ) ) ;
#2188 = CARTESIAN_POINT ( 'NONE',  ( -17.75000000000001421, 13.64999999999998970, -58.42034058415723763 ) ) ;
#2189 = LINE ( 'NONE', #2156, #2431 ) ;
#2190 = VECTOR ( 'NONE', #2907, 1000.000000000000000 ) ;
#2191 = EDGE_CURVE ( 'NONE', #2214, #2658, #803, .T. ) ;
#2192 = AXIS2_PLACEMENT_3D ( 'NONE', #916, #2380, #2629 ) ;
#2193 = VECTOR ( 'NONE', #1387, 1000.000000000000000 ) ;
#2194 = VERTEX_POINT ( 'NONE', #1036 ) ;
#2195 = DIRECTION ( 'NONE',  ( 1.000000000000000000, -0.000000000000000000, -0.000000000000000000 ) ) ;
#2196 = ORIENTED_EDGE ( 'NONE', *, *, #1084, .F. ) ;
#2197 = LINE ( 'NONE', #1398, #2787 ) ;
#2198 = ADVANCED_FACE ( 'NONE', ( #31 ), #1016, .F. ) ;
#2199 = DIRECTION ( 'NONE',  ( -1.000000000000000000, 0.000000000000000000, 0.000000000000000000 ) ) ;
#2200 = ORIENTED_EDGE ( 'NONE', *, *, #826, .F. ) ;
#2201 = DIRECTION ( 'NONE',  ( 0.000000000000000000, -1.000000000000000000, 0.000000000000000000 ) ) ;
#2202 = DIRECTION ( 'NONE',  ( 1.000000000000000000, 0.000000000000000000, 0.000000000000000000 ) ) ;
#2203 = CIRCLE ( 'NONE', #2564, 3.000000000000002665 ) ;
#2204 = ORIENTED_EDGE ( 'NONE', *, *, #3083, .F. ) ;
#2205 = CARTESIAN_POINT ( 'NONE',  ( -170.0000000000000000, 29.94999999999998508, -86.37525551735875240 ) ) ;
#2206 = CARTESIAN_POINT ( 'NONE',  ( -17.75000000000000355, 21.79999999999999716, -73.29779015821748089 ) ) ;
#2207 = VECTOR ( 'NONE', #2313, 1000.000000000000000 ) ;
#2208 = ORIENTED_EDGE ( 'NONE', *, *, #124, .T. ) ;
#2209 = EDGE_CURVE ( 'NONE', #1222, #2335, #611, .T. ) ;
#2210 = ORIENTED_EDGE ( 'NONE', *, *, #199, .T. ) ;
#2211 = CIRCLE ( 'NONE', #2774, 3.000000000000000000 ) ;
#2212 = DIRECTION ( 'NONE',  ( 1.156482317317871232E-16, 1.000000000000000000, -0.000000000000000000 ) ) ;
#2213 = VECTOR ( 'NONE', #3035, 1000.000000000000000 ) ;
#2214 = VERTEX_POINT ( 'NONE', #2875 ) ;
#2215 = CARTESIAN_POINT ( 'NONE',  ( -27.74999999999999645, 49.63999999999997215, -154.9955803164349675 ) ) ;
#2216 = VERTEX_POINT ( 'NONE', #1385 ) ;
#2217 = CARTESIAN_POINT ( 'NONE',  ( 0.000000000000000000, -57.00000000000000711, -154.9955803164349675 ) ) ;
#2218 = ORIENTED_EDGE ( 'NONE', *, *, #1845, .F. ) ;
#2219 = CARTESIAN_POINT ( 'NONE',  ( -20.75000000000004263, -60.00000000000000000, -133.3705803164349390 ) ) ;
#2220 = DIRECTION ( 'NONE',  ( 0.000000000000000000, 0.000000000000000000, -1.000000000000000000 ) ) ;
#2221 = DIRECTION ( 'NONE',  ( -1.387778780781445676E-16, -1.000000000000000000, 1.155081008495165429E-16 ) ) ;
#2222 = DIRECTION ( 'NONE',  ( 0.000000000000000000, 0.000000000000000000, 1.000000000000000000 ) ) ;
#2223 = CIRCLE ( 'NONE', #1698, 4.500000000000014211 ) ;
#2224 = VERTEX_POINT ( 'NONE', #2381 ) ;
#2225 = CARTESIAN_POINT ( 'NONE',  ( -27.75000000000000355, 60.00000000000000711, -154.9955803164349675 ) ) ;
#2226 = ORIENTED_EDGE ( 'NONE', *, *, #2854, .T. ) ;
#2227 = AXIS2_PLACEMENT_3D ( 'NONE', #2443, #740, #725 ) ;
#2228 = ADVANCED_FACE ( 'NONE', ( #1369 ), #1115, .F. ) ;
#2229 = LINE ( 'NONE', #1467, #3156 ) ;
#2230 = ADVANCED_FACE ( 'NONE', ( #2116 ), #2984, .F. ) ;
#2231 = CARTESIAN_POINT ( 'NONE',  ( 80.00000000000005684, 20.29999999999998295, -73.29779015821748089 ) ) ;
#2232 = ORIENTED_EDGE ( 'NONE', *, *, #3045, .T. ) ;
#2233 = DIRECTION ( 'NONE',  ( 0.000000000000000000, 0.000000000000000000, -1.000000000000000000 ) ) ;
#2234 = DIRECTION ( 'NONE',  ( 0.000000000000000000, 1.000000000000000000, 0.000000000000000000 ) ) ;
#2235 = EDGE_CURVE ( 'NONE', #1669, #2137, #2825, .T. ) ;
#2236 = CARTESIAN_POINT ( 'NONE',  ( -17.75000000000001066, -60.00000000000001421, -154.9955803164349675 ) ) ;
#2237 = CARTESIAN_POINT ( 'NONE',  ( -170.0000000000000000, 22.49999999999998934, 41.25000000000000000 ) ) ;
#2238 = ADVANCED_FACE ( 'NONE', ( #1885 ), #1099, .T. ) ;
#2239 = ORIENTED_EDGE ( 'NONE', *, *, #1741, .T. ) ;
#2240 = DIRECTION ( 'NONE',  ( 1.000000000000000000, -0.000000000000000000, -0.000000000000000000 ) ) ;
#2241 = EDGE_LOOP ( 'NONE', ( #1887, #257, #100, #934 ) ) ;
#2242 = DIRECTION ( 'NONE',  ( 0.000000000000000000, 1.000000000000000000, 0.000000000000000000 ) ) ;
#2243 = EDGE_CURVE ( 'NONE', #1588, #2933, #868, .T. ) ;
#2244 = DIRECTION ( 'NONE',  ( 0.000000000000000000, 0.000000000000000000, 1.000000000000000000 ) ) ;
#2245 = ORIENTED_EDGE ( 'NONE', *, *, #1101, .F. ) ;
#2246 = CARTESIAN_POINT ( 'NONE',  ( -24.74999999999999289, 12.14999999999999503, -86.37525551735875240 ) ) ;
#2247 = DIRECTION ( 'NONE',  ( 0.000000000000000000, -1.000000000000000000, 0.000000000000000000 ) ) ;
#2248 = CARTESIAN_POINT ( 'NONE',  ( -17.75000000000001421, 13.64999999999999147, -86.37525551735875240 ) ) ;
#2249 = DIRECTION ( 'NONE',  ( -1.000000000000000000, 0.000000000000000000, 0.000000000000000000 ) ) ;
#2250 = VERTEX_POINT ( 'NONE', #1129 ) ;
#2251 = LINE ( 'NONE', #1217, #1519 ) ;
#2252 = EDGE_CURVE ( 'NONE', #2973, #719, #1856, .T. ) ;
#2253 = AXIS2_PLACEMENT_3D ( 'NONE', #2726, #2183, #243 ) ;
#2254 = ORIENTED_EDGE ( 'NONE', *, *, #2596, .T. ) ;
#2255 = CARTESIAN_POINT ( 'NONE',  ( -27.75000000000000355, 60.00000000000000711, 55.00000000000000000 ) ) ;
#2256 = CIRCLE ( 'NONE', #788, 1.499999999999994449 ) ;
#2257 = FACE_OUTER_BOUND ( 'NONE', #1236, .T. ) ;
#2258 = ORIENTED_EDGE ( 'NONE', *, *, #1542, .T. ) ;
#2259 = EDGE_CURVE ( 'NONE', #1028, #2563, #1609, .T. ) ;
#2260 = DIRECTION ( 'NONE',  ( 1.000000000000000000, 1.465963500825469940E-16, 0.000000000000000000 ) ) ;
#2261 = DIRECTION ( 'NONE',  ( -0.000000000000000000, -0.000000000000000000, -1.000000000000000000 ) ) ;
#2262 = DIRECTION ( 'NONE',  ( -6.938893903907223447E-16, -1.000000000000000000, -0.000000000000000000 ) ) ;
#2263 = CARTESIAN_POINT ( 'NONE',  ( -24.74999999999999289, 28.44999999999999929, -87.87525551735875240 ) ) ;
#2264 = LINE ( 'NONE', #1504, #1271 ) ;
#2265 = EDGE_LOOP ( 'NONE', ( #1377, #2258, #1480, #2470, #1420 ) ) ;
#2266 = CARTESIAN_POINT ( 'NONE',  ( -19.95646728200213360, 46.63999999999996504, -104.2955803164349646 ) ) ;
#2267 = LINE ( 'NONE', #3005, #2402 ) ;
#2268 = AXIS2_PLACEMENT_3D ( 'NONE', #2823, #2773, #827 ) ;
#2269 = ORIENTED_EDGE ( 'NONE', *, *, #221, .T. ) ;
#2270 = ADVANCED_FACE ( 'NONE', ( #3108 ), #2847, .F. ) ;
#2271 = CARTESIAN_POINT ( 'NONE',  ( -17.75000000000000355, -40.00000000000000711, -144.1830803164349390 ) ) ;
#2272 = DIRECTION ( 'NONE',  ( -1.000000000000000000, 0.000000000000000000, 0.000000000000000000 ) ) ;
#2273 = ORIENTED_EDGE ( 'NONE', *, *, #78, .F. ) ;
#2274 = CIRCLE ( 'NONE', #706, 1.500000000000001332 ) ;
#2275 = LINE ( 'NONE', #63, #2598 ) ;
#2276 = LINE ( 'NONE', #501, #329 ) ;
#2277 = DIRECTION ( 'NONE',  ( 0.000000000000000000, 0.000000000000000000, 1.000000000000000000 ) ) ;
#2278 = CARTESIAN_POINT ( 'NONE',  ( -19.75000000000001066, 20.29999999999999005, -23.30000000000000782 ) ) ;
#2279 = EDGE_CURVE ( 'NONE', #1626, #715, #2860, .T. ) ;
#2280 = VERTEX_POINT ( 'NONE', #3140 ) ;
#2281 = DIRECTION ( 'NONE',  ( 1.000000000000000000, -0.000000000000000000, -0.000000000000000000 ) ) ;
#2282 = EDGE_CURVE ( 'NONE', #1564, #2194, #1465, .T. ) ;
#2283 = CARTESIAN_POINT ( 'NONE',  ( -27.74999999999999645, 1.638692345779117820, -154.9955803164349675 ) ) ;
#2284 = DIRECTION ( 'NONE',  ( 0.000000000000000000, 0.000000000000000000, 1.000000000000000000 ) ) ;
#2285 = ORIENTED_EDGE ( 'NONE', *, *, #1227, .F. ) ;
#2286 = DIRECTION ( 'NONE',  ( -1.000000000000000000, 0.000000000000000000, 0.000000000000000000 ) ) ;
#2287 = CIRCLE ( 'NONE', #2493, 3.000000000000002665 ) ;
#2288 = ORIENTED_EDGE ( 'NONE', *, *, #158, .F. ) ;
#2289 = EDGE_CURVE ( 'NONE', #1631, #2869, #1105, .T. ) ;
#2290 = DIRECTION ( 'NONE',  ( -0.000000000000000000, 0.000000000000000000, 1.000000000000000000 ) ) ;
#2291 = CARTESIAN_POINT ( 'NONE',  ( -17.75000000000001421, 21.00000000000000000, 13.74999999999999822 ) ) ;
#2292 = CARTESIAN_POINT ( 'NONE',  ( -24.75000000000004974, 22.50000000000000355, 13.74999999999999822 ) ) ;
#2293 = CARTESIAN_POINT ( 'NONE',  ( -17.75000000000000355, 60.00000000000000711, -151.9955803164349390 ) ) ;
#2294 = COORDINATED_UNIVERSAL_TIME_OFFSET ( 1, 0, .AHEAD. ) ;
#2295 = EDGE_LOOP ( 'NONE', ( #1492, #745, #2239, #2184, #2, #1847, #196, #1198 ) ) ;
#2296 = DIRECTION ( 'NONE',  ( 0.000000000000000000, 0.000000000000000000, -1.000000000000000000 ) ) ;
#2297 = DIRECTION ( 'NONE',  ( -1.000000000000000000, 0.000000000000000000, 0.000000000000000000 ) ) ;
#2298 = DIRECTION ( 'NONE',  ( -1.000000000000000000, 0.000000000000000000, 0.000000000000000000 ) ) ;
#2299 = EDGE_LOOP ( 'NONE', ( #3181, #2902, #534, #3177, #1603 ) ) ;
#2300 = CIRCLE ( 'NONE', #1835, 1.500000000000004885 ) ;
#2301 = CYLINDRICAL_SURFACE ( 'NONE', #2268, 3.000000000000000888 ) ;
#2302 = AXIS2_PLACEMENT_3D ( 'NONE', #2757, #2034, #2244 ) ;
#2303 = CIRCLE ( 'NONE', #585, 1.500000000000001332 ) ;
#2304 = ORIENTED_EDGE ( 'NONE', *, *, #2025, .T. ) ;
#2305 = CARTESIAN_POINT ( 'NONE',  ( -17.75000000000001421, 28.45000000000000284, -58.42034058415723763 ) ) ;
#2306 = LINE ( 'NONE', #2084, #2097 ) ;
#2307 = FACE_OUTER_BOUND ( 'NONE', #1462, .T. ) ;
#2308 = DIRECTION ( 'NONE',  ( 0.000000000000000000, 1.000000000000000000, 0.000000000000000000 ) ) ;
#2309 = LINE ( 'NONE', #390, #755 ) ;
#2310 = ADVANCED_FACE ( 'NONE', ( #1869 ), #3123, .F. ) ;
#2311 = ORIENTED_EDGE ( 'NONE', *, *, #1211, .F. ) ;
#2312 = CARTESIAN_POINT ( 'NONE',  ( -19.95646728200213360, 46.63999999999996504, -154.9955803164349675 ) ) ;
#2313 = DIRECTION ( 'NONE',  ( 0.000000000000000000, 1.000000000000000000, -0.000000000000000000 ) ) ;
#2314 = CARTESIAN_POINT ( 'NONE',  ( -24.25000000000000711, 49.63999999999997215, -154.9955803164349675 ) ) ;
#2315 = VERTEX_POINT ( 'NONE', #395 ) ;
#2316 = DIRECTION ( 'NONE',  ( 0.000000000000000000, 1.000000000000000000, 0.000000000000000000 ) ) ;
#2317 = AXIS2_PLACEMENT_3D ( 'NONE', #226, #284, #267 ) ;
#2318 = ORIENTED_EDGE ( 'NONE', *, *, #1682, .F. ) ;
#2319 = ADVANCED_FACE ( 'NONE', ( #833 ), #2616, .F. ) ;
#2320 = CARTESIAN_POINT ( 'NONE',  ( -27.74999999999999645, 49.64177672930824059, -104.1955961015159744 ) ) ;
#2321 = FACE_OUTER_BOUND ( 'NONE', #3227, .T. ) ;
#2322 = DIRECTION ( 'NONE',  ( 0.000000000000000000, 0.000000000000000000, 1.000000000000000000 ) ) ;
#2323 = CARTESIAN_POINT ( 'NONE',  ( -17.75000000000001421, 10.64999999999999858, -58.42034058415723763 ) ) ;
#2324 = AXIS2_PLACEMENT_3D ( 'NONE', #3217, #2249, #460 ) ;
#2325 = LOCAL_TIME ( 10, 36, 46.00000000000000000, #637 ) ;
#2326 = ADVANCED_FACE ( 'NONE', ( #641 ), #2342, .F. ) ;
#2327 = ORIENTED_EDGE ( 'NONE', *, *, #2624, .F. ) ;
#2328 = ORIENTED_EDGE ( 'NONE', *, *, #679, .F. ) ;
#2329 = DIRECTION ( 'NONE',  ( 0.000000000000000000, 0.000000000000000000, 1.000000000000000000 ) ) ;
#2330 = LINE ( 'NONE', #1290, #965 ) ;
#2331 = DIRECTION ( 'NONE',  ( -6.938893903907223447E-16, -1.000000000000000000, -0.000000000000000000 ) ) ;
#2332 = VERTEX_POINT ( 'NONE', #229 ) ;
#2333 = CYLINDRICAL_SURFACE ( 'NONE', #2680, 1.499999999999996225 ) ;
#2334 = VERTEX_POINT ( 'NONE', #1482 ) ;
#2335 = VERTEX_POINT ( 'NONE', #1456 ) ;
#2336 = ORIENTED_EDGE ( 'NONE', *, *, #2459, .F. ) ;
#2337 = AXIS2_PLACEMENT_3D ( 'NONE', #2830, #1590, #3092 ) ;
#2338 = DIRECTION ( 'NONE',  ( 0.000000000000000000, 1.000000000000000000, 0.000000000000000000 ) ) ;
#2339 = ADVANCED_FACE ( 'NONE', ( #1720 ), #1956, .F. ) ;
#2340 = CARTESIAN_POINT ( 'NONE',  ( -27.75000000000001066, 20.29999999999999005, -9.300000000000004263 ) ) ;
#2341 = DIRECTION ( 'NONE',  ( 1.000000000000000000, -0.000000000000000000, -0.000000000000000000 ) ) ;
#2342 = PLANE ( 'NONE',  #1889 ) ;
#2343 = ORIENTED_EDGE ( 'NONE', *, *, #1139, .T. ) ;
#2344 = CARTESIAN_POINT ( 'NONE',  ( -170.0000000000000000, 23.99999999999999289, 41.25000000000000000 ) ) ;
#2345 = ORIENTED_EDGE ( 'NONE', *, *, #972, .T. ) ;
#2346 = CARTESIAN_POINT ( 'NONE',  ( -24.25000000000000711, 49.63999999999997215, -104.2955803164349646 ) ) ;
#2347 = ORIENTED_EDGE ( 'NONE', *, *, #988, .F. ) ;
#2348 = EDGE_CURVE ( 'NONE', #789, #694, #1209, .T. ) ;
#2349 = AXIS2_PLACEMENT_3D ( 'NONE', #2014, #6, #2776 ) ;
#2350 = ORIENTED_EDGE ( 'NONE', *, *, #1580, .T. ) ;
#2351 = AXIS2_PLACEMENT_3D ( 'NONE', #1974, #3176, #686 ) ;
#2352 = DIRECTION ( 'NONE',  ( 0.000000000000000000, 0.000000000000000000, -1.000000000000000000 ) ) ;
#2353 = AXIS2_PLACEMENT_3D ( 'NONE', #52, #552, #2105 ) ;
#2354 = CARTESIAN_POINT ( 'NONE',  ( -24.75000000000002842, -40.00000000000000000, -144.1830803164349390 ) ) ;
#2355 = DIRECTION ( 'NONE',  ( 0.000000000000000000, 1.000000000000000000, 0.000000000000000000 ) ) ;
#2356 = EDGE_CURVE ( 'NONE', #171, #1210, #734, .T. ) ;
#2357 = ADVANCED_FACE ( 'NONE', ( #2921 ), #1924, .F. ) ;
#2358 = CONICAL_SURFACE ( 'NONE', #1156, 1.500000000000001332, 0.7853981633974469467 ) ;
#2359 = LINE ( 'NONE', #2185, #468 ) ;
#2360 = VERTEX_POINT ( 'NONE', #933 ) ;
#2361 = EDGE_CURVE ( 'NONE', #700, #3196, #482, .T. ) ;
#2362 = DIRECTION ( 'NONE',  ( 0.000000000000000000, 1.000000000000000000, 0.000000000000000000 ) ) ;
#2363 = ADVANCED_FACE ( 'NONE', ( #2678 ), #3159, .F. ) ;
#2364 = VERTEX_POINT ( 'NONE', #1671 ) ;
#2365 = ORIENTED_EDGE ( 'NONE', *, *, #2818, .F. ) ;
#2366 = ORIENTED_EDGE ( 'NONE', *, *, #1022, .T. ) ;
#2367 = AXIS2_PLACEMENT_3D ( 'NONE', #1331, #1815, #774 ) ;
#2368 = FACE_OUTER_BOUND ( 'NONE', #2139, .T. ) ;
#2369 = VECTOR ( 'NONE', #858, 1000.000000000000000 ) ;
#2370 = DIRECTION ( 'NONE',  ( 0.000000000000000000, 0.000000000000000000, 1.000000000000000000 ) ) ;
#2371 = CARTESIAN_POINT ( 'NONE',  ( -24.74999999999999289, 12.14999999999999503, -58.42034058415723763 ) ) ;
#2372 = DIRECTION ( 'NONE',  ( -1.000000000000000000, 1.387778780781445922E-16, -0.000000000000000000 ) ) ;
#2373 = EDGE_LOOP ( 'NONE', ( #541, #1509, #1392, #1170, #1657 ) ) ;
#2374 = FACE_OUTER_BOUND ( 'NONE', #601, .T. ) ;
#2375 = VECTOR ( 'NONE', #2281, 1000.000000000000000 ) ;
#2376 = ORIENTED_EDGE ( 'NONE', *, *, #1231, .F. ) ;
#2377 = ORIENTED_EDGE ( 'NONE', *, *, #2029, .T. ) ;
#2378 = CARTESIAN_POINT ( 'NONE',  ( -27.75000000000000355, 60.00000000000000711, 51.99999999999997158 ) ) ;
#2379 = CARTESIAN_POINT ( 'NONE',  ( -21.75000000000002842, 10.00000000000000000, 53.75735931288069480 ) ) ;
#2380 = DIRECTION ( 'NONE',  ( -1.000000000000000000, 0.000000000000000000, 0.000000000000000000 ) ) ;
#2381 = CARTESIAN_POINT ( 'NONE',  ( -21.25000000000001776, 1.638692345779117820, -104.2955803164349646 ) ) ;
#2382 = EDGE_LOOP ( 'NONE', ( #1118, #908, #1122, #2318 ) ) ;
#2383 = EDGE_CURVE ( 'NONE', #1210, #1914, #1441, .T. ) ;
#2384 = DIRECTION ( 'NONE',  ( 0.3162277660168379412, -0.000000000000000000, -0.9486832980505138790 ) ) ;
#2385 = DIRECTION ( 'NONE',  ( 1.000000000000000000, -0.000000000000000000, -0.000000000000000000 ) ) ;
#2386 = ORIENTED_EDGE ( 'NONE', *, *, #2088, .F. ) ;
#2387 = FACE_BOUND ( 'NONE', #404, .T. ) ;
#2388 = LINE ( 'NONE', #1407, #146 ) ;
#2389 = ORIENTED_EDGE ( 'NONE', *, *, #2939, .F. ) ;
#2390 = EDGE_LOOP ( 'NONE', ( #2327, #2005, #298, #392, #2941 ) ) ;
#2391 = ORIENTED_EDGE ( 'NONE', *, *, #679, .T. ) ;
#2392 = CARTESIAN_POINT ( 'NONE',  ( -27.75000000000000711, 28.44999999999999929, -58.42034058415723763 ) ) ;
#2393 = ADVANCED_FACE ( 'NONE', ( #718 ), #1221, .F. ) ;
#2394 = EDGE_CURVE ( 'NONE', #930, #1103, #256, .T. ) ;
#2395 = ORIENTED_EDGE ( 'NONE', *, *, #134, .F. ) ;
#2396 = COORDINATED_UNIVERSAL_TIME_OFFSET ( 1, 0, .AHEAD. ) ;
#2397 = VERTEX_POINT ( 'NONE', #1470 ) ;
#2398 = CARTESIAN_POINT ( 'NONE',  ( -25.75000000000000711, -8.324999999999983302, -16.22500000000001563 ) ) ;
#2399 = DIRECTION ( 'NONE',  ( 0.000000000000000000, -1.000000000000000000, 0.000000000000000000 ) ) ;
#2400 = CIRCLE ( 'NONE', #682, 1.499999999999994449 ) ;
#2401 = ORIENTED_EDGE ( 'NONE', *, *, #2735, .T. ) ;
#2402 = VECTOR ( 'NONE', #519, 1000.000000000000000 ) ;
#2403 = LINE ( 'NONE', #185, #107 ) ;
#2404 = AXIS2_PLACEMENT_3D ( 'NONE', #366, #1621, #2168 ) ;
#2405 = FACE_BOUND ( 'NONE', #1553, .T. ) ;
#2406 = ORIENTED_EDGE ( 'NONE', *, *, #2259, .T. ) ;
#2407 = EDGE_CURVE ( 'NONE', #2133, #1941, #917, .T. ) ;
#2408 = DIRECTION ( 'NONE',  ( 0.000000000000000000, 0.000000000000000000, 1.000000000000000000 ) ) ;
#2409 = CARTESIAN_POINT ( 'NONE',  ( -24.25000000000000711, 1.638692345779117820, -93.82610086423677842 ) ) ;
#2410 = ORIENTED_EDGE ( 'NONE', *, *, #1009, .F. ) ;
#2411 = VECTOR ( 'NONE', #2971, 1000.000000000000000 ) ;
#2412 = ORIENTED_EDGE ( 'NONE', *, *, #1783, .F. ) ;
#2413 = ORIENTED_EDGE ( 'NONE', *, *, #2121, .F. ) ;
#2414 = LINE ( 'NONE', #194, #2932 ) ;
#2415 = EDGE_LOOP ( 'NONE', ( #1602, #845, #172, #690 ) ) ;
#2416 = CARTESIAN_POINT ( 'NONE',  ( -170.0000000000000000, 28.44999999999998508, -86.37525551735875240 ) ) ;
#2417 = ORIENTED_EDGE ( 'NONE', *, *, #3011, .T. ) ;
#2418 = EDGE_CURVE ( 'NONE', #70, #700, #950, .T. ) ;
#2419 = AXIS2_PLACEMENT_3D ( 'NONE', #1220, #2496, #1996 ) ;
#2420 = CARTESIAN_POINT ( 'NONE',  ( -170.0000000000000000, 10.64999999999998259, -58.42034058415723763 ) ) ;
#2421 = ORIENTED_EDGE ( 'NONE', *, *, #2432, .T. ) ;
#2422 = AXIS2_PLACEMENT_3D ( 'NONE', #2791, #2580, #1062 ) ;
#2423 = LINE ( 'NONE', #396, #2703 ) ;
#2424 = DIRECTION ( 'NONE',  ( 2.465707233207493478E-18, 0.01776729308268480689, 0.9998421491898178415 ) ) ;
#2425 = ORIENTED_EDGE ( 'NONE', *, *, #228, .T. ) ;
#2426 = EDGE_LOOP ( 'NONE', ( #1357, #2876, #373, #2377, #946 ) ) ;
#2427 = CYLINDRICAL_SURFACE ( 'NONE', #2122, 1.499999999999994449 ) ;
#2428 = FACE_OUTER_BOUND ( 'NONE', #2675, .T. ) ;
#2429 = ORIENTED_EDGE ( 'NONE', *, *, #1178, .F. ) ;
#2430 = CARTESIAN_POINT ( 'NONE',  ( -27.75000000000000711, 28.44999999999999929, -58.42034058415723763 ) ) ;
#2431 = VECTOR ( 'NONE', #2897, 1000.000000000000000 ) ;
#2432 = EDGE_CURVE ( 'NONE', #1348, #2141, #3228, .T. ) ;
#2433 = APPROVAL_PERSON_ORGANIZATION ( #1879, #2674, #877 ) ;
#2434 = ORIENTED_EDGE ( 'NONE', *, *, #2978, .T. ) ;
#2435 = LINE ( 'NONE', #179, #2733 ) ;
#2436 = DIRECTION ( 'NONE',  ( 1.000000000000000000, 1.040834085586084257E-16, 0.000000000000000000 ) ) ;
#2437 = ORIENTED_EDGE ( 'NONE', *, *, #2936, .T. ) ;
#2438 = CC_DESIGN_PERSON_AND_ORGANIZATION_ASSIGNMENT ( #2855, #2109, ( #1041 ) ) ;
#2439 = LINE ( 'NONE', #2994, #1234 ) ;
#2440 = CARTESIAN_POINT ( 'NONE',  ( -24.74999999999999289, 13.64999999999998970, -58.42034058415723763 ) ) ;
#2441 = ORIENTED_EDGE ( 'NONE', *, *, #2356, .T. ) ;
#2442 = DIRECTION ( 'NONE',  ( 1.000000000000000000, -1.387778780781445676E-16, 0.000000000000000000 ) ) ;
#2443 = CARTESIAN_POINT ( 'NONE',  ( -27.75000000000000711, 28.44999999999999929, -86.37525551735875240 ) ) ;
#2444 = ORIENTED_EDGE ( 'NONE', *, *, #2519, .F. ) ;
#2445 = AXIS2_PLACEMENT_3D ( 'NONE', #815, #2290, #830 ) ;
#2446 = ORIENTED_EDGE ( 'NONE', *, *, #2418, .T. ) ;
#2447 = CARTESIAN_POINT ( 'NONE',  ( -170.0000000000000000, 49.63999999999997215, -104.2955803164349646 ) ) ;
#2448 = ORIENTED_EDGE ( 'NONE', *, *, #180, .T. ) ;
#2449 = EDGE_CURVE ( 'NONE', #1816, #2784, #1689, .T. ) ;
#2450 = CARTESIAN_POINT ( 'NONE',  ( -20.75000000000004263, -60.00000000000000000, -13.22500000000001386 ) ) ;
#2451 = ORIENTED_EDGE ( 'NONE', *, *, #1895, .F. ) ;
#2452 = CARTESIAN_POINT ( 'NONE',  ( -19.95646728200213360, 4.638692345779120707, -93.82610086423677842 ) ) ;
#2453 = ORIENTED_EDGE ( 'NONE', *, *, #1646, .F. ) ;
#2454 = FACE_OUTER_BOUND ( 'NONE', #3052, .T. ) ;
#2455 = DIRECTION ( 'NONE',  ( -0.000000000000000000, 0.000000000000000000, 1.000000000000000000 ) ) ;
#2456 = AXIS2_PLACEMENT_3D ( 'NONE', #260, #2795, #1539 ) ;
#2457 = FACE_BOUND ( 'NONE', #2531, .T. ) ;
#2458 = FACE_OUTER_BOUND ( 'NONE', #2176, .T. ) ;
#2459 = EDGE_CURVE ( 'NONE', #15, #483, #2661, .T. ) ;
#2460 = EDGE_CURVE ( 'NONE', #1770, #3034, #3194, .T. ) ;
#2461 = ORIENTED_EDGE ( 'NONE', *, *, #43, .T. ) ;
#2462 = CIRCLE ( 'NONE', #840, 1.500000000000001332 ) ;
#2463 = CARTESIAN_POINT ( 'NONE',  ( -17.75000000000000355, 10.00000000000000178, 55.00000000000000000 ) ) ;
#2464 = ADVANCED_FACE ( 'NONE', ( #2945 ), #2358, .F. ) ;
#2465 = EDGE_LOOP ( 'NONE', ( #978, #2666, #1143, #1410, #245 ) ) ;
#2466 = CARTESIAN_POINT ( 'NONE',  ( -21.75000000000003197, 10.00000000000000178, 0.000000000000000000 ) ) ;
#2467 = ORIENTED_EDGE ( 'NONE', *, *, #516, .F. ) ;
#2468 = EDGE_CURVE ( 'NONE', #434, #761, #469, .T. ) ;
#2469 = DIRECTION ( 'NONE',  ( 0.000000000000000000, 0.000000000000000000, 1.000000000000000000 ) ) ;
#2470 = ORIENTED_EDGE ( 'NONE', *, *, #629, .T. ) ;
#2471 = EDGE_CURVE ( 'NONE', #2110, #2334, #1668, .T. ) ;
#2472 = CARTESIAN_POINT ( 'NONE',  ( -14.27500000000000924, -8.324999999999981526, 18.20000000000001350 ) ) ;
#2473 = CARTESIAN_POINT ( 'NONE',  ( -19.75000000000001066, 20.29999999999999005, -23.30000000000000782 ) ) ;
#2474 = CARTESIAN_POINT ( 'NONE',  ( -27.75000000000001066, 22.50000000000000355, 45.74999999999998579 ) ) ;
#2475 = FACE_OUTER_BOUND ( 'NONE', #2426, .T. ) ;
#2476 = AXIS2_PLACEMENT_3D ( 'NONE', #1262, #507, #2242 ) ;
#2477 = AXIS2_PLACEMENT_3D ( 'NONE', #204, #2455, #1213 ) ;
#2478 = ORIENTED_EDGE ( 'NONE', *, *, #1963, .T. ) ;
#2479 = CARTESIAN_POINT ( 'NONE',  ( 80.00000000000005684, -7.324999999999998401, -13.22500000000000675 ) ) ;
#2480 = VERTEX_POINT ( 'NONE', #462 ) ;
#2481 = AXIS2_PLACEMENT_3D ( 'NONE', #1931, #1678, #2362 ) ;
#2482 = LINE ( 'NONE', #2255, #3101 ) ;
#2483 = CC_DESIGN_APPROVAL ( #2674, ( #1041 ) ) ;
#2484 = CARTESIAN_POINT ( 'NONE',  ( -27.75000000000001776, -50.00000000000000711, -144.1830803164349390 ) ) ;
#2485 = ORIENTED_EDGE ( 'NONE', *, *, #3185, .F. ) ;
#2486 = LINE ( 'NONE', #1458, #1555 ) ;
#2487 = CARTESIAN_POINT ( 'NONE',  ( -27.75000000000001066, 22.50000000000000355, 18.24999999999998934 ) ) ;
#2488 = LINE ( 'NONE', #2236, #1126 ) ;
#2489 = FACE_OUTER_BOUND ( 'NONE', #871, .T. ) ;
#2490 = EDGE_CURVE ( 'NONE', #109, #3112, #2256, .T. ) ;
#2491 = ORIENTED_EDGE ( 'NONE', *, *, #495, .F. ) ;
#2492 = CARTESIAN_POINT ( 'NONE',  ( -27.75000000000000355, 57.00000000000000000, 55.00000000000000000 ) ) ;
#2493 = AXIS2_PLACEMENT_3D ( 'NONE', #1372, #2372, #149 ) ;
#2494 = ORIENTED_EDGE ( 'NONE', *, *, #2088, .T. ) ;
#2495 = EDGE_CURVE ( 'NONE', #1941, #1617, #2052, .T. ) ;
#2496 = DIRECTION ( 'NONE',  ( -0.000000000000000000, 0.000000000000000000, 1.000000000000000000 ) ) ;
#2497 = EDGE_CURVE ( 'NONE', #2550, #589, #1648, .T. ) ;
#2498 = EDGE_CURVE ( 'NONE', #587, #2963, #74, .T. ) ;
#2499 = DIRECTION ( 'NONE',  ( 0.000000000000000000, -1.000000000000000000, 0.000000000000000000 ) ) ;
#2500 = ORIENTED_EDGE ( 'NONE', *, *, #1514, .T. ) ;
#2501 = MANIFOLD_SOLID_BREP ( 'Stock-minilip main body-1', #195 ) ;
#2502 = CARTESIAN_POINT ( 'NONE',  ( -27.75000000000001066, 12.14999999999999503, -53.92034058415721631 ) ) ;
#2503 = CARTESIAN_POINT ( 'NONE',  ( -24.74999999999999289, 12.14999999999999503, -86.37525551735875240 ) ) ;
#2504 = DIRECTION ( 'NONE',  ( -1.000000000000000000, 0.000000000000000000, 0.000000000000000000 ) ) ;
#2505 = CARTESIAN_POINT ( 'NONE',  ( 80.00000000000005684, -8.324999999999999289, -13.22500000000000675 ) ) ;
#2506 = DIRECTION ( 'NONE',  ( 1.000000000000000000, 1.040834085586084257E-16, 0.000000000000000000 ) ) ;
#2507 = EDGE_CURVE ( 'NONE', #2280, #1376, #1138, .T. ) ;
#2508 = EDGE_LOOP ( 'NONE', ( #756, #2906, #1693, #2753 ) ) ;
#2509 = CARTESIAN_POINT ( 'NONE',  ( -21.75000000000003197, 10.00000000000000178, 0.000000000000000000 ) ) ;
#2510 = PLANE ( 'NONE',  #296 ) ;
#2511 = CIRCLE ( 'NONE', #1102, 1.500000000000004885 ) ;
#2512 = VECTOR ( 'NONE', #2798, 1000.000000000000000 ) ;
#2513 = EDGE_LOOP ( 'NONE', ( #2347, #1294, #241, #2622 ) ) ;
#2514 = DIRECTION ( 'NONE',  ( -1.000000000000000000, 0.000000000000000000, 0.000000000000000000 ) ) ;
#2515 = CIRCLE ( 'NONE', #948, 4.500000000000010658 ) ;
#2516 = DIRECTION ( 'NONE',  ( 0.000000000000000000, 0.000000000000000000, -1.000000000000000000 ) ) ;
#2517 = ORIENTED_EDGE ( 'NONE', *, *, #2596, .F. ) ;
#2518 = DIRECTION ( 'NONE',  ( 1.000000000000000000, -1.387778780781445922E-16, 0.000000000000000000 ) ) ;
#2519 = EDGE_CURVE ( 'NONE', #1922, #1468, #1173, .T. ) ;
#2520 = PLANE ( 'NONE',  #12 ) ;
#2521 = CARTESIAN_POINT ( 'NONE',  ( 80.00000000000005684, -8.325000000000013500, -130.3705803164349390 ) ) ;
#2522 = CARTESIAN_POINT ( 'NONE',  ( -25.54353271799787706, 46.63999999999996504, -93.82610086423677842 ) ) ;
#2523 =( NAMED_UNIT ( * ) SI_UNIT ( $, .STERADIAN. ) SOLID_ANGLE_UNIT ( ) );
#2524 = CIRCLE ( 'NONE', #1610, 1.500000000000001332 ) ;
#2525 = EDGE_LOOP ( 'NONE', ( #307, #2500, #2918, #209, #1929 ) ) ;
#2526 = FACE_OUTER_BOUND ( 'NONE', #2671, .T. ) ;
#2527 = CARTESIAN_POINT ( 'NONE',  ( -170.0000000000000000, 49.64177672930824059, -104.1955961015159744 ) ) ;
#2528 = AXIS2_PLACEMENT_3D ( 'NONE', #824, #2385, #1043 ) ;
#2529 = AXIS2_PLACEMENT_3D ( 'NONE', #2595, #1295, #2064 ) ;
#2530 = LINE ( 'NONE', #3057, #402 ) ;
#2531 = EDGE_LOOP ( 'NONE', ( #1280, #2453 ) ) ;
#2532 = CARTESIAN_POINT ( 'NONE',  ( -170.0000000000000000, 13.64999999999997549, -58.42034058415723763 ) ) ;
#2533 = EDGE_CURVE ( 'NONE', #331, #1686, #2567, .T. ) ;
#2534 = ORIENTED_EDGE ( 'NONE', *, *, #889, .F. ) ;
#2535 = EDGE_LOOP ( 'NONE', ( #626, #677, #1651, #886 ) ) ;
#2536 = AXIS2_PLACEMENT_3D ( 'NONE', #1739, #2731, #2128 ) ;
#2537 = DIRECTION ( 'NONE',  ( -1.000000000000000000, 1.387778780781445676E-16, -0.000000000000000000 ) ) ;
#2538 = AXIS2_PLACEMENT_3D ( 'NONE', #1225, #2002, #547 ) ;
#2539 = DIRECTION ( 'NONE',  ( -1.000000000000000000, 0.000000000000000000, 0.000000000000000000 ) ) ;
#2540 = CARTESIAN_POINT ( 'NONE',  ( -17.75000000000001066, -57.00000000000001421, -154.9955803164349675 ) ) ;
#2541 = FACE_OUTER_BOUND ( 'NONE', #976, .T. ) ;
#2542 = PERSON_AND_ORGANIZATION ( #2749, #1755 ) ;
#2543 = EDGE_LOOP ( 'NONE', ( #1721, #665, #2208, #286, #1759 ) ) ;
#2544 = CARTESIAN_POINT ( 'NONE',  ( -25.54353271799787706, 46.63999999999996504, -93.82610086423677842 ) ) ;
#2545 = LINE ( 'NONE', #1828, #701 ) ;
#2546 = LINE ( 'NONE', #318, #2788 ) ;
#2547 = ORIENTED_EDGE ( 'NONE', *, *, #1120, .T. ) ;
#2548 = DIRECTION ( 'NONE',  ( 0.000000000000000000, -1.000000000000000000, -0.000000000000000000 ) ) ;
#2549 = AXIS2_PLACEMENT_3D ( 'NONE', #2663, #1425, #625 ) ;
#2550 = VERTEX_POINT ( 'NONE', #2378 ) ;
#2551 = DIRECTION ( 'NONE',  ( 0.000000000000000000, 0.000000000000000000, 1.000000000000000000 ) ) ;
#2552 = DIRECTION ( 'NONE',  ( 1.000000000000000000, 1.040834085586084257E-16, 0.000000000000000000 ) ) ;
#2553 = FACE_OUTER_BOUND ( 'NONE', #2390, .T. ) ;
#2554 = CARTESIAN_POINT ( 'NONE',  ( -24.74999999999999289, 47.50000000000000000, 13.74999999999999822 ) ) ;
#2555 = PERSON_AND_ORGANIZATION ( #2749, #1755 ) ;
#2556 = VERTEX_POINT ( 'NONE', #2124 ) ;
#2557 = ORIENTED_EDGE ( 'NONE', *, *, #1595, .T. ) ;
#2558 = CARTESIAN_POINT ( 'NONE',  ( -17.75000000000003553, -60.00000000000000000, -133.3705803164349390 ) ) ;
#2559 = DIRECTION ( 'NONE',  ( 1.000000000000000000, 1.040834085586084257E-16, 0.000000000000000000 ) ) ;
#2560 = ADVANCED_FACE ( 'NONE', ( #449 ), #949, .F. ) ;
#2562 = EDGE_CURVE ( 'NONE', #1316, #1360, #139, .T. ) ;
#2561 = CARTESIAN_POINT ( 'NONE',  ( -24.74999999999999289, 49.00000000000000000, 13.74999999999999822 ) ) ;
#2563 = VERTEX_POINT ( 'NONE', #1394 ) ;
#2564 = AXIS2_PLACEMENT_3D ( 'NONE', #801, #983, #2055 ) ;
#2565 = CARTESIAN_POINT ( 'NONE',  ( -5.000000000000000000, -0.6000000000000050848, -149.9955803164349390 ) ) ;
#2566 = VECTOR ( 'NONE', #786, 1000.000000000000000 ) ;
#2567 = CIRCLE ( 'NONE', #893, 4.500000000000010658 ) ;
#2568 = ORIENTED_EDGE ( 'NONE', *, *, #856, .T. ) ;
#2569 = CARTESIAN_POINT ( 'NONE',  ( 7.249999999999985789, -38.50000000000001421, -144.1830803164349390 ) ) ;
#2570 = DIRECTION ( 'NONE',  ( 1.000000000000000000, -0.000000000000000000, -0.000000000000000000 ) ) ;
#2571 = CARTESIAN_POINT ( 'NONE',  ( -24.75000000000004974, 22.50000000000000355, 12.24999999999999289 ) ) ;
#2572 = DIRECTION ( 'NONE',  ( -1.000000000000000000, 0.000000000000000000, 0.000000000000000000 ) ) ;
#2573 = AXIS2_PLACEMENT_3D ( 'NONE', #1015, #1035, #2966 ) ;
#2574 = ORIENTED_EDGE ( 'NONE', *, *, #2498, .F. ) ;
#2575 = ORIENTED_EDGE ( 'NONE', *, *, #2036, .F. ) ;
#2576 = DIRECTION ( 'NONE',  ( 1.000000000000000000, -0.000000000000000000, -0.000000000000000000 ) ) ;
#2577 = DIRECTION ( 'NONE',  ( -1.000000000000000000, 0.000000000000000000, 0.000000000000000000 ) ) ;
#2578 = DIRECTION ( 'NONE',  ( -1.000000000000000000, 4.987329993433320396E-16, 0.000000000000000000 ) ) ;
#2579 = EDGE_LOOP ( 'NONE', ( #156, #697, #79, #2345, #1136 ) ) ;
#2580 = DIRECTION ( 'NONE',  ( 1.000000000000000000, 1.040834085586084257E-16, 0.000000000000000000 ) ) ;
#2581 = EDGE_CURVE ( 'NONE', #1605, #761, #2414, .T. ) ;
#2582 = CIRCLE ( 'NONE', #2529, 3.000000000000002665 ) ;
#2583 = AXIS2_PLACEMENT_3D ( 'NONE', #1091, #3021, #1145 ) ;
#2584 = ORIENTED_EDGE ( 'NONE', *, *, #925, .F. ) ;
#2585 = VERTEX_POINT ( 'NONE', #666 ) ;
#2586 = DIRECTION ( 'NONE',  ( -1.000000000000000000, 0.000000000000000000, 0.000000000000000000 ) ) ;
#2587 = DIRECTION ( 'NONE',  ( 0.3162277660168379412, 0.000000000000000000, 0.9486832980505138790 ) ) ;
#2588 = FACE_OUTER_BOUND ( 'NONE', #3132, .T. ) ;
#2589 = CARTESIAN_POINT ( 'NONE',  ( -24.74999999999999645, 3.144479452198270408, -133.3705803164349390 ) ) ;
#2590 =( GEOMETRIC_REPRESENTATION_CONTEXT ( 3 ) GLOBAL_UNCERTAINTY_ASSIGNED_CONTEXT ( ( #2086 ) ) GLOBAL_UNIT_ASSIGNED_CONTEXT ( ( #1365, #2782, #2523 ) ) REPRESENTATION_CONTEXT ( 'NONE', 'WORKASPACE' ) );
#2591 = ORIENTED_EDGE ( 'NONE', *, *, #3062, .F. ) ;
#2592 = EDGE_CURVE ( 'NONE', #894, #1851, #485, .T. ) ;
#2593 = CARTESIAN_POINT ( 'NONE',  ( -170.0000000000000000, 1.638692345779117820, -104.2955803164349646 ) ) ;
#2594 = EDGE_LOOP ( 'NONE', ( #151, #1896, #35, #3220 ) ) ;
#2595 = CARTESIAN_POINT ( 'NONE',  ( -27.75000000000002132, -57.00000000000000711, -151.9955803164349390 ) ) ;
#2596 = EDGE_CURVE ( 'NONE', #1617, #1941, #2873, .T. ) ;
#2597 = ADVANCED_FACE ( 'NONE', ( #174 ), #648, .F. ) ;
#2598 = VECTOR ( 'NONE', #799, 1000.000000000000114 ) ;
#2599 = VERTEX_POINT ( 'NONE', #1701 ) ;
#2600 = VECTOR ( 'NONE', #2384, 1000.000000000000000 ) ;
#2601 = LINE ( 'NONE', #2130, #1768 ) ;
#2602 = CARTESIAN_POINT ( 'NONE',  ( -17.75000000000001421, 28.45000000000000284, -86.37525551735875240 ) ) ;
#2603 = DIRECTION ( 'NONE',  ( -1.000000000000000000, -0.000000000000000000, -0.000000000000000000 ) ) ;
#2604 = ORIENTED_EDGE ( 'NONE', *, *, #253, .F. ) ;
#2605 = EDGE_LOOP ( 'NONE', ( #1257, #1604, #252, #3151 ) ) ;
#2606 = DIRECTION ( 'NONE',  ( -1.000000000000000000, 0.000000000000000000, 0.000000000000000000 ) ) ;
#2607 = EDGE_CURVE ( 'NONE', #1244, #1146, #1997, .T. ) ;
#2608 = ORIENTED_EDGE ( 'NONE', *, *, #3138, .T. ) ;
#2609 = VERTEX_POINT ( 'NONE', #1123 ) ;
#2610 = CARTESIAN_POINT ( 'NONE',  ( -27.75000000000000711, 47.50000000000000000, 45.75000000000001421 ) ) ;
#2611 = EDGE_LOOP ( 'NONE', ( #1339, #2059, #2421, #684, #370 ) ) ;
#2612 = AXIS2_PLACEMENT_3D ( 'NONE', #2278, #99, #514 ) ;
#2613 = FACE_OUTER_BOUND ( 'NONE', #1046, .T. ) ;
#2614 = VECTOR ( 'NONE', #224, 1000.000000000000000 ) ;
#2615 = FACE_BOUND ( 'NONE', #2068, .T. ) ;
#2616 = PLANE ( 'NONE',  #2152 ) ;
#2617 = VECTOR ( 'NONE', #86, 1000.000000000000000 ) ;
#2618 = EDGE_CURVE ( 'NONE', #1360, #3167, #3090, .T. ) ;
#2619 = CARTESIAN_POINT ( 'NONE',  ( -24.75000000000004974, 22.50000000000000355, 13.74999999999999822 ) ) ;
#2620 = ORIENTED_EDGE ( 'NONE', *, *, #2407, .T. ) ;
#2621 = CARTESIAN_POINT ( 'NONE',  ( -27.75000000000001066, -7.324999999999983302, -133.3705803164349390 ) ) ;
#2622 = ORIENTED_EDGE ( 'NONE', *, *, #2742, .F. ) ;
#2623 = CARTESIAN_POINT ( 'NONE',  ( -24.25000000000000711, 1.638692345779117820, -104.2955803164349646 ) ) ;
#2624 = EDGE_CURVE ( 'NONE', #2136, #2154, #2303, .T. ) ;
#2625 = DIRECTION ( 'NONE',  ( -1.000000000000000000, 1.387778780781445676E-16, -0.000000000000000000 ) ) ;
#2626 = CIRCLE ( 'NONE', #1697, 4.499999999999986677 ) ;
#2627 = CONICAL_SURFACE ( 'NONE', #1321, 1.499999999999994449, 0.7853981633974490562 ) ;
#2628 = CARTESIAN_POINT ( 'NONE',  ( 80.00000000000005684, -8.324999999999999289, -13.22500000000000675 ) ) ;
#2629 = DIRECTION ( 'NONE',  ( 0.000000000000000000, 0.000000000000000000, -1.000000000000000000 ) ) ;
#2630 = DIRECTION ( 'NONE',  ( 1.000000000000000000, 1.040834085586084257E-16, 0.000000000000000000 ) ) ;
#2631 = ORIENTED_EDGE ( 'NONE', *, *, #2754, .T. ) ;
#2632 = CARTESIAN_POINT ( 'NONE',  ( -24.74999999999999289, 47.50000000000000000, 13.74999999999999822 ) ) ;
#2633 = DIRECTION ( 'NONE',  ( -0.7071067811865449082, 0.000000000000000000, 0.7071067811865502373 ) ) ;
#2634 = EDGE_CURVE ( 'NONE', #3002, #2397, #875, .T. ) ;
#2635 = ORIENTED_EDGE ( 'NONE', *, *, #1364, .F. ) ;
#2636 = FACE_BOUND ( 'NONE', #1350, .T. ) ;
#2637 = DIRECTION ( 'NONE',  ( 0.000000000000000000, 0.000000000000000000, 1.000000000000000000 ) ) ;
#2638 = EDGE_CURVE ( 'NONE', #901, #1995, #2027, .T. ) ;
#2639 = ORIENTED_EDGE ( 'NONE', *, *, #2848, .T. ) ;
#2640 = ORIENTED_EDGE ( 'NONE', *, *, #2282, .T. ) ;
#2641 = ORIENTED_EDGE ( 'NONE', *, *, #809, .T. ) ;
#2642 = DIRECTION ( 'NONE',  ( 0.000000000000000000, 1.000000000000000000, 0.000000000000000000 ) ) ;
#2643 = EDGE_LOOP ( 'NONE', ( #381, #2640, #494, #1999, #7 ) ) ;
#2644 = CARTESIAN_POINT ( 'NONE',  ( -27.75000000000001776, -57.00000000000001421, 0.000000000000000000 ) ) ;
#2645 = EDGE_CURVE ( 'NONE', #38, #901, #2251, .T. ) ;
#2646 = DIRECTION ( 'NONE',  ( 1.000000000000000000, 1.040834085586084257E-16, 0.000000000000000000 ) ) ;
#2647 = DIRECTION ( 'NONE',  ( -1.000000000000000000, 0.000000000000000000, 0.000000000000000000 ) ) ;
#2648 = ORIENTED_EDGE ( 'NONE', *, *, #1682, .T. ) ;
#2649 = CARTESIAN_POINT ( 'NONE',  ( -19.75000000000001776, 20.29999999999999005, -17.30000000000000782 ) ) ;
#2650 = CARTESIAN_POINT ( 'NONE',  ( -27.75000000000001066, -7.324999999999983302, -13.22500000000000675 ) ) ;
#2651 = VERTEX_POINT ( 'NONE', #505 ) ;
#2652 = LINE ( 'NONE', #2954, #710 ) ;
#2653 = DIRECTION ( 'NONE',  ( 0.000000000000000000, 1.000000000000000000, 0.000000000000000000 ) ) ;
#2654 = ORIENTED_EDGE ( 'NONE', *, *, #1139, .F. ) ;
#2655 = DIRECTION ( 'NONE',  ( 0.000000000000000000, 0.000000000000000000, 1.000000000000000000 ) ) ;
#2656 = EDGE_CURVE ( 'NONE', #951, #1922, #490, .T. ) ;
#2657 = ADVANCED_FACE ( 'NONE', ( #757 ), #712, .F. ) ;
#2658 = VERTEX_POINT ( 'NONE', #743 ) ;
#2659 = DATE_AND_TIME ( #1419, #1078 ) ;
#2660 = EDGE_LOOP ( 'NONE', ( #607, #649, #2395, #431, #1071 ) ) ;
#2661 = LINE ( 'NONE', #1189, #2770 ) ;
#2662 = ORIENTED_EDGE ( 'NONE', *, *, #2904, .F. ) ;
#2663 = CARTESIAN_POINT ( 'NONE',  ( -24.74999999999999289, 47.50000000000000000, 13.74999999999999822 ) ) ;
#2664 = AXIS2_PLACEMENT_3D ( 'NONE', #3015, #1774, #2040 ) ;
#2665 = DIRECTION ( 'NONE',  ( 1.000000000000000000, -0.000000000000000000, -0.000000000000000000 ) ) ;
#2666 = ORIENTED_EDGE ( 'NONE', *, *, #33, .T. ) ;
#2667 = DIRECTION ( 'NONE',  ( 0.000000000000000000, -1.000000000000000000, 0.000000000000000000 ) ) ;
#2668 = CYLINDRICAL_SURFACE ( 'NONE', #39, 1.500000000000004885 ) ;
#2669 = EDGE_CURVE ( 'NONE', #2973, #198, #1777, .T. ) ;
#2670 = CIRCLE ( 'NONE', #279, 1.499999999999994449 ) ;
#2671 = EDGE_LOOP ( 'NONE', ( #726, #2722, #1334, #1576, #2696 ) ) ;
#2672 = DIRECTION ( 'NONE',  ( 1.000000000000000000, 1.040834085586084257E-16, 0.000000000000000000 ) ) ;
#2673 = ORIENTED_EDGE ( 'NONE', *, *, #1031, .T. ) ;
#2674 = APPROVAL ( #1306, 'UNSPECIFIED' ) ;
#2675 = EDGE_LOOP ( 'NONE', ( #2766, #596, #2662, #2777, #3086 ) ) ;
#2676 = EDGE_CURVE ( 'NONE', #2913, #896, #2768, .T. ) ;
#2677 = ORIENTED_EDGE ( 'NONE', *, *, #2209, .T. ) ;
#2678 = FACE_OUTER_BOUND ( 'NONE', #2605, .T. ) ;
#2679 = ORIENTED_EDGE ( 'NONE', *, *, #495, .T. ) ;
#2680 = AXIS2_PLACEMENT_3D ( 'NONE', #3059, #2079, #2093 ) ;
#2681 = CARTESIAN_POINT ( 'NONE',  ( -24.74999999999999289, 12.14999999999999503, -58.42034058415723763 ) ) ;
#2682 = DIRECTION ( 'NONE',  ( 0.000000000000000000, 0.000000000000000000, -1.000000000000000000 ) ) ;
#2683 = VERTEX_POINT ( 'NONE', #959 ) ;
#2684 = FACE_BOUND ( 'NONE', #2758, .T. ) ;
#2685 = CARTESIAN_POINT ( 'NONE',  ( -19.75000000000001066, 20.29999999999999005, -23.30000000000000782 ) ) ;
#2686 = EDGE_CURVE ( 'NONE', #2772, #2154, #1760, .T. ) ;
#2687 = ORIENTED_EDGE ( 'NONE', *, *, #2348, .T. ) ;
#2688 = DIRECTION ( 'NONE',  ( 0.000000000000000000, 1.000000000000000000, 0.000000000000000000 ) ) ;
#2689 = CIRCLE ( 'NONE', #3163, 1.499999999999994449 ) ;
#2690 = CIRCLE ( 'NONE', #1274, 1.500000000000001332 ) ;
#2691 = VERTEX_POINT ( 'NONE', #2492 ) ;
#2692 = CARTESIAN_POINT ( 'NONE',  ( -17.75000000000001421, 29.94999999999999929, -58.42034058415723763 ) ) ;
#2693 = VECTOR ( 'NONE', #2537, 1000.000000000000000 ) ;
#2694 = EDGE_CURVE ( 'NONE', #941, #1219, #2008, .T. ) ;
#2695 = DIRECTION ( 'NONE',  ( -0.7071067811865485719, 0.000000000000000000, 0.7071067811865465735 ) ) ;
#2696 = ORIENTED_EDGE ( 'NONE', *, *, #659, .F. ) ;
#2697 = DIRECTION ( 'NONE',  ( 1.000000000000000000, 0.000000000000000000, 0.000000000000000000 ) ) ;
#2698 = EDGE_CURVE ( 'NONE', #1103, #84, #1968, .T. ) ;
#2699 = PLANE ( 'NONE',  #1354 ) ;
#2700 = ORIENTED_EDGE ( 'NONE', *, *, #2807, .F. ) ;
#2701 = DIRECTION ( 'NONE',  ( -0.000000000000000000, -0.000000000000000000, -1.000000000000000000 ) ) ;
#2702 = CARTESIAN_POINT ( 'NONE',  ( -24.74999999999999289, 28.44999999999999929, -86.37525551735875240 ) ) ;
#2703 = VECTOR ( 'NONE', #203, 1000.000000000000000 ) ;
#2704 = ORIENTED_EDGE ( 'NONE', *, *, #2638, .T. ) ;
#2705 = CARTESIAN_POINT ( 'NONE',  ( -24.25000000000000711, 1.638692345779117820, -154.9955803164349675 ) ) ;
#2706 = EDGE_CURVE ( 'NONE', #3160, #2224, #3003, .T. ) ;
#2707 = EDGE_LOOP ( 'NONE', ( #2429, #1063, #2304, #3067, #1362 ) ) ;
#2708 = CARTESIAN_POINT ( 'NONE',  ( 7.249999999999985789, -51.50000000000001421, -144.1830803164349390 ) ) ;
#2709 = DIRECTION ( 'NONE',  ( -1.000000000000000000, 1.387778780781445676E-16, -0.000000000000000000 ) ) ;
#2710 = ORIENTED_EDGE ( 'NONE', *, *, #1022, .F. ) ;
#2711 = DIRECTION ( 'NONE',  ( -0.7071067811865449082, 8.659560562354966138E-17, -0.7071067811865502373 ) ) ;
#2712 = DIRECTION ( 'NONE',  ( -1.000000000000000000, 0.000000000000000000, 0.000000000000000000 ) ) ;
#2713 = CONICAL_SURFACE ( 'NONE', #1679, 1.500000000000001332, 0.7853981633974490562 ) ;
#2714 = FACE_OUTER_BOUND ( 'NONE', #1780, .T. ) ;
#2715 = EDGE_CURVE ( 'NONE', #1130, #15, #1021, .T. ) ;
#2716 = DIRECTION ( 'NONE',  ( -1.000000000000000000, 0.000000000000000000, 0.000000000000000000 ) ) ;
#2717 = EDGE_CURVE ( 'NONE', #2073, #930, #772, .T. ) ;
#2718 = CIRCLE ( 'NONE', #1303, 3.000000000000002665 ) ;
#2719 = ORIENTED_EDGE ( 'NONE', *, *, #3043, .T. ) ;
#2720 = AXIS2_PLACEMENT_3D ( 'NONE', #1155, #1185, #1451 ) ;
#2721 = DIRECTION ( 'NONE',  ( -1.000000000000000000, 0.000000000000000000, 0.000000000000000000 ) ) ;
#2722 = ORIENTED_EDGE ( 'NONE', *, *, #2989, .T. ) ;
#2723 = DIRECTION ( 'NONE',  ( 1.387778780781445676E-16, 1.000000000000000000, -0.000000000000000000 ) ) ;
#2724 = CIRCLE ( 'NONE', #190, 4.500000000000017764 ) ;
#2725 = EDGE_CURVE ( 'NONE', #1850, #1146, #536, .T. ) ;
#2726 = CARTESIAN_POINT ( 'NONE',  ( -170.0000000000000000, 47.49999999999998579, 41.25000000000000000 ) ) ;
#2727 = EDGE_LOOP ( 'NONE', ( #2143, #470, #475, #1401 ) ) ;
#2728 = DIRECTION ( 'NONE',  ( -0.000000000000000000, -0.000000000000000000, 1.000000000000000000 ) ) ;
#2729 = DIRECTION ( 'NONE',  ( 0.000000000000000000, 0.000000000000000000, -1.000000000000000000 ) ) ;
#2730 = LINE ( 'NONE', #530, #2163 ) ;
#2731 = DIRECTION ( 'NONE',  ( 0.000000000000000000, -0.9998404069696859020, 0.01786506621014886595 ) ) ;
#2732 = ORIENTED_EDGE ( 'NONE', *, *, #1233, .F. ) ;
#2733 = VECTOR ( 'NONE', #2625, 1000.000000000000000 ) ;
#2734 = CIRCLE ( 'NONE', #2583, 1.500000000000001332 ) ;
#2735 = EDGE_CURVE ( 'NONE', #873, #735, #125, .T. ) ;
#2736 = EDGE_LOOP ( 'NONE', ( #184, #713, #2159, #2748, #168 ) ) ;
#2737 = DIRECTION ( 'NONE',  ( 1.000000000000000000, -0.000000000000000000, -0.000000000000000000 ) ) ;
#2738 = ORIENTED_EDGE ( 'NONE', *, *, #1919, .T. ) ;
#2739 = LINE ( 'NONE', #762, #2944 ) ;
#2740 = CARTESIAN_POINT ( 'NONE',  ( -170.0000000000000000, 1.640478855513117340, -104.1955961015159744 ) ) ;
#2741 = ORIENTED_EDGE ( 'NONE', *, *, #3192, .T. ) ;
#2742 = EDGE_CURVE ( 'NONE', #660, #1177, #233, .T. ) ;
#2743 = CARTESIAN_POINT ( 'NONE',  ( -24.75000000000004974, 22.50000000000000355, 12.24999999999999289 ) ) ;
#2744 = CARTESIAN_POINT ( 'NONE',  ( -170.0000000000000000, 23.99999999999999289, 13.74999999999999822 ) ) ;
#2745 = CARTESIAN_POINT ( 'NONE',  ( -17.75000000000001421, -0.5999999999999972022, -154.9955803164349675 ) ) ;
#2746 = LINE ( 'NONE', #1087, #583 ) ;
#2747 = DIRECTION ( 'NONE',  ( -1.000000000000000000, 0.000000000000000000, 0.000000000000000000 ) ) ;
#2748 = ORIENTED_EDGE ( 'NONE', *, *, #2076, .T. ) ;
#2749 = PERSON ( 'UNSPECIFIED', 'UNSPECIFIED', 'UNSPECIFIED', ('UNSPECIFIED'), ('UNSPECIFIED'), ('UNSPECIFIED') ) ;
#2750 = CARTESIAN_POINT ( 'NONE',  ( 7.249999999999985789, -41.50000000000000000, -144.1830803164349390 ) ) ;
#2751 = CARTESIAN_POINT ( 'NONE',  ( 0.000000000000000000, -1.799999999999993383, 17.79051713694687464 ) ) ;
#2752 = AXIS2_PLACEMENT_3D ( 'NONE', #232, #510, #1444 ) ;
#2753 = ORIENTED_EDGE ( 'NONE', *, *, #1694, .F. ) ;
#2754 = EDGE_CURVE ( 'NONE', #2250, #913, #1715, .T. ) ;
#2755 = DIRECTION ( 'NONE',  ( 0.000000000000000000, 0.000000000000000000, 1.000000000000000000 ) ) ;
#2756 = EDGE_CURVE ( 'NONE', #1858, #517, #727, .T. ) ;
#2757 = CARTESIAN_POINT ( 'NONE',  ( -17.75000000000001421, 22.50000000000000711, 41.25000000000000000 ) ) ;
#2758 = EDGE_LOOP ( 'NONE', ( #2775, #1057 ) ) ;
#2759 = LINE ( 'NONE', #1096, #2693 ) ;
#2760 = DIRECTION ( 'NONE',  ( 1.000000000000000000, -1.387778780781445922E-16, 0.000000000000000000 ) ) ;
#2761 = DIRECTION ( 'NONE',  ( -1.000000000000000000, 0.000000000000000000, 0.000000000000000000 ) ) ;
#2762 = CARTESIAN_POINT ( 'NONE',  ( -24.74999999999999289, 28.44999999999999929, -59.92034058415723052 ) ) ;
#2763 = COORDINATED_UNIVERSAL_TIME_OFFSET ( 1, 0, .AHEAD. ) ;
#2764 = CIRCLE ( 'NONE', #1512, 1.500000000000001332 ) ;
#2765 = AXIS2_PLACEMENT_3D ( 'NONE', #1562, #316, #1761 ) ;
#2766 = ORIENTED_EDGE ( 'NONE', *, *, #1347, .F. ) ;
#2767 = EDGE_CURVE ( 'NONE', #2585, #3017, #2462, .T. ) ;
#2768 = LINE ( 'NONE', #1463, #18 ) ;
#2769 = CARTESIAN_POINT ( 'NONE',  ( -17.75000000000000355, 10.00000000000000178, -104.1955961015159744 ) ) ;
#2770 = VECTOR ( 'NONE', #2199, 1000.000000000000000 ) ;
#2771 = CARTESIAN_POINT ( 'NONE',  ( -27.75000000000000355, 57.00000000000000000, 55.00000000000000000 ) ) ;
#2772 = VERTEX_POINT ( 'NONE', #1991 ) ;
#2773 = DIRECTION ( 'NONE',  ( 1.000000000000000000, 1.734723475976806108E-16, 0.000000000000000000 ) ) ;
#2774 = AXIS2_PLACEMENT_3D ( 'NONE', #1310, #569, #3097 ) ;
#2775 = ORIENTED_EDGE ( 'NONE', *, *, #2490, .F. ) ;
#2776 = DIRECTION ( 'NONE',  ( 0.000000000000000000, 0.000000000000000000, -1.000000000000000000 ) ) ;
#2777 = ORIENTED_EDGE ( 'NONE', *, *, #1579, .T. ) ;
#2778 = DIRECTION ( 'NONE',  ( -0.000000000000000000, 1.000000000000000000, 0.000000000000000000 ) ) ;
#2779 = LINE ( 'NONE', #546, #1246 ) ;
#2780 = FACE_OUTER_BOUND ( 'NONE', #2919, .T. ) ;
#2781 = CARTESIAN_POINT ( 'NONE',  ( -17.75000000000000355, 57.00000000000000000, 55.00000000000000000 ) ) ;
#2782 =( NAMED_UNIT ( * ) PLANE_ANGLE_UNIT ( ) SI_UNIT ( $, .RADIAN. ) );
#2783 = AXIS2_PLACEMENT_3D ( 'NONE', #2305, #1554, #2551 ) ;
#2784 = VERTEX_POINT ( 'NONE', #2987 ) ;
#2785 = DIRECTION ( 'NONE',  ( -0.3162277660168379412, 1.534660244226794758E-16, 0.9486832980505138790 ) ) ;
#2786 = CARTESIAN_POINT ( 'NONE',  ( -24.75000000000002842, -50.00000000000000711, -144.1830803164349390 ) ) ;
#2787 = VECTOR ( 'NONE', #1921, 1000.000000000000000 ) ;
#2788 = VECTOR ( 'NONE', #2331, 1000.000000000000000 ) ;
#2789 = CARTESIAN_POINT ( 'NONE',  ( -17.75000000000001421, -1.799999999999996048, 17.79051713694687464 ) ) ;
#2790 = ORIENTED_EDGE ( 'NONE', *, *, #2581, .F. ) ;
#2791 = CARTESIAN_POINT ( 'NONE',  ( -170.0000000000000000, 47.49999999999998579, 13.74999999999999822 ) ) ;
#2792 = VERTEX_POINT ( 'NONE', #2312 ) ;
#2793 = CONICAL_SURFACE ( 'NONE', #2324, 1.499999999999994449, 0.7853981633974485010 ) ;
#2794 = LINE ( 'NONE', #562, #2857 ) ;
#2795 = DIRECTION ( 'NONE',  ( -0.9182763172580125088, -0.3959401535119442817, 0.000000000000000000 ) ) ;
#2796 = LOCAL_TIME ( 10, 36, 46.00000000000000000, #2763 ) ;
#2797 = CARTESIAN_POINT ( 'NONE',  ( -27.75000000000000355, 60.00000000000000711, -50.99019513592786268 ) ) ;
#2798 = DIRECTION ( 'NONE',  ( 1.000000000000000000, 0.000000000000000000, 0.000000000000000000 ) ) ;
#2799 = CALENDAR_DATE ( 2026, 2, 6 ) ;
#2800 = EDGE_CURVE ( 'NONE', #454, #2133, #2670, .T. ) ;
#2801 = ORIENTED_EDGE ( 'NONE', *, *, #336, .F. ) ;
#2802 = ORIENTED_EDGE ( 'NONE', *, *, #1882, .T. ) ;
#2803 = DIRECTION ( 'NONE',  ( 0.000000000000000000, 0.000000000000000000, -1.000000000000000000 ) ) ;
#2804 = LINE ( 'NONE', #1007, #1568 ) ;
#2805 = CARTESIAN_POINT ( 'NONE',  ( 0.000000000000000000, 0.000000000000000000, 55.00000000000000000 ) ) ;
#2806 = ORIENTED_EDGE ( 'NONE', *, *, #1250, .T. ) ;
#2807 = EDGE_CURVE ( 'NONE', #1524, #775, #2103, .T. ) ;
#2808 = CARTESIAN_POINT ( 'NONE',  ( -27.75000000000000711, 47.50000000000000000, 9.249999999999982236 ) ) ;
#2809 = EDGE_LOOP ( 'NONE', ( #2960, #1687, #780, #1948, #2988 ) ) ;
#2810 = EDGE_CURVE ( 'NONE', #878, #3221, #2515, .T. ) ;
#2811 = ORIENTED_EDGE ( 'NONE', *, *, #996, .F. ) ;
#2812 = CARTESIAN_POINT ( 'NONE',  ( -24.74999999999999289, 49.00000000000000000, 41.25000000000000000 ) ) ;
#2813 = CARTESIAN_POINT ( 'NONE',  ( -17.75000000000001421, 12.14999999999999503, -58.42034058415723763 ) ) ;
#2814 = CARTESIAN_POINT ( 'NONE',  ( -24.75000000000002842, -40.00000000000000000, -144.1830803164349390 ) ) ;
#2815 = CARTESIAN_POINT ( 'NONE',  ( -17.75000000000001421, 1.640478855513117340, -104.1955961015159744 ) ) ;
#2816 = ORIENTED_EDGE ( 'NONE', *, *, #1744, .F. ) ;
#2817 = DIRECTION ( 'NONE',  ( -1.000000000000000000, 4.886545002751564989E-16, 0.000000000000000000 ) ) ;
#2818 = EDGE_CURVE ( 'NONE', #483, #1560, #1859, .T. ) ;
#2819 = CARTESIAN_POINT ( 'NONE',  ( 0.000000000000000000, 0.000000000000000000, 0.000000000000000000 ) ) ;
#2820 = DIRECTION ( 'NONE',  ( -1.000000000000000000, -0.000000000000000000, 0.000000000000000000 ) ) ;
#2821 = ORIENTED_EDGE ( 'NONE', *, *, #2767, .T. ) ;
#2822 = AXIS2_PLACEMENT_3D ( 'NONE', #723, #2712, #2153 ) ;
#2823 = CARTESIAN_POINT ( 'NONE',  ( -27.75000000000001066, 13.00000000000000000, 52.00000000000000000 ) ) ;
#2824 = VERTEX_POINT ( 'NONE', #2558 ) ;
#2825 = CIRCLE ( 'NONE', #532, 1.499999999999994449 ) ;
#2826 = ORIENTED_EDGE ( 'NONE', *, *, #199, .F. ) ;
#2827 = VERTEX_POINT ( 'NONE', #1328 ) ;
#2828 = VECTOR ( 'NONE', #2866, 1000.000000000000000 ) ;
#2829 = ORIENTED_EDGE ( 'NONE', *, *, #134, .T. ) ;
#2830 = CARTESIAN_POINT ( 'NONE',  ( -24.74999999999999289, 28.44999999999999929, -86.37525551735875240 ) ) ;
#2831 = LINE ( 'NONE', #111, #273 ) ;
#2832 = CARTESIAN_POINT ( 'NONE',  ( -27.75000000000001066, 20.29999999999999005, -23.30000000000000782 ) ) ;
#2833 = DIRECTION ( 'NONE',  ( -1.387778780781445922E-16, -1.000000000000000000, 0.000000000000000000 ) ) ;
#2834 = CIRCLE ( 'NONE', #23, 1.500000000000001332 ) ;
#2835 = ORIENTED_EDGE ( 'NONE', *, *, #2698, .F. ) ;
#2836 = DIRECTION ( 'NONE',  ( 0.000000000000000000, 1.000000000000000000, 0.000000000000000000 ) ) ;
#2837 = EDGE_CURVE ( 'NONE', #1914, #2364, #1787, .T. ) ;
#2838 = DIRECTION ( 'NONE',  ( 0.000000000000000000, 0.000000000000000000, -1.000000000000000000 ) ) ;
#2839 = ORIENTED_EDGE ( 'NONE', *, *, #1443, .F. ) ;
#2840 = DIRECTION ( 'NONE',  ( 1.000000000000000000, -1.734723475976807094E-16, 0.000000000000000000 ) ) ;
#2841 = EDGE_LOOP ( 'NONE', ( #1435, #634, #890, #2910, #498 ) ) ;
#2842 = EDGE_CURVE ( 'NONE', #1163, #231, #2211, .T. ) ;
#2843 = AXIS2_PLACEMENT_3D ( 'NONE', #355, #796, #77 ) ;
#2844 = ORIENTED_EDGE ( 'NONE', *, *, #3045, .F. ) ;
#2845 = FACE_OUTER_BOUND ( 'NONE', #1990, .T. ) ;
#2846 = CARTESIAN_POINT ( 'NONE',  ( -27.75000000000001776, -60.00000000000001421, -3.000000000000002665 ) ) ;
#2847 = CYLINDRICAL_SURFACE ( 'NONE', #1413, 1.500000000000001332 ) ;
#2848 = EDGE_CURVE ( 'NONE', #2162, #386, #1346, .T. ) ;
#2849 = VECTOR ( 'NONE', #661, 1000.000000000000000 ) ;
#2850 = ORIENTED_EDGE ( 'NONE', *, *, #191, .F. ) ;
#2851 = DIRECTION ( 'NONE',  ( -1.000000000000000000, 0.000000000000000000, 0.000000000000000000 ) ) ;
#2852 = ORIENTED_EDGE ( 'NONE', *, *, #2279, .T. ) ;
#2853 = CARTESIAN_POINT ( 'NONE',  ( -15.87500000000008349, 15.87499999999998579, 55.00000000000000000 ) ) ;
#2854 = EDGE_CURVE ( 'NONE', #410, #1935, #3084, .T. ) ;
#2855 = PERSON_AND_ORGANIZATION ( #2749, #1755 ) ;
#2856 = ORIENTED_EDGE ( 'NONE', *, *, #747, .T. ) ;
#2857 = VECTOR ( 'NONE', #324, 1000.000000000000000 ) ;
#2858 = CARTESIAN_POINT ( 'NONE',  ( -27.75000000000004974, -59.99999999999999289, -133.3705803164349390 ) ) ;
#2859 = FACE_OUTER_BOUND ( 'NONE', #225, .T. ) ;
#2860 = LINE ( 'NONE', #1142, #16 ) ;
#2861 = DIRECTION ( 'NONE',  ( -0.7071067811865470176, 8.659560562354940254E-17, -0.7071067811865481278 ) ) ;
#2862 = ORIENTED_EDGE ( 'NONE', *, *, #2638, .F. ) ;
#2863 = DIRECTION ( 'NONE',  ( 0.000000000000000000, 1.000000000000000000, 0.000000000000000000 ) ) ;
#2864 = EDGE_CURVE ( 'NONE', #968, #1135, #3204, .T. ) ;
#2865 = ORIENTED_EDGE ( 'NONE', *, *, #2356, .F. ) ;
#2866 = DIRECTION ( 'NONE',  ( -0.000000000000000000, -0.000000000000000000, -1.000000000000000000 ) ) ;
#2867 = AXIS2_PLACEMENT_3D ( 'NONE', #1592, #1302, #2587 ) ;
#2868 = VECTOR ( 'NONE', #188, 1000.000000000000000 ) ;
#2869 = VERTEX_POINT ( 'NONE', #581 ) ;
#2870 = VECTOR ( 'NONE', #1809, 1000.000000000000000 ) ;
#2871 = CARTESIAN_POINT ( 'NONE',  ( -21.25000000000000355, 49.63999999999997215, -93.82610086423677842 ) ) ;
#2872 = EDGE_CURVE ( 'NONE', #857, #38, #299, .T. ) ;
#2873 = CIRCLE ( 'NONE', #1575, 4.500000000000014211 ) ;
#2874 = CARTESIAN_POINT ( 'NONE',  ( -19.75000000000001066, 20.29999999999999005, -23.30000000000000782 ) ) ;
#2875 = CARTESIAN_POINT ( 'NONE',  ( -24.74999999999999289, 28.44999999999999929, -87.87525551735875240 ) ) ;
#2876 = ORIENTED_EDGE ( 'NONE', *, *, #699, .T. ) ;
#2877 = FACE_OUTER_BOUND ( 'NONE', #1008, .T. ) ;
#2878 = ORIENTED_EDGE ( 'NONE', *, *, #1643, .T. ) ;
#2879 = FACE_OUTER_BOUND ( 'NONE', #444, .T. ) ;
#2880 = CARTESIAN_POINT ( 'NONE',  ( 0.000000000000000000, -1.799999999999993383, 0.000000000000000000 ) ) ;
#2881 = ORIENTED_EDGE ( 'NONE', *, *, #1291, .F. ) ;
#2882 = DIRECTION ( 'NONE',  ( 0.000000000000000000, 1.000000000000000000, 0.000000000000000000 ) ) ;
#2883 = EDGE_CURVE ( 'NONE', #3100, #764, #391, .T. ) ;
#2884 = ORIENTED_EDGE ( 'NONE', *, *, #1514, .F. ) ;
#2885 = DIRECTION ( 'NONE',  ( 0.000000000000000000, 1.000000000000000000, 0.000000000000000000 ) ) ;
#2886 = VECTOR ( 'NONE', #13, 1000.000000000000000 ) ;
#2887 = VECTOR ( 'NONE', #1582, 1000.000000000000000 ) ;
#2888 = CYLINDRICAL_SURFACE ( 'NONE', #2968, 1.499999999999997780 ) ;
#2889 = DIRECTION ( 'NONE',  ( -1.000000000000000000, 0.000000000000000000, 0.000000000000000000 ) ) ;
#2890 = ORIENTED_EDGE ( 'NONE', *, *, #604, .T. ) ;
#2891 = CARTESIAN_POINT ( 'NONE',  ( -17.75000000000001066, -57.00000000000001421, 0.000000000000000000 ) ) ;
#2892 = CARTESIAN_POINT ( 'NONE',  ( -27.75000000000000355, 50.59021331273267919, -50.82298230332853706 ) ) ;
#2893 = VECTOR ( 'NONE', #3113, 1000.000000000000000 ) ;
#2894 = ORIENTED_EDGE ( 'NONE', *, *, #2361, .T. ) ;
#2895 = CARTESIAN_POINT ( 'NONE',  ( -17.75000000000000355, 60.00000000000000711, 51.99999999999997158 ) ) ;
#2896 = EDGE_CURVE ( 'NONE', #1061, #331, #1561, .T. ) ;
#2897 = DIRECTION ( 'NONE',  ( -0.7071067811865477948, 8.659560562354930393E-17, -0.7071067811865473507 ) ) ;
#2898 = LOCAL_TIME ( 10, 36, 46.00000000000000000, #2294 ) ;
#2899 = ORIENTED_EDGE ( 'NONE', *, *, #1857, .T. ) ;
#2900 = ORIENTED_EDGE ( 'NONE', *, *, #1207, .F. ) ;
#2901 = DIRECTION ( 'NONE',  ( 1.000000000000000000, 0.000000000000000000, 0.000000000000000000 ) ) ;
#2902 = ORIENTED_EDGE ( 'NONE', *, *, #1395, .F. ) ;
#2903 = ORIENTED_EDGE ( 'NONE', *, *, #2645, .F. ) ;
#2904 = EDGE_CURVE ( 'NONE', #735, #687, #791, .T. ) ;
#2905 = ORIENTED_EDGE ( 'NONE', *, *, #1972, .T. ) ;
#2906 = ORIENTED_EDGE ( 'NONE', *, *, #3099, .T. ) ;
#2907 = DIRECTION ( 'NONE',  ( -1.836970198721029934E-16, -1.000000000000000000, -0.000000000000000000 ) ) ;
#2908 = VECTOR ( 'NONE', #3142, 1000.000000000000000 ) ;
#2909 = DIRECTION ( 'NONE',  ( 0.000000000000000000, -1.000000000000000000, 0.000000000000000000 ) ) ;
#2910 = ORIENTED_EDGE ( 'NONE', *, *, #3004, .T. ) ;
#2911 = CARTESIAN_POINT ( 'NONE',  ( -27.75000000000000355, 60.00000000000000711, -151.9955803164349390 ) ) ;
#2912 = CARTESIAN_POINT ( 'NONE',  ( -24.74999999999999645, 3.144479452198270408, -13.22500000000001386 ) ) ;
#2913 = VERTEX_POINT ( 'NONE', #1090 ) ;
#2914 = CARTESIAN_POINT ( 'NONE',  ( -20.74999999999999645, 3.144479452198270408, -133.3705803164349390 ) ) ;
#2915 = LINE ( 'NONE', #646, #2893 ) ;
#2916 = VERTEX_POINT ( 'NONE', #2090 ) ;
#2917 = DIRECTION ( 'NONE',  ( 1.000000000000000000, -1.387778780781445922E-16, 0.000000000000000000 ) ) ;
#2918 = ORIENTED_EDGE ( 'NONE', *, *, #68, .F. ) ;
#2919 = EDGE_LOOP ( 'NONE', ( #2732, #1450, #612, #842, #811 ) ) ;
#2920 = CIRCLE ( 'NONE', #1623, 1.500000000000001332 ) ;
#2921 = FACE_OUTER_BOUND ( 'NONE', #2265, .T. ) ;
#2922 = VECTOR ( 'NONE', #269, 1000.000000000000000 ) ;
#2923 = ORIENTED_EDGE ( 'NONE', *, *, #681, .T. ) ;
#2924 = EDGE_CURVE ( 'NONE', #2042, #3196, #2074, .T. ) ;
#2925 = CARTESIAN_POINT ( 'NONE',  ( -21.25000000000000355, 49.63999999999997215, -93.82610086423677842 ) ) ;
#2926 = VECTOR ( 'NONE', #496, 1000.000000000000000 ) ;
#2927 = LINE ( 'NONE', #2912, #1781 ) ;
#2928 = ORIENTED_EDGE ( 'NONE', *, *, #43, .F. ) ;
#2929 = PLANE ( 'NONE',  #1023 ) ;
#2930 = DIRECTION ( 'NONE',  ( 0.000000000000000000, 1.000000000000000000, 0.000000000000000000 ) ) ;
#2931 = ORIENTED_EDGE ( 'NONE', *, *, #295, .F. ) ;
#2932 = VECTOR ( 'NONE', #892, 1000.000000000000000 ) ;
#2933 = VERTEX_POINT ( 'NONE', #792 ) ;
#2934 = DIRECTION ( 'NONE',  ( 1.000000000000000000, 0.000000000000000000, 0.000000000000000000 ) ) ;
#2935 = ADVANCED_FACE ( 'NONE', ( #2526 ), #1058, .F. ) ;
#2936 = EDGE_CURVE ( 'NONE', #2827, #589, #3068, .T. ) ;
#2937 = VERTEX_POINT ( 'NONE', #1273 ) ;
#2938 = APPROVAL_DATE_TIME ( #2659, #375 ) ;
#2939 = EDGE_CURVE ( 'NONE', #2280, #2224, #1597, .T. ) ;
#2940 = CARTESIAN_POINT ( 'NONE',  ( -27.75000000000001066, -7.324999999999983302, -13.22500000000000675 ) ) ;
#2941 = ORIENTED_EDGE ( 'NONE', *, *, #323, .F. ) ;
#2942 = EDGE_CURVE ( 'NONE', #2397, #51, #806, .T. ) ;
#2943 = AXIS2_PLACEMENT_3D ( 'NONE', #98, #326, #849 ) ;
#2944 = VECTOR ( 'NONE', #3210, 1000.000000000000000 ) ;
#2945 = FACE_OUTER_BOUND ( 'NONE', #4, .T. ) ;
#2946 = AXIS2_PLACEMENT_3D ( 'NONE', #338, #1076, #2838 ) ;
#2947 = EDGE_LOOP ( 'NONE', ( #1412, #2679 ) ) ;
#2948 = AXIS2_PLACEMENT_3D ( 'NONE', #3087, #603, #3041 ) ;
#2949 = CARTESIAN_POINT ( 'NONE',  ( -27.75000000000001776, -60.00000000000001421, -3.000000000000002665 ) ) ;
#2950 = FACE_OUTER_BOUND ( 'NONE', #20, .T. ) ;
#2951 = VERTEX_POINT ( 'NONE', #906 ) ;
#2952 = ORIENTED_EDGE ( 'NONE', *, *, #1643, .F. ) ;
#2953 = EDGE_CURVE ( 'NONE', #2108, #2250, #2388, .T. ) ;
#2954 = CARTESIAN_POINT ( 'NONE',  ( -27.74999999999999645, 1.638692345779117820, -154.9955803164349675 ) ) ;
#2955 = CARTESIAN_POINT ( 'NONE',  ( -17.75000000000001421, 22.50000000000000711, 13.74999999999999822 ) ) ;
#2956 = ORIENTED_EDGE ( 'NONE', *, *, #3180, .T. ) ;
#2957 = ADVANCED_BREP_SHAPE_REPRESENTATION ( 'Feed side plate 1', ( #2501, #759 ), #2590 ) ;
#2958 = CARTESIAN_POINT ( 'NONE',  ( -19.75000000000001776, 20.29999999999999005, -23.30000000000000782 ) ) ;
#2959 = AXIS2_PLACEMENT_3D ( 'NONE', #2955, #1256, #1979 ) ;
#2960 = ORIENTED_EDGE ( 'NONE', *, *, #1595, .F. ) ;
#2961 = CARTESIAN_POINT ( 'NONE',  ( 80.00000000000005684, -8.325000000000013500, -133.3705803164349390 ) ) ;
#2962 = CARTESIAN_POINT ( 'NONE',  ( -19.75000000000001066, 20.29999999999999005, -9.300000000000004263 ) ) ;
#2963 = VERTEX_POINT ( 'NONE', #1391 ) ;
#2964 = CARTESIAN_POINT ( 'NONE',  ( -27.75000000000000711, 28.44999999999999929, -86.37525551735875240 ) ) ;
#2965 = DIRECTION ( 'NONE',  ( 0.000000000000000000, 0.000000000000000000, 1.000000000000000000 ) ) ;
#2966 = DIRECTION ( 'NONE',  ( 0.000000000000000000, 1.000000000000000000, 0.000000000000000000 ) ) ;
#2967 = CARTESIAN_POINT ( 'NONE',  ( 7.249999999999985789, -40.00000000000000711, -144.1830803164349390 ) ) ;
#2968 = AXIS2_PLACEMENT_3D ( 'NONE', #1161, #2646, #421 ) ;
#2969 = AXIS2_PLACEMENT_3D ( 'NONE', #80, #1318, #3077 ) ;
#2970 = ORIENTED_EDGE ( 'NONE', *, *, #621, .F. ) ;
#2971 = DIRECTION ( 'NONE',  ( -0.000000000000000000, -1.000000000000000000, -0.000000000000000000 ) ) ;
#2972 = ADVANCED_FACE ( 'NONE', ( #2428 ), #3060, .F. ) ;
#2973 = VERTEX_POINT ( 'NONE', #133 ) ;
#2974 = CARTESIAN_POINT ( 'NONE',  ( -19.74999999999999645, 3.144479452198270408, -16.22500000000001563 ) ) ;
#2975 = ORIENTED_EDGE ( 'NONE', *, *, #1019, .T. ) ;
#2976 = DIRECTION ( 'NONE',  ( -1.000000000000000000, 0.000000000000000000, 0.000000000000000000 ) ) ;
#2977 = ORIENTED_EDGE ( 'NONE', *, *, #10, .T. ) ;
#2978 = EDGE_CURVE ( 'NONE', #3221, #878, #3219, .T. ) ;
#2979 = LINE ( 'NONE', #1472, #874 ) ;
#2980 = CYLINDRICAL_SURFACE ( 'NONE', #834, 1.499999999999994449 ) ;
#2981 = CIRCLE ( 'NONE', #1409, 1.500000000000001332 ) ;
#2982 = DIRECTION ( 'NONE',  ( -0.3162277660168379412, 2.194270917860436355E-15, 0.9486832980505138790 ) ) ;
#2983 = DIRECTION ( 'NONE',  ( 0.000000000000000000, 0.000000000000000000, -1.000000000000000000 ) ) ;
#2984 = CONICAL_SURFACE ( 'NONE', #1994, 1.500000000000001332, 0.7853981633974490562 ) ;
#2985 = ORIENTED_EDGE ( 'NONE', *, *, #2126, .T. ) ;
#2986 = VECTOR ( 'NONE', #2901, 1000.000000000000000 ) ;
#2987 = CARTESIAN_POINT ( 'NONE',  ( -25.75000000000004263, -59.99999999999999289, -16.22500000000001563 ) ) ;
#2988 = ORIENTED_EDGE ( 'NONE', *, *, #287, .F. ) ;
#2989 = EDGE_CURVE ( 'NONE', #2214, #2125, #3223, .T. ) ;
#2990 = DIRECTION ( 'NONE',  ( -0.9486832980505138790, 6.582812753581311037E-16, -0.3162277660168379412 ) ) ;
#2991 = VECTOR ( 'NONE', #2277, 1000.000000000000000 ) ;
#2992 = DIRECTION ( 'NONE',  ( 0.000000000000000000, 0.000000000000000000, -1.000000000000000000 ) ) ;
#2993 = ORIENTED_EDGE ( 'NONE', *, *, #358, .T. ) ;
#2994 = CARTESIAN_POINT ( 'NONE',  ( 0.000000000000000000, -1.799999999999993383, -154.9955803164349675 ) ) ;
#2995 = VECTOR ( 'NONE', #1205, 1000.000000000000000 ) ;
#2996 = DIRECTION ( 'NONE',  ( -1.000000000000000000, 0.000000000000000000, 0.000000000000000000 ) ) ;
#2997 = CARTESIAN_POINT ( 'NONE',  ( -27.75000000000001776, -50.00000000000000711, -139.6830803164349675 ) ) ;
#2998 = CARTESIAN_POINT ( 'NONE',  ( -27.75000000000000711, 20.29999999999999716, -73.29779015821748089 ) ) ;
#2999 = ORIENTED_EDGE ( 'NONE', *, *, #760, .T. ) ;
#3000 = CIRCLE ( 'NONE', #2946, 1.500000000000001332 ) ;
#3001 = EDGE_CURVE ( 'NONE', #896, #2784, #1874, .T. ) ;
#3002 = VERTEX_POINT ( 'NONE', #2880 ) ;
#3003 = LINE ( 'NONE', #1477, #337 ) ;
#3004 = EDGE_CURVE ( 'NONE', #413, #1686, #1429, .T. ) ;
#3005 = CARTESIAN_POINT ( 'NONE',  ( 7.249999999999985789, -48.50000000000002132, -144.1830803164349390 ) ) ;
#3006 = EDGE_LOOP ( 'NONE', ( #45, #1517, #3127, #1363, #2182, #771, #813, #1600 ) ) ;
#3007 = DIRECTION ( 'NONE',  ( -0.3162277660168379412, 0.000000000000000000, 0.9486832980505138790 ) ) ;
#3008 = VERTEX_POINT ( 'NONE', #1168 ) ;
#3009 = CARTESIAN_POINT ( 'NONE',  ( -24.75000000000004974, 22.50000000000000355, 41.25000000000000000 ) ) ;
#3010 = ORIENTED_EDGE ( 'NONE', *, *, #424, .T. ) ;
#3011 = EDGE_CURVE ( 'NONE', #951, #1850, #1134, .T. ) ;
#3012 = CARTESIAN_POINT ( 'NONE',  ( -17.75000000000001421, 21.00000000000000000, 41.25000000000000000 ) ) ;
#3013 = DIRECTION ( 'NONE',  ( 0.000000000000000000, -0.000000000000000000, 1.000000000000000000 ) ) ;
#3014 = DIRECTION ( 'NONE',  ( -1.000000000000000000, 0.000000000000000000, 0.000000000000000000 ) ) ;
#3015 = CARTESIAN_POINT ( 'NONE',  ( -27.75000000000001776, -60.00000000000001421, -154.9955803164349675 ) ) ;
#3016 = PERSON_AND_ORGANIZATION_ROLE ( 'design_owner' ) ;
#3017 = VERTEX_POINT ( 'NONE', #3128 ) ;
#3018 = DIRECTION ( 'NONE',  ( -1.000000000000000000, 1.387778780781445676E-16, -0.000000000000000000 ) ) ;
#3019 = CARTESIAN_POINT ( 'NONE',  ( -27.75000000000001066, 22.50000000000000355, 41.25000000000000000 ) ) ;
#3020 = AXIS2_PLACEMENT_3D ( 'NONE', #2632, #2151, #935 ) ;
#3021 = DIRECTION ( 'NONE',  ( -1.000000000000000000, 0.000000000000000000, 0.000000000000000000 ) ) ;
#3022 = ORIENTED_EDGE ( 'NONE', *, *, #2449, .F. ) ;
#3023 = LINE ( 'NONE', #1849, #1848 ) ;
#3024 = CARTESIAN_POINT ( 'NONE',  ( -27.75000000000001066, 12.14999999999999503, -81.87525551735873819 ) ) ;
#3025 = ORIENTED_EDGE ( 'NONE', *, *, #2498, .T. ) ;
#3026 = LINE ( 'NONE', #591, #3072 ) ;
#3027 = CARTESIAN_POINT ( 'NONE',  ( -17.75000000000000355, 20.29999999999999716, -73.29779015821748089 ) ) ;
#3028 = CARTESIAN_POINT ( 'NONE',  ( -21.75000000000003197, 10.00000000000000178, -50.99019513592786268 ) ) ;
#3029 = DIRECTION ( 'NONE',  ( 0.000000000000000000, 0.000000000000000000, 1.000000000000000000 ) ) ;
#3030 = PERSON_AND_ORGANIZATION_ROLE ( 'classification_officer' ) ;
#3031 = EDGE_CURVE ( 'NONE', #968, #1524, #2915, .T. ) ;
#3032 = AXIS2_PLACEMENT_3D ( 'NONE', #2038, #2760, #2234 ) ;
#3033 = AXIS2_PLACEMENT_3D ( 'NONE', #2786, #2297, #553 ) ;
#3034 = VERTEX_POINT ( 'NONE', #939 ) ;
#3035 = DIRECTION ( 'NONE',  ( -0.7071067811865477948, 8.659560562354930393E-17, -0.7071067811865473507 ) ) ;
#3036 = DIRECTION ( 'NONE',  ( 0.000000000000000000, 1.000000000000000000, 0.000000000000000000 ) ) ;
#3037 = VECTOR ( 'NONE', #2057, 1000.000000000000000 ) ;
#3038 = AXIS2_PLACEMENT_3D ( 'NONE', #1259, #1199, #251 ) ;
#3039 = LINE ( 'NONE', #2789, #800 ) ;
#3040 = ORIENTED_EDGE ( 'NONE', *, *, #1569, .T. ) ;
#3041 = DIRECTION ( 'NONE',  ( 0.000000000000000000, 0.000000000000000000, 1.000000000000000000 ) ) ;
#3042 = VECTOR ( 'NONE', #2785, 1000.000000000000000 ) ;
#3043 = EDGE_CURVE ( 'NONE', #1135, #878, #2189, .T. ) ;
#3044 = ORIENTED_EDGE ( 'NONE', *, *, #1307, .T. ) ;
#3045 = EDGE_CURVE ( 'NONE', #2869, #2136, #1704, .T. ) ;
#3046 = CARTESIAN_POINT ( 'NONE',  ( -17.75000000000001421, 60.00000000000000711, -154.9955803164349675 ) ) ;
#3047 = FACE_OUTER_BOUND ( 'NONE', #1834, .T. ) ;
#3048 = CYLINDRICAL_SURFACE ( 'NONE', #463, 1.499999999999996225 ) ;
#3049 = CARTESIAN_POINT ( 'NONE',  ( -170.0000000000000000, 1.638692345779117820, -104.2955803164349646 ) ) ;
#3050 = MECHANICAL_CONTEXT ( 'NONE', #130, 'mechanical' ) ;
#3051 = ADVANCED_FACE ( 'NONE', ( #1644 ), #872, .F. ) ;
#3052 = EDGE_LOOP ( 'NONE', ( #2928, #92, #1317, #2806 ) ) ;
#3053 = DIRECTION ( 'NONE',  ( -0.000000000000000000, -0.000000000000000000, 1.000000000000000000 ) ) ;
#3054 = CARTESIAN_POINT ( 'NONE',  ( -170.0000000000000000, 29.94999999999998508, -58.42034058415723763 ) ) ;
#3055 = AXIS2_PLACEMENT_3D ( 'NONE', #2805, #571, #412 ) ;
#3056 = ADVANCED_FACE ( 'NONE', ( #1358 ), #662, .F. ) ;
#3057 = CARTESIAN_POINT ( 'NONE',  ( -24.75000000000004974, 22.50000000000000355, 15.25000000000000355 ) ) ;
#3058 = EDGE_LOOP ( 'NONE', ( #1228, #2031, #1437, #568 ) ) ;
#3059 = CARTESIAN_POINT ( 'NONE',  ( -170.0000000000000000, 12.14999999999997904, -58.42034058415723763 ) ) ;
#3060 = CONICAL_SURFACE ( 'NONE', #971, 1.500000000000004885, 0.7853981633974520538 ) ;
#3061 = ORIENTED_EDGE ( 'NONE', *, *, #2942, .T. ) ;
#3062 = EDGE_CURVE ( 'NONE', #386, #1397, #556, .T. ) ;
#3063 = LINE ( 'NONE', #2569, #2135 ) ;
#3064 = PLANE ( 'NONE',  #2867 ) ;
#3065 = CARTESIAN_POINT ( 'NONE',  ( -27.75000000000001776, -57.00000000000000711, -3.000000000000002665 ) ) ;
#3066 = CARTESIAN_POINT ( 'NONE',  ( -24.75000000000000355, -8.324999999999985079, -13.22500000000001386 ) ) ;
#3067 = ORIENTED_EDGE ( 'NONE', *, *, #659, .T. ) ;
#3068 = LINE ( 'NONE', #597, #605 ) ;
#3069 = LINE ( 'NONE', #2009, #854 ) ;
#3070 = CARTESIAN_POINT ( 'NONE',  ( 0.000000000000000000, 57.00000000000000000, -151.9955803164349390 ) ) ;
#3071 = ORIENTED_EDGE ( 'NONE', *, *, #2810, .T. ) ;
#3072 = VECTOR ( 'NONE', #1066, 1000.000000000000000 ) ;
#3073 = LINE ( 'NONE', #2532, #1591 ) ;
#3074 = ADVANCED_FACE ( 'NONE', ( #2374 ), #676, .F. ) ;
#3075 = ORIENTED_EDGE ( 'NONE', *, *, #115, .T. ) ;
#3076 = ORIENTED_EDGE ( 'NONE', *, *, #2562, .F. ) ;
#3077 = DIRECTION ( 'NONE',  ( 0.000000000000000000, 0.000000000000000000, 1.000000000000000000 ) ) ;
#3078 = DIRECTION ( 'NONE',  ( -0.000000000000000000, -0.000000000000000000, -1.000000000000000000 ) ) ;
#3079 = CARTESIAN_POINT ( 'NONE',  ( -24.75000000000004974, 20.99999999999999645, 13.74999999999999822 ) ) ;
#3080 = CARTESIAN_POINT ( 'NONE',  ( -24.75000000000002842, -41.49999999999999289, -144.1830803164349390 ) ) ;
#3081 = ADVANCED_FACE ( 'NONE', ( #415 ), #2668, .F. ) ;
#3082 = ORIENTED_EDGE ( 'NONE', *, *, #2715, .T. ) ;
#3083 = EDGE_CURVE ( 'NONE', #198, #1222, #1627, .T. ) ;
#3084 = LINE ( 'NONE', #837, #1361 ) ;
#3085 = CARTESIAN_POINT ( 'NONE',  ( -5.000000000000000000, -0.6000000000000034195, -149.9955803164349390 ) ) ;
#3086 = ORIENTED_EDGE ( 'NONE', *, *, #2592, .F. ) ;
#3087 = CARTESIAN_POINT ( 'NONE',  ( -17.75000000000001421, 28.45000000000000284, -86.37525551735875240 ) ) ;
#3088 = AXIS2_PLACEMENT_3D ( 'NONE', #2484, #967, #3211 ) ;
#3089 = ADVANCED_FACE ( 'NONE', ( #2475 ), #1758, .F. ) ;
#3090 = CIRCLE ( 'NONE', #1683, 4.500000000000017764 ) ;
#3091 = ORIENTED_EDGE ( 'NONE', *, *, #2126, .F. ) ;
#3092 = DIRECTION ( 'NONE',  ( 0.000000000000000000, 0.000000000000000000, -1.000000000000000000 ) ) ;
#3093 = PLANE ( 'NONE',  #1048 ) ;
#3094 = DIRECTION ( 'NONE',  ( -1.000000000000000000, 0.000000000000000000, 0.000000000000000000 ) ) ;
#3095 = DIRECTION ( 'NONE',  ( -1.000000000000000000, 1.387778780781445922E-16, -0.000000000000000000 ) ) ;
#3096 = EDGE_LOOP ( 'NONE', ( #2975, #2993 ) ) ;
#3097 = DIRECTION ( 'NONE',  ( 0.000000000000000000, -2.312964634635742661E-15, 1.000000000000000000 ) ) ;
#3098 = ADVANCED_FACE ( 'NONE', ( #2458 ), #1725, .F. ) ;
#3099 = EDGE_CURVE ( 'NONE', #1995, #2651, #1196, .T. ) ;
#3100 = VERTEX_POINT ( 'NONE', #692 ) ;
#3101 = VECTOR ( 'NONE', #2723, 1000.000000000000000 ) ;
#3102 = DIRECTION ( 'NONE',  ( -6.938893903907223447E-16, -1.000000000000000000, -0.000000000000000000 ) ) ;
#3103 = AXIS2_PLACEMENT_3D ( 'NONE', #776, #2286, #1093 ) ;
#3104 = CALENDAR_DATE ( 2026, 2, 6 ) ;
#3105 = ORIENTED_EDGE ( 'NONE', *, *, #542, .T. ) ;
#3106 = PLANE ( 'NONE',  #1088 ) ;
#3107 = FACE_BOUND ( 'NONE', #1249, .T. ) ;
#3108 = FACE_OUTER_BOUND ( 'NONE', #140, .T. ) ;
#3109 = CIRCLE ( 'NONE', #2227, 4.500000000000014211 ) ;
#3110 = VECTOR ( 'NONE', #1677, 1000.000000000000000 ) ;
#3111 = CARTESIAN_POINT ( 'NONE',  ( -19.75000000000001776, 20.29999999999999005, -23.30000000000000782 ) ) ;
#3112 = VERTEX_POINT ( 'NONE', #222 ) ;
#3113 = DIRECTION ( 'NONE',  ( 1.000000000000000000, 1.040834085586084257E-16, 0.000000000000000000 ) ) ;
#3114 = EDGE_LOOP ( 'NONE', ( #1566, #116 ) ) ;
#3115 = DIRECTION ( 'NONE',  ( 1.000000000000000000, -1.387778780781445922E-16, 0.000000000000000000 ) ) ;
#3116 = PRODUCT_RELATED_PRODUCT_CATEGORY ( 'detail', '', ( #633 ) ) ;
#3117 = EDGE_CURVE ( 'NONE', #2280, #913, #474, .T. ) ;
#3118 = PERSON_AND_ORGANIZATION ( #2749, #1755 ) ;
#3119 = CARTESIAN_POINT ( 'NONE',  ( -19.95646728200213005, 46.63999999999996504, -104.2955803164349646 ) ) ;
#3120 = CIRCLE ( 'NONE', #317, 1.500000000000001332 ) ;
#3121 = FACE_OUTER_BOUND ( 'NONE', #750, .T. ) ;
#3122 = LINE ( 'NONE', #1399, #1611 ) ;
#3123 = PLANE ( 'NONE',  #2404 ) ;
#3124 = ORIENTED_EDGE ( 'NONE', *, *, #1147, .T. ) ;
#3125 = CARTESIAN_POINT ( 'NONE',  ( -24.74999999999999289, 12.14999999999999503, -56.92034058415724473 ) ) ;
#3126 =( BOUNDED_CURVE ( )  B_SPLINE_CURVE ( 3, ( #2145, #3190, #2379, #142 ),
 .UNSPECIFIED., .F., .T. ) 
 B_SPLINE_CURVE_WITH_KNOTS ( ( 4, 4 ),
 ( 1.570796326794896558, 3.141592653589793116 ),
 .UNSPECIFIED. ) 
 CURVE ( )  GEOMETRIC_REPRESENTATION_ITEM ( )  RATIONAL_B_SPLINE_CURVE ( ( 1.000000000000000000, 0.8047378541243649375, 0.8047378541243649375, 1.000000000000000000 ) ) 
 REPRESENTATION_ITEM ( '' )  );
#3127 = ORIENTED_EDGE ( 'NONE', *, *, #2581, .T. ) ;
#3128 = CARTESIAN_POINT ( 'NONE',  ( -24.74999999999999289, 12.14999999999999503, -84.87525551735875240 ) ) ;
#3129 = VERTEX_POINT ( 'NONE', #974 ) ;
#3130 = EDGE_LOOP ( 'NONE', ( #1417, #555, #1004, #2673, #2687, #1230, #981, #1545, #994, #907, #671, #615 ) ) ;
#3131 = ORIENTED_EDGE ( 'NONE', *, *, #57, .T. ) ;
#3132 = EDGE_LOOP ( 'NONE', ( #777, #1314, #1166, #1332, #1957, #2406, #1665, #477, #509, #1726, #401, #132, #2204, #2816, #441, #3044, #359, #1587, #1527, #1536, #2738 ) ) ;
#3133 = CARTESIAN_POINT ( 'NONE',  ( -27.75000000000000711, 47.50000000000000000, 13.74999999999999822 ) ) ;
#3134 = VECTOR ( 'NONE', #1807, 1000.000000000000000 ) ;
#3135 = DIRECTION ( 'NONE',  ( 1.000000000000000000, 1.040834085586084257E-16, 0.000000000000000000 ) ) ;
#3136 = EDGE_CURVE ( 'NONE', #587, #3112, #2264, .T. ) ;
#3137 = VECTOR ( 'NONE', #2737, 1000.000000000000000 ) ;
#3138 = EDGE_CURVE ( 'NONE', #2089, #1982, #1438, .T. ) ;
#3139 = CARTESIAN_POINT ( 'NONE',  ( -17.75000000000000355, 14.00000000000005684, 55.00000000000000000 ) ) ;
#3140 = CARTESIAN_POINT ( 'NONE',  ( -24.25000000000000711, 1.638692345779117820, -104.2955803164349646 ) ) ;
#3141 = ORIENTED_EDGE ( 'NONE', *, *, #1396, .F. ) ;
#3142 = DIRECTION ( 'NONE',  ( 2.891205793294678080E-17, -1.000000000000000000, 0.000000000000000000 ) ) ;
#3143 = DIRECTION ( 'NONE',  ( 0.000000000000000000, 0.000000000000000000, 1.000000000000000000 ) ) ;
#3144 = ORIENTED_EDGE ( 'NONE', *, *, #856, .F. ) ;
#3145 = LINE ( 'NONE', #207, #3193 ) ;
#3146 = DIRECTION ( 'NONE',  ( -1.000000000000000000, -0.000000000000000000, -0.000000000000000000 ) ) ;
#3147 = ORIENTED_EDGE ( 'NONE', *, *, #1825, .T. ) ;
#3148 = CIRCLE ( 'NONE', #1736, 1.500000000000001332 ) ;
#3149 = EDGE_LOOP ( 'NONE', ( #1645, #2931, #1711, #2096, #106, #2389 ) ) ;
#3150 = EDGE_CURVE ( 'NONE', #1348, #1316, #2689, .T. ) ;
#3151 = ORIENTED_EDGE ( 'NONE', *, *, #3083, .T. ) ;
#3152 = DIRECTION ( 'NONE',  ( 0.000000000000000000, 1.000000000000000000, 0.000000000000000000 ) ) ;
#3153 = EDGE_CURVE ( 'NONE', #1680, #1833, #1917, .T. ) ;
#3154 = ORIENTED_EDGE ( 'NONE', *, *, #1919, .F. ) ;
#3155 = ORIENTED_EDGE ( 'NONE', *, *, #445, .T. ) ;
#3156 = VECTOR ( 'NONE', #1703, 1000.000000000000000 ) ;
#3157 = AXIS2_PLACEMENT_3D ( 'NONE', #1212, #736, #997 ) ;
#3158 = CARTESIAN_POINT ( 'NONE',  ( -27.74999999999999645, 49.63999999999997215, -104.2955803164349646 ) ) ;
#3159 = PLANE ( 'NONE',  #2351 ) ;
#3160 = VERTEX_POINT ( 'NONE', #14 ) ;
#3161 = CARTESIAN_POINT ( 'NONE',  ( -24.74999999999999289, 12.14999999999999503, -59.92034058415723052 ) ) ;
#3162 = DIRECTION ( 'NONE',  ( 0.000000000000000000, 0.000000000000000000, 1.000000000000000000 ) ) ;
#3163 = AXIS2_PLACEMENT_3D ( 'NONE', #515, #263, #236 ) ;
#3164 = ORIENTED_EDGE ( 'NONE', *, *, #2471, .T. ) ;
#3165 = CARTESIAN_POINT ( 'NONE',  ( -170.0000000000000000, 20.99999999999998224, 13.74999999999999822 ) ) ;
#3166 = DIRECTION ( 'NONE',  ( -0.3959401535119435045, 0.9182763172580129529, 0.000000000000000000 ) ) ;
#3167 = VERTEX_POINT ( 'NONE', #709 ) ;
#3168 = APPROVAL_PERSON_ORGANIZATION ( #1920, #375, #1970 ) ;
#3169 = ORIENTED_EDGE ( 'NONE', *, *, #1543, .F. ) ;
#3170 = DIRECTION ( 'NONE',  ( -0.3959401535119435045, 0.9182763172580129529, 0.000000000000000000 ) ) ;
#3171 = EDGE_LOOP ( 'NONE', ( #423, #1092 ) ) ;
#3172 = ADVANCED_FACE ( 'NONE', ( #2489 ), #1001, .F. ) ;
#3173 = SHAPE_DEFINITION_REPRESENTATION ( #150, #2957 ) ;
#3174 = ORIENTED_EDGE ( 'NONE', *, *, #2936, .F. ) ;
#3175 = AXIS2_PLACEMENT_3D ( 'NONE', #2628, #865, #1113 ) ;
#3176 = DIRECTION ( 'NONE',  ( 1.387778780781445676E-16, 1.000000000000000000, -0.000000000000000000 ) ) ;
#3177 = ORIENTED_EDGE ( 'NONE', *, *, #1431, .T. ) ;
#3178 = CARTESIAN_POINT ( 'NONE',  ( -24.25000000000000711, 49.63999999999997215, -93.82610086423677842 ) ) ;
#3179 = LINE ( 'NONE', #1426, #1992 ) ;
#3180 = EDGE_CURVE ( 'NONE', #1915, #764, #1215, .T. ) ;
#3181 = ORIENTED_EDGE ( 'NONE', *, *, #2694, .F. ) ;
#3182 = CARTESIAN_POINT ( 'NONE',  ( -17.75000000000001421, 47.50000000000000000, 41.25000000000000000 ) ) ;
#3183 = DIRECTION ( 'NONE',  ( 0.000000000000000000, 0.000000000000000000, 1.000000000000000000 ) ) ;
#3184 = ADVANCED_FACE ( 'NONE', ( #985 ), #2793, .F. ) ;
#3185 = EDGE_CURVE ( 'NONE', #2015, #2951, #457, .T. ) ;
#3186 = ORIENTED_EDGE ( 'NONE', *, *, #2235, .F. ) ;
#3187 = DIRECTION ( 'NONE',  ( 0.000000000000000000, 0.000000000000000000, 1.000000000000000000 ) ) ;
#3188 = EDGE_CURVE ( 'NONE', #2658, #3203, #3109, .T. ) ;
#3189 = ORIENTED_EDGE ( 'NONE', *, *, #1716, .F. ) ;
#3190 = CARTESIAN_POINT ( 'NONE',  ( -20.50735931288075520, 11.24264068711928743, 55.00000000000000000 ) ) ;
#3191 = VECTOR ( 'NONE', #2424, 1000.000000000000114 ) ;
#3192 = EDGE_CURVE ( 'NONE', #153, #181, #2274, .T. ) ;
#3193 = VECTOR ( 'NONE', #1390, 1000.000000000000000 ) ;
#3194 = LINE ( 'NONE', #440, #385 ) ;
#3195 = VECTOR ( 'NONE', #733, 1000.000000000000000 ) ;
#3196 = VERTEX_POINT ( 'NONE', #1713 ) ;
#3197 = CARTESIAN_POINT ( 'NONE',  ( -24.74999999999999289, 10.64999999999999858, -58.42034058415723763 ) ) ;
#3198 = VECTOR ( 'NONE', #332, 1000.000000000000000 ) ;
#3199 = DIRECTION ( 'NONE',  ( -0.000000000000000000, -0.000000000000000000, -1.000000000000000000 ) ) ;
#3200 = VERTEX_POINT ( 'NONE', #2206 ) ;
#3201 = CARTESIAN_POINT ( 'NONE',  ( -27.75000000000001066, 10.00000000000000000, 0.000000000000000000 ) ) ;
#3202 = DIRECTION ( 'NONE',  ( 1.000000000000000000, 1.040834085586084257E-16, 0.000000000000000000 ) ) ;
#3203 = VERTEX_POINT ( 'NONE', #1475 ) ;
#3204 = CIRCLE ( 'NONE', #1791, 1.500000000000001332 ) ;
#3205 = EDGE_LOOP ( 'NONE', ( #3082, #2012, #2269, #2311 ) ) ;
#3206 = DIRECTION ( 'NONE',  ( 0.000000000000000000, 0.000000000000000000, -1.000000000000000000 ) ) ;
#3207 = EDGE_CURVE ( 'NONE', #2125, #1894, #1074, .T. ) ;
#3208 = ADVANCED_FACE ( 'NONE', ( #1226 ), #1989, .F. ) ;
#3209 = ORIENTED_EDGE ( 'NONE', *, *, #1694, .T. ) ;
#3210 = DIRECTION ( 'NONE',  ( 1.000000000000000000, -0.000000000000000000, -0.000000000000000000 ) ) ;
#3211 = DIRECTION ( 'NONE',  ( 0.000000000000000000, 1.000000000000000000, 0.000000000000000000 ) ) ;
#3212 = AXIS2_PLACEMENT_3D ( 'NONE', #554, #353, #167 ) ;
#3213 = ORIENTED_EDGE ( 'NONE', *, *, #516, .T. ) ;
#3214 = DIRECTION ( 'NONE',  ( -1.000000000000000000, 0.000000000000000000, 0.000000000000000000 ) ) ;
#3215 = CARTESIAN_POINT ( 'NONE',  ( -27.75000000000000711, 47.50000000000000000, 18.25000000000001776 ) ) ;
#3216 = CARTESIAN_POINT ( 'NONE',  ( -27.75000000000000355, 60.00000000000000711, -50.99019513592786268 ) ) ;
#3217 = CARTESIAN_POINT ( 'NONE',  ( -24.74999999999999289, 28.44999999999999929, -58.42034058415723763 ) ) ;
#3218 = EDGE_CURVE ( 'NONE', #1454, #1345, #1633, .T. ) ;
#3219 = CIRCLE ( 'NONE', #1379, 4.500000000000010658 ) ;
#3220 = ORIENTED_EDGE ( 'NONE', *, *, #2676, .F. ) ;
#3221 = VERTEX_POINT ( 'NONE', #2610 ) ;
#3222 = DIRECTION ( 'NONE',  ( -0.000000000000000000, -0.000000000000000000, -1.000000000000000000 ) ) ;
#3223 = CIRCLE ( 'NONE', #1752, 1.500000000000001332 ) ;
#3224 = ORIENTED_EDGE ( 'NONE', *, *, #1, .T. ) ;
#3225 = EDGE_CURVE ( 'NONE', #2224, #715, #2309, .T. ) ;
#3226 = CARTESIAN_POINT ( 'NONE',  ( -19.75000000000001066, 20.29999999999999005, -37.30000000000001137 ) ) ;
#3227 = EDGE_LOOP ( 'NONE', ( #2046, #2704, #3169, #451 ) ) ;
#3228 = LINE ( 'NONE', #2420, #945 ) ;
#3229 = ORIENTED_EDGE ( 'NONE', *, *, #407, .F. ) ;
#3230 = CARTESIAN_POINT ( 'NONE',  ( -27.75000000000001776, -60.00000000000001421, -154.9955803164349675 ) ) ;
#3231 = LINE ( 'NONE', #47, #227 ) ;
#3232 = FACE_OUTER_BOUND ( 'NONE', #2513, .T. ) ;
#3233 = DIRECTION ( 'NONE',  ( 0.000000000000000000, 0.000000000000000000, -1.000000000000000000 ) ) ;
#3234 = AXIS2_PLACEMENT_3D ( 'NONE', #144, #1901, #1128 ) ;
ENDSEC;
END-ISO-10303-21;
