ISO-10303-21;
HEADER;
FILE_DESCRIPTION (( 'STEP AP203' ),
    '1' );
FILE_NAME ('guide channel.STEP',
    '2026-06-02T08:29:37',
    ( '' ),
    ( '' ),
    'SwSTEP 2.0',
    'SolidWorks 2024',
    '' );
FILE_SCHEMA (( 'CONFIG_CONTROL_DESIGN' ));
ENDSEC;

DATA;
#1 = ORIENTED_EDGE ( 'NONE', *, *, #565, .T. ) ;
#2 = LINE ( 'NONE', #533, #2109 ) ;
#3 = ORIENTED_EDGE ( 'NONE', *, *, #1121, .T. ) ;
#4 = DIRECTION ( 'NONE',  ( 2.220446049250313081E-16, -1.000000000000000000, 6.938893903907224680E-17 ) ) ;
#5 = EDGE_CURVE ( 'NONE', #3019, #345, #1966, .T. ) ;
#6 = DIRECTION ( 'NONE',  ( -0.000000000000000000, -1.000000000000000000, 0.000000000000000000 ) ) ;
#7 = CARTESIAN_POINT ( 'NONE',  ( 30.00000000000000000, 1.500000000000000000, 151.8228684537894821 ) ) ;
#8 = LINE ( 'NONE', #3226, #25 ) ;
#9 = PERSON_AND_ORGANIZATION_ROLE ( 'design_owner' ) ;
#10 = VERTEX_POINT ( 'NONE', #2559 ) ;
#11 = VERTEX_POINT ( 'NONE', #3102 ) ;
#12 = VERTEX_POINT ( 'NONE', #3080 ) ;
#13 = FACE_OUTER_BOUND ( 'NONE', #2953, .T. ) ;
#14 = PLANE ( 'NONE',  #1186 ) ;
#15 = CARTESIAN_POINT ( 'NONE',  ( 0.000000000000000000, -25.00000000000002132, 3.000000000000002665 ) ) ;
#16 = ORIENTED_EDGE ( 'NONE', *, *, #242, .T. ) ;
#17 = ORIENTED_EDGE ( 'NONE', *, *, #1429, .T. ) ;
#18 = CARTESIAN_POINT ( 'NONE',  ( -3.000000000000000000, 3.000000000000000000, 0.000000000000000000 ) ) ;
#19 = CARTESIAN_POINT ( 'NONE',  ( -3.000000000000000000, 3.000000000000000000, 230.0000000000000000 ) ) ;
#20 = CARTESIAN_POINT ( 'NONE',  ( 15.00000000000000178, 1.144917494144692367E-14, 117.0000000000000000 ) ) ;
#21 = VECTOR ( 'NONE', #355, 1000.000000000000000 ) ;
#22 = AXIS2_PLACEMENT_3D ( 'NONE', #1566, #3210, #1616 ) ;
#23 = LINE ( 'NONE', #3157, #2585 ) ;
#24 = LINE ( 'NONE', #1019, #1062 ) ;
#25 = VECTOR ( 'NONE', #1921, 1000.000000000000000 ) ;
#26 = VERTEX_POINT ( 'NONE', #125 ) ;
#27 = ORIENTED_EDGE ( 'NONE', *, *, #739, .F. ) ;
#28 = VECTOR ( 'NONE', #2329, 1000.000000000000000 ) ;
#29 = EDGE_CURVE ( 'NONE', #2590, #336, #667, .T. ) ;
#30 = CIRCLE ( 'NONE', #2645, 2.499999999999998668 ) ;
#31 = EDGE_CURVE ( 'NONE', #245, #1212, #1802, .T. ) ;
#32 = CARTESIAN_POINT ( 'NONE',  ( -10.00000000000000000, -30.00000000000000000, 65.00000000000000000 ) ) ;
#33 = AXIS2_PLACEMENT_3D ( 'NONE', #605, #1163, #1662 ) ;
#34 = CARTESIAN_POINT ( 'NONE',  ( 22.00000000000001421, 9.999999999999998224, 177.5000000000000000 ) ) ;
#35 = CARTESIAN_POINT ( 'NONE',  ( -9.999999999999992895, -7.000000000000008882, 172.5000000000000284 ) ) ;
#36 = ORIENTED_EDGE ( 'NONE', *, *, #2773, .F. ) ;
#37 = ORIENTED_EDGE ( 'NONE', *, *, #2539, .F. ) ;
#38 = AXIS2_PLACEMENT_3D ( 'NONE', #3074, #389, #161 ) ;
#39 = AXIS2_PLACEMENT_3D ( 'NONE', #2709, #324, #62 ) ;
#40 = CARTESIAN_POINT ( 'NONE',  ( 7.000000000000011546, 9.999999999999998224, 55.00000000000000000 ) ) ;
#41 = EDGE_CURVE ( 'NONE', #166, #223, #652, .T. ) ;
#42 = AXIS2_PLACEMENT_3D ( 'NONE', #1719, #1234, #2037 ) ;
#43 = ORIENTED_EDGE ( 'NONE', *, *, #3156, .F. ) ;
#44 = CARTESIAN_POINT ( 'NONE',  ( 22.00000000000001421, 3.000000000000070166, 52.50000000000000711 ) ) ;
#45 = CARTESIAN_POINT ( 'NONE',  ( 7.000000000000011546, 0.000000000000000000, 215.0000000000000284 ) ) ;
#46 = CARTESIAN_POINT ( 'NONE',  ( -3.000000000000061728, -22.00000000000001421, 57.50000000000000711 ) ) ;
#47 = EDGE_LOOP ( 'NONE', ( #3320, #2884 ) ) ;
#48 = EDGE_LOOP ( 'NONE', ( #3071, #1927, #431, #826, #584, #37, #2006 ) ) ;
#49 = CARTESIAN_POINT ( 'NONE',  ( 25.00000000000006750, -4.999999999999979572, 227.0000000000000000 ) ) ;
#50 = CARTESIAN_POINT ( 'NONE',  ( 0.000000000000000000, 0.000000000000000000, 230.0000000000000000 ) ) ;
#51 = LINE ( 'NONE', #1926, #1635 ) ;
#52 = ADVANCED_FACE ( 'NONE', ( #192 ), #1754, .F. ) ;
#53 = EDGE_CURVE ( 'NONE', #2602, #2297, #3195, .T. ) ;
#54 = ORIENTED_EDGE ( 'NONE', *, *, #492, .F. ) ;
#55 = ORIENTED_EDGE ( 'NONE', *, *, #3179, .T. ) ;
#56 = VERTEX_POINT ( 'NONE', #1492 ) ;
#57 = FACE_OUTER_BOUND ( 'NONE', #229, .T. ) ;
#58 = CC_DESIGN_PERSON_AND_ORGANIZATION_ASSIGNMENT ( #537, #2381, ( #1977 ) ) ;
#59 = AXIS2_PLACEMENT_3D ( 'NONE', #886, #1474, #1958 ) ;
#60 = DIRECTION ( 'NONE',  ( 1.000000000000000000, 2.220446049250313081E-16, 6.938893903907225912E-17 ) ) ;
#61 = CARTESIAN_POINT ( 'NONE',  ( 5.370703881624196342E-15, -7.000000000000007994, 55.00000000000000000 ) ) ;
#62 = DIRECTION ( 'NONE',  ( 0.000000000000000000, 0.000000000000000000, 1.000000000000000000 ) ) ;
#63 = CARTESIAN_POINT ( 'NONE',  ( 0.000000000000000000, 0.000000000000000000, 0.000000000000000000 ) ) ;
#64 = DATE_AND_TIME ( #1089, #1425 ) ;
#65 = ORIENTED_EDGE ( 'NONE', *, *, #1445, .F. ) ;
#66 = EDGE_LOOP ( 'NONE', ( #1717, #1318 ) ) ;
#67 = CIRCLE ( 'NONE', #1043, 2.500000000000002220 ) ;
#68 = DIRECTION ( 'NONE',  ( -0.000000000000000000, -1.000000000000000000, -0.000000000000000000 ) ) ;
#69 = FACE_BOUND ( 'NONE', #506, .T. ) ;
#70 = LINE ( 'NONE', #736, #2320 ) ;
#71 = EDGE_LOOP ( 'NONE', ( #2271, #85 ) ) ;
#72 = ORIENTED_EDGE ( 'NONE', *, *, #29, .T. ) ;
#73 = PLANE ( 'NONE',  #543 ) ;
#74 = EDGE_CURVE ( 'NONE', #589, #510, #3139, .T. ) ;
#75 = DIRECTION ( 'NONE',  ( 0.000000000000000000, 0.000000000000000000, 1.000000000000000000 ) ) ;
#76 = CARTESIAN_POINT ( 'NONE',  ( -10.00000000000000178, 2.928932188134564019, 230.0000000000000000 ) ) ;
#77 = DIRECTION ( 'NONE',  ( 0.000000000000000000, 0.000000000000000000, -1.000000000000000000 ) ) ;
#78 = VERTEX_POINT ( 'NONE', #1440 ) ;
#79 = AXIS2_PLACEMENT_3D ( 'NONE', #1939, #3005, #610 ) ;
#80 = CARTESIAN_POINT ( 'NONE',  ( 14.99999999999999289, 40.00000000000000000, 197.5000000000000284 ) ) ;
#81 = DIRECTION ( 'NONE',  ( -1.301042606982605321E-16, 1.000000000000000000, -0.000000000000000000 ) ) ;
#82 = DIRECTION ( 'NONE',  ( 0.000000000000000000, 0.000000000000000000, 1.000000000000000000 ) ) ;
#83 = CARTESIAN_POINT ( 'NONE',  ( -10.00000000000000178, 9.999999999999994671, 123.0000000000000000 ) ) ;
#84 = CIRCLE ( 'NONE', #1629, 2.500000000000000444 ) ;
#85 = ORIENTED_EDGE ( 'NONE', *, *, #1470, .F. ) ;
#86 = AXIS2_PLACEMENT_3D ( 'NONE', #1571, #3231, #833 ) ;
#87 = ORIENTED_EDGE ( 'NONE', *, *, #2391, .T. ) ;
#88 = EDGE_LOOP ( 'NONE', ( #2848, #1728 ) ) ;
#89 = CIRCLE ( 'NONE', #1858, 2.500000000000001332 ) ;
#90 = DIRECTION ( 'NONE',  ( 2.220446049250313081E-16, -1.000000000000000000, 6.938893903907225912E-17 ) ) ;
#91 = CIRCLE ( 'NONE', #3033, 2.500000000000002220 ) ;
#92 = ORIENTED_EDGE ( 'NONE', *, *, #2946, .T. ) ;
#93 = LINE ( 'NONE', #3274, #146 ) ;
#94 = EDGE_CURVE ( 'NONE', #279, #1253, #3117, .T. ) ;
#95 = ADVANCED_FACE ( 'NONE', ( #1697 ), #147, .F. ) ;
#96 = FACE_OUTER_BOUND ( 'NONE', #2086, .T. ) ;
#97 = ORIENTED_EDGE ( 'NONE', *, *, #2112, .F. ) ;
#98 = PRODUCT_DEFINITION ( 'UNKNOWN', '', #3037, #2082 ) ;
#99 = EDGE_CURVE ( 'NONE', #1253, #1643, #2544, .T. ) ;
#100 = DIRECTION ( 'NONE',  ( 1.000000000000000000, 9.194034422677077600E-17, -6.938893903907224680E-17 ) ) ;
#101 = DIRECTION ( 'NONE',  ( -0.000000000000000000, 1.000000000000000000, 0.000000000000000000 ) ) ;
#102 = DIRECTION ( 'NONE',  ( -0.000000000000000000, -1.000000000000000000, 0.000000000000000000 ) ) ;
#103 = ORIENTED_EDGE ( 'NONE', *, *, #2511, .T. ) ;
#104 = VERTEX_POINT ( 'NONE', #3319 ) ;
#105 = ORIENTED_EDGE ( 'NONE', *, *, #2211, .F. ) ;
#106 = CARTESIAN_POINT ( 'NONE',  ( 22.00000000000001421, 0.000000000000000000, 175.0000000000000000 ) ) ;
#107 = ORIENTED_EDGE ( 'NONE', *, *, #3293, .F. ) ;
#108 = VECTOR ( 'NONE', #825, 1000.000000000000000 ) ;
#109 = CARTESIAN_POINT ( 'NONE',  ( -17.07106781186547195, -7.000000000000011546, 175.0000000000000284 ) ) ;
#110 = LINE ( 'NONE', #1675, #2088 ) ;
#111 = ORIENTED_EDGE ( 'NONE', *, *, #444, .T. ) ;
#112 = ADVANCED_FACE ( 'NONE', ( #427 ), #2520, .F. ) ;
#113 = EDGE_CURVE ( 'NONE', #952, #154, #2325, .T. ) ;
#114 = AXIS2_PLACEMENT_3D ( 'NONE', #377, #1558, #241 ) ;
#115 = CARTESIAN_POINT ( 'NONE',  ( 7.000000000000011546, 17.07106781186547551, 52.50000000000000000 ) ) ;
#116 = ORIENTED_EDGE ( 'NONE', *, *, #2715, .F. ) ;
#117 = EDGE_CURVE ( 'NONE', #407, #10, #2047, .T. ) ;
#118 = LINE ( 'NONE', #2728, #310 ) ;
#119 = DIRECTION ( 'NONE',  ( 1.000000000000000000, 0.000000000000000000, 0.000000000000000000 ) ) ;
#120 = LINE ( 'NONE', #611, #3258 ) ;
#121 = ORIENTED_EDGE ( 'NONE', *, *, #636, .F. ) ;
#122 = ORIENTED_EDGE ( 'NONE', *, *, #635, .T. ) ;
#123 = ORIENTED_EDGE ( 'NONE', *, *, #3022, .T. ) ;
#124 = CARTESIAN_POINT ( 'NONE',  ( 15.00000000000000178, 5.585809592645317266E-15, 32.49999999999998579 ) ) ;
#125 = CARTESIAN_POINT ( 'NONE',  ( -10.00000000000000178, -15.00000000000000000, 200.0000000000000000 ) ) ;
#126 = ORIENTED_EDGE ( 'NONE', *, *, #1959, .F. ) ;
#127 = FACE_OUTER_BOUND ( 'NONE', #643, .T. ) ;
#128 = CARTESIAN_POINT ( 'NONE',  ( -1.500000000000000666, 10.00000000000000178, 93.82286845378943951 ) ) ;
#129 = PLANE ( 'NONE',  #2527 ) ;
#130 = VERTEX_POINT ( 'NONE', #3240 ) ;
#131 = PLANE ( 'NONE',  #3354 ) ;
#132 = DIRECTION ( 'NONE',  ( -1.000000000000000000, 0.000000000000000000, -0.000000000000000000 ) ) ;
#133 = DIRECTION ( 'NONE',  ( 1.000000000000000000, 4.336808689942018352E-17, -0.000000000000000000 ) ) ;
#134 = ADVANCED_FACE ( 'NONE', ( #127 ), #1674, .F. ) ;
#135 = AXIS2_PLACEMENT_3D ( 'NONE', #724, #2334, #946 ) ;
#136 = EDGE_CURVE ( 'NONE', #422, #2967, #801, .T. ) ;
#137 = ORIENTED_EDGE ( 'NONE', *, *, #2453, .T. ) ;
#138 = EDGE_LOOP ( 'NONE', ( #2180, #1610, #3335, #1766 ) ) ;
#139 = CONICAL_SURFACE ( 'NONE', #2808, 2.500000000000002220, 0.7853981633974514986 ) ;
#140 = VECTOR ( 'NONE', #3263, 1000.000000000000000 ) ;
#141 = LINE ( 'NONE', #394, #1100 ) ;
#142 = AXIS2_PLACEMENT_3D ( 'NONE', #2780, #3311, #1653 ) ;
#143 = ORIENTED_EDGE ( 'NONE', *, *, #2579, .T. ) ;
#144 = ORIENTED_EDGE ( 'NONE', *, *, #657, .T. ) ;
#145 = ORIENTED_EDGE ( 'NONE', *, *, #3238, .F. ) ;
#146 = VECTOR ( 'NONE', #567, 1000.000000000000000 ) ;
#147 = CONICAL_SURFACE ( 'NONE', #2531, 2.500000000000002220, 0.7853981633974514986 ) ;
#148 = AXIS2_PLACEMENT_3D ( 'NONE', #2095, #1602, #1565 ) ;
#149 = ADVANCED_FACE ( 'NONE', ( #840 ), #858, .F. ) ;
#150 = DIRECTION ( 'NONE',  ( -1.301042606982605321E-16, 1.000000000000000000, -0.000000000000000000 ) ) ;
#151 = VECTOR ( 'NONE', #2164, 1000.000000000000000 ) ;
#152 = CARTESIAN_POINT ( 'NONE',  ( 25.00000000000002132, 5.759281940243004287E-15, 3.000000000000000888 ) ) ;
#153 = CARTESIAN_POINT ( 'NONE',  ( 22.00000000000001421, 3.000000000000070166, 175.0000000000000000 ) ) ;
#154 = VERTEX_POINT ( 'NONE', #2233 ) ;
#155 = AXIS2_PLACEMENT_3D ( 'NONE', #1156, #360, #1189 ) ;
#156 = CARTESIAN_POINT ( 'NONE',  ( 15.00000000000000178, 1.144917494144692367E-14, 117.0000000000000000 ) ) ;
#157 = DIRECTION ( 'NONE',  ( 1.000000000000000000, 0.000000000000000000, 0.000000000000000000 ) ) ;
#158 = ORIENTED_EDGE ( 'NONE', *, *, #1477, .T. ) ;
#159 = CARTESIAN_POINT ( 'NONE',  ( 0.000000000000000000, -25.00000000000002132, 3.000000000000002665 ) ) ;
#160 = DIRECTION ( 'NONE',  ( -0.000000000000000000, -1.000000000000000000, -0.000000000000000000 ) ) ;
#161 = DIRECTION ( 'NONE',  ( 0.000000000000000000, 0.000000000000000000, -1.000000000000000000 ) ) ;
#162 = ORIENTED_EDGE ( 'NONE', *, *, #1998, .T. ) ;
#163 = EDGE_CURVE ( 'NONE', #1651, #3400, #1466, .T. ) ;
#164 = LINE ( 'NONE', #1439, #3056 ) ;
#165 = ORIENTED_EDGE ( 'NONE', *, *, #185, .F. ) ;
#166 = VERTEX_POINT ( 'NONE', #637 ) ;
#167 = DIRECTION ( 'NONE',  ( -0.000000000000000000, -1.000000000000000000, -0.000000000000000000 ) ) ;
#168 = DIRECTION ( 'NONE',  ( 0.000000000000000000, 0.000000000000000000, 1.000000000000000000 ) ) ;
#169 = CARTESIAN_POINT ( 'NONE',  ( -17.07106781186546840, -22.00000000000001421, 55.00000000000000711 ) ) ;
#170 = CIRCLE ( 'NONE', #2945, 5.500000000000087930 ) ;
#171 = DIRECTION ( 'NONE',  ( 1.000000000000000000, 2.220446049250312834E-16, -1.932977587517013655E-16 ) ) ;
#172 = VERTEX_POINT ( 'NONE', #1701 ) ;
#173 = DIRECTION ( 'NONE',  ( 0.000000000000000000, -1.000000000000000000, 0.000000000000000000 ) ) ;
#174 = CARTESIAN_POINT ( 'NONE',  ( -17.07106781186546840, -22.00000000000001421, 177.5000000000000000 ) ) ;
#175 = LINE ( 'NONE', #2075, #2923 ) ;
#176 = ORIENTED_EDGE ( 'NONE', *, *, #402, .T. ) ;
#177 = CARTESIAN_POINT ( 'NONE',  ( 0.000000000000000000, -25.00000000000004974, 227.0000000000000000 ) ) ;
#178 = ORIENTED_EDGE ( 'NONE', *, *, #3402, .F. ) ;
#179 = ORIENTED_EDGE ( 'NONE', *, *, #1847, .T. ) ;
#180 = EDGE_CURVE ( 'NONE', #1617, #2049, #2980, .T. ) ;
#181 = CYLINDRICAL_SURFACE ( 'NONE', #439, 2.500000000000002220 ) ;
#182 = DIRECTION ( 'NONE',  ( 1.000000000000000000, 0.000000000000000000, 0.000000000000000000 ) ) ;
#183 = ORIENTED_EDGE ( 'NONE', *, *, #2857, .T. ) ;
#184 = ADVANCED_FACE ( 'NONE', ( #1495, #462, #2790, #2828, #2286 ), #2344, .F. ) ;
#185 = EDGE_CURVE ( 'NONE', #3413, #511, #2525, .T. ) ;
#186 = CARTESIAN_POINT ( 'NONE',  ( -17.07106781186546840, -22.00000000000001421, 172.5000000000000000 ) ) ;
#187 = CARTESIAN_POINT ( 'NONE',  ( 7.000000000000011546, 2.999999999999985345, 15.00000000000000000 ) ) ;
#188 = CARTESIAN_POINT ( 'NONE',  ( 0.000000000000000000, -15.00000000000000000, 200.0000000000000000 ) ) ;
#189 = EDGE_LOOP ( 'NONE', ( #2875, #2521 ) ) ;
#190 = DIRECTION ( 'NONE',  ( 1.000000000000000000, 0.000000000000000000, -0.000000000000000000 ) ) ;
#191 = LINE ( 'NONE', #1249, #1285 ) ;
#192 = FACE_OUTER_BOUND ( 'NONE', #1531, .T. ) ;
#193 = ORIENTED_EDGE ( 'NONE', *, *, #250, .F. ) ;
#194 = VECTOR ( 'NONE', #1654, 1000.000000000000000 ) ;
#195 = CYLINDRICAL_SURFACE ( 'NONE', #707, 2.500000000000002220 ) ;
#196 = FACE_OUTER_BOUND ( 'NONE', #1951, .T. ) ;
#197 = CIRCLE ( 'NONE', #1127, 5.500000000000005329 ) ;
#198 = AXIS2_PLACEMENT_3D ( 'NONE', #3095, #2058, #2291 ) ;
#199 = AXIS2_PLACEMENT_3D ( 'NONE', #153, #1205, #1509 ) ;
#200 = ADVANCED_FACE ( 'NONE', ( #2269 ), #1978, .F. ) ;
#201 = CARTESIAN_POINT ( 'NONE',  ( -40.00000000000000000, -15.00000000000000000, 34.99999999999999289 ) ) ;
#202 = CIRCLE ( 'NONE', #38, 2.500000000000002220 ) ;
#203 = AXIS2_PLACEMENT_3D ( 'NONE', #1218, #150, #1381 ) ;
#204 = DIRECTION ( 'NONE',  ( 0.000000000000000000, 1.000000000000000000, 0.000000000000000000 ) ) ;
#205 = CARTESIAN_POINT ( 'NONE',  ( 5.370703881624196342E-15, -7.000000000000007994, 175.0000000000000284 ) ) ;
#206 = CARTESIAN_POINT ( 'NONE',  ( 8.701372955499665963E-15, -22.00000000000001066, 169.4999999999999147 ) ) ;
#207 = VERTEX_POINT ( 'NONE', #2995 ) ;
#208 = ORIENTED_EDGE ( 'NONE', *, *, #1847, .F. ) ;
#209 = EDGE_CURVE ( 'NONE', #2100, #453, #1395, .T. ) ;
#210 = DIRECTION ( 'NONE',  ( 1.000000000000000000, 0.000000000000000000, 0.000000000000000000 ) ) ;
#211 = ORIENTED_EDGE ( 'NONE', *, *, #2822, .T. ) ;
#212 = VERTEX_POINT ( 'NONE', #1084 ) ;
#213 = DIRECTION ( 'NONE',  ( 0.000000000000000000, 0.000000000000000000, -1.000000000000000000 ) ) ;
#214 = DIRECTION ( 'NONE',  ( 0.000000000000000000, -1.000000000000000000, 0.000000000000000000 ) ) ;
#215 = CARTESIAN_POINT ( 'NONE',  ( 0.000000000000000000, 0.000000000000000000, 0.000000000000000000 ) ) ;
#216 = FACE_OUTER_BOUND ( 'NONE', #2153, .T. ) ;
#217 = DIRECTION ( 'NONE',  ( 6.938893903907228378E-17, 0.000000000000000000, 1.000000000000000000 ) ) ;
#218 = ADVANCED_FACE ( 'NONE', ( #2749 ), #1196, .T. ) ;
#219 = EDGE_CURVE ( 'NONE', #1820, #172, #393, .T. ) ;
#220 = CARTESIAN_POINT ( 'NONE',  ( 0.000000000000000000, 3.000000000000000000, 3.000000000000002665 ) ) ;
#221 = DIRECTION ( 'NONE',  ( -8.659560562354959975E-17, -0.7071067811865453523, -0.7071067811865497932 ) ) ;
#222 = DIRECTION ( 'NONE',  ( 0.000000000000000000, 0.000000000000000000, -1.000000000000000000 ) ) ;
#223 = VERTEX_POINT ( 'NONE', #665 ) ;
#224 = ORIENTED_EDGE ( 'NONE', *, *, #824, .F. ) ;
#225 = ADVANCED_FACE ( 'NONE', ( #2432 ), #790, .F. ) ;
#226 = DIRECTION ( 'NONE',  ( 0.9563047559630376560, 0.000000000000000000, -0.2923717047227297750 ) ) ;
#227 = EDGE_CURVE ( 'NONE', #509, #1358, #1138, .T. ) ;
#228 = ORIENTED_EDGE ( 'NONE', *, *, #1934, .F. ) ;
#229 = EDGE_LOOP ( 'NONE', ( #1356, #2257, #2187, #1703, #1591, #3259, #3076, #1875, #591, #1658 ) ) ;
#230 = DIRECTION ( 'NONE',  ( 1.000000000000000000, -0.000000000000000000, -0.000000000000000000 ) ) ;
#231 = LINE ( 'NONE', #3217, #3146 ) ;
#232 = AXIS2_PLACEMENT_3D ( 'NONE', #3127, #1801, #478 ) ;
#233 = CARTESIAN_POINT ( 'NONE',  ( -10.00000000000000178, 2.928932188134564019, 230.0000000000000000 ) ) ;
#234 = CYLINDRICAL_SURFACE ( 'NONE', #1069, 2.500000000000002220 ) ;
#235 = DIRECTION ( 'NONE',  ( 0.000000000000000000, 0.000000000000000000, -1.000000000000000000 ) ) ;
#236 = CARTESIAN_POINT ( 'NONE',  ( 1.000000000000000000, 10.00000000000000178, 107.0000000000000142 ) ) ;
#237 = DIRECTION ( 'NONE',  ( 0.000000000000000000, 0.000000000000000000, -1.000000000000000000 ) ) ;
#238 = ORIENTED_EDGE ( 'NONE', *, *, #2604, .F. ) ;
#239 = ORIENTED_EDGE ( 'NONE', *, *, #1151, .T. ) ;
#240 = DIRECTION ( 'NONE',  ( 1.000000000000000000, 0.000000000000000000, 0.000000000000000000 ) ) ;
#241 = DIRECTION ( 'NONE',  ( 0.000000000000000000, 0.000000000000000000, 1.000000000000000000 ) ) ;
#242 = EDGE_CURVE ( 'NONE', #621, #3010, #1688, .T. ) ;
#243 = EDGE_CURVE ( 'NONE', #730, #3213, #628, .T. ) ;
#244 = VERTEX_POINT ( 'NONE', #1149 ) ;
#245 = VERTEX_POINT ( 'NONE', #3013 ) ;
#246 = CARTESIAN_POINT ( 'NONE',  ( 2.595146320061305780E-15, -7.000000000000010658, 215.0000000000000284 ) ) ;
#247 = AXIS2_PLACEMENT_3D ( 'NONE', #1364, #2689, #3188 ) ;
#248 = FACE_OUTER_BOUND ( 'NONE', #341, .T. ) ;
#249 = ADVANCED_FACE ( 'NONE', ( #2222 ), #3035, .F. ) ;
#250 = EDGE_CURVE ( 'NONE', #3228, #1960, #1705, .T. ) ;
#251 = VECTOR ( 'NONE', #1826, 1000.000000000000000 ) ;
#252 = CIRCLE ( 'NONE', #517, 2.500000000000002220 ) ;
#253 = CARTESIAN_POINT ( 'NONE',  ( 22.00000000000001421, 17.07106781186547551, 175.0000000000000000 ) ) ;
#254 = CIRCLE ( 'NONE', #1009, 2.500000000000000444 ) ;
#255 = CIRCLE ( 'NONE', #575, 5.500000000000087930 ) ;
#256 = CIRCLE ( 'NONE', #896, 5.500000000000087930 ) ;
#257 = DIRECTION ( 'NONE',  ( 0.000000000000000000, -1.000000000000000000, 0.000000000000000000 ) ) ;
#258 = LINE ( 'NONE', #2425, #2580 ) ;
#259 = PERSON_AND_ORGANIZATION ( #330, #2925 ) ;
#260 = CIRCLE ( 'NONE', #1365, 2.500000000000002220 ) ;
#261 = CIRCLE ( 'NONE', #867, 2.499999999999998668 ) ;
#262 = ORIENTED_EDGE ( 'NONE', *, *, #757, .F. ) ;
#263 = ORIENTED_EDGE ( 'NONE', *, *, #3322, .F. ) ;
#264 = VECTOR ( 'NONE', #1296, 1000.000000000000000 ) ;
#265 = FACE_OUTER_BOUND ( 'NONE', #477, .T. ) ;
#266 = CARTESIAN_POINT ( 'NONE',  ( 30.00000000000001776, -4.999999999999977796, 227.0000000000000000 ) ) ;
#267 = ORIENTED_EDGE ( 'NONE', *, *, #219, .F. ) ;
#268 = VERTEX_POINT ( 'NONE', #1499 ) ;
#269 = ADVANCED_FACE ( 'NONE', ( #216 ), #1133, .F. ) ;
#270 = LINE ( 'NONE', #1119, #1386 ) ;
#271 = DIRECTION ( 'NONE',  ( 0.000000000000000000, 0.000000000000000000, 1.000000000000000000 ) ) ;
#272 = CARTESIAN_POINT ( 'NONE',  ( 0.000000000000000000, -30.00000000000000000, 98.72914738151580138 ) ) ;
#273 = CARTESIAN_POINT ( 'NONE',  ( 30.00000000000000000, 1.500000000000000000, 123.0000000000000000 ) ) ;
#274 = DATE_TIME_ROLE ( 'classification_date' ) ;
#275 = ORIENTED_EDGE ( 'NONE', *, *, #163, .F. ) ;
#276 = EDGE_LOOP ( 'NONE', ( #2009, #1000 ) ) ;
#277 = CARTESIAN_POINT ( 'NONE',  ( -3.000000000000000000, -30.00000000000000000, 230.0000000000000000 ) ) ;
#278 = PLANE ( 'NONE',  #1417 ) ;
#279 = VERTEX_POINT ( 'NONE', #233 ) ;
#280 = ORIENTED_EDGE ( 'NONE', *, *, #1898, .F. ) ;
#281 = ORIENTED_EDGE ( 'NONE', *, *, #1597, .T. ) ;
#282 = ORIENTED_EDGE ( 'NONE', *, *, #1477, .F. ) ;
#283 = VECTOR ( 'NONE', #3079, 1000.000000000000000 ) ;
#284 = DIRECTION ( 'NONE',  ( 0.000000000000000000, -1.239088197126290817E-16, 1.000000000000000000 ) ) ;
#285 = DIRECTION ( 'NONE',  ( -1.000000000000000000, 0.000000000000000000, 0.000000000000000000 ) ) ;
#286 = CONICAL_SURFACE ( 'NONE', #1611, 2.500000000000002220, 0.7853981633974514986 ) ;
#287 = DIRECTION ( 'NONE',  ( 0.000000000000000000, 0.000000000000000000, -1.000000000000000000 ) ) ;
#288 = ADVANCED_FACE ( 'NONE', ( #2093 ), #2303, .F. ) ;
#289 = EDGE_CURVE ( 'NONE', #1401, #1820, #457, .T. ) ;
#290 = DIRECTION ( 'NONE',  ( -2.220446049250313081E-16, 1.000000000000000000, -6.938893903907225912E-17 ) ) ;
#291 = CARTESIAN_POINT ( 'NONE',  ( -3.000000000000061728, -22.00000000000001066, 55.00000000000000711 ) ) ;
#292 = APPROVAL_STATUS ( 'not_yet_approved' ) ;
#293 = ORIENTED_EDGE ( 'NONE', *, *, #3239, .T. ) ;
#294 = ORIENTED_EDGE ( 'NONE', *, *, #1432, .T. ) ;
#295 = DIRECTION ( 'NONE',  ( 0.000000000000000000, 0.2923717047227311627, -0.9563047559630371008 ) ) ;
#296 = FACE_OUTER_BOUND ( 'NONE', #1908, .T. ) ;
#297 = LINE ( 'NONE', #1354, #1137 ) ;
#298 = EDGE_LOOP ( 'NONE', ( #2691, #1053, #2046, #3276 ) ) ;
#299 = ORIENTED_EDGE ( 'NONE', *, *, #1947, .T. ) ;
#300 = EDGE_LOOP ( 'NONE', ( #613, #799, #2640, #3431, #1541, #731, #390, #158, #2077, #1493, #1886, #2889 ) ) ;
#301 = CARTESIAN_POINT ( 'NONE',  ( -17.07106781186547551, -7.000000000000013323, 17.50000000000000000 ) ) ;
#302 = FACE_OUTER_BOUND ( 'NONE', #711, .T. ) ;
#303 = CARTESIAN_POINT ( 'NONE',  ( 30.00000000000000000, 1.500000000000000000, 123.0000000000000000 ) ) ;
#304 = AXIS2_PLACEMENT_3D ( 'NONE', #3183, #1861, #2145 ) ;
#305 = EDGE_CURVE ( 'NONE', #1849, #3350, #2648, .T. ) ;
#306 = CONICAL_SURFACE ( 'NONE', #2859, 2.500000000000002220, 0.7853981633974514986 ) ;
#307 = EDGE_CURVE ( 'NONE', #1142, #1081, #1242, .T. ) ;
#308 = CARTESIAN_POINT ( 'NONE',  ( 15.00000000000000000, 10.00000000000002309, 117.0000000000000000 ) ) ;
#309 = CARTESIAN_POINT ( 'NONE',  ( -40.00000000000000000, -15.00000000000000000, 197.5000000000000000 ) ) ;
#310 = VECTOR ( 'NONE', #1924, 1000.000000000000000 ) ;
#311 = CIRCLE ( 'NONE', #2975, 2.500000000000002220 ) ;
#312 = ORIENTED_EDGE ( 'NONE', *, *, #882, .F. ) ;
#313 = ORIENTED_EDGE ( 'NONE', *, *, #1539, .F. ) ;
#314 = AXIS2_PLACEMENT_3D ( 'NONE', #308, #1551, #2393 ) ;
#315 = FACE_OUTER_BOUND ( 'NONE', #2515, .T. ) ;
#316 = VECTOR ( 'NONE', #3241, 1000.000000000000000 ) ;
#317 = DIRECTION ( 'NONE',  ( 0.000000000000000000, -1.239088197126290817E-16, 1.000000000000000000 ) ) ;
#318 = DIRECTION ( 'NONE',  ( 0.000000000000000000, 0.000000000000000000, -1.000000000000000000 ) ) ;
#319 = ORIENTED_EDGE ( 'NONE', *, *, #3285, .T. ) ;
#320 = VERTEX_POINT ( 'NONE', #3118 ) ;
#321 = AXIS2_PLACEMENT_3D ( 'NONE', #2174, #1608, #2992 ) ;
#322 = CARTESIAN_POINT ( 'NONE',  ( -70.00000000000000000, 10.00000000000000000, 123.0000000000000000 ) ) ;
#323 = CARTESIAN_POINT ( 'NONE',  ( 22.00000000000001421, 17.07106781186547551, 57.50000000000000711 ) ) ;
#324 = DIRECTION ( 'NONE',  ( 1.000000000000000000, -0.000000000000000000, -0.000000000000000000 ) ) ;
#325 = DIRECTION ( 'NONE',  ( 1.000000000000000000, 4.336808689942018352E-17, -0.000000000000000000 ) ) ;
#326 = APPROVAL_DATE_TIME ( #3189, #2927 ) ;
#327 = ADVANCED_FACE ( 'NONE', ( #3373 ), #3185, .F. ) ;
#328 = EDGE_LOOP ( 'NONE', ( #2231, #748, #3061, #1805 ) ) ;
#329 = ORIENTED_EDGE ( 'NONE', *, *, #2667, .F. ) ;
#330 = PERSON ( 'UNSPECIFIED', 'UNSPECIFIED', 'UNSPECIFIED', ('UNSPECIFIED'), ('UNSPECIFIED'), ('UNSPECIFIED') ) ;
#331 = CARTESIAN_POINT ( 'NONE',  ( 0.000000000000000000, 0.000000000000000000, 156.7291473815157872 ) ) ;
#332 = CARTESIAN_POINT ( 'NONE',  ( 7.000000000000011546, 9.999999999999998224, 212.5000000000000284 ) ) ;
#333 = CARTESIAN_POINT ( 'NONE',  ( 25.00000000000006750, 0.000000000000000000, 227.0000000000000000 ) ) ;
#335 = ORIENTED_EDGE ( 'NONE', *, *, #850, .T. ) ;
#334 = EDGE_CURVE ( 'NONE', #1081, #1212, #1783, .T. ) ;
#336 = VERTEX_POINT ( 'NONE', #2087 ) ;
#337 = FACE_BOUND ( 'NONE', #372, .T. ) ;
#338 = CYLINDRICAL_SURFACE ( 'NONE', #33, 2.500000000000002220 ) ;
#339 = DIRECTION ( 'NONE',  ( 0.000000000000000000, 0.000000000000000000, -1.000000000000000000 ) ) ;
#340 = FACE_OUTER_BOUND ( 'NONE', #2681, .T. ) ;
#341 = EDGE_LOOP ( 'NONE', ( #3387, #54, #1659, #353 ) ) ;
#342 = DIRECTION ( 'NONE',  ( -0.7071067811865513475, -0.7071067811865436870, 0.000000000000000000 ) ) ;
#343 = LINE ( 'NONE', #853, #1301 ) ;
#344 = CARTESIAN_POINT ( 'NONE',  ( -3.000000000000061728, -22.00000000000001066, 172.5000000000000000 ) ) ;
#345 = VERTEX_POINT ( 'NONE', #3202 ) ;
#346 = VECTOR ( 'NONE', #1388, 1000.000000000000000 ) ;
#347 = CARTESIAN_POINT ( 'NONE',  ( -40.00000000000000000, -15.00000000000000000, 195.0000000000000000 ) ) ;
#348 = EDGE_CURVE ( 'NONE', #1172, #1459, #1061, .T. ) ;
#349 = DIRECTION ( 'NONE',  ( 0.000000000000000000, -1.239088197126290817E-16, 1.000000000000000000 ) ) ;
#350 = LINE ( 'NONE', #323, #3360 ) ;
#351 = ADVANCED_FACE ( 'NONE', ( #13 ), #139, .F. ) ;
#352 = CARTESIAN_POINT ( 'NONE',  ( -10.00000000000000178, 1.499999999999999556, 230.0000000000000000 ) ) ;
#353 = ORIENTED_EDGE ( 'NONE', *, *, #1876, .F. ) ;
#354 = CIRCLE ( 'NONE', #2969, 2.500000000000002220 ) ;
#355 = DIRECTION ( 'NONE',  ( -2.220446049250313081E-16, 1.000000000000000000, -6.938893903907225912E-17 ) ) ;
#356 = AXIS2_PLACEMENT_3D ( 'NONE', #879, #1666, #1168 ) ;
#357 = LINE ( 'NONE', #2258, #2253 ) ;
#358 = DIRECTION ( 'NONE',  ( -0.000000000000000000, -0.000000000000000000, -1.000000000000000000 ) ) ;
#359 = DIRECTION ( 'NONE',  ( 1.000000000000000000, 9.194034422677077600E-17, -6.938893903907224680E-17 ) ) ;
#360 = DIRECTION ( 'NONE',  ( 0.000000000000000000, 1.000000000000000000, 0.000000000000000000 ) ) ;
#361 = AXIS2_PLACEMENT_3D ( 'NONE', #2567, #1761, #2273 ) ;
#362 = ORIENTED_EDGE ( 'NONE', *, *, #3053, .F. ) ;
#363 = EDGE_LOOP ( 'NONE', ( #783, #2401, #3295, #2545 ) ) ;
#364 = AXIS2_PLACEMENT_3D ( 'NONE', #3375, #214, #2810 ) ;
#365 = DIRECTION ( 'NONE',  ( -0.000000000000000000, -1.000000000000000000, -0.000000000000000000 ) ) ;
#366 = AXIS2_PLACEMENT_3D ( 'NONE', #2718, #582, #1274 ) ;
#367 = EDGE_CURVE ( 'NONE', #2389, #2590, #2955, .T. ) ;
#368 = VECTOR ( 'NONE', #906, 1000.000000000000000 ) ;
#369 = LINE ( 'NONE', #2759, #899 ) ;
#370 = AXIS2_PLACEMENT_3D ( 'NONE', #887, #1962, #907 ) ;
#371 = DIRECTION ( 'NONE',  ( 0.000000000000000000, -1.000000000000000000, 0.000000000000000000 ) ) ;
#372 = EDGE_LOOP ( 'NONE', ( #564, #2241 ) ) ;
#373 = DIRECTION ( 'NONE',  ( -0.000000000000000000, -1.000000000000000000, 0.000000000000000000 ) ) ;
#374 = DIRECTION ( 'NONE',  ( 0.000000000000000000, -1.000000000000000000, 0.000000000000000000 ) ) ;
#375 = CARTESIAN_POINT ( 'NONE',  ( 1.000000000000000000, 10.00000000000000178, 107.0000000000000142 ) ) ;
#376 = ORIENTED_EDGE ( 'NONE', *, *, #3321, .T. ) ;
#377 = CARTESIAN_POINT ( 'NONE',  ( -40.00000000000000000, -15.00000000000000000, 197.5000000000000000 ) ) ;
#378 = EDGE_LOOP ( 'NONE', ( #904, #2690 ) ) ;
#379 = ORIENTED_EDGE ( 'NONE', *, *, #549, .F. ) ;
#380 = AXIS2_PLACEMENT_3D ( 'NONE', #2053, #2854, #1824 ) ;
#381 = DIRECTION ( 'NONE',  ( 1.000000000000000000, 0.000000000000000000, 0.000000000000000000 ) ) ;
#382 = EDGE_CURVE ( 'NONE', #1617, #3350, #2210, .T. ) ;
#383 = CARTESIAN_POINT ( 'NONE',  ( -10.00000000000000178, 2.928932188134564019, 0.000000000000000000 ) ) ;
#384 = ADVANCED_FACE ( 'NONE', ( #2464 ), #1936, .F. ) ;
#385 = ORIENTED_EDGE ( 'NONE', *, *, #1107, .T. ) ;
#386 = LINE ( 'NONE', #644, #1461 ) ;
#387 = DIRECTION ( 'NONE',  ( 0.000000000000000000, 0.000000000000000000, 1.000000000000000000 ) ) ;
#388 = DIRECTION ( 'NONE',  ( -0.7071067811865513475, -0.7071067811865436870, 0.000000000000000000 ) ) ;
#389 = DIRECTION ( 'NONE',  ( 1.000000000000000000, 2.220446049250313081E-16, 6.938893903907225912E-17 ) ) ;
#390 = ORIENTED_EDGE ( 'NONE', *, *, #3022, .F. ) ;
#391 = ORIENTED_EDGE ( 'NONE', *, *, #1619, .F. ) ;
#392 = EDGE_CURVE ( 'NONE', #2550, #1059, #865, .T. ) ;
#393 = LINE ( 'NONE', #2517, #3358 ) ;
#394 = CARTESIAN_POINT ( 'NONE',  ( 0.000000000000000000, -30.00000000000000000, 227.0000000000000000 ) ) ;
#395 = CARTESIAN_POINT ( 'NONE',  ( -10.00000000000000178, 9.999999999999994671, 230.0000000000000000 ) ) ;
#396 = ORIENTED_EDGE ( 'NONE', *, *, #1955, .T. ) ;
#397 = FACE_OUTER_BOUND ( 'NONE', #1510, .T. ) ;
#398 = CARTESIAN_POINT ( 'NONE',  ( 0.000000000000000000, -15.00000000000000000, 32.49999999999998579 ) ) ;
#399 = ORIENTED_EDGE ( 'NONE', *, *, #53, .T. ) ;
#400 = DIRECTION ( 'NONE',  ( -1.000000000000000000, -2.220446049250313081E-16, 6.938893903907225912E-17 ) ) ;
#401 = ORIENTED_EDGE ( 'NONE', *, *, #2984, .T. ) ;
#402 = EDGE_CURVE ( 'NONE', #2795, #2976, #678, .T. ) ;
#403 = DIRECTION ( 'NONE',  ( 0.000000000000000000, 0.000000000000000000, 1.000000000000000000 ) ) ;
#404 = FACE_OUTER_BOUND ( 'NONE', #2451, .T. ) ;
#405 = LINE ( 'NONE', #1991, #586 ) ;
#406 = AXIS2_PLACEMENT_3D ( 'NONE', #1709, #359, #374 ) ;
#407 = VERTEX_POINT ( 'NONE', #19 ) ;
#408 = CARTESIAN_POINT ( 'NONE',  ( -10.00000000000000178, -1.000000000000000888, 165.0000000000000000 ) ) ;
#409 = ORIENTED_EDGE ( 'NONE', *, *, #549, .T. ) ;
#410 = CARTESIAN_POINT ( 'NONE',  ( 15.00000000000000178, 5.585809592645317266E-15, 197.5000000000000000 ) ) ;
#411 = VERTEX_POINT ( 'NONE', #1275 ) ;
#412 = VECTOR ( 'NONE', #2422, 1000.000000000000000 ) ;
#413 = CIRCLE ( 'NONE', #2814, 2.500000000000002220 ) ;
#414 = CARTESIAN_POINT ( 'NONE',  ( -3.000000000000000000, -30.00000000000000000, 227.0000000000000000 ) ) ;
#415 = AXIS2_PLACEMENT_3D ( 'NONE', #2228, #3041, #869 ) ;
#416 = CARTESIAN_POINT ( 'NONE',  ( 30.00000000000001421, 1.811051308919786291E-14, 165.0000000000000000 ) ) ;
#417 = LINE ( 'NONE', #186, #2310 ) ;
#418 = ORIENTED_EDGE ( 'NONE', *, *, #1784, .T. ) ;
#419 = CARTESIAN_POINT ( 'NONE',  ( 0.000000000000000000, 0.000000000000000000, 3.000000000000002665 ) ) ;
#420 = LINE ( 'NONE', #1485, #2692 ) ;
#421 = LINE ( 'NONE', #1227, #1419 ) ;
#422 = VERTEX_POINT ( 'NONE', #2361 ) ;
#423 = ORIENTED_EDGE ( 'NONE', *, *, #843, .F. ) ;
#424 = LINE ( 'NONE', #1490, #2670 ) ;
#425 = EDGE_CURVE ( 'NONE', #172, #2852, #2653, .T. ) ;
#426 = ADVANCED_FACE ( 'NONE', ( #1063 ), #2108, .F. ) ;
#427 = FACE_OUTER_BOUND ( 'NONE', #524, .T. ) ;
#428 = ORIENTED_EDGE ( 'NONE', *, *, #2688, .T. ) ;
#429 = DIRECTION ( 'NONE',  ( 0.000000000000000000, 1.000000000000000000, 0.000000000000000000 ) ) ;
#430 = CARTESIAN_POINT ( 'NONE',  ( 2.595146320061305780E-15, -7.000000000000010658, 220.5000000000000284 ) ) ;
#431 = ORIENTED_EDGE ( 'NONE', *, *, #3048, .F. ) ;
#432 = DIRECTION ( 'NONE',  ( 0.000000000000000000, -0.2923717047227311627, 0.9563047559630371008 ) ) ;
#433 = VECTOR ( 'NONE', #1753, 1000.000000000000000 ) ;
#434 = PLANE ( 'NONE',  #791 ) ;
#435 = CARTESIAN_POINT ( 'NONE',  ( 22.00000000000001421, 3.000000000000070166, 172.5000000000000000 ) ) ;
#436 = FACE_OUTER_BOUND ( 'NONE', #3372, .T. ) ;
#437 = ORIENTED_EDGE ( 'NONE', *, *, #548, .F. ) ;
#438 = ORIENTED_EDGE ( 'NONE', *, *, #3190, .T. ) ;
#439 = AXIS2_PLACEMENT_3D ( 'NONE', #3374, #2377, #2891 ) ;
#440 = DIRECTION ( 'NONE',  ( 8.659560562354961208E-17, -0.7071067811865453523, 0.7071067811865497932 ) ) ;
#441 = CARTESIAN_POINT ( 'NONE',  ( 8.701372955499665963E-15, -22.00000000000001066, 55.00000000000000711 ) ) ;
#442 = ORIENTED_EDGE ( 'NONE', *, *, #2375, .F. ) ;
#443 = DIRECTION ( 'NONE',  ( 0.000000000000000000, 0.000000000000000000, 1.000000000000000000 ) ) ;
#444 = EDGE_CURVE ( 'NONE', #2976, #2795, #1126, .T. ) ;
#445 = ADVANCED_FACE ( 'NONE', ( #248 ), #2926, .F. ) ;
#446 = PLANE ( 'NONE',  #2505 ) ;
#447 = CARTESIAN_POINT ( 'NONE',  ( 0.000000000000000000, 0.000000000000000000, 230.0000000000000000 ) ) ;
#448 = DIRECTION ( 'NONE',  ( 1.000000000000000000, 2.220446049250313081E-16, -6.938893903907225912E-17 ) ) ;
#449 = ADVANCED_FACE ( 'NONE', ( #515 ), #2122, .F. ) ;
#450 = CARTESIAN_POINT ( 'NONE',  ( -1.242640687119284992, 1.242640687119286325, 3.792268620574288217E-15 ) ) ;
#451 = DIRECTION ( 'NONE',  ( 0.000000000000000000, 1.000000000000000000, 0.000000000000000000 ) ) ;
#452 = VERTEX_POINT ( 'NONE', #1789 ) ;
#453 = VERTEX_POINT ( 'NONE', #3359 ) ;
#454 = CARTESIAN_POINT ( 'NONE',  ( -0.9644660940672225014, 11.96446609406724448, 107.0000000000000142 ) ) ;
#455 = FACE_OUTER_BOUND ( 'NONE', #2734, .T. ) ;
#456 = ORIENTED_EDGE ( 'NONE', *, *, #1370, .F. ) ;
#457 = CIRCLE ( 'NONE', #2132, 2.500000000000000444 ) ;
#458 = EDGE_LOOP ( 'NONE', ( #299, #3082 ) ) ;
#459 = CIRCLE ( 'NONE', #2193, 5.500000000000005329 ) ;
#460 = CIRCLE ( 'NONE', #142, 5.500000000000005329 ) ;
#461 = FACE_OUTER_BOUND ( 'NONE', #3234, .T. ) ;
#462 = FACE_BOUND ( 'NONE', #1092, .T. ) ;
#463 = DIRECTION ( 'NONE',  ( 1.000000000000000000, 2.220446049250313081E-16, -6.938893903907225912E-17 ) ) ;
#464 = VECTOR ( 'NONE', #2813, 1000.000000000000000 ) ;
#465 = EDGE_CURVE ( 'NONE', #1820, #1401, #3021, .T. ) ;
#466 = AXIS2_PLACEMENT_3D ( 'NONE', #2407, #1588, #2655 ) ;
#467 = CIRCLE ( 'NONE', #847, 2.500000000000002220 ) ;
#468 = CARTESIAN_POINT ( 'NONE',  ( -17.07106781186547551, -7.000000000000014211, 212.5000000000000000 ) ) ;
#469 = EDGE_CURVE ( 'NONE', #3151, #530, #2016, .T. ) ;
#470 = CIRCLE ( 'NONE', #1752, 3.000000000000000000 ) ;
#471 = DIRECTION ( 'NONE',  ( 1.000000000000000000, 0.000000000000000000, -0.000000000000000000 ) ) ;
#472 = CC_DESIGN_APPROVAL ( #2927, ( #98 ) ) ;
#473 = DIRECTION ( 'NONE',  ( -0.000000000000000000, -1.000000000000000000, 0.000000000000000000 ) ) ;
#474 = FACE_OUTER_BOUND ( 'NONE', #2034, .T. ) ;
#475 = AXIS2_PLACEMENT_3D ( 'NONE', #922, #2547, #168 ) ;
#476 = ORIENTED_EDGE ( 'NONE', *, *, #1344, .T. ) ;
#477 = EDGE_LOOP ( 'NONE', ( #2105, #1058, #1366, #1696 ) ) ;
#478 = DIRECTION ( 'NONE',  ( 0.000000000000000000, 0.000000000000000000, -1.000000000000000000 ) ) ;
#479 = ORIENTED_EDGE ( 'NONE', *, *, #2242, .F. ) ;
#480 = ORIENTED_EDGE ( 'NONE', *, *, #2686, .T. ) ;
#481 = CARTESIAN_POINT ( 'NONE',  ( 22.00000000000001421, 3.000000000000070166, 52.50000000000000711 ) ) ;
#482 = DIRECTION ( 'NONE',  ( 0.000000000000000000, 0.000000000000000000, 1.000000000000000000 ) ) ;
#483 = FACE_OUTER_BOUND ( 'NONE', #1338, .T. ) ;
#484 = EDGE_CURVE ( 'NONE', #1416, #336, #2930, .T. ) ;
#485 = ADVANCED_FACE ( 'NONE', ( #302 ), #2146, .F. ) ;
#486 = DIRECTION ( 'NONE',  ( -1.267960149734702222E-17, 0.2923717047227311627, -0.9563047559630371008 ) ) ;
#487 = DIRECTION ( 'NONE',  ( 0.000000000000000000, 0.000000000000000000, -1.000000000000000000 ) ) ;
#488 = CARTESIAN_POINT ( 'NONE',  ( 0.000000000000000000, -30.00000000000000000, 107.0000000000000142 ) ) ;
#489 = ORIENTED_EDGE ( 'NONE', *, *, #1657, .F. ) ;
#490 = EDGE_LOOP ( 'NONE', ( #3047, #1206 ) ) ;
#491 = DIRECTION ( 'NONE',  ( 0.000000000000000000, 0.000000000000000000, 1.000000000000000000 ) ) ;
#492 = EDGE_CURVE ( 'NONE', #3300, #1525, #2319, .T. ) ;
#493 = ORIENTED_EDGE ( 'NONE', *, *, #3388, .F. ) ;
#494 = ORIENTED_EDGE ( 'NONE', *, *, #942, .T. ) ;
#495 = CARTESIAN_POINT ( 'NONE',  ( -10.00000000000000000, -30.00000000000000000, 230.0000000000000000 ) ) ;
#496 = AXIS2_PLACEMENT_3D ( 'NONE', #2326, #1307, #1562 ) ;
#497 = ORIENTED_EDGE ( 'NONE', *, *, #334, .F. ) ;
#498 = DIRECTION ( 'NONE',  ( -1.786765180256111307E-16, 1.000000000000000000, -6.938893903907225912E-17 ) ) ;
#499 = FACE_OUTER_BOUND ( 'NONE', #1819, .T. ) ;
#500 = LINE ( 'NONE', #2424, #629 ) ;
#501 = DIRECTION ( 'NONE',  ( -0.000000000000000000, -1.000000000000000000, -0.000000000000000000 ) ) ;
#502 = PERSON_AND_ORGANIZATION_ROLE ( 'creator' ) ;
#503 = EDGE_CURVE ( 'NONE', #2499, #1282, #579, .T. ) ;
#504 = EDGE_CURVE ( 'NONE', #621, #823, #3081, .T. ) ;
#505 = ORIENTED_EDGE ( 'NONE', *, *, #3422, .T. ) ;
#506 = EDGE_LOOP ( 'NONE', ( #2921, #1623 ) ) ;
#507 = CARTESIAN_POINT ( 'NONE',  ( 30.00000000000000000, -4.999999999999992895, 3.000000000000000888 ) ) ;
#508 = DIRECTION ( 'NONE',  ( 0.000000000000000000, 0.000000000000000000, -1.000000000000000000 ) ) ;
#509 = VERTEX_POINT ( 'NONE', #1093 ) ;
#510 = VERTEX_POINT ( 'NONE', #2693 ) ;
#511 = VERTEX_POINT ( 'NONE', #2101 ) ;
#512 = DIRECTION ( 'NONE',  ( 1.000000000000000000, 0.000000000000000000, 0.000000000000000000 ) ) ;
#513 = DIRECTION ( 'NONE',  ( 0.000000000000000000, -4.336808689942014655E-17, 1.000000000000000000 ) ) ;
#514 = AXIS2_PLACEMENT_3D ( 'NONE', #205, #2314, #2004 ) ;
#515 = FACE_OUTER_BOUND ( 'NONE', #1223, .T. ) ;
#516 = AXIS2_PLACEMENT_3D ( 'NONE', #2972, #1336, #1557 ) ;
#517 = AXIS2_PLACEMENT_3D ( 'NONE', #2111, #2378, #3423 ) ;
#518 = CARTESIAN_POINT ( 'NONE',  ( 30.00000000000000000, 10.00000000000000000, 230.0000000000000000 ) ) ;
#519 = VECTOR ( 'NONE', #2327, 1000.000000000000114 ) ;
#520 = CARTESIAN_POINT ( 'NONE',  ( -1.499999999999996891, 10.00000000000000178, 65.00000000000000000 ) ) ;
#521 = CARTESIAN_POINT ( 'NONE',  ( 7.000000000000011546, 9.999999999999998224, 177.5000000000000284 ) ) ;
#522 = CALENDAR_DATE ( 2026, 2, 6 ) ;
#523 = VECTOR ( 'NONE', #1140, 1000.000000000000000 ) ;
#524 = EDGE_LOOP ( 'NONE', ( #1472, #2039, #924, #2870 ) ) ;
#525 = ORIENTED_EDGE ( 'NONE', *, *, #227, .T. ) ;
#526 = VERTEX_POINT ( 'NONE', #2133 ) ;
#527 = CARTESIAN_POINT ( 'NONE',  ( 7.000000000000011546, 2.999999999999985345, 52.50000000000000000 ) ) ;
#528 = DIRECTION ( 'NONE',  ( 0.000000000000000000, -1.239088197126290817E-16, 1.000000000000000000 ) ) ;
#529 = ORIENTED_EDGE ( 'NONE', *, *, #2392, .F. ) ;
#530 = VERTEX_POINT ( 'NONE', #2371 ) ;
#531 = EDGE_CURVE ( 'NONE', #212, #1849, #558, .T. ) ;
#532 = ADVANCED_FACE ( 'NONE', ( #2626 ), #14, .F. ) ;
#533 = CARTESIAN_POINT ( 'NONE',  ( 0.000000000000000000, 0.000000000000000000, 227.0000000000000000 ) ) ;
#534 = DIRECTION ( 'NONE',  ( 0.000000000000000000, 1.000000000000000000, 0.000000000000000000 ) ) ;
#535 = FACE_OUTER_BOUND ( 'NONE', #696, .T. ) ;
#536 = FACE_OUTER_BOUND ( 'NONE', #2596, .T. ) ;
#537 = PERSON_AND_ORGANIZATION ( #330, #2925 ) ;
#538 = EDGE_LOOP ( 'NONE', ( #2127, #103, #1848, #1228 ) ) ;
#539 = EDGE_LOOP ( 'NONE', ( #2274, #2888, #681, #1392 ) ) ;
#540 = CARTESIAN_POINT ( 'NONE',  ( 7.000000000000011546, 9.999999999999998224, 12.49999999999999822 ) ) ;
#541 = LINE ( 'NONE', #3232, #346 ) ;
#542 = CARTESIAN_POINT ( 'NONE',  ( -9.999999999999994671, -7.000000000000011546, 212.5000000000000000 ) ) ;
#543 = AXIS2_PLACEMENT_3D ( 'NONE', #587, #1644, #1060 ) ;
#544 = ORIENTED_EDGE ( 'NONE', *, *, #3224, .F. ) ;
#545 = EDGE_LOOP ( 'NONE', ( #960, #2160, #282, #3162, #329 ) ) ;
#546 = VECTOR ( 'NONE', #210, 1000.000000000000000 ) ;
#547 = DIRECTION ( 'NONE',  ( 1.000000000000000000, 4.336808689942018352E-17, -0.000000000000000000 ) ) ;
#548 = EDGE_CURVE ( 'NONE', #2382, #1928, #2641, .T. ) ;
#549 = EDGE_CURVE ( 'NONE', #2967, #1651, #2956, .T. ) ;
#550 = DIRECTION ( 'NONE',  ( 0.000000000000000000, 1.000000000000000000, 0.000000000000000000 ) ) ;
#551 = AXIS2_PLACEMENT_3D ( 'NONE', #1002, #1505, #2573 ) ;
#552 = CARTESIAN_POINT ( 'NONE',  ( 30.00000000000001776, -4.999999999999977796, 227.0000000000000000 ) ) ;
#553 = ADVANCED_FACE ( 'NONE', ( #3432 ), #2900, .T. ) ;
#554 = EDGE_CURVE ( 'NONE', #207, #615, #2678, .T. ) ;
#555 = FACE_OUTER_BOUND ( 'NONE', #1229, .T. ) ;
#556 = ORIENTED_EDGE ( 'NONE', *, *, #425, .F. ) ;
#557 = EDGE_LOOP ( 'NONE', ( #3174, #989, #857, #2501, #2237, #27, #1840, #3175 ) ) ;
#558 = LINE ( 'NONE', #507, #3252 ) ;
#559 = FACE_OUTER_BOUND ( 'NONE', #557, .T. ) ;
#560 = CARTESIAN_POINT ( 'NONE',  ( -17.07106781186547551, -7.000000000000014211, 215.0000000000000000 ) ) ;
#561 = ORIENTED_EDGE ( 'NONE', *, *, #117, .T. ) ;
#562 = ORIENTED_EDGE ( 'NONE', *, *, #2650, .T. ) ;
#563 = FACE_BOUND ( 'NONE', #2395, .T. ) ;
#564 = ORIENTED_EDGE ( 'NONE', *, *, #3398, .F. ) ;
#565 = EDGE_CURVE ( 'NONE', #2297, #2602, #2137, .T. ) ;
#566 = CARTESIAN_POINT ( 'NONE',  ( 1.000000000000000000, 10.00000000000000178, 107.0000000000000142 ) ) ;
#567 = DIRECTION ( 'NONE',  ( -0.000000000000000000, -0.000000000000000000, -1.000000000000000000 ) ) ;
#568 = EDGE_CURVE ( 'NONE', #1930, #715, #3163, .T. ) ;
#569 = CIRCLE ( 'NONE', #406, 2.500000000000000444 ) ;
#570 = CIRCLE ( 'NONE', #1520, 2.500000000000002220 ) ;
#571 = CARTESIAN_POINT ( 'NONE',  ( 15.00000000000000000, 10.00000000000000711, 195.0000000000000000 ) ) ;
#572 = ADVANCED_FACE ( 'NONE', ( #265 ), #1411, .F. ) ;
#573 = DIRECTION ( 'NONE',  ( 6.938893903907228378E-17, 0.000000000000000000, -1.000000000000000000 ) ) ;
#574 = CIRCLE ( 'NONE', #1064, 2.500000000000001332 ) ;
#575 = AXIS2_PLACEMENT_3D ( 'NONE', #2855, #1529, #3307 ) ;
#576 = VERTEX_POINT ( 'NONE', #32 ) ;
#577 = VERTEX_POINT ( 'NONE', #540 ) ;
#578 = AXIS2_PLACEMENT_3D ( 'NONE', #1178, #2248, #1214 ) ;
#579 = LINE ( 'NONE', #1097, #1458 ) ;
#580 = FACE_BOUND ( 'NONE', #47, .T. ) ;
#581 = CARTESIAN_POINT ( 'NONE',  ( 1.000000000000000000, 0.000000000000000000, 230.0000000000000000 ) ) ;
#582 = DIRECTION ( 'NONE',  ( 0.000000000000000000, -0.9563047559630372119, -0.2923717047227312182 ) ) ;
#583 = ORIENTED_EDGE ( 'NONE', *, *, #910, .F. ) ;
#584 = ORIENTED_EDGE ( 'NONE', *, *, #1598, .T. ) ;
#585 = ORIENTED_EDGE ( 'NONE', *, *, #2561, .T. ) ;
#586 = VECTOR ( 'NONE', #102, 1000.000000000000000 ) ;
#587 = CARTESIAN_POINT ( 'NONE',  ( 5.000000000000000000, -25.00000000000002132, 3.000000000000002665 ) ) ;
#588 =( GEOMETRIC_REPRESENTATION_CONTEXT ( 3 ) GLOBAL_UNCERTAINTY_ASSIGNED_CONTEXT ( ( #2399 ) ) GLOBAL_UNIT_ASSIGNED_CONTEXT ( ( #3367, #2571, #3143 ) ) REPRESENTATION_CONTEXT ( 'NONE', 'WORKASPACE' ) );
#589 = VERTEX_POINT ( 'NONE', #1593 ) ;
#590 = DIRECTION ( 'NONE',  ( 0.000000000000000000, 0.000000000000000000, 1.000000000000000000 ) ) ;
#591 = ORIENTED_EDGE ( 'NONE', *, *, #1934, .T. ) ;
#592 = DIRECTION ( 'NONE',  ( 0.000000000000000000, 0.000000000000000000, 1.000000000000000000 ) ) ;
#593 = DIRECTION ( 'NONE',  ( 0.000000000000000000, 0.000000000000000000, -1.000000000000000000 ) ) ;
#594 = ORIENTED_EDGE ( 'NONE', *, *, #2561, .F. ) ;
#595 = ADVANCED_FACE ( 'NONE', ( #315 ), #2172, .F. ) ;
#596 = EDGE_CURVE ( 'NONE', #1595, #2994, #1077, .T. ) ;
#597 = DIRECTION ( 'NONE',  ( -1.000000000000000000, 0.000000000000000000, -0.000000000000000000 ) ) ;
#598 = DIRECTION ( 'NONE',  ( 1.000000000000000000, 2.220446049250313081E-16, -6.938893903907225912E-17 ) ) ;
#599 = DIRECTION ( 'NONE',  ( 1.000000000000000000, 2.220446049250313081E-16, -6.938893903907225912E-17 ) ) ;
#600 = EDGE_LOOP ( 'NONE', ( #1449, #1884, #409, #2138, #3055, #1385 ) ) ;
#601 = ORIENTED_EDGE ( 'NONE', *, *, #382, .F. ) ;
#602 = FACE_BOUND ( 'NONE', #1476, .T. ) ;
#603 = EDGE_CURVE ( 'NONE', #2499, #1022, #2154, .T. ) ;
#604 = ORIENTED_EDGE ( 'NONE', *, *, #861, .F. ) ;
#605 = CARTESIAN_POINT ( 'NONE',  ( 7.000000000000011546, 17.07106781186547551, 215.0000000000000284 ) ) ;
#606 = DIRECTION ( 'NONE',  ( 0.000000000000000000, 0.000000000000000000, 1.000000000000000000 ) ) ;
#607 = ORIENTED_EDGE ( 'NONE', *, *, #2543, .F. ) ;
#608 = DIRECTION ( 'NONE',  ( 4.336808689942018352E-17, -1.000000000000000000, 0.000000000000000000 ) ) ;
#609 = FACE_OUTER_BOUND ( 'NONE', #2328, .T. ) ;
#610 = DIRECTION ( 'NONE',  ( 0.000000000000000000, 0.000000000000000000, -1.000000000000000000 ) ) ;
#611 = CARTESIAN_POINT ( 'NONE',  ( -2.999999999999982681, -7.000000000000010658, 17.49999999999999645 ) ) ;
#612 = EDGE_CURVE ( 'NONE', #2613, #1001, #1371, .T. ) ;
#613 = ORIENTED_EDGE ( 'NONE', *, *, #1838, .F. ) ;
#614 = CARTESIAN_POINT ( 'NONE',  ( 22.00000000000001421, 0.000000000000000000, 175.0000000000000000 ) ) ;
#615 = VERTEX_POINT ( 'NONE', #2431 ) ;
#616 = CARTESIAN_POINT ( 'NONE',  ( -4.336808689942017736E-16, 4.336808689942017736E-16, 228.7573593128807090 ) ) ;
#617 = FACE_OUTER_BOUND ( 'NONE', #2595, .T. ) ;
#618 = EDGE_LOOP ( 'NONE', ( #1453, #798, #3161, #782 ) ) ;
#619 = CARTESIAN_POINT ( 'NONE',  ( 5.000000000000000000, -25.00000000000004974, 227.0000000000000000 ) ) ;
#620 = DIRECTION ( 'NONE',  ( 0.000000000000000000, 1.000000000000000000, 0.000000000000000000 ) ) ;
#621 = VERTEX_POINT ( 'NONE', #527 ) ;
#622 = VERTEX_POINT ( 'NONE', #277 ) ;
#623 = VECTOR ( 'NONE', #451, 1000.000000000000000 ) ;
#624 = AXIS2_PLACEMENT_3D ( 'NONE', #2226, #2990, #1136 ) ;
#625 = FACE_BOUND ( 'NONE', #490, .T. ) ;
#626 = CARTESIAN_POINT ( 'NONE',  ( 22.00000000000001421, 9.999999999999998224, 175.0000000000000000 ) ) ;
#627 = DIRECTION ( 'NONE',  ( 1.000000000000000000, 0.000000000000000000, 0.000000000000000000 ) ) ;
#628 = CIRCLE ( 'NONE', #2584, 2.500000000000002220 ) ;
#629 = VECTOR ( 'NONE', #1843, 1000.000000000000000 ) ;
#630 = ORIENTED_EDGE ( 'NONE', *, *, #3154, .T. ) ;
#631 = AXIS2_PLACEMENT_3D ( 'NONE', #2526, #1997, #1479 ) ;
#632 = FACE_OUTER_BOUND ( 'NONE', #3343, .T. ) ;
#633 = AXIS2_PLACEMENT_3D ( 'NONE', #1690, #1941, #3313 ) ;
#634 = CIRCLE ( 'NONE', #2593, 3.000000000000000000 ) ;
#635 = EDGE_CURVE ( 'NONE', #1692, #3325, #3088, .T. ) ;
#636 = EDGE_CURVE ( 'NONE', #1253, #622, #3215, .T. ) ;
#637 = CARTESIAN_POINT ( 'NONE',  ( -2.999999999999979572, -7.000000000000008882, 172.5000000000000284 ) ) ;
#638 = DIRECTION ( 'NONE',  ( 0.000000000000000000, 0.000000000000000000, 1.000000000000000000 ) ) ;
#639 = ORIENTED_EDGE ( 'NONE', *, *, #1987, .T. ) ;
#640 = DIRECTION ( 'NONE',  ( -1.000000000000000000, 0.000000000000000000, -0.000000000000000000 ) ) ;
#641 = CARTESIAN_POINT ( 'NONE',  ( -10.00000000000000178, 2.928932188134564019, 123.0000000000000000 ) ) ;
#642 = EDGE_CURVE ( 'NONE', #876, #1765, #574, .T. ) ;
#643 = EDGE_LOOP ( 'NONE', ( #1112, #682, #2988, #1431 ) ) ;
#644 = CARTESIAN_POINT ( 'NONE',  ( 25.00000000000002132, 5.759281940243004287E-15, 3.000000000000000888 ) ) ;
#645 = DIRECTION ( 'NONE',  ( 2.220446049250313081E-16, -1.000000000000000000, 6.938893903907227145E-17 ) ) ;
#646 = FACE_OUTER_BOUND ( 'NONE', #2591, .T. ) ;
#647 = ORIENTED_EDGE ( 'NONE', *, *, #2473, .F. ) ;
#648 = ORIENTED_EDGE ( 'NONE', *, *, #2688, .F. ) ;
#649 = DIRECTION ( 'NONE',  ( 0.000000000000000000, 0.000000000000000000, -1.000000000000000000 ) ) ;
#650 = DIRECTION ( 'NONE',  ( 0.000000000000000000, 0.000000000000000000, -1.000000000000000000 ) ) ;
#651 = VERTEX_POINT ( 'NONE', #1418 ) ;
#652 = LINE ( 'NONE', #1732, #2700 ) ;
#653 = VERTEX_POINT ( 'NONE', #2496 ) ;
#654 = CARTESIAN_POINT ( 'NONE',  ( -1.499999999999996891, -30.00000000000000000, 65.00000000000000000 ) ) ;
#655 = CARTESIAN_POINT ( 'NONE',  ( 8.701372955499665963E-15, -22.00000000000001066, 175.0000000000000000 ) ) ;
#656 = EDGE_CURVE ( 'NONE', #1930, #2486, #866, .T. ) ;
#657 = EDGE_CURVE ( 'NONE', #3235, #2574, #460, .T. ) ;
#658 = AXIS2_PLACEMENT_3D ( 'NONE', #2518, #3063, #2786 ) ;
#659 = DIRECTION ( 'NONE',  ( 0.000000000000000000, 0.000000000000000000, -1.000000000000000000 ) ) ;
#660 = ORIENTED_EDGE ( 'NONE', *, *, #2857, .F. ) ;
#661 = CARTESIAN_POINT ( 'NONE',  ( 0.000000000000000000, -15.00000000000000000, 197.5000000000000000 ) ) ;
#662 = CARTESIAN_POINT ( 'NONE',  ( -40.71446609406761041, -27.78553390593270933, 123.0000000000000000 ) ) ;
#663 = CARTESIAN_POINT ( 'NONE',  ( -10.00000000000000178, 2.928932188134564019, 107.0000000000000142 ) ) ;
#664 = ORIENTED_EDGE ( 'NONE', *, *, #1791, .T. ) ;
#665 = CARTESIAN_POINT ( 'NONE',  ( 4.937023012629994568E-15, -7.000000000000007994, 169.5000000000000000 ) ) ;
#666 = DIRECTION ( 'NONE',  ( -0.000000000000000000, -1.000000000000000000, -0.000000000000000000 ) ) ;
#667 = LINE ( 'NONE', #3064, #3304 ) ;
#668 = ORIENTED_EDGE ( 'NONE', *, *, #1792, .T. ) ;
#669 = CARTESIAN_POINT ( 'NONE',  ( -3.000000000000000000, -30.00000000000000000, 3.000000000000002665 ) ) ;
#670 = CARTESIAN_POINT ( 'NONE',  ( 8.701372955499665963E-15, -22.00000000000001066, 49.49999999999992184 ) ) ;
#671 = CARTESIAN_POINT ( 'NONE',  ( 25.00000000000004974, 0.000000000000000000, 156.7291473815157872 ) ) ;
#672 = ORIENTED_EDGE ( 'NONE', *, *, #250, .T. ) ;
#673 = ADVANCED_FACE ( 'NONE', ( #609 ), #131, .T. ) ;
#674 = CYLINDRICAL_SURFACE ( 'NONE', #2582, 2.499999999999998668 ) ;
#675 = LINE ( 'NONE', #174, #1676 ) ;
#676 = FACE_BOUND ( 'NONE', #458, .T. ) ;
#677 = ORIENTED_EDGE ( 'NONE', *, *, #1281, .T. ) ;
#678 = CIRCLE ( 'NONE', #2523, 2.499999999999998668 ) ;
#679 = CONICAL_SURFACE ( 'NONE', #1913, 2.500000000000002220, 0.7853981633974514986 ) ;
#680 = DIRECTION ( 'NONE',  ( 1.301042606982605321E-16, -1.000000000000000000, 0.000000000000000000 ) ) ;
#681 = ORIENTED_EDGE ( 'NONE', *, *, #3116, .F. ) ;
#682 = ORIENTED_EDGE ( 'NONE', *, *, #531, .F. ) ;
#683 = CONICAL_SURFACE ( 'NONE', #1465, 2.500000000000002220, 0.7853981633974514986 ) ;
#684 = VECTOR ( 'NONE', #471, 1000.000000000000000 ) ;
#685 = AXIS2_PLACEMENT_3D ( 'NONE', #2938, #2679, #3198 ) ;
#686 = CARTESIAN_POINT ( 'NONE',  ( 0.000000000000000000, -30.00000000000000000, 98.72914738151575875 ) ) ;
#687 = CIRCLE ( 'NONE', #2649, 2.500000000000002220 ) ;
#688 = DIRECTION ( 'NONE',  ( 0.7071067811865452413, 1.079438565345089033E-16, 0.7071067811865497932 ) ) ;
#689 = CIRCLE ( 'NONE', #3034, 3.000000000000002665 ) ;
#690 = LINE ( 'NONE', #3090, #2583 ) ;
#691 = ORIENTED_EDGE ( 'NONE', *, *, #851, .T. ) ;
#692 = CARTESIAN_POINT ( 'NONE',  ( -40.00000000000000000, -15.00000000000000000, 32.49999999999998579 ) ) ;
#693 = LINE ( 'NONE', #1241, #786 ) ;
#694 = EDGE_CURVE ( 'NONE', #1765, #154, #118, .T. ) ;
#695 = EDGE_CURVE ( 'NONE', #2550, #1595, #386, .T. ) ;
#696 = EDGE_LOOP ( 'NONE', ( #884, #677, #105, #2610 ) ) ;
#697 = ORIENTED_EDGE ( 'NONE', *, *, #1051, .F. ) ;
#698 = FACE_BOUND ( 'NONE', #1424, .T. ) ;
#699 = ORIENTED_EDGE ( 'NONE', *, *, #1030, .T. ) ;
#700 = ORIENTED_EDGE ( 'NONE', *, *, #1511, .T. ) ;
#701 = ORIENTED_EDGE ( 'NONE', *, *, #243, .T. ) ;
#702 = EDGE_CURVE ( 'NONE', #1765, #876, #1854, .T. ) ;
#703 = ADVANCED_FACE ( 'NONE', ( #3039 ), #1708, .F. ) ;
#704 = DIRECTION ( 'NONE',  ( 1.000000000000000000, 2.220446049250313081E-16, -6.938893903907225912E-17 ) ) ;
#705 = LINE ( 'NONE', #2548, #519 ) ;
#706 = ORIENTED_EDGE ( 'NONE', *, *, #554, .T. ) ;
#707 = AXIS2_PLACEMENT_3D ( 'NONE', #1527, #1771, #3152 ) ;
#708 = LINE ( 'NONE', #941, #1965 ) ;
#709 = FACE_OUTER_BOUND ( 'NONE', #2324, .T. ) ;
#710 = LINE ( 'NONE', #3394, #1185 ) ;
#711 = EDGE_LOOP ( 'NONE', ( #228, #1554, #1981, #2697, #1596, #3416, #493, #3200 ) ) ;
#712 = EDGE_CURVE ( 'NONE', #3160, #983, #3290, .T. ) ;
#713 = EDGE_CURVE ( 'NONE', #1022, #2389, #2212, .T. ) ;
#714 = LINE ( 'NONE', #1267, #2506 ) ;
#715 = VERTEX_POINT ( 'NONE', #3267 ) ;
#716 = EDGE_LOOP ( 'NONE', ( #1215, #437, #3199, #3286 ) ) ;
#717 = DIRECTION ( 'NONE',  ( 0.000000000000000000, -1.000000000000000000, 0.000000000000000000 ) ) ;
#718 = CARTESIAN_POINT ( 'NONE',  ( 7.000000000000011546, 0.000000000000000000, 180.5000000000000284 ) ) ;
#719 = FACE_OUTER_BOUND ( 'NONE', #1645, .T. ) ;
#720 = APPROVAL ( #292, 'UNSPECIFIED' ) ;
#721 = ORIENTED_EDGE ( 'NONE', *, *, #1677, .T. ) ;
#722 = CARTESIAN_POINT ( 'NONE',  ( 7.000000000000011546, 9.999999999999998224, 55.00000000000000000 ) ) ;
#723 = LINE ( 'NONE', #3110, #684 ) ;
#724 = CARTESIAN_POINT ( 'NONE',  ( 5.000000000000000000, 0.000000000000000000, 0.000000000000000000 ) ) ;
#725 = CARTESIAN_POINT ( 'NONE',  ( 0.000000000000000000, 3.000000000000000000, 0.000000000000000000 ) ) ;
#726 = ORIENTED_EDGE ( 'NONE', *, *, #113, .T. ) ;
#727 = VERTEX_POINT ( 'NONE', #2483 ) ;
#728 = LINE ( 'NONE', #2850, #2288 ) ;
#729 = EDGE_LOOP ( 'NONE', ( #1052, #1519, #2175, #2720 ) ) ;
#730 = VERTEX_POINT ( 'NONE', #3248 ) ;
#731 = ORIENTED_EDGE ( 'NONE', *, *, #2672, .T. ) ;
#732 = CARTESIAN_POINT ( 'NONE',  ( 15.00000000000000000, 10.00000000000000711, 197.5000000000000000 ) ) ;
#733 = VECTOR ( 'NONE', #1777, 1000.000000000000114 ) ;
#734 = VECTOR ( 'NONE', #1638, 1000.000000000000000 ) ;
#735 = CYLINDRICAL_SURFACE ( 'NONE', #2340, 2.500000000000002220 ) ;
#736 = CARTESIAN_POINT ( 'NONE',  ( 0.000000000000000000, -30.00000000000000000, 227.0000000000000000 ) ) ;
#737 = AXIS2_PLACEMENT_3D ( 'NONE', #3342, #2123, #2094 ) ;
#738 = AXIS2_PLACEMENT_3D ( 'NONE', #441, #3371, #1199 ) ;
#739 = EDGE_CURVE ( 'NONE', #268, #1595, #357, .T. ) ;
#740 = EDGE_CURVE ( 'NONE', #279, #1379, #1187, .T. ) ;
#741 = CARTESIAN_POINT ( 'NONE',  ( 7.000000000000011546, 2.999999999999985345, 212.5000000000000284 ) ) ;
#742 = ADVANCED_FACE ( 'NONE', ( #1989, #580, #892, #625 ), #1970, .F. ) ;
#743 = DIRECTION ( 'NONE',  ( 1.000000000000000000, -0.000000000000000000, -0.000000000000000000 ) ) ;
#744 = CIRCLE ( 'NONE', #1473, 2.500000000000002220 ) ;
#745 = DIRECTION ( 'NONE',  ( 0.000000000000000000, 1.000000000000000000, 0.000000000000000000 ) ) ;
#746 = EDGE_CURVE ( 'NONE', #2613, #2550, #1113, .T. ) ;
#747 = DIRECTION ( 'NONE',  ( 0.000000000000000000, -1.000000000000000000, 0.000000000000000000 ) ) ;
#748 = ORIENTED_EDGE ( 'NONE', *, *, #746, .T. ) ;
#749 = ORIENTED_EDGE ( 'NONE', *, *, #2983, .F. ) ;
#750 = CYLINDRICAL_SURFACE ( 'NONE', #1942, 2.500000000000002220 ) ;
#751 = EDGE_LOOP ( 'NONE', ( #3397, #1025, #3015, #808 ) ) ;
#752 = EDGE_LOOP ( 'NONE', ( #2883, #3328, #897, #1969 ) ) ;
#753 = CARTESIAN_POINT ( 'NONE',  ( -2.999999999999979572, -7.000000000000008882, 55.00000000000000000 ) ) ;
#754 = LINE ( 'NONE', #1785, #2224 ) ;
#755 = CARTESIAN_POINT ( 'NONE',  ( 0.000000000000000000, 0.000000000000000000, 227.0000000000000000 ) ) ;
#756 = VERTEX_POINT ( 'NONE', #1952 ) ;
#757 = EDGE_CURVE ( 'NONE', #244, #577, #254, .T. ) ;
#758 = CARTESIAN_POINT ( 'NONE',  ( -70.00000000000000000, 1.500000000000000000, 123.0000000000000000 ) ) ;
#759 = ADVANCED_FACE ( 'NONE', ( #2465 ), #1686, .F. ) ;
#760 = CARTESIAN_POINT ( 'NONE',  ( -2.999999999999982681, -7.000000000000011546, 15.00000000000000000 ) ) ;
#761 = DIRECTION ( 'NONE',  ( -1.000000000000000000, -2.220446049250313081E-16, 6.938893903907225912E-17 ) ) ;
#762 = APPLICATION_PROTOCOL_DEFINITION ( 'international standard', 'config_control_design', 1994, #1836 ) ;
#763 = ORIENTED_EDGE ( 'NONE', *, *, #3341, .F. ) ;
#764 = ORIENTED_EDGE ( 'NONE', *, *, #1631, .F. ) ;
#765 = CARTESIAN_POINT ( 'NONE',  ( -1.499999999999996891, 10.00000000000000178, 65.00000000000000000 ) ) ;
#766 = CARTESIAN_POINT ( 'NONE',  ( -1.500000000000000666, -30.00000000000000000, 93.82286845378943951 ) ) ;
#767 = ORIENTED_EDGE ( 'NONE', *, *, #136, .F. ) ;
#768 = ORIENTED_EDGE ( 'NONE', *, *, #3426, .F. ) ;
#769 = DIRECTION ( 'NONE',  ( 0.000000000000000000, 0.000000000000000000, -1.000000000000000000 ) ) ;
#770 = DIRECTION ( 'NONE',  ( 1.000000000000000000, 2.220446049250313081E-16, -6.938893903907225912E-17 ) ) ;
#771 = VECTOR ( 'NONE', #513, 1000.000000000000000 ) ;
#772 = DIRECTION ( 'NONE',  ( -2.220446049250313081E-16, 1.000000000000000000, -6.938893903907225912E-17 ) ) ;
#773 = CARTESIAN_POINT ( 'NONE',  ( -10.00000000000000178, -15.00000000000000000, 32.49999999999998579 ) ) ;
#774 = CARTESIAN_POINT ( 'NONE',  ( 30.00000000000000000, 10.00000000000000000, 230.0000000000000000 ) ) ;
#775 = PERSON_AND_ORGANIZATION ( #330, #2925 ) ;
#776 = ORIENTED_EDGE ( 'NONE', *, *, #3008, .T. ) ;
#777 = ORIENTED_EDGE ( 'NONE', *, *, #1261, .T. ) ;
#778 = ADVANCED_FACE ( 'NONE', ( #3330 ), #674, .F. ) ;
#779 = ADVANCED_FACE ( 'NONE', ( #2349 ), #1250, .F. ) ;
#780 = DIRECTION ( 'NONE',  ( 2.220446049250313081E-16, -1.000000000000000000, 6.938893903907224680E-17 ) ) ;
#781 = DIRECTION ( 'NONE',  ( 0.000000000000000000, -1.000000000000000000, 0.000000000000000000 ) ) ;
#782 = ORIENTED_EDGE ( 'NONE', *, *, #969, .F. ) ;
#783 = ORIENTED_EDGE ( 'NONE', *, *, #1915, .F. ) ;
#784 = EDGE_LOOP ( 'NONE', ( #1781, #821, #3253, #3310, #313, #2922, #1091, #208 ) ) ;
#785 = CARTESIAN_POINT ( 'NONE',  ( -10.00000000000000178, 9.999999999999994671, 230.0000000000000000 ) ) ;
#786 = VECTOR ( 'NONE', #1794, 1000.000000000000114 ) ;
#787 = VECTOR ( 'NONE', #3279, 1000.000000000000000 ) ;
#788 = CIRCLE ( 'NONE', #1248, 5.500000000000087930 ) ;
#789 = CARTESIAN_POINT ( 'NONE',  ( -9.999999999999989342, -22.00000000000001421, 57.50000000000000711 ) ) ;
#790 = CONICAL_SURFACE ( 'NONE', #2753, 2.500000000000002220, 0.7853981633974514986 ) ;
#791 = AXIS2_PLACEMENT_3D ( 'NONE', #1240, #3365, #2042 ) ;
#792 = CONICAL_SURFACE ( 'NONE', #2080, 2.500000000000000444, 0.7853981633974514986 ) ;
#793 = LINE ( 'NONE', #2880, #2084 ) ;
#794 = FACE_OUTER_BOUND ( 'NONE', #988, .T. ) ;
#795 = CALENDAR_DATE ( 2026, 2, 6 ) ;
#796 = CIRCLE ( 'NONE', #2704, 2.500000000000002220 ) ;
#797 = ORIENTED_EDGE ( 'NONE', *, *, #2157, .T. ) ;
#798 = ORIENTED_EDGE ( 'NONE', *, *, #3192, .T. ) ;
#799 = ORIENTED_EDGE ( 'NONE', *, *, #2051, .T. ) ;
#800 = CARTESIAN_POINT ( 'NONE',  ( -10.00000000000000178, -15.00000000000000000, 32.49999999999998579 ) ) ;
#801 = CIRCLE ( 'NONE', #2762, 2.500000000000002220 ) ;
#802 = LINE ( 'NONE', #1872, #1751 ) ;
#803 = ADVANCED_FACE ( 'NONE', ( #1225 ), #996, .T. ) ;
#804 = EDGE_CURVE ( 'NONE', #2115, #1416, #1104, .T. ) ;
#805 = EDGE_LOOP ( 'NONE', ( #3314, #418, #2968, #1145 ) ) ;
#806 = ORIENTED_EDGE ( 'NONE', *, *, #2457, .T. ) ;
#807 = DIRECTION ( 'NONE',  ( -1.000000000000000000, -0.000000000000000000, -0.000000000000000000 ) ) ;
#808 = ORIENTED_EDGE ( 'NONE', *, *, #3327, .T. ) ;
#809 = EDGE_CURVE ( 'NONE', #3413, #452, #2475, .T. ) ;
#810 = DIRECTION ( 'NONE',  ( 0.000000000000000000, 0.000000000000000000, -1.000000000000000000 ) ) ;
#811 = LINE ( 'NONE', #2149, #1068 ) ;
#812 = DIRECTION ( 'NONE',  ( -0.000000000000000000, -0.000000000000000000, -1.000000000000000000 ) ) ;
#813 = COORDINATED_UNIVERSAL_TIME_OFFSET ( 1, 0, .AHEAD. ) ;
#814 = ORIENTED_EDGE ( 'NONE', *, *, #2493, .F. ) ;
#815 = ORIENTED_EDGE ( 'NONE', *, *, #2406, .F. ) ;
#816 = DIRECTION ( 'NONE',  ( 1.000000000000000000, 2.220446049250313081E-16, -6.938893903907225912E-17 ) ) ;
#817 = AXIS2_PLACEMENT_3D ( 'NONE', #40, #1612, #856 ) ;
#818 = DIRECTION ( 'NONE',  ( -6.938893903907225912E-17, -6.938893903907225912E-17, -1.000000000000000000 ) ) ;
#819 = CARTESIAN_POINT ( 'NONE',  ( -9.999999999999992895, -7.000000000000008882, 52.50000000000000000 ) ) ;
#820 = DIRECTION ( 'NONE',  ( 0.000000000000000000, 0.000000000000000000, 1.000000000000000000 ) ) ;
#821 = ORIENTED_EDGE ( 'NONE', *, *, #1657, .T. ) ;
#822 = ORIENTED_EDGE ( 'NONE', *, *, #2013, .F. ) ;
#823 = VERTEX_POINT ( 'NONE', #2569 ) ;
#824 = EDGE_CURVE ( 'NONE', #2170, #2624, #1309, .T. ) ;
#825 = DIRECTION ( 'NONE',  ( 1.000000000000000000, -0.000000000000000000, -0.000000000000000000 ) ) ;
#826 = ORIENTED_EDGE ( 'NONE', *, *, #925, .F. ) ;
#827 = CARTESIAN_POINT ( 'NONE',  ( 22.00000000000001421, 0.000000000000000000, 169.4999999999999147 ) ) ;
#828 = DIRECTION ( 'NONE',  ( -0.000000000000000000, -1.000000000000000000, -0.000000000000000000 ) ) ;
#829 = FACE_OUTER_BOUND ( 'NONE', #3396, .T. ) ;
#830 = CALENDAR_DATE ( 2026, 2, 6 ) ;
#831 = ORIENTED_EDGE ( 'NONE', *, *, #113, .F. ) ;
#832 = VERTEX_POINT ( 'NONE', #2275 ) ;
#833 = DIRECTION ( 'NONE',  ( 0.000000000000000000, 0.000000000000000000, 1.000000000000000000 ) ) ;
#834 = FACE_BOUND ( 'NONE', #870, .T. ) ;
#835 = DIRECTION ( 'NONE',  ( 1.000000000000000000, 2.220446049250313081E-16, 6.938893903907225912E-17 ) ) ;
#836 = VERTEX_POINT ( 'NONE', #3057 ) ;
#837 = EDGE_LOOP ( 'NONE', ( #1560, #2386, #1251, #815 ) ) ;
#838 = PLANE ( 'NONE',  #2890 ) ;
#839 = VERTEX_POINT ( 'NONE', #1262 ) ;
#840 = FACE_OUTER_BOUND ( 'NONE', #751, .T. ) ;
#841 = FACE_BOUND ( 'NONE', #1869, .T. ) ;
#842 = AXIS2_PLACEMENT_3D ( 'NONE', #2621, #1817, #487 ) ;
#843 = EDGE_CURVE ( 'NONE', #2018, #453, #2478, .T. ) ;
#844 = AXIS2_PLACEMENT_3D ( 'NONE', #889, #2726, #2775 ) ;
#845 = CARTESIAN_POINT ( 'NONE',  ( -9.999999999999994671, -7.000000000000010658, 17.50000000000000000 ) ) ;
#846 = DIRECTION ( 'NONE',  ( 0.000000000000000000, 1.000000000000000000, 0.000000000000000000 ) ) ;
#847 = AXIS2_PLACEMENT_3D ( 'NONE', #2998, #1931, #638 ) ;
#848 = EDGE_LOOP ( 'NONE', ( #2647, #1524, #2104, #1664 ) ) ;
#849 = ORIENTED_EDGE ( 'NONE', *, *, #367, .T. ) ;
#850 = EDGE_CURVE ( 'NONE', #651, #3235, #929, .T. ) ;
#851 = EDGE_CURVE ( 'NONE', #3325, #1692, #957, .T. ) ;
#852 = DIRECTION ( 'NONE',  ( 1.000000000000000000, 2.220446049250313081E-16, -6.938893903907225912E-17 ) ) ;
#853 = CARTESIAN_POINT ( 'NONE',  ( 0.000000000000000000, 3.000000000000000000, 230.0000000000000000 ) ) ;
#854 = CARTESIAN_POINT ( 'NONE',  ( 0.000000000000000000, -25.00000000000003197, 98.72914738151575875 ) ) ;
#855 = VERTEX_POINT ( 'NONE', #159 ) ;
#856 = DIRECTION ( 'NONE',  ( 1.000000000000000000, 0.000000000000000000, 0.000000000000000000 ) ) ;
#857 = ORIENTED_EDGE ( 'NONE', *, *, #940, .T. ) ;
#858 = CYLINDRICAL_SURFACE ( 'NONE', #1681, 2.500000000000002220 ) ;
#859 = DIRECTION ( 'NONE',  ( 1.000000000000000000, 0.000000000000000000, -0.000000000000000000 ) ) ;
#860 = EDGE_CURVE ( 'NONE', #727, #836, #2333, .T. ) ;
#861 = EDGE_CURVE ( 'NONE', #756, #1525, #1744, .T. ) ;
#862 = LINE ( 'NONE', #1932, #1065 ) ;
#863 = ORIENTED_EDGE ( 'NONE', *, *, #3327, .F. ) ;
#864 = ORIENTED_EDGE ( 'NONE', *, *, #2220, .F. ) ;
#865 = LINE ( 'NONE', #3003, #947 ) ;
#866 = LINE ( 'NONE', #1387, #2017 ) ;
#867 = AXIS2_PLACEMENT_3D ( 'NONE', #626, #2227, #2729 ) ;
#868 = DIRECTION ( 'NONE',  ( 1.000000000000000000, 0.000000000000000000, 0.000000000000000000 ) ) ;
#869 = DIRECTION ( 'NONE',  ( 1.278945359779437797E-16, 0.000000000000000000, -1.000000000000000000 ) ) ;
#870 = EDGE_LOOP ( 'NONE', ( #1, #399 ) ) ;
#871 = FACE_OUTER_BOUND ( 'NONE', #1976, .T. ) ;
#872 = ORIENTED_EDGE ( 'NONE', *, *, #1048, .F. ) ;
#873 = VECTOR ( 'NONE', #2048, 1000.000000000000000 ) ;
#874 = CARTESIAN_POINT ( 'NONE',  ( -1.242640687119285881, 1.242640687119285881, 230.0000000000000284 ) ) ;
#875 = CARTESIAN_POINT ( 'NONE',  ( 25.00000000000002132, 5.759281940243004287E-15, 3.000000000000000888 ) ) ;
#876 = VERTEX_POINT ( 'NONE', #2817 ) ;
#877 = CYLINDRICAL_SURFACE ( 'NONE', #1628, 3.000000000000002665 ) ;
#878 = ORIENTED_EDGE ( 'NONE', *, *, #1488, .T. ) ;
#879 = CARTESIAN_POINT ( 'NONE',  ( -9.999999999999992895, -7.000000000000010658, 55.00000000000000000 ) ) ;
#880 = CARTESIAN_POINT ( 'NONE',  ( 30.00000000000000000, 6.869504964868156094E-15, 3.000000000000000444 ) ) ;
#881 = LINE ( 'NONE', #375, #2872 ) ;
#882 = EDGE_CURVE ( 'NONE', #526, #3181, #89, .T. ) ;
#883 = ADVANCED_FACE ( 'NONE', ( #709 ), #2755, .F. ) ;
#884 = ORIENTED_EDGE ( 'NONE', *, *, #53, .F. ) ;
#885 = EDGE_CURVE ( 'NONE', #1643, #3194, #723, .T. ) ;
#886 = CARTESIAN_POINT ( 'NONE',  ( 22.00000000000001421, 0.000000000000000000, 55.00000000000000711 ) ) ;
#887 = CARTESIAN_POINT ( 'NONE',  ( 8.701372955499665963E-15, -22.00000000000001066, 175.0000000000000000 ) ) ;
#888 = CARTESIAN_POINT ( 'NONE',  ( -3.000000000000000000, -30.00000000000000000, 3.000000000000002665 ) ) ;
#889 = CARTESIAN_POINT ( 'NONE',  ( 7.000000000000011546, 17.07106781186547551, 15.00000000000000000 ) ) ;
#890 = VERTEX_POINT ( 'NONE', #1536 ) ;
#891 = AXIS2_PLACEMENT_3D ( 'NONE', #2991, #2466, #82 ) ;
#892 = FACE_OUTER_BOUND ( 'NONE', #3193, .T. ) ;
#893 = LINE ( 'NONE', #1447, #2014 ) ;
#894 = PLANE ( 'NONE',  #415 ) ;
#895 = AXIS2_PLACEMENT_3D ( 'NONE', #309, #2394, #1901 ) ;
#896 = AXIS2_PLACEMENT_3D ( 'NONE', #1294, #1615, #2365 ) ;
#897 = ORIENTED_EDGE ( 'NONE', *, *, #2338, .T. ) ;
#898 = VECTOR ( 'NONE', #388, 1000.000000000000000 ) ;
#899 = VECTOR ( 'NONE', #1916, 1000.000000000000000 ) ;
#900 = ADVANCED_FACE ( 'NONE', ( #2606 ), #434, .F. ) ;
#901 = LINE ( 'NONE', #3336, #3060 ) ;
#902 = DIRECTION ( 'NONE',  ( -1.000000000000000000, -9.194034422677077600E-17, -6.938893903907224680E-17 ) ) ;
#903 = CONICAL_SURFACE ( 'NONE', #3308, 2.500000000000002220, 0.7853981633974514986 ) ;
#904 = ORIENTED_EDGE ( 'NONE', *, *, #185, .T. ) ;
#905 = AXIS2_PLACEMENT_3D ( 'NONE', #2789, #1919, #592 ) ;
#906 = DIRECTION ( 'NONE',  ( 1.000000000000000000, -0.000000000000000000, -0.000000000000000000 ) ) ;
#907 = DIRECTION ( 'NONE',  ( 6.938893903907220982E-17, 0.000000000000000000, -1.000000000000000000 ) ) ;
#908 = PLANE ( 'NONE',  #2198 ) ;
#909 = CARTESIAN_POINT ( 'NONE',  ( -3.000000000000000000, -30.00000000000000000, 0.000000000000000000 ) ) ;
#910 = EDGE_CURVE ( 'NONE', #1208, #104, #1776, .T. ) ;
#911 = DIRECTION ( 'NONE',  ( -0.000000000000000000, -1.000000000000000000, -0.000000000000000000 ) ) ;
#912 = ORIENTED_EDGE ( 'NONE', *, *, #2773, .T. ) ;
#913 = CARTESIAN_POINT ( 'NONE',  ( -10.00000000000000178, 2.928932188134564019, 230.0000000000000000 ) ) ;
#914 = CARTESIAN_POINT ( 'NONE',  ( 5.000000000000000000, -30.00000000000000000, 227.0000000000000000 ) ) ;
#915 = FACE_BOUND ( 'NONE', #2628, .T. ) ;
#916 = VERTEX_POINT ( 'NONE', #1070 ) ;
#917 = ORIENTED_EDGE ( 'NONE', *, *, #3075, .T. ) ;
#918 = CYLINDRICAL_SURFACE ( 'NONE', #2892, 2.500000000000002220 ) ;
#919 = EDGE_LOOP ( 'NONE', ( #2856, #2771 ) ) ;
#920 = EDGE_CURVE ( 'NONE', #1507, #653, #256, .T. ) ;
#921 = CARTESIAN_POINT ( 'NONE',  ( 15.00000000000000000, 10.00000000000000711, 200.0000000000000000 ) ) ;
#922 = CARTESIAN_POINT ( 'NONE',  ( 7.000000000000011546, 2.999999999999985345, 215.0000000000000284 ) ) ;
#923 = DIRECTION ( 'NONE',  ( -2.220446049250313081E-16, 1.000000000000000000, -6.938893903907225912E-17 ) ) ;
#924 = ORIENTED_EDGE ( 'NONE', *, *, #951, .F. ) ;
#925 = EDGE_CURVE ( 'NONE', #1038, #2821, #811, .T. ) ;
#926 = EDGE_CURVE ( 'NONE', #1401, #2243, #500, .T. ) ;
#927 = CARTESIAN_POINT ( 'NONE',  ( 1.000000000000000000, 0.000000000000000000, 102.0000000000000142 ) ) ;
#928 = ORIENTED_EDGE ( 'NONE', *, *, #1408, .F. ) ;
#929 = LINE ( 'NONE', #2865, #1193 ) ;
#930 = CARTESIAN_POINT ( 'NONE',  ( 2.595146320061305780E-15, -7.000000000000010658, 209.5000000000000284 ) ) ;
#931 = CARTESIAN_POINT ( 'NONE',  ( -2.999999999999982681, -7.000000000000011546, 212.5000000000000284 ) ) ;
#932 = EDGE_LOOP ( 'NONE', ( #3007, #660, #2663, #706 ) ) ;
#933 = ORIENTED_EDGE ( 'NONE', *, *, #3131, .F. ) ;
#934 = DIRECTION ( 'NONE',  ( 0.000000000000000000, -1.000000000000000000, 0.000000000000000000 ) ) ;
#935 = ORIENTED_EDGE ( 'NONE', *, *, #1784, .F. ) ;
#936 = DIRECTION ( 'NONE',  ( 1.000000000000000000, 2.220446049250313081E-16, -6.938893903907225912E-17 ) ) ;
#937 = ORIENTED_EDGE ( 'NONE', *, *, #465, .T. ) ;
#938 = CARTESIAN_POINT ( 'NONE',  ( -10.00000000000000178, 1.500000000000000000, 123.0000000000000000 ) ) ;
#939 = CARTESIAN_POINT ( 'NONE',  ( -70.00000000000000000, 1.500000000000000000, 151.8228684537894821 ) ) ;
#940 = EDGE_CURVE ( 'NONE', #1358, #916, #23, .T. ) ;
#941 = CARTESIAN_POINT ( 'NONE',  ( 0.000000000000000000, -23.05070681942760658, 232.1246121397523723 ) ) ;
#942 = EDGE_CURVE ( 'NONE', #1928, #2382, #3255, .T. ) ;
#943 = ORIENTED_EDGE ( 'NONE', *, *, #1956, .F. ) ;
#944 = EDGE_CURVE ( 'NONE', #2499, #207, #2620, .T. ) ;
#945 = DIRECTION ( 'NONE',  ( 0.000000000000000000, -1.000000000000000000, 0.000000000000000000 ) ) ;
#946 = DIRECTION ( 'NONE',  ( 0.000000000000000000, 0.000000000000000000, -1.000000000000000000 ) ) ;
#947 = VECTOR ( 'NONE', #3421, 1000.000000000000000 ) ;
#948 = DIRECTION ( 'NONE',  ( -1.000000000000000000, 0.000000000000000000, -0.000000000000000000 ) ) ;
#949 = VERTEX_POINT ( 'NONE', #1881 ) ;
#950 = AXIS2_PLACEMENT_3D ( 'NONE', #2350, #1210, #2834 ) ;
#951 = EDGE_CURVE ( 'NONE', #651, #2844, #30, .T. ) ;
#952 = VERTEX_POINT ( 'NONE', #3209 ) ;
#953 = EDGE_CURVE ( 'NONE', #2712, #3191, #3408, .T. ) ;
#954 = VECTOR ( 'NONE', #295, 1000.000000000000114 ) ;
#955 = CIRCLE ( 'NONE', #2913, 2.500000000000009326 ) ;
#956 = DIRECTION ( 'NONE',  ( 1.000000000000000000, 1.301042606982605321E-16, 0.000000000000000000 ) ) ;
#957 = CIRCLE ( 'NONE', #2202, 5.500000000000005329 ) ;
#958 = ORIENTED_EDGE ( 'NONE', *, *, #1721, .T. ) ;
#959 = DIRECTION ( 'NONE',  ( 0.000000000000000000, 0.000000000000000000, 1.000000000000000000 ) ) ;
#960 = ORIENTED_EDGE ( 'NONE', *, *, #1151, .F. ) ;
#961 = DIRECTION ( 'NONE',  ( 1.786765180256111307E-16, -1.000000000000000000, -6.938893903907225912E-17 ) ) ;
#962 = CIRCLE ( 'NONE', #2589, 2.500000000000002220 ) ;
#963 = CARTESIAN_POINT ( 'NONE',  ( 25.00000000000002132, 5.759281940243004287E-15, 3.000000000000000888 ) ) ;
#964 = AXIS2_PLACEMENT_3D ( 'NONE', #2882, #2335, #948 ) ;
#965 = CARTESIAN_POINT ( 'NONE',  ( -2.999999999999982681, -7.000000000000011546, 217.5000000000000284 ) ) ;
#966 = ORIENTED_EDGE ( 'NONE', *, *, #2510, .T. ) ;
#967 = AXIS2_PLACEMENT_3D ( 'NONE', #3346, #3159, #222 ) ;
#968 = FACE_OUTER_BOUND ( 'NONE', #1545, .T. ) ;
#969 = EDGE_CURVE ( 'NONE', #526, #2295, #1345, .T. ) ;
#970 = ADVANCED_FACE ( 'NONE', ( #2379 ), #2687, .F. ) ;
#971 = DIRECTION ( 'NONE',  ( 0.000000000000000000, 0.000000000000000000, 1.000000000000000000 ) ) ;
#972 = CARTESIAN_POINT ( 'NONE',  ( 22.00000000000001421, 17.07106781186547551, 177.5000000000000000 ) ) ;
#973 = LINE ( 'NONE', #2608, #1862 ) ;
#974 = ORIENTED_EDGE ( 'NONE', *, *, #1897, .T. ) ;
#975 = CARTESIAN_POINT ( 'NONE',  ( 7.000000000000011546, 2.999999999999985345, 177.5000000000000284 ) ) ;
#976 = VERTEX_POINT ( 'NONE', #1363 ) ;
#977 = VERTEX_POINT ( 'NONE', #1866 ) ;
#978 = DIRECTION ( 'NONE',  ( 1.932977587517013408E-16, 6.938893903907228378E-17, 1.000000000000000000 ) ) ;
#979 = DIRECTION ( 'NONE',  ( 1.000000000000000000, 2.220446049250313081E-16, -6.938893903907225912E-17 ) ) ;
#980 = CARTESIAN_POINT ( 'NONE',  ( -2.999999999999979572, -7.000000000000007994, 57.50000000000000000 ) ) ;
#981 = DIRECTION ( 'NONE',  ( 0.000000000000000000, 0.000000000000000000, 1.000000000000000000 ) ) ;
#982 = CARTESIAN_POINT ( 'NONE',  ( -10.00000000000000178, -15.00000000000000000, 195.0000000000000000 ) ) ;
#983 = VERTEX_POINT ( 'NONE', #272 ) ;
#984 = ORIENTED_EDGE ( 'NONE', *, *, #1167, .T. ) ;
#985 = FACE_OUTER_BOUND ( 'NONE', #1778, .T. ) ;
#986 = ADVANCED_FACE ( 'NONE', ( #2671 ), #1018, .F. ) ;
#987 = EDGE_CURVE ( 'NONE', #1450, #2852, #3305, .T. ) ;
#988 = EDGE_LOOP ( 'NONE', ( #2658, #2317, #2050, #2903 ) ) ;
#989 = ORIENTED_EDGE ( 'NONE', *, *, #2473, .T. ) ;
#990 = ORIENTED_EDGE ( 'NONE', *, *, #642, .T. ) ;
#991 = DIRECTION ( 'NONE',  ( 1.301042606982605321E-16, -1.000000000000000000, 0.000000000000000000 ) ) ;
#992 = FACE_OUTER_BOUND ( 'NONE', #1265, .T. ) ;
#993 = CARTESIAN_POINT ( 'NONE',  ( -17.07106781186547551, -7.000000000000014211, 215.0000000000000000 ) ) ;
#994 = ADVANCED_FACE ( 'NONE', ( #535 ), #3424, .F. ) ;
#995 = CARTESIAN_POINT ( 'NONE',  ( 7.000000000000011546, 0.000000000000000000, 55.00000000000000000 ) ) ;
#996 = CYLINDRICAL_SURFACE ( 'NONE', #1134, 3.000000000000000000 ) ;
#997 = CARTESIAN_POINT ( 'NONE',  ( 0.000000000000000000, -30.00000000000000000, 107.0000000000000142 ) ) ;
#998 = CARTESIAN_POINT ( 'NONE',  ( 25.00000000000002132, 5.759281940243004287E-15, 3.000000000000000888 ) ) ;
#999 = EDGE_LOOP ( 'NONE', ( #2776, #700, #1943, #1487, #2993, #1944, #1075, #1245, #2516, #1923 ) ) ;
#1000 = ORIENTED_EDGE ( 'NONE', *, *, #348, .T. ) ;
#1001 = VERTEX_POINT ( 'NONE', #7 ) ;
#1002 = CARTESIAN_POINT ( 'NONE',  ( 7.000000000000011546, 2.999999999999985345, 215.0000000000000284 ) ) ;
#1003 = ORIENTED_EDGE ( 'NONE', *, *, #484, .F. ) ;
#1004 = AXIS2_PLACEMENT_3D ( 'NONE', #566, #2705, #190 ) ;
#1005 = ORIENTED_EDGE ( 'NONE', *, *, #3426, .T. ) ;
#1006 = ADVANCED_FACE ( 'NONE', ( #1049 ), #2124, .F. ) ;
#1007 = CIRCLE ( 'NONE', #3302, 2.500000000000002220 ) ;
#1008 = EDGE_CURVE ( 'NONE', #2438, #727, #793, .T. ) ;
#1009 = AXIS2_PLACEMENT_3D ( 'NONE', #2189, #81, #1402 ) ;
#1010 = LINE ( 'NONE', #2359, #2452 ) ;
#1011 = DIRECTION ( 'NONE',  ( 0.000000000000000000, -1.239088197126290817E-16, 1.000000000000000000 ) ) ;
#1012 = CONICAL_SURFACE ( 'NONE', #1526, 2.500000000000002220, 0.7853981633974514986 ) ;
#1013 = AXIS2_PLACEMENT_3D ( 'NONE', #2840, #3301, #1769 ) ;
#1014 = VECTOR ( 'NONE', #599, 1000.000000000000000 ) ;
#1015 = CARTESIAN_POINT ( 'NONE',  ( -3.000000000000000000, 0.000000000000000000, 230.0000000000000000 ) ) ;
#1016 = CC_DESIGN_DATE_AND_TIME_ASSIGNMENT ( #1883, #274, ( #1977 ) ) ;
#1017 = VERTEX_POINT ( 'NONE', #3171 ) ;
#1018 = CYLINDRICAL_SURFACE ( 'NONE', #314, 2.500000000000009326 ) ;
#1019 = CARTESIAN_POINT ( 'NONE',  ( -10.00000000000000178, -1.000000000000004441, 230.0000000000000000 ) ) ;
#1020 = DIRECTION ( 'NONE',  ( 0.000000000000000000, 0.000000000000000000, -1.000000000000000000 ) ) ;
#1021 = ORIENTED_EDGE ( 'NONE', *, *, #1598, .F. ) ;
#1022 = VERTEX_POINT ( 'NONE', #2931 ) ;
#1023 = DIRECTION ( 'NONE',  ( 0.000000000000000000, 1.000000000000000000, 0.000000000000000000 ) ) ;
#1024 = DIRECTION ( 'NONE',  ( 1.000000000000000000, -0.000000000000000000, -0.000000000000000000 ) ) ;
#1025 = ORIENTED_EDGE ( 'NONE', *, *, #2067, .T. ) ;
#1026 = ORIENTED_EDGE ( 'NONE', *, *, #3179, .F. ) ;
#1027 = EDGE_LOOP ( 'NONE', ( #3315, #806, #3352, #1132 ) ) ;
#1028 = DIRECTION ( 'NONE',  ( 1.000000000000000000, 2.220446049250313081E-16, -6.938893903907225912E-17 ) ) ;
#1029 = CARTESIAN_POINT ( 'NONE',  ( 0.000000000000000000, 0.000000000000000000, 0.000000000000000000 ) ) ;
#1030 = EDGE_CURVE ( 'NONE', #172, #2243, #413, .T. ) ;
#1031 = DIRECTION ( 'NONE',  ( -0.000000000000000000, -1.000000000000000000, -0.000000000000000000 ) ) ;
#1032 = ADVANCED_FACE ( 'NONE', ( #2827 ), #1399, .F. ) ;
#1033 = VECTOR ( 'NONE', #3221, 1000.000000000000000 ) ;
#1034 = DIRECTION ( 'NONE',  ( -0.000000000000000000, -1.000000000000000000, -0.000000000000000000 ) ) ;
#1035 = DIRECTION ( 'NONE',  ( -1.880790961315658986E-33, 4.336808689942014655E-17, -1.000000000000000000 ) ) ;
#1036 = APPLICATION_PROTOCOL_DEFINITION ( 'international standard', 'config_control_design', 1994, #2441 ) ;
#1037 = ORIENTED_EDGE ( 'NONE', *, *, #1897, .F. ) ;
#1038 = VERTEX_POINT ( 'NONE', #3242 ) ;
#1039 = CARTESIAN_POINT ( 'NONE',  ( -2.928932188134489412, 10.00000000000000000, 230.0000000000000000 ) ) ;
#1040 = CARTESIAN_POINT ( 'NONE',  ( 7.000000000000011546, 0.000000000000000000, 20.50000000000000355 ) ) ;
#1041 = ORIENTED_EDGE ( 'NONE', *, *, #1008, .T. ) ;
#1042 = ORIENTED_EDGE ( 'NONE', *, *, #503, .T. ) ;
#1043 = AXIS2_PLACEMENT_3D ( 'NONE', #2644, #2694, #2118 ) ;
#1044 = FACE_BOUND ( 'NONE', #189, .T. ) ;
#1045 = VERTEX_POINT ( 'NONE', #1758 ) ;
#1046 = DIRECTION ( 'NONE',  ( -1.000000000000000000, 0.000000000000000000, 0.000000000000000000 ) ) ;
#1047 = CARTESIAN_POINT ( 'NONE',  ( -10.00000000000000000, -30.00000000000000000, 0.000000000000000000 ) ) ;
#1048 = EDGE_CURVE ( 'NONE', #2295, #1711, #2563, .T. ) ;
#1049 = FACE_OUTER_BOUND ( 'NONE', #538, .T. ) ;
#1050 = DIRECTION ( 'NONE',  ( 0.000000000000000000, 0.000000000000000000, 1.000000000000000000 ) ) ;
#1051 = EDGE_CURVE ( 'NONE', #56, #3160, #2524, .T. ) ;
#1052 = ORIENTED_EDGE ( 'NONE', *, *, #1632, .T. ) ;
#1053 = ORIENTED_EDGE ( 'NONE', *, *, #713, .T. ) ;
#1054 = DIRECTION ( 'NONE',  ( 0.000000000000000000, 0.000000000000000000, 1.000000000000000000 ) ) ;
#1055 = DIRECTION ( 'NONE',  ( 0.000000000000000000, -0.000000000000000000, 1.000000000000000000 ) ) ;
#1056 = EDGE_CURVE ( 'NONE', #3077, #411, #1314, .T. ) ;
#1057 = ORIENTED_EDGE ( 'NONE', *, *, #3048, .T. ) ;
#1058 = ORIENTED_EDGE ( 'NONE', *, *, #2264, .T. ) ;
#1059 = VERTEX_POINT ( 'NONE', #1087 ) ;
#1060 = DIRECTION ( 'NONE',  ( 0.000000000000000000, 1.239088197126290817E-16, -1.000000000000000000 ) ) ;
#1061 = CIRCLE ( 'NONE', #2636, 2.500000000000000444 ) ;
#1062 = VECTOR ( 'NONE', #1035, 1000.000000000000000 ) ;
#1063 = FACE_OUTER_BOUND ( 'NONE', #328, .T. ) ;
#1064 = AXIS2_PLACEMENT_3D ( 'NONE', #1435, #100, #2512 ) ;
#1065 = VECTOR ( 'NONE', #2492, 1000.000000000000000 ) ;
#1066 = DIRECTION ( 'NONE',  ( 0.000000000000000000, -6.938893903907259193E-17, -1.000000000000000000 ) ) ;
#1067 = AXIS2_PLACEMENT_3D ( 'NONE', #3030, #2758, #1122 ) ;
#1068 = VECTOR ( 'NONE', #486, 1000.000000000000114 ) ;
#1069 = AXIS2_PLACEMENT_3D ( 'NONE', #2619, #1031, #287 ) ;
#1070 = CARTESIAN_POINT ( 'NONE',  ( 30.00000000000000000, 10.00000000000000000, 165.0000000000000000 ) ) ;
#1071 = DIRECTION ( 'NONE',  ( -1.000000000000000000, -2.220446049250313081E-16, -6.938893903907225912E-17 ) ) ;
#1072 = APPROVAL_STATUS ( 'not_yet_approved' ) ;
#1073 = VECTOR ( 'NONE', #1389, 1000.000000000000000 ) ;
#1074 = EDGE_CURVE ( 'NONE', #576, #615, #1984, .T. ) ;
#1075 = ORIENTED_EDGE ( 'NONE', *, *, #1585, .T. ) ;
#1076 = ORIENTED_EDGE ( 'NONE', *, *, #1236, .F. ) ;
#1077 = LINE ( 'NONE', #1320, #1130 ) ;
#1078 = VECTOR ( 'NONE', #1716, 1000.000000000000000 ) ;
#1079 = CARTESIAN_POINT ( 'NONE',  ( 4.937023012629994568E-15, -7.000000000000007994, 180.5000000000000284 ) ) ;
#1080 = FACE_OUTER_BOUND ( 'NONE', #837, .T. ) ;
#1081 = VERTEX_POINT ( 'NONE', #921 ) ;
#1082 = EDGE_LOOP ( 'NONE', ( #2495, #768, #263, #3093, #1957 ) ) ;
#1083 = EDGE_LOOP ( 'NONE', ( #1393, #2504, #2396, #2639 ) ) ;
#1084 = CARTESIAN_POINT ( 'NONE',  ( 30.00000000000000000, -4.999999999999992895, 3.000000000000000888 ) ) ;
#1085 = DIRECTION ( 'NONE',  ( 6.938893903907220982E-17, 0.000000000000000000, -1.000000000000000000 ) ) ;
#1086 = CARTESIAN_POINT ( 'NONE',  ( -10.00000000000000178, -15.00000000000000000, 197.5000000000000000 ) ) ;
#1087 = CARTESIAN_POINT ( 'NONE',  ( 0.000000000000000000, 0.000000000000000000, 156.7291473815157872 ) ) ;
#1088 = CYLINDRICAL_SURFACE ( 'NONE', #895, 2.500000000000002220 ) ;
#1089 = CALENDAR_DATE ( 2026, 2, 6 ) ;
#1090 = ORIENTED_EDGE ( 'NONE', *, *, #2131, .T. ) ;
#1091 = ORIENTED_EDGE ( 'NONE', *, *, #5, .F. ) ;
#1092 = EDGE_LOOP ( 'NONE', ( #3283, #990 ) ) ;
#1093 = CARTESIAN_POINT ( 'NONE',  ( -2.928932188134489412, 10.00000000000000000, 230.0000000000000000 ) ) ;
#1094 = DIRECTION ( 'NONE',  ( 2.220446049250313081E-16, -1.000000000000000000, 6.938893903907225912E-17 ) ) ;
#1095 = DIRECTION ( 'NONE',  ( -1.000000000000000000, 0.000000000000000000, 0.000000000000000000 ) ) ;
#1096 = CIRCLE ( 'NONE', #2668, 2.499999999999998668 ) ;
#1097 = CARTESIAN_POINT ( 'NONE',  ( -2.214466094067234270, 10.71446609406724804, 65.00000000000000000 ) ) ;
#1098 = ORIENTED_EDGE ( 'NONE', *, *, #804, .F. ) ;
#1099 = ORIENTED_EDGE ( 'NONE', *, *, #41, .F. ) ;
#1100 = VECTOR ( 'NONE', #365, 1000.000000000000000 ) ;
#1101 = EDGE_CURVE ( 'NONE', #2337, #3300, #1996, .T. ) ;
#1102 = EDGE_CURVE ( 'NONE', #577, #244, #2321, .T. ) ;
#1103 = CARTESIAN_POINT ( 'NONE',  ( -2.928932188134492964, 9.999999999999998224, 165.0000000000000000 ) ) ;
#1104 =( BOUNDED_CURVE ( )  B_SPLINE_CURVE ( 3, ( #419, #2797, #450, #1484 ),
 .UNSPECIFIED., .F., .F. ) 
 B_SPLINE_CURVE_WITH_KNOTS ( ( 4, 4 ),
 ( 3.141592653589793116, 4.712388980384689674 ),
 .UNSPECIFIED. ) 
 CURVE ( )  GEOMETRIC_REPRESENTATION_ITEM ( )  RATIONAL_B_SPLINE_CURVE ( ( 1.000000000000000000, 0.8047378541243649375, 0.8047378541243649375, 1.000000000000000000 ) ) 
 REPRESENTATION_ITEM ( '' )  );
#1105 = ORIENTED_EDGE ( 'NONE', *, *, #1597, .F. ) ;
#1106 = DIRECTION ( 'NONE',  ( 0.000000000000000000, 0.000000000000000000, -1.000000000000000000 ) ) ;
#1107 = EDGE_CURVE ( 'NONE', #2049, #3113, #2165, .T. ) ;
#1108 = LINE ( 'NONE', #1647, #1974 ) ;
#1109 = DIRECTION ( 'NONE',  ( -1.000000000000000000, -0.000000000000000000, -0.000000000000000000 ) ) ;
#1110 = PERSON_AND_ORGANIZATION ( #330, #2925 ) ;
#1111 = VERTEX_POINT ( 'NONE', #3225 ) ;
#1112 = ORIENTED_EDGE ( 'NONE', *, *, #305, .F. ) ;
#1113 = LINE ( 'NONE', #331, #787 ) ;
#1114 = DIRECTION ( 'NONE',  ( 1.000000000000000000, 1.301042606982605321E-16, 0.000000000000000000 ) ) ;
#1115 = CARTESIAN_POINT ( 'NONE',  ( 0.000000000000000000, -15.00000000000000000, 29.99999999999998934 ) ) ;
#1116 = DIRECTION ( 'NONE',  ( -0.7071067811865513475, -0.7071067811865436870, 0.000000000000000000 ) ) ;
#1117 = ORIENTED_EDGE ( 'NONE', *, *, #3425, .F. ) ;
#1118 = EDGE_LOOP ( 'NONE', ( #3149, #294 ) ) ;
#1119 = CARTESIAN_POINT ( 'NONE',  ( 0.000000000000000000, 0.000000000000000000, 230.0000000000000000 ) ) ;
#1120 = EDGE_LOOP ( 'NONE', ( #2119, #1994 ) ) ;
#1121 = EDGE_CURVE ( 'NONE', #336, #977, #634, .T. ) ;
#1122 = DIRECTION ( 'NONE',  ( 2.220446049250313081E-16, -1.000000000000000000, 6.938893903907225912E-17 ) ) ;
#1123 = DIRECTION ( 'NONE',  ( 0.000000000000000000, 0.000000000000000000, -1.000000000000000000 ) ) ;
#1124 = VECTOR ( 'NONE', #2125, 1000.000000000000000 ) ;
#1125 = ORIENTED_EDGE ( 'NONE', *, *, #1432, .F. ) ;
#1126 = CIRCLE ( 'NONE', #3084, 2.499999999999998668 ) ;
#1127 = AXIS2_PLACEMENT_3D ( 'NONE', #2581, #1239, #217 ) ;
#1128 = DIRECTION ( 'NONE',  ( 2.220446049250313081E-16, -1.000000000000000000, 6.938893903907227145E-17 ) ) ;
#1129 = DIRECTION ( 'NONE',  ( 6.938893903907220982E-17, 0.000000000000000000, -1.000000000000000000 ) ) ;
#1130 = VECTOR ( 'NONE', #1905, 1000.000000000000000 ) ;
#1131 = VECTOR ( 'NONE', #1949, 1000.000000000000000 ) ;
#1132 = ORIENTED_EDGE ( 'NONE', *, *, #1999, .F. ) ;
#1133 = CONICAL_SURFACE ( 'NONE', #2200, 2.500000000000002220, 0.7853981633974514986 ) ;
#1134 = AXIS2_PLACEMENT_3D ( 'NONE', #220, #3393, #1462 ) ;
#1135 = DIRECTION ( 'NONE',  ( 2.220446049250313081E-16, -1.000000000000000000, -6.938893903907225912E-17 ) ) ;
#1136 = DIRECTION ( 'NONE',  ( 0.000000000000000000, -0.000000000000000000, 1.000000000000000000 ) ) ;
#1137 = VECTOR ( 'NONE', #2414, 1000.000000000000000 ) ;
#1138 = LINE ( 'NONE', #1667, #2311 ) ;
#1139 = DIRECTION ( 'NONE',  ( -1.301042606982605321E-16, 1.000000000000000000, -0.000000000000000000 ) ) ;
#1140 = DIRECTION ( 'NONE',  ( -4.336808689942018352E-17, 1.000000000000000000, 0.000000000000000000 ) ) ;
#1141 = ORIENTED_EDGE ( 'NONE', *, *, #2778, .T. ) ;
#1142 = VERTEX_POINT ( 'NONE', #571 ) ;
#1143 = ORIENTED_EDGE ( 'NONE', *, *, #1217, .T. ) ;
#1144 = CARTESIAN_POINT ( 'NONE',  ( 0.000000000000000000, -25.00000000000002132, 3.000000000000002665 ) ) ;
#1145 = ORIENTED_EDGE ( 'NONE', *, *, #2623, .T. ) ;
#1146 = CARTESIAN_POINT ( 'NONE',  ( 0.000000000000000000, -30.00000000000000000, 230.0000000000000000 ) ) ;
#1147 = EDGE_LOOP ( 'NONE', ( #3043, #1642, #2519, #2446 ) ) ;
#1148 = EDGE_CURVE ( 'NONE', #1282, #576, #2285, .T. ) ;
#1149 = CARTESIAN_POINT ( 'NONE',  ( 7.000000000000011546, 9.999999999999998224, 17.49999999999999645 ) ) ;
#1150 = CARTESIAN_POINT ( 'NONE',  ( 7.000000000000011546, 0.000000000000000000, 169.5000000000000000 ) ) ;
#1151 = EDGE_CURVE ( 'NONE', #836, #622, #689, .T. ) ;
#1152 = CIRCLE ( 'NONE', #1270, 2.499999999999998668 ) ;
#1153 = EDGE_LOOP ( 'NONE', ( #1021, #864, #1319, #2487 ) ) ;
#1154 = DIRECTION ( 'NONE',  ( 1.000000000000000000, 0.000000000000000000, -0.000000000000000000 ) ) ;
#1155 = DIRECTION ( 'NONE',  ( 0.000000000000000000, 1.000000000000000000, 0.000000000000000000 ) ) ;
#1156 = CARTESIAN_POINT ( 'NONE',  ( 0.000000000000000000, 0.000000000000000000, 230.0000000000000000 ) ) ;
#1157 = ORIENTED_EDGE ( 'NONE', *, *, #2045, .T. ) ;
#1158 = AXIS2_PLACEMENT_3D ( 'NONE', #246, #3389, #2905 ) ;
#1159 = DIRECTION ( 'NONE',  ( -0.000000000000000000, -1.000000000000000000, -0.000000000000000000 ) ) ;
#1160 = ORIENTED_EDGE ( 'NONE', *, *, #289, .F. ) ;
#1161 = AXIS2_PLACEMENT_3D ( 'NONE', #3349, #680, #956 ) ;
#1162 = DIRECTION ( 'NONE',  ( 0.000000000000000000, 0.000000000000000000, 1.000000000000000000 ) ) ;
#1163 = DIRECTION ( 'NONE',  ( -0.000000000000000000, -1.000000000000000000, 0.000000000000000000 ) ) ;
#1164 = FACE_OUTER_BOUND ( 'NONE', #1083, .T. ) ;
#1165 = ORIENTED_EDGE ( 'NONE', *, *, #2022, .F. ) ;
#1166 = EDGE_CURVE ( 'NONE', #2661, #104, #1530, .T. ) ;
#1167 = EDGE_CURVE ( 'NONE', #1045, #2785, #1108, .T. ) ;
#1168 = DIRECTION ( 'NONE',  ( 0.000000000000000000, -1.000000000000000000, 0.000000000000000000 ) ) ;
#1169 = DIRECTION ( 'NONE',  ( 1.000000000000000000, -0.000000000000000000, -0.000000000000000000 ) ) ;
#1170 = DIRECTION ( 'NONE',  ( 0.000000000000000000, -1.000000000000000000, 0.000000000000000000 ) ) ;
#1171 = ORIENTED_EDGE ( 'NONE', *, *, #2130, .T. ) ;
#1172 = VERTEX_POINT ( 'NONE', #845 ) ;
#1173 = CARTESIAN_POINT ( 'NONE',  ( 0.000000000000000000, 3.000000000000000000, 227.0000000000000000 ) ) ;
#1174 = CARTESIAN_POINT ( 'NONE',  ( -2.928932188134489412, 10.00000000000000000, 230.0000000000000000 ) ) ;
#1175 = ADVANCED_FACE ( 'NONE', ( #1454 ), #1718, .F. ) ;
#1176 = ADVANCED_FACE ( 'NONE', ( #397 ), #286, .F. ) ;
#1177 = ORIENTED_EDGE ( 'NONE', *, *, #2778, .F. ) ;
#1178 = CARTESIAN_POINT ( 'NONE',  ( -17.07106781186547195, -7.000000000000011546, 55.00000000000000000 ) ) ;
#1179 = VERTEX_POINT ( 'NONE', #1203 ) ;
#1180 = FACE_BOUND ( 'NONE', #71, .T. ) ;
#1181 = DIRECTION ( 'NONE',  ( 1.301042606982605321E-16, -1.000000000000000000, 0.000000000000000000 ) ) ;
#1182 = VECTOR ( 'NONE', #1169, 1000.000000000000000 ) ;
#1183 = CARTESIAN_POINT ( 'NONE',  ( -70.00000000000000000, 1.500000000000000000, 123.0000000000000000 ) ) ;
#1184 = VERTEX_POINT ( 'NONE', #938 ) ;
#1185 = VECTOR ( 'NONE', #1514, 1000.000000000000114 ) ;
#1186 = AXIS2_PLACEMENT_3D ( 'NONE', #49, #3414, #1606 ) ;
#1187 = LINE ( 'NONE', #913, #734 ) ;
#1188 = DIRECTION ( 'NONE',  ( 6.938893903907220982E-17, 0.000000000000000000, 1.000000000000000000 ) ) ;
#1189 = DIRECTION ( 'NONE',  ( 0.000000000000000000, -0.000000000000000000, 1.000000000000000000 ) ) ;
#1190 = ADVANCED_FACE ( 'NONE', ( #2205 ), #3323, .F. ) ;
#1191 = AXIS2_PLACEMENT_3D ( 'NONE', #2255, #1683, #1129 ) ;
#1192 = ADVANCED_FACE ( 'NONE', ( #992 ), #446, .F. ) ;
#1193 = VECTOR ( 'NONE', #3344, 1000.000000000000000 ) ;
#1194 = ORIENTED_EDGE ( 'NONE', *, *, #1430, .F. ) ;
#1195 = ORIENTED_EDGE ( 'NONE', *, *, #99, .T. ) ;
#1196 = CYLINDRICAL_SURFACE ( 'NONE', #1857, 3.000000000000002665 ) ;
#1197 = CARTESIAN_POINT ( 'NONE',  ( -9.999999999999989342, -22.00000000000001421, 55.00000000000000711 ) ) ;
#1198 = EDGE_CURVE ( 'NONE', #509, #279, #1010, .T. ) ;
#1199 = DIRECTION ( 'NONE',  ( 6.938893903907220982E-17, 0.000000000000000000, 1.000000000000000000 ) ) ;
#1200 = AXIS2_PLACEMENT_3D ( 'NONE', #1235, #3134, #1095 ) ;
#1201 = ORIENTED_EDGE ( 'NONE', *, *, #694, .T. ) ;
#1202 = LOCAL_TIME ( 10, 29, 37.00000000000000000, #1348 ) ;
#1203 = CARTESIAN_POINT ( 'NONE',  ( 17.50000000000000711, 10.00000000000002309, 117.0000000000000000 ) ) ;
#1204 = DIRECTION ( 'NONE',  ( 1.932977587517013408E-16, 6.938893903907228378E-17, 1.000000000000000000 ) ) ;
#1205 = DIRECTION ( 'NONE',  ( 0.000000000000000000, 1.000000000000000000, 0.000000000000000000 ) ) ;
#1206 = ORIENTED_EDGE ( 'NONE', *, *, #2181, .F. ) ;
#1207 = CARTESIAN_POINT ( 'NONE',  ( 25.00000000000002132, -4.999999999999994671, 3.000000000000001332 ) ) ;
#1208 = VERTEX_POINT ( 'NONE', #3105 ) ;
#1209 = DIRECTION ( 'NONE',  ( -1.000000000000000000, -0.000000000000000000, -0.000000000000000000 ) ) ;
#1210 = DIRECTION ( 'NONE',  ( -1.000000000000000000, -2.220446049250313081E-16, 6.938893903907225912E-17 ) ) ;
#1211 = LINE ( 'NONE', #3006, #2479 ) ;
#1212 = VERTEX_POINT ( 'NONE', #3355 ) ;
#1213 = CARTESIAN_POINT ( 'NONE',  ( 14.99999999999999289, 40.00000000000000000, 32.49999999999997868 ) ) ;
#1214 = DIRECTION ( 'NONE',  ( 0.000000000000000000, 0.000000000000000000, -1.000000000000000000 ) ) ;
#1215 = ORIENTED_EDGE ( 'NONE', *, *, #2511, .F. ) ;
#1216 = ADVANCED_FACE ( 'NONE', ( #1508 ), #181, .F. ) ;
#1217 = EDGE_CURVE ( 'NONE', #3350, #3413, #3403, .T. ) ;
#1218 = CARTESIAN_POINT ( 'NONE',  ( 7.000000000000011546, 9.999999999999998224, 15.00000000000000000 ) ) ;
#1219 = DIRECTION ( 'NONE',  ( 1.000000000000000000, 0.000000000000000000, 0.000000000000000000 ) ) ;
#1220 = VECTOR ( 'NONE', #3317, 1000.000000000000000 ) ;
#1221 = DIRECTION ( 'NONE',  ( -1.932977587517013408E-16, -6.938893903907228378E-17, -1.000000000000000000 ) ) ;
#1222 = EDGE_CURVE ( 'NONE', #1822, #1384, #3418, .T. ) ;
#1223 = EDGE_LOOP ( 'NONE', ( #176, #1797, #2215, #2737 ) ) ;
#1224 = VECTOR ( 'NONE', #230, 1000.000000000000000 ) ;
#1225 = FACE_OUTER_BOUND ( 'NONE', #1082, .T. ) ;
#1226 = DIRECTION ( 'NONE',  ( 1.000000000000000000, 2.220446049250313081E-16, 6.938893903907225912E-17 ) ) ;
#1227 = CARTESIAN_POINT ( 'NONE',  ( 7.000000000000011546, 2.999999999999985345, 17.49999999999999645 ) ) ;
#1228 = ORIENTED_EDGE ( 'NONE', *, *, #1369, .F. ) ;
#1229 = EDGE_LOOP ( 'NONE', ( #2436, #1609, #2263, #2936 ) ) ;
#1230 = LINE ( 'NONE', #2032, #546 ) ;
#1231 = ORIENTED_EDGE ( 'NONE', *, *, #2754, .F. ) ;
#1232 = DIRECTION ( 'NONE',  ( 0.000000000000000000, 0.000000000000000000, -1.000000000000000000 ) ) ;
#1233 = DIRECTION ( 'NONE',  ( 1.000000000000000000, 2.220446049250313081E-16, -6.938893903907225912E-17 ) ) ;
#1234 = DIRECTION ( 'NONE',  ( 1.000000000000000000, 4.336808689942018352E-17, -0.000000000000000000 ) ) ;
#1235 = CARTESIAN_POINT ( 'NONE',  ( 15.00000000000000000, 10.00000000000000711, 197.5000000000000000 ) ) ;
#1236 = EDGE_CURVE ( 'NONE', #2049, #1208, #2106, .T. ) ;
#1237 = EDGE_CURVE ( 'NONE', #1471, #1384, #2876, .T. ) ;
#1238 = EDGE_LOOP ( 'NONE', ( #3229, #2684, #525, #647 ) ) ;
#1239 = DIRECTION ( 'NONE',  ( 1.000000000000000000, 2.220446049250313081E-16, -6.938893903907225912E-17 ) ) ;
#1240 = CARTESIAN_POINT ( 'NONE',  ( -70.00000000000000000, -1.000000000000001110, 165.0000000000000000 ) ) ;
#1241 = CARTESIAN_POINT ( 'NONE',  ( -2.999999999999979572, -7.000000000000008882, 52.50000000000000000 ) ) ;
#1242 = CIRCLE ( 'NONE', #1911, 2.499999999999998668 ) ;
#1243 = DIRECTION ( 'NONE',  ( 0.000000000000000000, 1.387778780781444492E-15, 1.000000000000000000 ) ) ;
#1244 = VECTOR ( 'NONE', #473, 1000.000000000000000 ) ;
#1245 = ORIENTED_EDGE ( 'NONE', *, *, #1721, .F. ) ;
#1246 = VERTEX_POINT ( 'NONE', #718 ) ;
#1247 = AXIS2_PLACEMENT_3D ( 'NONE', #2764, #373, #2846 ) ;
#1248 = AXIS2_PLACEMENT_3D ( 'NONE', #3361, #2831, #3326 ) ;
#1249 = CARTESIAN_POINT ( 'NONE',  ( 7.000000000000011546, 2.999999999999985345, 12.49999999999999822 ) ) ;
#1250 = CONICAL_SURFACE ( 'NONE', #2864, 2.500000000000002220, 0.7853981633974514986 ) ;
#1251 = ORIENTED_EDGE ( 'NONE', *, *, #3156, .T. ) ;
#1252 = DIRECTION ( 'NONE',  ( 0.000000000000000000, -1.000000000000000000, 0.000000000000000000 ) ) ;
#1253 = VERTEX_POINT ( 'NONE', #495 ) ;
#1254 = CIRCLE ( 'NONE', #2026, 2.499999999999998668 ) ;
#1255 = DIRECTION ( 'NONE',  ( -0.7071067811865513475, -0.7071067811865436870, 0.000000000000000000 ) ) ;
#1256 = CIRCLE ( 'NONE', #3201, 5.500000000000005329 ) ;
#1257 = DIRECTION ( 'NONE',  ( 1.000000000000000000, -0.000000000000000000, -0.000000000000000000 ) ) ;
#1258 = ORIENTED_EDGE ( 'NONE', *, *, #1959, .T. ) ;
#1259 = DIRECTION ( 'NONE',  ( 0.000000000000000000, 0.000000000000000000, -1.000000000000000000 ) ) ;
#1260 = ADVANCED_FACE ( 'NONE', ( #3167 ), #195, .F. ) ;
#1261 = EDGE_CURVE ( 'NONE', #207, #2002, #754, .T. ) ;
#1262 = CARTESIAN_POINT ( 'NONE',  ( 0.000000000000000000, -14.99999999999999289, 114.5000000000000000 ) ) ;
#1263 = DIRECTION ( 'NONE',  ( 0.000000000000000000, -1.000000000000000000, 0.000000000000000000 ) ) ;
#1264 = PLANE ( 'NONE',  #964 ) ;
#1265 = EDGE_LOOP ( 'NONE', ( #2216, #505 ) ) ;
#1266 = ORIENTED_EDGE ( 'NONE', *, *, #1915, .T. ) ;
#1267 = CARTESIAN_POINT ( 'NONE',  ( 0.000000000000000000, 0.000000000000000000, 3.000000000000002665 ) ) ;
#1268 = ADVANCED_FACE ( 'NONE', ( #2842 ), #1825, .F. ) ;
#1269 = EDGE_LOOP ( 'NONE', ( #2103, #1143, #2279, #1874, #1988, #3245, #2078, #92, #2357, #2713, #2120, #2085 ) ) ;
#1270 = AXIS2_PLACEMENT_3D ( 'NONE', #2385, #1890, #781 ) ;
#1271 = VERTEX_POINT ( 'NONE', #481 ) ;
#1272 = CARTESIAN_POINT ( 'NONE',  ( 30.00000000000000000, 6.869504964868156094E-15, 3.000000000000000444 ) ) ;
#1273 = LINE ( 'NONE', #2631, #2276 ) ;
#1274 = DIRECTION ( 'NONE',  ( 0.000000000000000000, 0.2923717047227311627, -0.9563047559630371008 ) ) ;
#1275 = CARTESIAN_POINT ( 'NONE',  ( 7.000000000000011546, 2.999999999999985345, 177.5000000000000284 ) ) ;
#1276 = CIRCLE ( 'NONE', #1713, 2.499999999999998668 ) ;
#1277 = CARTESIAN_POINT ( 'NONE',  ( -2.928932188134489412, 10.00000000000000000, 65.00000000000000000 ) ) ;
#1278 = CARTESIAN_POINT ( 'NONE',  ( 7.000000000000011546, 2.999999999999985345, 175.0000000000000284 ) ) ;
#1279 = CARTESIAN_POINT ( 'NONE',  ( 2.595146320061305780E-15, -7.000000000000010658, 215.0000000000000284 ) ) ;
#1280 = CARTESIAN_POINT ( 'NONE',  ( 7.000000000000011546, 9.999999999999998224, 52.50000000000000000 ) ) ;
#1281 = EDGE_CURVE ( 'NONE', #2602, #3077, #3119, .T. ) ;
#1282 = VERTEX_POINT ( 'NONE', #1546 ) ;
#1283 = ORIENTED_EDGE ( 'NONE', *, *, #2052, .F. ) ;
#1284 = DIRECTION ( 'NONE',  ( -0.2923717047227297194, 0.000000000000000000, -0.9563047559630375449 ) ) ;
#1285 = VECTOR ( 'NONE', #2322, 1000.000000000000000 ) ;
#1286 = EDGE_LOOP ( 'NONE', ( #2008, #1042, #1582, #2369, #1712 ) ) ;
#1287 = ORIENTED_EDGE ( 'NONE', *, *, #1327, .F. ) ;
#1288 = DIRECTION ( 'NONE',  ( 2.220446049250313081E-16, -1.000000000000000000, -6.938893903907225912E-17 ) ) ;
#1289 = CARTESIAN_POINT ( 'NONE',  ( 0.000000000000000000, 0.000000000000000000, 107.0000000000000142 ) ) ;
#1290 = FACE_OUTER_BOUND ( 'NONE', #2280, .T. ) ;
#1291 = CARTESIAN_POINT ( 'NONE',  ( 15.00000000000000000, 10.00000000000000711, 32.49999999999998579 ) ) ;
#1292 = CARTESIAN_POINT ( 'NONE',  ( 30.00000000000000000, 3.000000000000000000, 230.0000000000000000 ) ) ;
#1293 = ORIENTED_EDGE ( 'NONE', *, *, #2562, .F. ) ;
#1294 = CARTESIAN_POINT ( 'NONE',  ( 8.701372955499665963E-15, -22.00000000000001066, 55.00000000000000711 ) ) ;
#1295 = CARTESIAN_POINT ( 'NONE',  ( -9.999999999999989342, -22.00000000000001421, 52.50000000000000711 ) ) ;
#1296 = DIRECTION ( 'NONE',  ( 0.000000000000000000, 1.000000000000000000, 0.000000000000000000 ) ) ;
#1297 = ORIENTED_EDGE ( 'NONE', *, *, #548, .T. ) ;
#1298 = ORIENTED_EDGE ( 'NONE', *, *, #1542, .F. ) ;
#1299 = CARTESIAN_POINT ( 'NONE',  ( 7.000000000000011546, 9.999999999999998224, 175.0000000000000284 ) ) ;
#1300 = FACE_OUTER_BOUND ( 'NONE', #1027, .T. ) ;
#1301 = VECTOR ( 'NONE', #1925, 1000.000000000000000 ) ;
#1302 = ORIENTED_EDGE ( 'NONE', *, *, #29, .F. ) ;
#1303 = AXIS2_PLACEMENT_3D ( 'NONE', #3104, #717, #443 ) ;
#1304 = ORIENTED_EDGE ( 'NONE', *, *, #3220, .F. ) ;
#1305 = AXIS2_PLACEMENT_3D ( 'NONE', #2001, #400, #3108 ) ;
#1306 = ADVANCED_FACE ( 'NONE', ( #461 ), #1601, .F. ) ;
#1307 = DIRECTION ( 'NONE',  ( -0.000000000000000000, -1.000000000000000000, -0.000000000000000000 ) ) ;
#1308 = AXIS2_PLACEMENT_3D ( 'NONE', #61, #1630, #2218 ) ;
#1309 = CIRCLE ( 'NONE', #198, 2.499999999999998668 ) ;
#1310 = DIRECTION ( 'NONE',  ( 0.7071067811865436870, -0.7071067811865513475, 0.000000000000000000 ) ) ;
#1311 = AXIS2_PLACEMENT_3D ( 'NONE', #3281, #1170, #2240 ) ;
#1312 = CARTESIAN_POINT ( 'NONE',  ( 22.00000000000001421, 17.07106781186547551, 52.50000000000000711 ) ) ;
#1313 = CC_DESIGN_APPROVAL ( #720, ( #1977 ) ) ;
#1314 = CIRCLE ( 'NONE', #1864, 2.500000000000002220 ) ;
#1315 = DIRECTION ( 'NONE',  ( 0.000000000000000000, -1.000000000000000000, 0.000000000000000000 ) ) ;
#1316 = CARTESIAN_POINT ( 'NONE',  ( 25.00000000000002132, 5.759281940243004287E-15, 3.000000000000000888 ) ) ;
#1317 = PERSON_AND_ORGANIZATION_ROLE ( 'design_supplier' ) ;
#1318 = ORIENTED_EDGE ( 'NONE', *, *, #2568, .F. ) ;
#1319 = ORIENTED_EDGE ( 'NONE', *, *, #1237, .T. ) ;
#1320 = CARTESIAN_POINT ( 'NONE',  ( -70.00000000000000000, -4.119968255444916849E-15, 165.0000000000000000 ) ) ;
#1321 = CARTESIAN_POINT ( 'NONE',  ( 0.000000000000000000, -1.000000000000000888, 160.0000000000000000 ) ) ;
#1322 = EDGE_LOOP ( 'NONE', ( #2703, #1041, #2552, #2560 ) ) ;
#1323 = ORIENTED_EDGE ( 'NONE', *, *, #1102, .F. ) ;
#1324 = CARTESIAN_POINT ( 'NONE',  ( 7.000000000000011546, 9.999999999999998224, 217.5000000000000284 ) ) ;
#1325 = AXIS2_PLACEMENT_3D ( 'NONE', #1607, #2973, #2957 ) ;
#1326 = VERTEX_POINT ( 'NONE', #1289 ) ;
#1327 = EDGE_CURVE ( 'NONE', #916, #2994, #1273, .T. ) ;
#1328 = EDGE_CURVE ( 'NONE', #2066, #2989, #2665, .T. ) ;
#1329 = FACE_OUTER_BOUND ( 'NONE', #1885, .T. ) ;
#1330 = DIRECTION ( 'NONE',  ( 1.000000000000000000, -0.000000000000000000, -0.000000000000000000 ) ) ;
#1331 = ADVANCED_FACE ( 'NONE', ( #1580 ), #735, .F. ) ;
#1332 = EDGE_CURVE ( 'NONE', #3417, #1651, #170, .T. ) ;
#1333 = LINE ( 'NONE', #236, #1737 ) ;
#1334 = ORIENTED_EDGE ( 'NONE', *, *, #1946, .F. ) ;
#1335 = ORIENTED_EDGE ( 'NONE', *, *, #1236, .T. ) ;
#1336 = DIRECTION ( 'NONE',  ( 0.000000000000000000, 1.000000000000000000, 0.000000000000000000 ) ) ;
#1337 = CARTESIAN_POINT ( 'NONE',  ( 22.00000000000001421, 0.000000000000000000, 175.0000000000000000 ) ) ;
#1338 = EDGE_LOOP ( 'NONE', ( #1099, #863, #1423, #1283 ) ) ;
#1339 = EDGE_LOOP ( 'NONE', ( #966, #1544, #3348, #2070 ) ) ;
#1340 = ORIENTED_EDGE ( 'NONE', *, *, #565, .F. ) ;
#1341 = FACE_BOUND ( 'NONE', #2997, .T. ) ;
#1342 = ADVANCED_FACE ( 'NONE', ( #1895, #337, #602, #1044, #563, #57 ), #2161, .F. ) ;
#1343 = LINE ( 'NONE', #2632, #3306 ) ;
#1344 = EDGE_CURVE ( 'NONE', #756, #2447, #2652, .T. ) ;
#1345 = LINE ( 'NONE', #2950, #2028 ) ;
#1346 = EDGE_CURVE ( 'NONE', #1172, #2844, #2701, .T. ) ;
#1347 = CARTESIAN_POINT ( 'NONE',  ( 7.000000000000011546, 2.999999999999985345, 217.5000000000000284 ) ) ;
#1348 = COORDINATED_UNIVERSAL_TIME_OFFSET ( 1, 0, .AHEAD. ) ;
#1349 = VERTEX_POINT ( 'NONE', #2437 ) ;
#1350 = ORIENTED_EDGE ( 'NONE', *, *, #2715, .T. ) ;
#1351 = ORIENTED_EDGE ( 'NONE', *, *, #1217, .F. ) ;
#1352 = DIRECTION ( 'NONE',  ( 0.000000000000000000, 0.000000000000000000, 1.000000000000000000 ) ) ;
#1353 = LINE ( 'NONE', #766, #2830 ) ;
#1354 = CARTESIAN_POINT ( 'NONE',  ( -17.07106781186547195, -7.000000000000011546, 172.5000000000000284 ) ) ;
#1355 = ORIENTED_EDGE ( 'NONE', *, *, #2604, .T. ) ;
#1356 = ORIENTED_EDGE ( 'NONE', *, *, #94, .F. ) ;
#1357 = CARTESIAN_POINT ( 'NONE',  ( 0.000000000000000000, -25.00000000000002132, 3.000000000000002665 ) ) ;
#1358 = VERTEX_POINT ( 'NONE', #1103 ) ;
#1359 = VECTOR ( 'NONE', #1589, 1000.000000000000000 ) ;
#1360 = VECTOR ( 'NONE', #448, 1000.000000000000000 ) ;
#1361 = LINE ( 'NONE', #518, #2474 ) ;
#1362 = CIRCLE ( 'NONE', #2530, 2.500000000000002220 ) ;
#1363 = CARTESIAN_POINT ( 'NONE',  ( 4.937023012629994568E-15, -7.000000000000007105, 60.50000000000000711 ) ) ;
#1364 = CARTESIAN_POINT ( 'NONE',  ( 7.000000000000011546, 17.07106781186547551, 215.0000000000000284 ) ) ;
#1365 = AXIS2_PLACEMENT_3D ( 'NONE', #1464, #1437, #1973 ) ;
#1366 = ORIENTED_EDGE ( 'NONE', *, *, #2013, .T. ) ;
#1367 = ORIENTED_EDGE ( 'NONE', *, *, #636, .T. ) ;
#1368 = VERTEX_POINT ( 'NONE', #2996 ) ;
#1369 = EDGE_CURVE ( 'NONE', #2382, #3130, #1859, .T. ) ;
#1370 = EDGE_CURVE ( 'NONE', #949, #3386, #2494, .T. ) ;
#1371 = LINE ( 'NONE', #2917, #954 ) ;
#1372 = FACE_OUTER_BOUND ( 'NONE', #3357, .T. ) ;
#1373 = EDGE_CURVE ( 'NONE', #2247, #890, #1276, .T. ) ;
#1374 = DIRECTION ( 'NONE',  ( 1.000000000000000000, 2.220446049250313081E-16, 6.938893903907225912E-17 ) ) ;
#1375 = ORIENTED_EDGE ( 'NONE', *, *, #1947, .F. ) ;
#1376 = EDGE_LOOP ( 'NONE', ( #2188, #943 ) ) ;
#1377 = DIRECTION ( 'NONE',  ( 0.000000000000000000, 0.000000000000000000, 1.000000000000000000 ) ) ;
#1378 = ADVANCED_FACE ( 'NONE', ( #2721, #1929, #1341, #2179, #3236 ), #838, .F. ) ;
#1379 = VERTEX_POINT ( 'NONE', #3256 ) ;
#1380 = CARTESIAN_POINT ( 'NONE',  ( 0.000000000000000000, 0.000000000000000000, 0.000000000000000000 ) ) ;
#1381 = DIRECTION ( 'NONE',  ( 1.000000000000000000, 0.000000000000000000, 6.938893903907227392E-16 ) ) ;
#1382 = FACE_OUTER_BOUND ( 'NONE', #378, .T. ) ;
#1383 = PERSON_AND_ORGANIZATION ( #330, #2925 ) ;
#1384 = VERTEX_POINT ( 'NONE', #2978 ) ;
#1385 = ORIENTED_EDGE ( 'NONE', *, *, #3001, .F. ) ;
#1386 = VECTOR ( 'NONE', #2194, 1000.000000000000000 ) ;
#1387 = CARTESIAN_POINT ( 'NONE',  ( 1.000000000000000000, 10.00000000000000178, 102.0000000000000142 ) ) ;
#1388 = DIRECTION ( 'NONE',  ( -1.000000000000000000, -0.000000000000000000, -0.000000000000000000 ) ) ;
#1389 = DIRECTION ( 'NONE',  ( -0.000000000000000000, -1.000000000000000000, -0.000000000000000000 ) ) ;
#1390 = ADVANCED_FACE ( 'NONE', ( #2455 ), #73, .F. ) ;
#1391 = EDGE_CURVE ( 'NONE', #56, #2115, #270, .T. ) ;
#1392 = ORIENTED_EDGE ( 'NONE', *, *, #3388, .T. ) ;
#1393 = ORIENTED_EDGE ( 'NONE', *, *, #3115, .F. ) ;
#1394 = AXIS2_PLACEMENT_3D ( 'NONE', #614, #666, #2803 ) ;
#1395 = LINE ( 'NONE', #347, #3206 ) ;
#1396 = DIRECTION ( 'NONE',  ( -4.336808689942018352E-17, 1.000000000000000000, 0.000000000000000000 ) ) ;
#1397 = APPROVAL ( #1072, 'UNSPECIFIED' ) ;
#1398 = LINE ( 'NONE', #128, #316 ) ;
#1399 = CYLINDRICAL_SURFACE ( 'NONE', #1422, 2.500000000000002220 ) ;
#1400 = FACE_OUTER_BOUND ( 'NONE', #3218, .T. ) ;
#1401 = VERTEX_POINT ( 'NONE', #1324 ) ;
#1402 = DIRECTION ( 'NONE',  ( 1.000000000000000000, 0.000000000000000000, 0.000000000000000000 ) ) ;
#1403 = DIRECTION ( 'NONE',  ( 0.000000000000000000, -0.000000000000000000, 1.000000000000000000 ) ) ;
#1404 = FACE_BOUND ( 'NONE', #1739, .T. ) ;
#1405 = ORIENTED_EDGE ( 'NONE', *, *, #2459, .F. ) ;
#1406 = CARTESIAN_POINT ( 'NONE',  ( -9.999999999999994671, -7.000000000000011546, 12.50000000000000000 ) ) ;
#1407 = EDGE_CURVE ( 'NONE', #104, #3113, #2, .T. ) ;
#1408 = EDGE_CURVE ( 'NONE', #130, #3417, #2664, .T. ) ;
#1409 = LINE ( 'NONE', #875, #1131 ) ;
#1410 = AXIS2_PLACEMENT_3D ( 'NONE', #1634, #2380, #3427 ) ;
#1411 = CONICAL_SURFACE ( 'NONE', #2021, 2.500000000000002220, 0.7853981633974514986 ) ;
#1412 = VECTOR ( 'NONE', #2408, 1000.000000000000000 ) ;
#1413 = VECTOR ( 'NONE', #1786, 1000.000000000000000 ) ;
#1414 = CARTESIAN_POINT ( 'NONE',  ( 0.000000000000000000, -15.00000000000000000, 34.99999999999999289 ) ) ;
#1415 = VECTOR ( 'NONE', #859, 1000.000000000000000 ) ;
#1416 = VERTEX_POINT ( 'NONE', #18 ) ;
#1417 = AXIS2_PLACEMENT_3D ( 'NONE', #2398, #1055, #2134 ) ;
#1418 = CARTESIAN_POINT ( 'NONE',  ( -2.999999999999982681, -7.000000000000011546, 12.49999999999999822 ) ) ;
#1419 = VECTOR ( 'NONE', #1553, 1000.000000000000000 ) ;
#1420 = CARTESIAN_POINT ( 'NONE',  ( 0.000000000000000000, 0.000000000000000000, 3.000000000000002665 ) ) ;
#1421 = DIRECTION ( 'NONE',  ( 0.7071067811865453523, 1.194790295786954949E-16, -0.7071067811865497932 ) ) ;
#1422 = AXIS2_PLACEMENT_3D ( 'NONE', #1478, #3085, #2725 ) ;
#1423 = ORIENTED_EDGE ( 'NONE', *, *, #1048, .T. ) ;
#1424 = EDGE_LOOP ( 'NONE', ( #3144, #456 ) ) ;
#1425 = LOCAL_TIME ( 10, 29, 37.00000000000000000, #3227 ) ;
#1426 = CARTESIAN_POINT ( 'NONE',  ( 7.000000000000011546, 17.07106781186547551, 175.0000000000000284 ) ) ;
#1427 = CARTESIAN_POINT ( 'NONE',  ( -3.000000000000061728, -22.00000000000001066, 175.0000000000000000 ) ) ;
#1428 = CYLINDRICAL_SURFACE ( 'NONE', #1807, 3.000000000000000000 ) ;
#1429 = EDGE_CURVE ( 'NONE', #2801, #977, #2142, .T. ) ;
#1430 = EDGE_CURVE ( 'NONE', #2486, #56, #1878, .T. ) ;
#1431 = ORIENTED_EDGE ( 'NONE', *, *, #382, .T. ) ;
#1432 = EDGE_CURVE ( 'NONE', #3334, #832, #1096, .T. ) ;
#1433 = DIRECTION ( 'NONE',  ( 0.000000000000000000, 0.000000000000000000, 1.000000000000000000 ) ) ;
#1434 = ORIENTED_EDGE ( 'NONE', *, *, #219, .T. ) ;
#1435 = CARTESIAN_POINT ( 'NONE',  ( -9.999999999999992895, -7.000000000000010658, 55.00000000000000000 ) ) ;
#1436 = CARTESIAN_POINT ( 'NONE',  ( 1.000000000000000000, 0.000000000000000000, 107.0000000000000142 ) ) ;
#1437 = DIRECTION ( 'NONE',  ( 1.000000000000000000, 2.220446049250313081E-16, 6.938893903907225912E-17 ) ) ;
#1438 = EDGE_LOOP ( 'NONE', ( #1555, #2336, #1258, #594 ) ) ;
#1439 = CARTESIAN_POINT ( 'NONE',  ( 30.00000000000000000, -4.999999999999992895, 3.000000000000000888 ) ) ;
#1440 = CARTESIAN_POINT ( 'NONE',  ( 7.000000000000011546, 0.000000000000000000, 60.50000000000000711 ) ) ;
#1441 = CARTESIAN_POINT ( 'NONE',  ( -2.999999999999982681, -7.000000000000010658, 17.49999999999999645 ) ) ;
#1442 = EDGE_CURVE ( 'NONE', #212, #1617, #164, .T. ) ;
#1443 = CARTESIAN_POINT ( 'NONE',  ( -70.00000000000000000, 1.500000000000000000, 151.8228684537894821 ) ) ;
#1444 = ORIENTED_EDGE ( 'NONE', *, *, #951, .T. ) ;
#1445 = EDGE_CURVE ( 'NONE', #511, #3413, #1549, .T. ) ;
#1446 = DIRECTION ( 'NONE',  ( 0.000000000000000000, -1.000000000000000000, 0.000000000000000000 ) ) ;
#1447 = CARTESIAN_POINT ( 'NONE',  ( 30.00000000000001776, 2.241262730962034135E-14, 227.0000000000000000 ) ) ;
#1448 = DIRECTION ( 'NONE',  ( 0.7071067811865452413, 2.926702408257947191E-16, 0.7071067811865497932 ) ) ;
#1449 = ORIENTED_EDGE ( 'NONE', *, *, #3285, .F. ) ;
#1450 = VERTEX_POINT ( 'NONE', #1945 ) ;
#1451 = DIRECTION ( 'NONE',  ( 0.000000000000000000, 0.000000000000000000, 1.000000000000000000 ) ) ;
#1452 = DIRECTION ( 'NONE',  ( 0.000000000000000000, -1.000000000000000000, 0.000000000000000000 ) ) ;
#1453 = ORIENTED_EDGE ( 'NONE', *, *, #882, .T. ) ;
#1454 = FACE_OUTER_BOUND ( 'NONE', #805, .T. ) ;
#1455 = DIRECTION ( 'NONE',  ( 0.000000000000000000, 0.000000000000000000, -1.000000000000000000 ) ) ;
#1456 = VECTOR ( 'NONE', #160, 1000.000000000000000 ) ;
#1457 = FACE_OUTER_BOUND ( 'NONE', #2099, .T. ) ;
#1458 = VECTOR ( 'NONE', #1116, 1000.000000000000000 ) ;
#1459 = VERTEX_POINT ( 'NONE', #1406 ) ;
#1460 = VECTOR ( 'NONE', #1613, 1000.000000000000000 ) ;
#1461 = VECTOR ( 'NONE', #3004, 1000.000000000000000 ) ;
#1462 = DIRECTION ( 'NONE',  ( 0.000000000000000000, 0.000000000000000000, 1.000000000000000000 ) ) ;
#1463 = LINE ( 'NONE', #2260, #1818 ) ;
#1464 = CARTESIAN_POINT ( 'NONE',  ( -2.999999999999979572, -7.000000000000008882, 175.0000000000000284 ) ) ;
#1465 = AXIS2_PLACEMENT_3D ( 'NONE', #1548, #2363, #271 ) ;
#1466 = CIRCLE ( 'NONE', #370, 5.500000000000087930 ) ;
#1468 = ORIENTED_EDGE ( 'NONE', *, *, #3219, .T. ) ;
#1467 = EDGE_CURVE ( 'NONE', #345, #1507, #2724, .T. ) ;
#1469 = VECTOR ( 'NONE', #2634, 1000.000000000000000 ) ;
#1470 = EDGE_CURVE ( 'NONE', #2574, #3235, #2171, .T. ) ;
#1471 = VERTEX_POINT ( 'NONE', #408 ) ;
#1472 = ORIENTED_EDGE ( 'NONE', *, *, #348, .F. ) ;
#1473 = AXIS2_PLACEMENT_3D ( 'NONE', #2974, #1374, #2617 ) ;
#1474 = DIRECTION ( 'NONE',  ( 0.000000000000000000, 1.000000000000000000, 0.000000000000000000 ) ) ;
#1475 = CARTESIAN_POINT ( 'NONE',  ( -9.999999999999989342, -22.00000000000001421, 175.0000000000000000 ) ) ;
#1476 = EDGE_LOOP ( 'NONE', ( #1715, #935 ) ) ;
#1477 = EDGE_CURVE ( 'NONE', #10, #1604, #141, .T. ) ;
#1478 = CARTESIAN_POINT ( 'NONE',  ( -17.07106781186547195, -7.000000000000011546, 175.0000000000000284 ) ) ;
#1479 = DIRECTION ( 'NONE',  ( 0.000000000000000000, 0.000000000000000000, -1.000000000000000000 ) ) ;
#1480 = ORIENTED_EDGE ( 'NONE', *, *, #1148, .F. ) ;
#1481 = CARTESIAN_POINT ( 'NONE',  ( 7.000000000000011546, 9.999999999999998224, 215.0000000000000284 ) ) ;
#1482 = CARTESIAN_POINT ( 'NONE',  ( -17.07106781186546840, -22.00000000000001421, 57.50000000000000711 ) ) ;
#1483 = ORIENTED_EDGE ( 'NONE', *, *, #2415, .T. ) ;
#1484 = CARTESIAN_POINT ( 'NONE',  ( -3.000000000000000000, 3.000000000000000000, 0.000000000000000000 ) ) ;
#1485 = CARTESIAN_POINT ( 'NONE',  ( 14.99999999999999289, 40.00000000000000000, 34.99999999999997868 ) ) ;
#1486 = LINE ( 'NONE', #2555, #2148 ) ;
#1487 = ORIENTED_EDGE ( 'NONE', *, *, #1704, .T. ) ;
#1488 = EDGE_CURVE ( 'NONE', #2624, #2170, #2282, .T. ) ;
#1489 = ADVANCED_FACE ( 'NONE', ( #1660 ), #3044, .F. ) ;
#1490 = CARTESIAN_POINT ( 'NONE',  ( -70.00000000000000000, -1.000000000000000888, 160.0000000000000000 ) ) ;
#1491 = ORIENTED_EDGE ( 'NONE', *, *, #2543, .T. ) ;
#1492 = CARTESIAN_POINT ( 'NONE',  ( 0.000000000000000000, 0.000000000000000000, 98.72914738151575875 ) ) ;
#1493 = ORIENTED_EDGE ( 'NONE', *, *, #1332, .T. ) ;
#1494 = DIRECTION ( 'NONE',  ( -0.000000000000000000, -0.000000000000000000, -1.000000000000000000 ) ) ;
#1495 = FACE_BOUND ( 'NONE', #2767, .T. ) ;
#1496 = DIRECTION ( 'NONE',  ( -1.000000000000000000, -1.301042606982605321E-16, 0.000000000000000000 ) ) ;
#1497 = ORIENTED_EDGE ( 'NONE', *, *, #3239, .F. ) ;
#1498 = VECTOR ( 'NONE', #2823, 1000.000000000000114 ) ;
#1499 = CARTESIAN_POINT ( 'NONE',  ( 0.000000000000000000, 0.000000000000000000, 165.0000000000000000 ) ) ;
#1500 = DIRECTION ( 'NONE',  ( -1.301042606982605321E-16, 1.000000000000000000, -0.000000000000000000 ) ) ;
#1501 = DIRECTION ( 'NONE',  ( 0.000000000000000000, 0.000000000000000000, -1.000000000000000000 ) ) ;
#1502 = CARTESIAN_POINT ( 'NONE',  ( 0.000000000000000000, -25.00000000000003553, 107.0000000000000142 ) ) ;
#1503 = LINE ( 'NONE', #3395, #264 ) ;
#1504 = ORIENTED_EDGE ( 'NONE', *, *, #1578, .F. ) ;
#1505 = DIRECTION ( 'NONE',  ( 0.000000000000000000, 1.000000000000000000, 0.000000000000000000 ) ) ;
#1506 = ORIENTED_EDGE ( 'NONE', *, *, #739, .T. ) ;
#1507 = VERTEX_POINT ( 'NONE', #2265 ) ;
#1508 = FACE_OUTER_BOUND ( 'NONE', #1339, .T. ) ;
#1509 = DIRECTION ( 'NONE',  ( 0.000000000000000000, 0.000000000000000000, -1.000000000000000000 ) ) ;
#1510 = EDGE_LOOP ( 'NONE', ( #1037, #1750, #2751, #2934 ) ) ;
#1511 = EDGE_CURVE ( 'NONE', #653, #1507, #2471, .T. ) ;
#1512 = ADVANCED_FACE ( 'NONE', ( #871 ), #918, .F. ) ;
#1513 = LINE ( 'NONE', #980, #1800 ) ;
#1514 = DIRECTION ( 'NONE',  ( 0.2923717047227297194, 0.000000000000000000, 0.9563047559630375449 ) ) ;
#1515 = VECTOR ( 'NONE', #3109, 1000.000000000000114 ) ;
#1516 = DIRECTION ( 'NONE',  ( 0.000000000000000000, 1.000000000000000000, 0.000000000000000000 ) ) ;
#1517 = VECTOR ( 'NONE', #645, 1000.000000000000000 ) ;
#1518 = EDGE_LOOP ( 'NONE', ( #1770, #2940, #2902, #2899 ) ) ;
#1519 = ORIENTED_EDGE ( 'NONE', *, *, #425, .T. ) ;
#1520 = AXIS2_PLACEMENT_3D ( 'NONE', #291, #761, #1050 ) ;
#1521 = DIRECTION ( 'NONE',  ( 1.000000000000000000, 2.220446049250313081E-16, -6.938893903907225912E-17 ) ) ;
#1522 = AXIS2_PLACEMENT_3D ( 'NONE', #619, #1682, #640 ) ;
#1523 = AXIS2_PLACEMENT_3D ( 'NONE', #2909, #3409, #257 ) ;
#1524 = ORIENTED_EDGE ( 'NONE', *, *, #3067, .F. ) ;
#1525 = VERTEX_POINT ( 'NONE', #3024 ) ;
#1526 = AXIS2_PLACEMENT_3D ( 'NONE', #2390, #1827, #2893 ) ;
#1527 = CARTESIAN_POINT ( 'NONE',  ( -17.07106781186547195, -7.000000000000011546, 55.00000000000000000 ) ) ;
#1528 = AXIS2_PLACEMENT_3D ( 'NONE', #2835, #2622, #2351 ) ;
#1529 = DIRECTION ( 'NONE',  ( 0.000000000000000000, 1.000000000000000000, 0.000000000000000000 ) ) ;
#1530 = CIRCLE ( 'NONE', #39, 3.000000000000002665 ) ;
#1531 = EDGE_LOOP ( 'NONE', ( #1839, #2806, #1201, #831 ) ) ;
#1532 = AXIS2_PLACEMENT_3D ( 'NONE', #410, #3046, #2266 ) ;
#1533 = EDGE_CURVE ( 'NONE', #2801, #2159, #901, .T. ) ;
#1534 = DIRECTION ( 'NONE',  ( 1.000000000000000000, -0.000000000000000000, -0.000000000000000000 ) ) ;
#1535 = ADVANCED_FACE ( 'NONE', ( #3272 ), #2542, .F. ) ;
#1536 = CARTESIAN_POINT ( 'NONE',  ( 7.000000000000011546, 2.999999999999985345, 17.49999999999999645 ) ) ;
#1537 = LINE ( 'NONE', #2607, #3135 ) ;
#1538 = LINE ( 'NONE', #488, #3362 ) ;
#1539 = EDGE_CURVE ( 'NONE', #1507, #3160, #2007, .T. ) ;
#1540 = VERTEX_POINT ( 'NONE', #1714 ) ;
#1541 = ORIENTED_EDGE ( 'NONE', *, *, #1222, .T. ) ;
#1542 = EDGE_CURVE ( 'NONE', #1540, #2837, #1887, .T. ) ;
#1543 = FACE_OUTER_BOUND ( 'NONE', #3038, .T. ) ;
#1544 = ORIENTED_EDGE ( 'NONE', *, *, #2820, .T. ) ;
#1545 = EDGE_LOOP ( 'NONE', ( #1105, #529, #1912, #630 ) ) ;
#1546 = CARTESIAN_POINT ( 'NONE',  ( -10.00000000000000000, 2.928932188134566683, 65.00000000000000000 ) ) ;
#1547 = CARTESIAN_POINT ( 'NONE',  ( 0.000000000000000000, -14.99999999999999289, 117.0000000000000000 ) ) ;
#1548 = CARTESIAN_POINT ( 'NONE',  ( -2.999999999999979572, -7.000000000000008882, 175.0000000000000284 ) ) ;
#1549 = CIRCLE ( 'NONE', #59, 5.500000000000087930 ) ;
#1550 = EDGE_CURVE ( 'NONE', #2115, #3350, #2232, .T. ) ;
#1551 = DIRECTION ( 'NONE',  ( 2.220446049250313081E-16, -1.000000000000000000, 6.938893903907227145E-17 ) ) ;
#1552 = CARTESIAN_POINT ( 'NONE',  ( -3.000000000000061728, -22.00000000000001066, 52.50000000000000711 ) ) ;
#1553 = DIRECTION ( 'NONE',  ( 8.659560562354962440E-17, -0.7071067811865452413, 0.7071067811865497932 ) ) ;
#1554 = ORIENTED_EDGE ( 'NONE', *, *, #492, .T. ) ;
#1555 = ORIENTED_EDGE ( 'NONE', *, *, #1167, .F. ) ;
#1556 = EDGE_CURVE ( 'NONE', #2837, #1760, #3329, .T. ) ;
#1557 = DIRECTION ( 'NONE',  ( 0.000000000000000000, 0.000000000000000000, 1.000000000000000000 ) ) ;
#1558 = DIRECTION ( 'NONE',  ( 1.000000000000000000, 0.000000000000000000, 0.000000000000000000 ) ) ;
#1559 = VECTOR ( 'NONE', #2173, 1000.000000000000000 ) ;
#1560 = ORIENTED_EDGE ( 'NONE', *, *, #953, .T. ) ;
#1561 = ORIENTED_EDGE ( 'NONE', *, *, #469, .F. ) ;
#1562 = DIRECTION ( 'NONE',  ( 0.000000000000000000, 0.000000000000000000, -1.000000000000000000 ) ) ;
#1563 = DIRECTION ( 'NONE',  ( -1.786765180256111307E-16, 1.000000000000000000, -6.938893903907225912E-17 ) ) ;
#1564 = CYLINDRICAL_SURFACE ( 'NONE', #2918, 2.500000000000002220 ) ;
#1565 = DIRECTION ( 'NONE',  ( 0.000000000000000000, 0.000000000000000000, 1.000000000000000000 ) ) ;
#1566 = CARTESIAN_POINT ( 'NONE',  ( -3.000000000000061728, -22.00000000000001066, 175.0000000000000000 ) ) ;
#1567 = PERSON_AND_ORGANIZATION ( #330, #2925 ) ;
#1568 = ORIENTED_EDGE ( 'NONE', *, *, #2211, .T. ) ;
#1569 = ORIENTED_EDGE ( 'NONE', *, *, #1470, .T. ) ;
#1570 = AXIS2_PLACEMENT_3D ( 'NONE', #2949, #1914, #1054 ) ;
#1571 = CARTESIAN_POINT ( 'NONE',  ( 30.00000000000000000, 0.000000000000000000, 230.0000000000000000 ) ) ;
#1572 = CARTESIAN_POINT ( 'NONE',  ( 0.000000000000000000, -25.00000000000002132, 3.000000000000002665 ) ) ;
#1573 = ADVANCED_FACE ( 'NONE', ( #632 ), #1695, .F. ) ;
#1574 = EDGE_CURVE ( 'NONE', #411, #1246, #3415, .T. ) ;
#1575 = ORIENTED_EDGE ( 'NONE', *, *, #1008, .F. ) ;
#1576 = AXIS2_PLACEMENT_3D ( 'NONE', #3207, #1310, #2906 ) ;
#1577 = ORIENTED_EDGE ( 'NONE', *, *, #1407, .F. ) ;
#1578 = EDGE_CURVE ( 'NONE', #2170, #2898, #3147, .T. ) ;
#1579 = VECTOR ( 'NONE', #77, 1000.000000000000000 ) ;
#1580 = FACE_OUTER_BOUND ( 'NONE', #3237, .T. ) ;
#1581 = VECTOR ( 'NONE', #688, 1000.000000000000000 ) ;
#1582 = ORIENTED_EDGE ( 'NONE', *, *, #1148, .T. ) ;
#1583 = VECTOR ( 'NONE', #1209, 1000.000000000000000 ) ;
#1584 = ADVANCED_FACE ( 'NONE', ( #1300 ), #750, .F. ) ;
#1585 = EDGE_CURVE ( 'NONE', #3417, #1604, #1821, .T. ) ;
#1586 = AXIS2_PLACEMENT_3D ( 'NONE', #1764, #2315, #2293 ) ;
#1587 = LINE ( 'NONE', #1015, #2812 ) ;
#1588 = DIRECTION ( 'NONE',  ( 0.7071067811865436870, -0.7071067811865513475, 0.000000000000000000 ) ) ;
#1589 = DIRECTION ( 'NONE',  ( -1.000000000000000000, -1.301042606982605321E-16, 0.000000000000000000 ) ) ;
#1590 = SHAPE_DEFINITION_REPRESENTATION ( #2738, #3148 ) ;
#1591 = ORIENTED_EDGE ( 'NONE', *, *, #925, .T. ) ;
#1592 = ORIENTED_EDGE ( 'NONE', *, *, #2793, .T. ) ;
#1593 = CARTESIAN_POINT ( 'NONE',  ( -9.999999999999989342, -22.00000000000001421, 177.5000000000000000 ) ) ;
#1594 = LINE ( 'NONE', #1572, #1559 ) ;
#1595 = VERTEX_POINT ( 'NONE', #2839 ) ;
#1596 = ORIENTED_EDGE ( 'NONE', *, *, #2866, .F. ) ;
#1597 = EDGE_CURVE ( 'NONE', #2541, #320, #2627, .T. ) ;
#1598 = EDGE_CURVE ( 'NONE', #1038, #1822, #424, .T. ) ;
#1599 = DIRECTION ( 'NONE',  ( -1.000000000000000000, 0.000000000000000000, -0.000000000000000000 ) ) ;
#1600 = FACE_OUTER_BOUND ( 'NONE', #539, .T. ) ;
#1601 = CONICAL_SURFACE ( 'NONE', #2833, 2.500000000000000444, 0.7853981633974514986 ) ;
#1602 = DIRECTION ( 'NONE',  ( -0.000000000000000000, -1.000000000000000000, 0.000000000000000000 ) ) ;
#1603 = DIRECTION ( 'NONE',  ( 0.000000000000000000, -1.000000000000000000, 0.000000000000000000 ) ) ;
#1604 = VERTEX_POINT ( 'NONE', #177 ) ;
#1605 = ORIENTED_EDGE ( 'NONE', *, *, #2392, .T. ) ;
#1606 = DIRECTION ( 'NONE',  ( -2.220446049250313081E-16, 1.000000000000000000, -6.938893903907225912E-17 ) ) ;
#1607 = CARTESIAN_POINT ( 'NONE',  ( 15.00000000000000178, 5.585809592645317266E-15, 32.49999999999998579 ) ) ;
#1608 = DIRECTION ( 'NONE',  ( -0.000000000000000000, -1.000000000000000000, -0.000000000000000000 ) ) ;
#1609 = ORIENTED_EDGE ( 'NONE', *, *, #2666, .T. ) ;
#1610 = ORIENTED_EDGE ( 'NONE', *, *, #568, .F. ) ;
#1611 = AXIS2_PLACEMENT_3D ( 'NONE', #2809, #2460, #3339 ) ;
#1612 = DIRECTION ( 'NONE',  ( -1.301042606982605321E-16, 1.000000000000000000, -0.000000000000000000 ) ) ;
#1613 = DIRECTION ( 'NONE',  ( -0.000000000000000000, -1.000000000000000000, -0.000000000000000000 ) ) ;
#1614 = ADVANCED_FACE ( 'NONE', ( #2594, #3101, #2102, #1780, #698, #455 ), #2886, .F. ) ;
#1615 = DIRECTION ( 'NONE',  ( 1.000000000000000000, 2.220446049250313081E-16, -6.938893903907225912E-17 ) ) ;
#1616 = DIRECTION ( 'NONE',  ( 0.000000000000000000, 0.000000000000000000, 1.000000000000000000 ) ) ;
#1617 = VERTEX_POINT ( 'NONE', #2296 ) ;
#1618 = ORIENTED_EDGE ( 'NONE', *, *, #289, .T. ) ;
#1619 = EDGE_CURVE ( 'NONE', #26, #2018, #1230, .T. ) ;
#1620 = DIRECTION ( 'NONE',  ( -2.220446049250313081E-16, 1.000000000000000000, -6.938893903907225912E-17 ) ) ;
#1621 = DIRECTION ( 'NONE',  ( -1.278945359779437797E-16, -0.000000000000000000, 1.000000000000000000 ) ) ;
#1622 = DIRECTION ( 'NONE',  ( 1.000000000000000000, 2.220446049250313081E-16, 6.938893903907225912E-17 ) ) ;
#1623 = ORIENTED_EDGE ( 'NONE', *, *, #307, .T. ) ;
#1624 = EDGE_LOOP ( 'NONE', ( #3271, #2225 ) ) ;
#1625 = AXIS2_PLACEMENT_3D ( 'NONE', #1279, #1071, #573 ) ;
#1626 = CARTESIAN_POINT ( 'NONE',  ( 7.000000000000011546, 2.999999999999985345, 15.00000000000000000 ) ) ;
#1627 = VECTOR ( 'NONE', #1288, 1000.000000000000000 ) ;
#1628 = AXIS2_PLACEMENT_3D ( 'NONE', #1950, #620, #1433 ) ;
#1629 = AXIS2_PLACEMENT_3D ( 'NONE', #1663, #2740, #371 ) ;
#1630 = DIRECTION ( 'NONE',  ( 1.000000000000000000, 2.220446049250313081E-16, -6.938893903907225912E-17 ) ) ;
#1631 = EDGE_CURVE ( 'NONE', #823, #78, #728, .T. ) ;
#1632 = EDGE_CURVE ( 'NONE', #2243, #172, #2057, .T. ) ;
#1633 = CARTESIAN_POINT ( 'NONE',  ( -10.00000000000000000, 10.00000000000000178, 65.00000000000000000 ) ) ;
#1634 = CARTESIAN_POINT ( 'NONE',  ( 7.000000000000011546, 2.999999999999985345, 175.0000000000000284 ) ) ;
#1635 = VECTOR ( 'NONE', #2091, 1000.000000000000114 ) ;
#1636 = ORIENTED_EDGE ( 'NONE', *, *, #402, .F. ) ;
#1637 = EDGE_LOOP ( 'NONE', ( #2698, #1740, #3384, #1779 ) ) ;
#1638 = DIRECTION ( 'NONE',  ( -0.000000000000000000, -0.000000000000000000, -1.000000000000000000 ) ) ;
#1639 = CARTESIAN_POINT ( 'NONE',  ( -10.00000000000000888, -14.99999999999999289, 114.5000000000000000 ) ) ;
#1640 = DIRECTION ( 'NONE',  ( 6.938893903907228378E-17, 0.000000000000000000, -1.000000000000000000 ) ) ;
#1641 = CC_DESIGN_DATE_AND_TIME_ASSIGNMENT ( #64, #1831, ( #98 ) ) ;
#1642 = ORIENTED_EDGE ( 'NONE', *, *, #2318, .T. ) ;
#1643 = VERTEX_POINT ( 'NONE', #3385 ) ;
#1644 = DIRECTION ( 'NONE',  ( 0.000000000000000000, -1.000000000000000000, -1.239088197126290817E-16 ) ) ;
#1645 = EDGE_LOOP ( 'NONE', ( #2572, #1491, #763, #1504 ) ) ;
#1646 = PLANE ( 'NONE',  #1860 ) ;
#1647 = CARTESIAN_POINT ( 'NONE',  ( 12.49999999999999112, 10.00000000000002309, 117.0000000000000000 ) ) ;
#1648 = DIRECTION ( 'NONE',  ( 0.000000000000000000, -1.000000000000000000, 0.000000000000000000 ) ) ;
#1649 = DIRECTION ( 'NONE',  ( 0.000000000000000000, -1.000000000000000000, -0.000000000000000000 ) ) ;
#1650 = EDGE_CURVE ( 'NONE', #2247, #3325, #191, .T. ) ;
#1651 = VERTEX_POINT ( 'NONE', #3370 ) ;
#1652 = VECTOR ( 'NONE', #284, 1000.000000000000000 ) ;
#1653 = DIRECTION ( 'NONE',  ( 6.938893903907228378E-17, 0.000000000000000000, 1.000000000000000000 ) ) ;
#1654 = DIRECTION ( 'NONE',  ( -0.000000000000000000, -1.000000000000000000, -0.000000000000000000 ) ) ;
#1655 = CARTESIAN_POINT ( 'NONE',  ( 5.370703881624196342E-15, -7.000000000000007994, 175.0000000000000284 ) ) ;
#1656 = VECTOR ( 'NONE', #349, 1000.000000000000000 ) ;
#1657 = EDGE_CURVE ( 'NONE', #855, #2115, #714, .T. ) ;
#1658 = ORIENTED_EDGE ( 'NONE', *, *, #99, .F. ) ;
#1659 = ORIENTED_EDGE ( 'NONE', *, *, #1101, .F. ) ;
#1660 = FACE_OUTER_BOUND ( 'NONE', #1238, .T. ) ;
#1661 = CARTESIAN_POINT ( 'NONE',  ( -3.000000000000000000, 3.000000000000000000, 230.0000000000000000 ) ) ;
#1662 = DIRECTION ( 'NONE',  ( 0.000000000000000000, 0.000000000000000000, 1.000000000000000000 ) ) ;
#1663 = CARTESIAN_POINT ( 'NONE',  ( -9.999999999999994671, -7.000000000000013323, 215.0000000000000000 ) ) ;
#1664 = ORIENTED_EDGE ( 'NONE', *, *, #1699, .T. ) ;
#1665 = CARTESIAN_POINT ( 'NONE',  ( 25.00000000000002132, -4.999999999999994671, 3.000000000000001332 ) ) ;
#1666 = DIRECTION ( 'NONE',  ( 1.000000000000000000, 9.194034422677077600E-17, -6.938893903907224680E-17 ) ) ;
#1667 = CARTESIAN_POINT ( 'NONE',  ( -2.928932188134489412, 10.00000000000000000, 230.0000000000000000 ) ) ;
#1668 = LINE ( 'NONE', #1953, #1517 ) ;
#1669 = CYLINDRICAL_SURFACE ( 'NONE', #633, 2.500000000000002220 ) ;
#1670 = ORIENTED_EDGE ( 'NONE', *, *, #94, .T. ) ;
#1671 = ADVANCED_FACE ( 'NONE', ( #985 ), #2063, .F. ) ;
#1672 = ADVANCED_FACE ( 'NONE', ( #1543 ), #2611, .F. ) ;
#1673 = CARTESIAN_POINT ( 'NONE',  ( 0.000000000000000000, -25.00000000000002132, 3.000000000000002665 ) ) ;
#1674 = PLANE ( 'NONE',  #1067 ) ;
#1675 = CARTESIAN_POINT ( 'NONE',  ( 14.99999999999999289, 40.00000000000000000, 195.0000000000000284 ) ) ;
#1676 = VECTOR ( 'NONE', #1226, 1000.000000000000000 ) ;
#1677 = EDGE_CURVE ( 'NONE', #2795, #832, #2354, .T. ) ;
#1678 = EDGE_CURVE ( 'NONE', #855, #653, #1594, .T. ) ;
#1679 = AXIS2_PLACEMENT_3D ( 'NONE', #3016, #852, #2238 ) ;
#1680 = CIRCLE ( 'NONE', #3026, 2.500000000000000444 ) ;
#1681 = AXIS2_PLACEMENT_3D ( 'NONE', #109, #2706, #1162 ) ;
#1682 = DIRECTION ( 'NONE',  ( 0.000000000000000000, 0.000000000000000000, -1.000000000000000000 ) ) ;
#1683 = DIRECTION ( 'NONE',  ( -1.000000000000000000, -2.220446049250313081E-16, -6.938893903907225912E-17 ) ) ;
#1684 = CIRCLE ( 'NONE', #199, 2.500000000000002220 ) ;
#1685 = VERTEX_POINT ( 'NONE', #34 ) ;
#1686 = CYLINDRICAL_SURFACE ( 'NONE', #1247, 2.500000000000002220 ) ;
#1687 = VECTOR ( 'NONE', #2939, 1000.000000000000000 ) ;
#1688 = LINE ( 'NONE', #2166, #3027 ) ;
#1689 = CARTESIAN_POINT ( 'NONE',  ( 15.00000000000000000, 10.00000000000002309, 117.0000000000000000 ) ) ;
#1690 = CARTESIAN_POINT ( 'NONE',  ( -127.4018678657920276, -14.99999999999999289, 117.0000000000000000 ) ) ;
#1691 = VECTOR ( 'NONE', #1494, 1000.000000000000000 ) ;
#1692 = VERTEX_POINT ( 'NONE', #1040 ) ;
#1693 = ORIENTED_EDGE ( 'NONE', *, *, #656, .F. ) ;
#1694 = CC_DESIGN_SECURITY_CLASSIFICATION ( #1977, ( #3037 ) ) ;
#1695 = CYLINDRICAL_SURFACE ( 'NONE', #114, 2.500000000000002220 ) ;
#1696 = ORIENTED_EDGE ( 'NONE', *, *, #5, .T. ) ;
#1697 = FACE_OUTER_BOUND ( 'NONE', #363, .T. ) ;
#1698 = ORIENTED_EDGE ( 'NONE', *, *, #504, .F. ) ;
#1699 = EDGE_CURVE ( 'NONE', #1212, #245, #67, .T. ) ;
#1700 = PRODUCT ( 'guide channel', 'guide channel', '', ( #2637 ) ) ;
#1701 = CARTESIAN_POINT ( 'NONE',  ( 7.000000000000011546, 2.999999999999985345, 212.5000000000000284 ) ) ;
#1702 = DIRECTION ( 'NONE',  ( 2.220446049250313081E-16, -1.000000000000000000, -6.938893903907225912E-17 ) ) ;
#1703 = ORIENTED_EDGE ( 'NONE', *, *, #2220, .T. ) ;
#1704 = EDGE_CURVE ( 'NONE', #3160, #2065, #2901, .T. ) ;
#1705 = LINE ( 'NONE', #3068, #28 ) ;
#1706 = DIRECTION ( 'NONE',  ( 0.000000000000000000, 0.000000000000000000, -1.000000000000000000 ) ) ;
#1707 = ORIENTED_EDGE ( 'NONE', *, *, #31, .T. ) ;
#1708 = CYLINDRICAL_SURFACE ( 'NONE', #1679, 2.500000000000000444 ) ;
#1709 = CARTESIAN_POINT ( 'NONE',  ( -9.999999999999994671, -7.000000000000013323, 15.00000000000000178 ) ) ;
#1710 = DIRECTION ( 'NONE',  ( 1.000000000000000000, -0.000000000000000000, -0.000000000000000000 ) ) ;
#1711 = VERTEX_POINT ( 'NONE', #1079 ) ;
#1712 = ORIENTED_EDGE ( 'NONE', *, *, #554, .F. ) ;
#1713 = AXIS2_PLACEMENT_3D ( 'NONE', #1626, #3182, #1377 ) ;
#1714 = CARTESIAN_POINT ( 'NONE',  ( 22.00000000000001421, 0.000000000000000000, 180.5000000000000853 ) ) ;
#1715 = ORIENTED_EDGE ( 'NONE', *, *, #74, .F. ) ;
#1716 = DIRECTION ( 'NONE',  ( 4.336808689942018352E-17, -1.000000000000000000, 0.000000000000000000 ) ) ;
#1717 = ORIENTED_EDGE ( 'NONE', *, *, #3154, .F. ) ;
#1718 = CYLINDRICAL_SURFACE ( 'NONE', #905, 2.500000000000002220 ) ;
#1719 = CARTESIAN_POINT ( 'NONE',  ( -10.00000000000000178, 9.999999999999994671, 230.0000000000000000 ) ) ;
#1720 = FACE_OUTER_BOUND ( 'NONE', #138, .T. ) ;
#1721 = EDGE_CURVE ( 'NONE', #2438, #1604, #541, .T. ) ;
#1722 = DIRECTION ( 'NONE',  ( 0.000000000000000000, 0.000000000000000000, -1.000000000000000000 ) ) ;
#1723 = ADVANCED_FACE ( 'NONE', ( #69, #834, #3177, #3433, #296 ), #2449, .F. ) ;
#1724 = ORIENTED_EDGE ( 'NONE', *, *, #3422, .F. ) ;
#1725 = DIRECTION ( 'NONE',  ( -1.000000000000000000, -0.000000000000000000, -0.000000000000000000 ) ) ;
#1726 = FACE_OUTER_BOUND ( 'NONE', #1438, .T. ) ;
#1727 = CARTESIAN_POINT ( 'NONE',  ( 22.00000000000001421, 3.000000000000070166, 177.5000000000000000 ) ) ;
#1728 = ORIENTED_EDGE ( 'NONE', *, *, #1511, .F. ) ;
#1729 = EDGE_CURVE ( 'NONE', #615, #2566, #1353, .T. ) ;
#1730 = VECTOR ( 'NONE', #528, 1000.000000000000000 ) ;
#1731 = DIRECTION ( 'NONE',  ( -2.220446049250313081E-16, 1.000000000000000000, -6.938893903907225912E-17 ) ) ;
#1732 = CARTESIAN_POINT ( 'NONE',  ( -2.999999999999979572, -7.000000000000008882, 172.5000000000000284 ) ) ;
#1733 = VERTEX_POINT ( 'NONE', #1639 ) ;
#1734 = DIRECTION ( 'NONE',  ( 0.000000000000000000, 0.000000000000000000, 1.000000000000000000 ) ) ;
#1735 = DIRECTION ( 'NONE',  ( -0.000000000000000000, -0.000000000000000000, -1.000000000000000000 ) ) ;
#1736 = ORIENTED_EDGE ( 'NONE', *, *, #2306, .F. ) ;
#1737 = VECTOR ( 'NONE', #2366, 1000.000000000000000 ) ;
#1738 = DIRECTION ( 'NONE',  ( 1.000000000000000000, 0.000000000000000000, 0.000000000000000000 ) ) ;
#1739 = EDGE_LOOP ( 'NONE', ( #428, #585 ) ) ;
#1740 = ORIENTED_EDGE ( 'NONE', *, *, #1982, .F. ) ;
#1741 = EDGE_CURVE ( 'NONE', #832, #3334, #2041, .T. ) ;
#1742 = AXIS2_PLACEMENT_3D ( 'NONE', #1863, #2947, #810 ) ;
#1743 = AXIS2_PLACEMENT_3D ( 'NONE', #2117, #780, #818 ) ;
#1744 = LINE ( 'NONE', #3377, #1748 ) ;
#1745 = DIRECTION ( 'NONE',  ( -1.000000000000000000, -9.194034422677077600E-17, -6.938893903907224680E-17 ) ) ;
#1746 = PLANE ( 'NONE',  #155 ) ;
#1747 = CONICAL_SURFACE ( 'NONE', #364, 2.500000000000002220, 0.7853981633974514986 ) ;
#1748 = VECTOR ( 'NONE', #3122, 1000.000000000000000 ) ;
#1749 = ORIENTED_EDGE ( 'NONE', *, *, #2306, .T. ) ;
#1750 = ORIENTED_EDGE ( 'NONE', *, *, #243, .F. ) ;
#1751 = VECTOR ( 'NONE', #317, 1000.000000000000000 ) ;
#1752 = AXIS2_PLACEMENT_3D ( 'NONE', #1954, #1710, #2783 ) ;
#1753 = DIRECTION ( 'NONE',  ( 0.000000000000000000, -1.239088197126290817E-16, 1.000000000000000000 ) ) ;
#1754 = CYLINDRICAL_SURFACE ( 'NONE', #578, 2.500000000000002220 ) ;
#1755 = VECTOR ( 'NONE', #2367, 1000.000000000000000 ) ;
#1756 = ORIENTED_EDGE ( 'NONE', *, *, #465, .F. ) ;
#1757 = VECTOR ( 'NONE', #3065, 1000.000000000000000 ) ;
#1758 = CARTESIAN_POINT ( 'NONE',  ( 12.49999999999999112, 10.00000000000002309, 117.0000000000000000 ) ) ;
#1759 = CARTESIAN_POINT ( 'NONE',  ( -3.000000000000061728, -22.00000000000001421, 177.5000000000000000 ) ) ;
#1760 = VERTEX_POINT ( 'NONE', #2155 ) ;
#1761 = DIRECTION ( 'NONE',  ( 1.301042606982605321E-16, -1.000000000000000000, 0.000000000000000000 ) ) ;
#1762 = CARTESIAN_POINT ( 'NONE',  ( -9.999999999999992895, -7.000000000000010658, 175.0000000000000284 ) ) ;
#1763 = LINE ( 'NONE', #3111, #2304 ) ;
#1764 = CARTESIAN_POINT ( 'NONE',  ( 5.000000000000000000, -30.00000000000000000, 3.000000000000002665 ) ) ;
#1765 = VERTEX_POINT ( 'NONE', #819 ) ;
#1766 = ORIENTED_EDGE ( 'NONE', *, *, #1815, .F. ) ;
#1767 = CARTESIAN_POINT ( 'NONE',  ( 0.000000000000000000, -25.00000000000002132, 3.000000000000002665 ) ) ;
#1768 = VECTOR ( 'NONE', #2402, 1000.000000000000000 ) ;
#1769 = DIRECTION ( 'NONE',  ( 1.000000000000000000, 0.000000000000000000, 0.000000000000000000 ) ) ;
#1770 = ORIENTED_EDGE ( 'NONE', *, *, #2131, .F. ) ;
#1771 = DIRECTION ( 'NONE',  ( 1.000000000000000000, 2.220446049250313081E-16, -6.938893903907225912E-17 ) ) ;
#1772 = DIRECTION ( 'NONE',  ( -1.000000000000000000, -2.220446049250313081E-16, -6.938893903907225912E-17 ) ) ;
#1773 = ORIENTED_EDGE ( 'NONE', *, *, #2777, .T. ) ;
#1774 = AXIS2_PLACEMENT_3D ( 'NONE', #1197, #2488, #934 ) ;
#1775 = DIRECTION ( 'NONE',  ( 1.000000000000000000, 0.000000000000000000, 0.000000000000000000 ) ) ;
#1776 = LINE ( 'NONE', #552, #2141 ) ;
#1777 = DIRECTION ( 'NONE',  ( 0.7071067811865453523, 1.079438565345089033E-16, -0.7071067811865497932 ) ) ;
#1778 = EDGE_LOOP ( 'NONE', ( #1231, #396, #1355, #1141 ) ) ;
#1779 = ORIENTED_EDGE ( 'NONE', *, *, #2453, .F. ) ;
#1780 = FACE_BOUND ( 'NONE', #919, .T. ) ;
#1781 = ORIENTED_EDGE ( 'NONE', *, *, #1678, .F. ) ;
#1782 = ORIENTED_EDGE ( 'NONE', *, *, #2963, .F. ) ;
#1783 = LINE ( 'NONE', #2853, #1627 ) ;
#1784 = EDGE_CURVE ( 'NONE', #510, #589, #1152, .T. ) ;
#1785 = CARTESIAN_POINT ( 'NONE',  ( -1.500000000000000666, 10.00000000000000178, 93.82286845378943951 ) ) ;
#1786 = DIRECTION ( 'NONE',  ( 1.932977587517013408E-16, 6.938893903907228378E-17, 1.000000000000000000 ) ) ;
#1787 = CARTESIAN_POINT ( 'NONE',  ( 15.00000000000000000, 10.00000000000000711, 34.99999999999999289 ) ) ;
#1788 = ORIENTED_EDGE ( 'NONE', *, *, #2203, .T. ) ;
#1789 = CARTESIAN_POINT ( 'NONE',  ( 22.00000000000001421, 0.000000000000000000, 49.49999999999992184 ) ) ;
#1790 = CARTESIAN_POINT ( 'NONE',  ( 0.000000000000000000, -14.99999999999999289, 117.0000000000000000 ) ) ;
#1791 = EDGE_CURVE ( 'NONE', #1760, #1017, #2603, .T. ) ;
#1792 = EDGE_CURVE ( 'NONE', #1208, #212, #2919, .T. ) ;
#1793 = DIRECTION ( 'NONE',  ( 1.000000000000000000, -0.000000000000000000, -0.000000000000000000 ) ) ;
#1794 = DIRECTION ( 'NONE',  ( 0.7071067811865453523, 1.079438565345089156E-16, -0.7071067811865497932 ) ) ;
#1795 = AXIS2_PLACEMENT_3D ( 'NONE', #753, #1028, #769 ) ;
#1796 = CONICAL_SURFACE ( 'NONE', #1964, 2.500000000000000444, 0.7853981633974514986 ) ;
#1797 = ORIENTED_EDGE ( 'NONE', *, *, #2062, .T. ) ;
#1798 = EDGE_LOOP ( 'NONE', ( #797, #2262 ) ) ;
#1799 = VECTOR ( 'NONE', #240, 1000.000000000000000 ) ;
#1800 = VECTOR ( 'NONE', #2056, 1000.000000000000114 ) ;
#1801 = DIRECTION ( 'NONE',  ( -0.000000000000000000, -1.000000000000000000, -0.000000000000000000 ) ) ;
#1802 = CIRCLE ( 'NONE', #1532, 2.500000000000002220 ) ;
#1803 = AXIS2_PLACEMENT_3D ( 'NONE', #45, #1034, #235 ) ;
#1804 = ORIENTED_EDGE ( 'NONE', *, *, #944, .T. ) ;
#1805 = ORIENTED_EDGE ( 'NONE', *, *, #596, .T. ) ;
#1806 = ORIENTED_EDGE ( 'NONE', *, *, #307, .F. ) ;
#1807 = AXIS2_PLACEMENT_3D ( 'NONE', #888, #3012, #1106 ) ;
#1808 = CARTESIAN_POINT ( 'NONE',  ( -17.07106781186546840, -22.00000000000001421, 55.00000000000000711 ) ) ;
#1809 = CIRCLE ( 'NONE', #1200, 2.499999999999998668 ) ;
#1810 = CARTESIAN_POINT ( 'NONE',  ( 22.00000000000001421, 3.000000000000070166, 57.50000000000000711 ) ) ;
#1811 = ADVANCED_FACE ( 'NONE', ( #2660 ), #3164, .F. ) ;
#1812 = DIRECTION ( 'NONE',  ( -6.938893903907225912E-17, -6.938893903907225912E-17, -1.000000000000000000 ) ) ;
#1813 = CIRCLE ( 'NONE', #2916, 5.500000000000087930 ) ;
#1814 = CARTESIAN_POINT ( 'NONE',  ( 30.00000000000001421, 1.343037304221402333E-14, 156.7291473815157872 ) ) ;
#1815 = EDGE_CURVE ( 'NONE', #1903, #2486, #1835, .T. ) ;
#1816 = DIRECTION ( 'NONE',  ( -1.000000000000000000, -2.220446049250313081E-16, 6.938893903907225912E-17 ) ) ;
#1817 = DIRECTION ( 'NONE',  ( 0.000000000000000000, 1.000000000000000000, 0.000000000000000000 ) ) ;
#1818 = VECTOR ( 'NONE', #2513, 1000.000000000000000 ) ;
#1819 = EDGE_LOOP ( 'NONE', ( #107, #280, #1171, #2954 ) ) ;
#1820 = VERTEX_POINT ( 'NONE', #332 ) ;
#1821 = LINE ( 'NONE', #1767, #433 ) ;
#1822 = VERTEX_POINT ( 'NONE', #1321 ) ;
#1823 = ORIENTED_EDGE ( 'NONE', *, *, #2756, .T. ) ;
#1824 = DIRECTION ( 'NONE',  ( 0.000000000000000000, 0.000000000000000000, 1.000000000000000000 ) ) ;
#1825 = CONICAL_SURFACE ( 'NONE', #380, 2.500000000000002220, 0.7853981633974514986 ) ;
#1826 = DIRECTION ( 'NONE',  ( -8.659560562354962440E-17, -0.7071067811865452413, -0.7071067811865497932 ) ) ;
#1827 = DIRECTION ( 'NONE',  ( 1.000000000000000000, 2.220446049250313081E-16, -6.938893903907225912E-17 ) ) ;
#1828 = AXIS2_PLACEMENT_3D ( 'NONE', #106, #1159, #3284 ) ;
#1829 = DIRECTION ( 'NONE',  ( 0.000000000000000000, 0.000000000000000000, 1.000000000000000000 ) ) ;
#1830 = CARTESIAN_POINT ( 'NONE',  ( 22.00000000000001421, 9.999999999999998224, 57.50000000000000711 ) ) ;
#1831 = DATE_TIME_ROLE ( 'creation_date' ) ;
#1832 = ORIENTED_EDGE ( 'NONE', *, *, #209, .T. ) ;
#1833 = ORIENTED_EDGE ( 'NONE', *, *, #2568, .T. ) ;
#1834 = DIRECTION ( 'NONE',  ( 1.000000000000000000, 2.220446049250313081E-16, -6.938893903907225912E-17 ) ) ;
#1835 = LINE ( 'NONE', #581, #3257 ) ;
#1836 = APPLICATION_CONTEXT ( 'configuration controlled 3d designs of mechanical parts and assemblies' ) ;
#1837 = ADVANCED_FACE ( 'NONE', ( #559 ), #278, .F. ) ;
#1838 = EDGE_CURVE ( 'NONE', #2065, #130, #802, .T. ) ;
#1839 = ORIENTED_EDGE ( 'NONE', *, *, #2318, .F. ) ;
#1840 = ORIENTED_EDGE ( 'NONE', *, *, #2672, .F. ) ;
#1841 = DIRECTION ( 'NONE',  ( -0.000000000000000000, -1.000000000000000000, -0.000000000000000000 ) ) ;
#1842 = DIRECTION ( 'NONE',  ( -0.000000000000000000, -0.000000000000000000, -1.000000000000000000 ) ) ;
#1843 = DIRECTION ( 'NONE',  ( -0.000000000000000000, -1.000000000000000000, 0.000000000000000000 ) ) ;
#1844 = LINE ( 'NONE', #2932, #1852 ) ;
#1845 = APPROVAL_STATUS ( 'not_yet_approved' ) ;
#1846 = ADVANCED_FACE ( 'NONE', ( #1372 ), #2433, .F. ) ;
#1847 = EDGE_CURVE ( 'NONE', #653, #3019, #1813, .T. ) ;
#1848 = ORIENTED_EDGE ( 'NONE', *, *, #2983, .T. ) ;
#1849 = VERTEX_POINT ( 'NONE', #880 ) ;
#1850 = DIRECTION ( 'NONE',  ( -0.000000000000000000, -0.000000000000000000, -1.000000000000000000 ) ) ;
#1851 = DIRECTION ( 'NONE',  ( -0.000000000000000000, -1.000000000000000000, -0.000000000000000000 ) ) ;
#1852 = VECTOR ( 'NONE', #3158, 1000.000000000000114 ) ;
#1853 = ORIENTED_EDGE ( 'NONE', *, *, #1987, .F. ) ;
#1854 = CIRCLE ( 'NONE', #356, 2.500000000000001332 ) ;
#1855 = EDGE_LOOP ( 'NONE', ( #1636, #3145 ) ) ;
#1856 = CIRCLE ( 'NONE', #361, 2.499999999999998668 ) ;
#1857 = AXIS2_PLACEMENT_3D ( 'NONE', #1173, #3023, #649 ) ;
#1858 = AXIS2_PLACEMENT_3D ( 'NONE', #1762, #2832, #2553 ) ;
#1859 = LINE ( 'NONE', #2121, #108 ) ;
#1860 = AXIS2_PLACEMENT_3D ( 'NONE', #1146, #2962, #590 ) ;
#1861 = DIRECTION ( 'NONE',  ( 2.220446049250313081E-16, -1.000000000000000000, 6.938893903907225912E-17 ) ) ;
#1862 = VECTOR ( 'NONE', #237, 1000.000000000000000 ) ;
#1863 = CARTESIAN_POINT ( 'NONE',  ( 0.000000000000000000, 0.000000000000000000, 0.000000000000000000 ) ) ;
#1864 = AXIS2_PLACEMENT_3D ( 'NONE', #2546, #429, #339 ) ;
#1865 = AXIS2_PLACEMENT_3D ( 'NONE', #2298, #3351, #959 ) ;
#1866 = CARTESIAN_POINT ( 'NONE',  ( 0.000000000000000000, -30.00000000000000000, 3.000000000000002665 ) ) ;
#1867 = DIRECTION ( 'NONE',  ( 0.000000000000000000, 0.000000000000000000, -1.000000000000000000 ) ) ;
#1868 = DATE_AND_TIME ( #795, #1202 ) ;
#1869 = EDGE_LOOP ( 'NONE', ( #3430, #749 ) ) ;
#1870 = EDGE_LOOP ( 'NONE', ( #55, #3434 ) ) ;
#1871 = DIRECTION ( 'NONE',  ( 0.7071067811865453523, 1.079438565345089033E-16, 0.7071067811865497932 ) ) ;
#1872 = CARTESIAN_POINT ( 'NONE',  ( 0.000000000000000000, -25.00000000000002132, 3.000000000000002665 ) ) ;
#1873 = LINE ( 'NONE', #3404, #1073 ) ;
#1874 = ORIENTED_EDGE ( 'NONE', *, *, #2928, .T. ) ;
#1875 = ORIENTED_EDGE ( 'NONE', *, *, #1101, .T. ) ;
#1876 = EDGE_CURVE ( 'NONE', #756, #2337, #2497, .T. ) ;
#1877 = ADVANCED_FACE ( 'NONE', ( #404 ), #1972, .F. ) ;
#1878 = LINE ( 'NONE', #2944, #2615 ) ;
#1879 = LINE ( 'NONE', #3168, #412 ) ;
#1880 = EDGE_CURVE ( 'NONE', #977, #855, #3017, .T. ) ;
#1881 = CARTESIAN_POINT ( 'NONE',  ( 7.000000000000011546, 9.999999999999998224, 57.50000000000000000 ) ) ;
#1882 = DIRECTION ( 'NONE',  ( 1.000000000000000000, 2.220446049250313081E-16, 6.938893903907225912E-17 ) ) ;
#1883 = DATE_AND_TIME ( #830, #2708 ) ;
#1884 = ORIENTED_EDGE ( 'NONE', *, *, #2623, .F. ) ;
#1885 = EDGE_LOOP ( 'NONE', ( #3180, #2629, #2299, #3214, #179, #822 ) ) ;
#1886 = ORIENTED_EDGE ( 'NONE', *, *, #163, .T. ) ;
#1887 = CIRCLE ( 'NONE', #1394, 5.500000000000087930 ) ;
#1888 = DIRECTION ( 'NONE',  ( 0.000000000000000000, 0.000000000000000000, -1.000000000000000000 ) ) ;
#1889 = CARTESIAN_POINT ( 'NONE',  ( -10.00000000000000000, -30.00000000000000000, 230.0000000000000000 ) ) ;
#1890 = DIRECTION ( 'NONE',  ( -1.000000000000000000, -9.194034422677077600E-17, -6.938893903907224680E-17 ) ) ;
#1891 = DIRECTION ( 'NONE',  ( 0.000000000000000000, 0.000000000000000000, -1.000000000000000000 ) ) ;
#1892 = ORIENTED_EDGE ( 'NONE', *, *, #1574, .F. ) ;
#1893 = ORIENTED_EDGE ( 'NONE', *, *, #3382, .F. ) ;
#1894 = ORIENTED_EDGE ( 'NONE', *, *, #2435, .F. ) ;
#1895 = FACE_BOUND ( 'NONE', #3222, .T. ) ;
#1896 = ORIENTED_EDGE ( 'NONE', *, *, #3116, .T. ) ;
#1897 = EDGE_CURVE ( 'NONE', #3213, #2066, #1463, .T. ) ;
#1898 = EDGE_CURVE ( 'NONE', #1685, #11, #261, .T. ) ;
#1899 = DIRECTION ( 'NONE',  ( -0.000000000000000000, -1.000000000000000000, 0.000000000000000000 ) ) ;
#1900 = DIRECTION ( 'NONE',  ( 0.000000000000000000, 1.000000000000000000, 0.000000000000000000 ) ) ;
#1901 = DIRECTION ( 'NONE',  ( 0.000000000000000000, 0.000000000000000000, 1.000000000000000000 ) ) ;
#1902 = SECURITY_CLASSIFICATION_LEVEL ( 'unclassified' ) ;
#1903 = VERTEX_POINT ( 'NONE', #1436 ) ;
#1904 = ORIENTED_EDGE ( 'NONE', *, *, #824, .T. ) ;
#1905 = DIRECTION ( 'NONE',  ( 1.000000000000000000, 2.220446049250313081E-16, 0.000000000000000000 ) ) ;
#1906 = DIRECTION ( 'NONE',  ( 1.301042606982605321E-16, -1.000000000000000000, 0.000000000000000000 ) ) ;
#1907 = DIRECTION ( 'NONE',  ( 0.000000000000000000, 0.000000000000000000, 1.000000000000000000 ) ) ;
#1908 = EDGE_LOOP ( 'NONE', ( #3282, #3270, #479, #912 ) ) ;
#1909 = AXIS2_PLACEMENT_3D ( 'NONE', #3291, #1139, #868 ) ;
#1910 = DIRECTION ( 'NONE',  ( 0.000000000000000000, 0.000000000000000000, 1.000000000000000000 ) ) ;
#1911 = AXIS2_PLACEMENT_3D ( 'NONE', #732, #961, #2035 ) ;
#1912 = ORIENTED_EDGE ( 'NONE', *, *, #1940, .T. ) ;
#1913 = AXIS2_PLACEMENT_3D ( 'NONE', #2223, #1648, #659 ) ;
#1914 = DIRECTION ( 'NONE',  ( 0.000000000000000000, -1.000000000000000000, 0.000000000000000000 ) ) ;
#1915 = EDGE_CURVE ( 'NONE', #3151, #1271, #354, .T. ) ;
#1916 = DIRECTION ( 'NONE',  ( -0.000000000000000000, -1.000000000000000000, -0.000000000000000000 ) ) ;
#1917 = AXIS2_PLACEMENT_3D ( 'NONE', #3187, #2113, #2073 ) ;
#1918 = CIRCLE ( 'NONE', #2031, 2.500000000000009326 ) ;
#1919 = DIRECTION ( 'NONE',  ( 1.000000000000000000, 2.220446049250313081E-16, 6.938893903907225912E-17 ) ) ;
#1920 = ADVANCED_FACE ( 'NONE', ( #1726 ), #3040, .F. ) ;
#1921 = DIRECTION ( 'NONE',  ( 1.000000000000000000, 2.220446049250313081E-16, -6.938893903907225912E-17 ) ) ;
#1922 = ORIENTED_EDGE ( 'NONE', *, *, #1631, .T. ) ;
#1923 = ORIENTED_EDGE ( 'NONE', *, *, #3277, .T. ) ;
#1924 = DIRECTION ( 'NONE',  ( 1.000000000000000000, 2.220446049250313081E-16, -6.938893903907225912E-17 ) ) ;
#1925 = DIRECTION ( 'NONE',  ( 1.000000000000000000, -0.000000000000000000, 0.000000000000000000 ) ) ;
#1926 = CARTESIAN_POINT ( 'NONE',  ( 22.00000000000001421, 3.000000000000070166, 177.5000000000000000 ) ) ;
#1927 = ORIENTED_EDGE ( 'NONE', *, *, #612, .T. ) ;
#1928 = VERTEX_POINT ( 'NONE', #3058 ) ;
#1929 = FACE_BOUND ( 'NONE', #66, .T. ) ;
#1930 = VERTEX_POINT ( 'NONE', #2537 ) ;
#1931 = DIRECTION ( 'NONE',  ( 0.000000000000000000, -1.000000000000000000, 0.000000000000000000 ) ) ;
#1932 = CARTESIAN_POINT ( 'NONE',  ( -17.07106781186547551, -7.000000000000014211, 217.5000000000000000 ) ) ;
#1933 = ORIENTED_EDGE ( 'NONE', *, *, #2754, .T. ) ;
#1934 = EDGE_CURVE ( 'NONE', #3300, #1643, #2484, .T. ) ;
#1935 = EDGE_CURVE ( 'NONE', #577, #2247, #2213, .T. ) ;
#1936 = CYLINDRICAL_SURFACE ( 'NONE', #3136, 2.500000000000002220 ) ;
#1937 = VECTOR ( 'NONE', #807, 1000.000000000000000 ) ;
#1938 = DIRECTION ( 'NONE',  ( 0.000000000000000000, 0.000000000000000000, -1.000000000000000000 ) ) ;
#1939 = CARTESIAN_POINT ( 'NONE',  ( 15.00000000000000000, 10.00000000000002309, 117.0000000000000000 ) ) ;
#1940 = EDGE_CURVE ( 'NONE', #1733, #839, #2782, .T. ) ;
#1941 = DIRECTION ( 'NONE',  ( 1.000000000000000000, -0.000000000000000000, -0.000000000000000000 ) ) ;
#1942 = AXIS2_PLACEMENT_3D ( 'NONE', #3114, #2558, #491 ) ;
#1943 = ORIENTED_EDGE ( 'NONE', *, *, #1539, .T. ) ;
#1944 = ORIENTED_EDGE ( 'NONE', *, *, #1408, .T. ) ;
#1945 = CARTESIAN_POINT ( 'NONE',  ( 7.000000000000011546, 0.000000000000000000, 220.5000000000000284 ) ) ;
#1946 = EDGE_CURVE ( 'NONE', #407, #2661, #343, .T. ) ;
#1947 = EDGE_CURVE ( 'NONE', #3010, #78, #2364, .T. ) ;
#1948 = ORIENTED_EDGE ( 'NONE', *, *, #860, .T. ) ;
#1949 = DIRECTION ( 'NONE',  ( 1.932977587517013408E-16, 6.938893903907228378E-17, 1.000000000000000000 ) ) ;
#1950 = CARTESIAN_POINT ( 'NONE',  ( -3.000000000000000000, 0.000000000000000000, 227.0000000000000000 ) ) ;
#1951 = EDGE_LOOP ( 'NONE', ( #2816, #2027, #2960, #917 ) ) ;
#1952 = CARTESIAN_POINT ( 'NONE',  ( -2.928932188134489412, 10.00000000000000000, 123.0000000000000000 ) ) ;
#1953 = CARTESIAN_POINT ( 'NONE',  ( 17.50000000000000711, 10.00000000000002309, 117.0000000000000000 ) ) ;
#1954 = CARTESIAN_POINT ( 'NONE',  ( 30.00000000000000000, 3.000000000000000000, 3.000000000000002665 ) ) ;
#1955 = EDGE_CURVE ( 'NONE', #2284, #1111, #3405, .T. ) ;
#1956 = EDGE_CURVE ( 'NONE', #1045, #1179, #2748, .T. ) ;
#1957 = ORIENTED_EDGE ( 'NONE', *, *, #1550, .F. ) ;
#1958 = DIRECTION ( 'NONE',  ( 0.000000000000000000, 0.000000000000000000, 1.000000000000000000 ) ) ;
#1959 = EDGE_CURVE ( 'NONE', #1179, #12, #1668, .T. ) ;
#1960 = VERTEX_POINT ( 'NONE', #2765 ) ;
#1961 = VECTOR ( 'NONE', #1649, 1000.000000000000000 ) ;
#1962 = DIRECTION ( 'NONE',  ( -1.000000000000000000, -2.220446049250313081E-16, -6.938893903907225912E-17 ) ) ;
#1963 = FACE_OUTER_BOUND ( 'NONE', #2162, .T. ) ;
#1964 = AXIS2_PLACEMENT_3D ( 'NONE', #3410, #1603, #1867 ) ;
#1965 = VECTOR ( 'NONE', #432, 1000.000000000000114 ) ;
#1966 = CIRCLE ( 'NONE', #738, 5.500000000000087930 ) ;
#1967 = CYLINDRICAL_SURFACE ( 'NONE', #2811, 2.500000000000000444 ) ;
#1968 = VECTOR ( 'NONE', #1257, 1000.000000000000000 ) ;
#1969 = ORIENTED_EDGE ( 'NONE', *, *, #504, .T. ) ;
#1970 = PLANE ( 'NONE',  #624 ) ;
#1971 = CIRCLE ( 'NONE', #1528, 2.499999999999998668 ) ;
#1972 = PLANE ( 'NONE',  #3316 ) ;
#1973 = DIRECTION ( 'NONE',  ( 0.000000000000000000, 0.000000000000000000, -1.000000000000000000 ) ) ;
#1974 = VECTOR ( 'NONE', #1128, 1000.000000000000000 ) ;
#1975 = ORIENTED_EDGE ( 'NONE', *, *, #2416, .T. ) ;
#1976 = EDGE_LOOP ( 'NONE', ( #2144, #1340, #1823, #3265 ) ) ;
#1977 = SECURITY_CLASSIFICATION ( '', '', #1902 ) ;
#1978 = CONICAL_SURFACE ( 'NONE', #475, 2.500000000000002220, 0.7853981633974514986 ) ;
#1979 = DIRECTION ( 'NONE',  ( 0.000000000000000000, -6.938893903907238238E-17, -1.000000000000000000 ) ) ;
#1980 = DIRECTION ( 'NONE',  ( 1.000000000000000000, 0.000000000000000000, 0.000000000000000000 ) ) ;
#1981 = ORIENTED_EDGE ( 'NONE', *, *, #3321, .F. ) ;
#1982 = EDGE_CURVE ( 'NONE', #1459, #1172, #569, .T. ) ;
#1983 = EDGE_CURVE ( 'NONE', #2994, #2613, #893, .T. ) ;
#1984 = LINE ( 'NONE', #654, #368 ) ;
#1985 = DIRECTION ( 'NONE',  ( -0.000000000000000000, -0.000000000000000000, -1.000000000000000000 ) ) ;
#1986 = DIRECTION ( 'NONE',  ( 0.000000000000000000, 0.000000000000000000, -1.000000000000000000 ) ) ;
#1987 = EDGE_CURVE ( 'NONE', #3338, #2061, #2135, .T. ) ;
#1988 = ORIENTED_EDGE ( 'NONE', *, *, #2493, .T. ) ;
#1989 = FACE_BOUND ( 'NONE', #2763, .T. ) ;
#1990 = CARTESIAN_POINT ( 'NONE',  ( -10.00000000000000000, 10.00000000000000178, 107.0000000000000142 ) ) ;
#1991 = CARTESIAN_POINT ( 'NONE',  ( 22.00000000000001421, 17.07106781186547551, 172.5000000000000000 ) ) ;
#1992 = ORIENTED_EDGE ( 'NONE', *, *, #531, .T. ) ;
#1993 = DIRECTION ( 'NONE',  ( 1.000000000000000000, 2.220446049250313081E-16, -6.938893903907225912E-17 ) ) ;
#1994 = ORIENTED_EDGE ( 'NONE', *, *, #2435, .T. ) ;
#1995 = AXIS2_PLACEMENT_3D ( 'NONE', #1213, #90, #650 ) ;
#1996 = LINE ( 'NONE', #76, #1691 ) ;
#1997 = DIRECTION ( 'NONE',  ( 1.000000000000000000, 0.000000000000000000, 0.000000000000000000 ) ) ;
#1998 = EDGE_CURVE ( 'NONE', #3077, #2323, #1763, .T. ) ;
#1999 = EDGE_CURVE ( 'NONE', #589, #2967, #675, .T. ) ;
#2000 = ORIENTED_EDGE ( 'NONE', *, *, #2822, .F. ) ;
#2001 = CARTESIAN_POINT ( 'NONE',  ( -2.999999999999982681, -7.000000000000011546, 15.00000000000000000 ) ) ;
#2002 = VERTEX_POINT ( 'NONE', #2043 ) ;
#2003 = DIRECTION ( 'NONE',  ( 0.000000000000000000, 1.000000000000000000, 0.000000000000000000 ) ) ;
#2004 = DIRECTION ( 'NONE',  ( 6.938893903907228378E-17, 0.000000000000000000, -1.000000000000000000 ) ) ;
#2005 = LINE ( 'NONE', #83, #523 ) ;
#2006 = ORIENTED_EDGE ( 'NONE', *, *, #392, .F. ) ;
#2007 = LINE ( 'NONE', #1144, #1656 ) ;
#2008 = ORIENTED_EDGE ( 'NONE', *, *, #944, .F. ) ;
#2009 = ORIENTED_EDGE ( 'NONE', *, *, #1982, .T. ) ;
#2010 = DIRECTION ( 'NONE',  ( 0.000000000000000000, 0.000000000000000000, -1.000000000000000000 ) ) ;
#2011 = CARTESIAN_POINT ( 'NONE',  ( -2.999999999999982681, -7.000000000000011546, 15.00000000000000000 ) ) ;
#2012 = AXIS2_PLACEMENT_3D ( 'NONE', #1481, #1181, #157 ) ;
#2013 = EDGE_CURVE ( 'NONE', #2898, #3019, #2881, .T. ) ;
#2014 = VECTOR ( 'NONE', #2554, 1000.000000000000000 ) ;
#2015 = CARTESIAN_POINT ( 'NONE',  ( 30.00000000000000000, 10.00000000000000000, 123.0000000000000000 ) ) ;
#2016 = LINE ( 'NONE', #2307, #1515 ) ;
#2017 = VECTOR ( 'NONE', #68, 1000.000000000000000 ) ;
#2018 = VERTEX_POINT ( 'NONE', #188 ) ;
#2019 = CIRCLE ( 'NONE', #737, 5.500000000000005329 ) ;
#2020 = EDGE_CURVE ( 'NONE', #154, #952, #2807, .T. ) ;
#2021 = AXIS2_PLACEMENT_3D ( 'NONE', #3196, #1834, #2937 ) ;
#2022 = EDGE_CURVE ( 'NONE', #1595, #1760, #2277, .T. ) ;
#2023 = CARTESIAN_POINT ( 'NONE',  ( 7.000000000000011546, 0.000000000000000000, 15.00000000000000000 ) ) ;
#2024 = DIRECTION ( 'NONE',  ( 4.336808689942018352E-17, -1.000000000000000000, 0.000000000000000000 ) ) ;
#2025 = CARTESIAN_POINT ( 'NONE',  ( 7.000000000000011546, 2.999999999999985345, 55.00000000000000000 ) ) ;
#2026 = AXIS2_PLACEMENT_3D ( 'NONE', #398, #1219, #2055 ) ;
#2027 = ORIENTED_EDGE ( 'NONE', *, *, #1056, .T. ) ;
#2028 = VECTOR ( 'NONE', #2895, 1000.000000000000000 ) ;
#2029 = ORIENTED_EDGE ( 'NONE', *, *, #1166, .T. ) ;
#2030 = AXIS2_PLACEMENT_3D ( 'NONE', #50, #3312, #132 ) ;
#2031 = AXIS2_PLACEMENT_3D ( 'NONE', #2214, #133, #2538 ) ;
#2032 = CARTESIAN_POINT ( 'NONE',  ( -40.00000000000000000, -15.00000000000000000, 200.0000000000000000 ) ) ;
#2033 = LOCAL_TIME ( 10, 29, 37.00000000000000000, #3211 ) ;
#2034 = EDGE_LOOP ( 'NONE', ( #2352, #3333, #3045, #17 ) ) ;
#2035 = DIRECTION ( 'NONE',  ( -1.000000000000000000, 0.000000000000000000, 0.000000000000000000 ) ) ;
#2036 = DIRECTION ( 'NONE',  ( 2.220446049250313081E-16, -1.000000000000000000, 6.938893903907224680E-17 ) ) ;
#2037 = DIRECTION ( 'NONE',  ( -4.336808689942018352E-17, 1.000000000000000000, 0.000000000000000000 ) ) ;
#2038 = DIRECTION ( 'NONE',  ( 0.000000000000000000, 0.000000000000000000, -1.000000000000000000 ) ) ;
#2039 = ORIENTED_EDGE ( 'NONE', *, *, #1346, .T. ) ;
#2040 = DIRECTION ( 'NONE',  ( 1.000000000000000000, 2.220446049250313081E-16, 6.938893903907225912E-17 ) ) ;
#2041 = CIRCLE ( 'NONE', #1325, 2.499999999999998668 ) ;
#2042 = DIRECTION ( 'NONE',  ( 0.000000000000000000, 4.336808689942014655E-17, -1.000000000000000000 ) ) ;
#2043 = CARTESIAN_POINT ( 'NONE',  ( -1.500000000000000666, 10.00000000000000178, 93.82286845378943951 ) ) ;
#2044 = CARTESIAN_POINT ( 'NONE',  ( 25.00000000000003197, 9.019883990501569814E-15, 50.39022777135348719 ) ) ;
#2045 = EDGE_CURVE ( 'NONE', #2002, #1930, #710, .T. ) ;
#2046 = ORIENTED_EDGE ( 'NONE', *, *, #2203, .F. ) ;
#2047 =( BOUNDED_CURVE ( )  B_SPLINE_CURVE ( 3, ( #1661, #874, #616, #2439 ),
 .UNSPECIFIED., .F., .F. ) 
 B_SPLINE_CURVE_WITH_KNOTS ( ( 4, 4 ),
 ( 4.712388980384689674, 6.283185307179586232 ),
 .UNSPECIFIED. ) 
 CURVE ( )  GEOMETRIC_REPRESENTATION_ITEM ( )  RATIONAL_B_SPLINE_CURVE ( ( 1.000000000000000000, 0.8047378541243649375, 0.8047378541243649375, 1.000000000000000000 ) ) 
 REPRESENTATION_ITEM ( '' )  );
#2048 = DIRECTION ( 'NONE',  ( 1.000000000000000000, -0.000000000000000000, -0.000000000000000000 ) ) ;
#2049 = VERTEX_POINT ( 'NONE', #2818 ) ;
#2050 = ORIENTED_EDGE ( 'NONE', *, *, #851, .F. ) ;
#2051 = EDGE_CURVE ( 'NONE', #2065, #1326, #3073, .T. ) ;
#2052 = EDGE_CURVE ( 'NONE', #223, #1711, #3296, .T. ) ;
#2053 = CARTESIAN_POINT ( 'NONE',  ( 7.000000000000011546, 2.999999999999985345, 215.0000000000000284 ) ) ;
#2054 = CARTESIAN_POINT ( 'NONE',  ( 25.00000000000002132, -4.999999999999994671, 3.000000000000001332 ) ) ;
#2055 = DIRECTION ( 'NONE',  ( 0.000000000000000000, 0.000000000000000000, -1.000000000000000000 ) ) ;
#2056 = DIRECTION ( 'NONE',  ( 0.7071067811865453523, 2.926702408257947191E-16, 0.7071067811865497932 ) ) ;
#2057 = CIRCLE ( 'NONE', #551, 2.500000000000002220 ) ;
#2058 = DIRECTION ( 'NONE',  ( 1.000000000000000000, 9.194034422677077600E-17, -6.938893903907224680E-17 ) ) ;
#2059 = CARTESIAN_POINT ( 'NONE',  ( 7.000000000000011546, 2.999999999999985345, 55.00000000000000000 ) ) ;
#2060 = EDGE_LOOP ( 'NONE', ( #767, #319, #275, #379 ) ) ;
#2061 = VERTEX_POINT ( 'NONE', #435 ) ;
#2062 = EDGE_CURVE ( 'NONE', #2976, #3334, #420, .T. ) ;
#2063 = CYLINDRICAL_SURFACE ( 'NONE', #232, 2.500000000000002220 ) ;
#2064 = ORIENTED_EDGE ( 'NONE', *, *, #1880, .F. ) ;
#2065 = VERTEX_POINT ( 'NONE', #1502 ) ;
#2066 = VERTEX_POINT ( 'NONE', #930 ) ;
#2067 = EDGE_CURVE ( 'NONE', #3181, #526, #3247, .T. ) ;
#2068 = DIRECTION ( 'NONE',  ( -6.938893903907225912E-17, -6.938893903907225912E-17, -1.000000000000000000 ) ) ;
#2069 = CARTESIAN_POINT ( 'NONE',  ( 7.000000000000011546, 2.999999999999985345, 172.5000000000000284 ) ) ;
#2070 = ORIENTED_EDGE ( 'NONE', *, *, #2338, .F. ) ;
#2071 = DIRECTION ( 'NONE',  ( 0.000000000000000000, -1.000000000000000000, 0.000000000000000000 ) ) ;
#2072 = LINE ( 'NONE', #1482, #1360 ) ;
#2073 = DIRECTION ( 'NONE',  ( 0.000000000000000000, 0.000000000000000000, -1.000000000000000000 ) ) ;
#2074 = CARTESIAN_POINT ( 'NONE',  ( -9.999999999999992895, -7.000000000000010658, 175.0000000000000284 ) ) ;
#2075 = CARTESIAN_POINT ( 'NONE',  ( 0.000000000000000000, -25.00000000000004974, 227.0000000000000000 ) ) ;
#2076 = VECTOR ( 'NONE', #2040, 1000.000000000000000 ) ;
#2077 = ORIENTED_EDGE ( 'NONE', *, *, #1585, .F. ) ;
#2078 = ORIENTED_EDGE ( 'NONE', *, *, #392, .T. ) ;
#2079 = VECTOR ( 'NONE', #2397, 1000.000000000000000 ) ;
#2080 = AXIS2_PLACEMENT_3D ( 'NONE', #2011, #979, #3356 ) ;
#2081 = CARTESIAN_POINT ( 'NONE',  ( 14.99999999999999289, 40.00000000000000000, 29.99999999999998224 ) ) ;
#2082 = DESIGN_CONTEXT ( 'detailed design', #2441, 'design' ) ;
#2083 = VECTOR ( 'NONE', #3337, 1000.000000000000000 ) ;
#2084 = VECTOR ( 'NONE', #1315, 1000.000000000000000 ) ;
#2085 = ORIENTED_EDGE ( 'NONE', *, *, #1391, .T. ) ;
#2086 = EDGE_LOOP ( 'NONE', ( #2192, #2959, #544, #1350, #1749 ) ) ;
#2087 = CARTESIAN_POINT ( 'NONE',  ( -3.000000000000000000, -30.00000000000000000, 0.000000000000000000 ) ) ;
#2088 = VECTOR ( 'NONE', #1702, 1000.000000000000000 ) ;
#2089 = CARTESIAN_POINT ( 'NONE',  ( 25.00000000000006750, -4.999999999999979572, 227.0000000000000000 ) ) ;
#2090 = VECTOR ( 'NONE', #1421, 1000.000000000000114 ) ;
#2091 = DIRECTION ( 'NONE',  ( 0.000000000000000000, -0.7071067811865453523, 0.7071067811865497932 ) ) ;
#2092 = ADVANCED_FACE ( 'NONE', ( #3345 ), #3142, .T. ) ;
#2093 = FACE_OUTER_BOUND ( 'NONE', #3002, .T. ) ;
#2094 = DIRECTION ( 'NONE',  ( 0.000000000000000000, 0.000000000000000000, -1.000000000000000000 ) ) ;
#2095 = CARTESIAN_POINT ( 'NONE',  ( 7.000000000000011546, 17.07106781186547551, 175.0000000000000284 ) ) ;
#2096 = EDGE_CURVE ( 'NONE', #1379, #1471, #3378, .T. ) ;
#2097 = DIRECTION ( 'NONE',  ( 0.000000000000000000, 0.000000000000000000, 1.000000000000000000 ) ) ;
#2098 = DIRECTION ( 'NONE',  ( 0.000000000000000000, -1.000000000000000000, 0.000000000000000000 ) ) ;
#2099 = EDGE_LOOP ( 'NONE', ( #1351, #601, #2741, #385, #2000, #1724, #1165, #2849, #2887, #165 ) ) ;
#2100 = VERTEX_POINT ( 'NONE', #982 ) ;
#2101 = CARTESIAN_POINT ( 'NONE',  ( 25.00000000000003197, 9.659618398816695290E-15, 59.60977222864653413 ) ) ;
#2102 = FACE_BOUND ( 'NONE', #2176, .T. ) ;
#2103 = ORIENTED_EDGE ( 'NONE', *, *, #1550, .T. ) ;
#2104 = ORIENTED_EDGE ( 'NONE', *, *, #334, .T. ) ;
#2105 = ORIENTED_EDGE ( 'NONE', *, *, #2250, .F. ) ;
#2106 = LINE ( 'NONE', #2089, #2730 ) ;
#2107 = ORIENTED_EDGE ( 'NONE', *, *, #3115, .T. ) ;
#2108 = PLANE ( 'NONE',  #2195 ) ;
#2109 = VECTOR ( 'NONE', #1599, 1000.000000000000000 ) ;
#2110 = ADVANCED_FACE ( 'NONE', ( #2570 ), #306, .F. ) ;
#2111 = CARTESIAN_POINT ( 'NONE',  ( -3.000000000000061728, -22.00000000000001066, 175.0000000000000000 ) ) ;
#2112 = EDGE_CURVE ( 'NONE', #154, #1368, #693, .T. ) ;
#2113 = DIRECTION ( 'NONE',  ( 1.000000000000000000, -0.000000000000000000, -0.000000000000000000 ) ) ;
#2114 = CYLINDRICAL_SURFACE ( 'NONE', #247, 2.500000000000002220 ) ;
#2115 = VERTEX_POINT ( 'NONE', #2867 ) ;
#2116 = EDGE_LOOP ( 'NONE', ( #1468, #1933, #1266, #238 ) ) ;
#2117 = CARTESIAN_POINT ( 'NONE',  ( 1.110223024625156540E-15, -5.000000000000000000, 3.469446951953612710E-16 ) ) ;
#2118 = DIRECTION ( 'NONE',  ( 0.000000000000000000, -6.938893903907228378E-17, 1.000000000000000000 ) ) ;
#2119 = ORIENTED_EDGE ( 'NONE', *, *, #1898, .T. ) ;
#2120 = ORIENTED_EDGE ( 'NONE', *, *, #1430, .T. ) ;
#2121 = CARTESIAN_POINT ( 'NONE',  ( -40.00000000000000000, -15.00000000000000000, 29.99999999999998934 ) ) ;
#2122 = CYLINDRICAL_SURFACE ( 'NONE', #304, 2.499999999999998668 ) ;
#2123 = DIRECTION ( 'NONE',  ( -0.000000000000000000, -1.000000000000000000, -0.000000000000000000 ) ) ;
#2124 = CYLINDRICAL_SURFACE ( 'NONE', #1917, 2.499999999999998668 ) ;
#2125 = DIRECTION ( 'NONE',  ( 1.932977587517013408E-16, 6.938893903907228378E-17, 1.000000000000000000 ) ) ;
#2126 = DIRECTION ( 'NONE',  ( 0.000000000000000000, 0.000000000000000000, 1.000000000000000000 ) ) ;
#2127 = ORIENTED_EDGE ( 'NONE', *, *, #942, .F. ) ;
#2128 = ORIENTED_EDGE ( 'NONE', *, *, #2667, .T. ) ;
#2129 = EDGE_LOOP ( 'NONE', ( #776, #984, #648, #126 ) ) ;
#2130 = EDGE_CURVE ( 'NONE', #1685, #3338, #3366, .T. ) ;
#2131 = EDGE_CURVE ( 'NONE', #2061, #2837, #1537, .T. ) ;
#2132 = AXIS2_PLACEMENT_3D ( 'NONE', #2904, #991, #512 ) ;
#2133 = CARTESIAN_POINT ( 'NONE',  ( -9.999999999999992895, -7.000000000000008882, 177.5000000000000284 ) ) ;
#2134 = DIRECTION ( 'NONE',  ( 1.000000000000000000, 0.000000000000000000, -0.000000000000000000 ) ) ;
#2135 = CIRCLE ( 'NONE', #842, 2.500000000000002220 ) ;
#2136 = ORIENTED_EDGE ( 'NONE', *, *, #712, .F. ) ;
#2137 = CIRCLE ( 'NONE', #2197, 2.500000000000000444 ) ;
#2138 = ORIENTED_EDGE ( 'NONE', *, *, #1332, .F. ) ;
#2139 = AXIS2_PLACEMENT_3D ( 'NONE', #3000, #1109, #606 ) ;
#2140 = VECTOR ( 'NONE', #1204, 1000.000000000000000 ) ;
#2141 = VECTOR ( 'NONE', #290, 1000.000000000000000 ) ;
#2142 = LINE ( 'NONE', #3204, #1937 ) ;
#2143 = VECTOR ( 'NONE', #1899, 1000.000000000000000 ) ;
#2144 = ORIENTED_EDGE ( 'NONE', *, *, #1281, .F. ) ;
#2145 = DIRECTION ( 'NONE',  ( 0.000000000000000000, 0.000000000000000000, -1.000000000000000000 ) ) ;
#2146 = PLANE ( 'NONE',  #1004 ) ;
#2147 = CARTESIAN_POINT ( 'NONE',  ( 7.000000000000011546, 2.999999999999985345, 217.5000000000000284 ) ) ;
#2148 = VECTOR ( 'NONE', #3124, 1000.000000000000000 ) ;
#2149 = CARTESIAN_POINT ( 'NONE',  ( -10.00000000000000000, -19.63145827052857229, 220.9407540703376469 ) ) ;
#2150 = DIRECTION ( 'NONE',  ( 0.000000000000000000, 0.000000000000000000, -1.000000000000000000 ) ) ;
#2151 = PERSON_AND_ORGANIZATION_ROLE ( 'creator' ) ;
#2152 = ORIENTED_EDGE ( 'NONE', *, *, #367, .F. ) ;
#2153 = EDGE_LOOP ( 'NONE', ( #639, #1090, #3173, #664, #2374, #3289 ) ) ;
#2154 = LINE ( 'NONE', #1039, #2861 ) ;
#2155 = CARTESIAN_POINT ( 'NONE',  ( 25.00000000000005329, 0.000000000000000000, 170.3902277713534659 ) ) ;
#2156 = DIRECTION ( 'NONE',  ( 1.000000000000000000, 2.220446049250313081E-16, 6.938893903907225912E-17 ) ) ;
#2157 = EDGE_CURVE ( 'NONE', #2989, #2066, #2522, .T. ) ;
#2158 = EDGE_CURVE ( 'NONE', #511, #2550, #2896, .T. ) ;
#2159 = VERTEX_POINT ( 'NONE', #2965 ) ;
#2160 = ORIENTED_EDGE ( 'NONE', *, *, #3380, .F. ) ;
#2161 = PLANE ( 'NONE',  #3273 ) ;
#2162 = EDGE_LOOP ( 'NONE', ( #928, #87 ) ) ;
#2163 = EDGE_CURVE ( 'NONE', #715, #1903, #1333, .T. ) ;
#2164 = DIRECTION ( 'NONE',  ( 0.000000000000000000, -0.7071067811865452413, 0.7071067811865497932 ) ) ;
#2165 = LINE ( 'NONE', #2184, #1757 ) ;
#2166 = CARTESIAN_POINT ( 'NONE',  ( 7.000000000000011546, 2.999999999999985345, 52.50000000000000000 ) ) ;
#2167 = CARTESIAN_POINT ( 'NONE',  ( 7.000000000000011546, 2.999999999999985345, 12.49999999999999822 ) ) ;
#2168 = APPROVAL_DATE_TIME ( #1868, #1397 ) ;
#2169 = EDGE_LOOP ( 'NONE', ( #1894, #2676, #1853, #2267 ) ) ;
#2170 = VERTEX_POINT ( 'NONE', #1295 ) ;
#2171 = CIRCLE ( 'NONE', #658, 5.500000000000005329 ) ;
#2172 = PLANE ( 'NONE',  #86 ) ;
#2173 = DIRECTION ( 'NONE',  ( 0.000000000000000000, -1.239088197126290817E-16, 1.000000000000000000 ) ) ;
#2174 = CARTESIAN_POINT ( 'NONE',  ( 7.000000000000011546, 0.000000000000000000, 175.0000000000000284 ) ) ;
#2175 = ORIENTED_EDGE ( 'NONE', *, *, #2181, .T. ) ;
#2176 = EDGE_LOOP ( 'NONE', ( #1323, #262 ) ) ;
#2177 = ADVANCED_FACE ( 'NONE', ( #536 ), #2114, .F. ) ;
#2178 = VECTOR ( 'NONE', #1094, 1000.000000000000000 ) ;
#2179 = FACE_BOUND ( 'NONE', #1798, .T. ) ;
#2180 = ORIENTED_EDGE ( 'NONE', *, *, #2163, .F. ) ;
#2181 = EDGE_CURVE ( 'NONE', #2852, #1450, #459, .T. ) ;
#2182 = DIRECTION ( 'NONE',  ( 0.000000000000000000, 0.000000000000000000, -1.000000000000000000 ) ) ;
#2183 = DIRECTION ( 'NONE',  ( 0.000000000000000000, 0.000000000000000000, -1.000000000000000000 ) ) ;
#2184 = CARTESIAN_POINT ( 'NONE',  ( 25.00000000000006750, -4.999999999999979572, 227.0000000000000000 ) ) ;
#2185 = LINE ( 'NONE', #115, #140 ) ;
#2186 = COORDINATED_UNIVERSAL_TIME_OFFSET ( 1, 0, .AHEAD. ) ;
#2187 = ORIENTED_EDGE ( 'NONE', *, *, #2096, .T. ) ;
#2188 = ORIENTED_EDGE ( 'NONE', *, *, #3008, .F. ) ;
#2189 = CARTESIAN_POINT ( 'NONE',  ( 7.000000000000011546, 9.999999999999998224, 15.00000000000000000 ) ) ;
#2190 = CARTESIAN_POINT ( 'NONE',  ( 7.000000000000011546, 17.07106781186547551, 12.49999999999999822 ) ) ;
#2191 = DIRECTION ( 'NONE',  ( 0.000000000000000000, -1.000000000000000000, 0.000000000000000000 ) ) ;
#2192 = ORIENTED_EDGE ( 'NONE', *, *, #1344, .F. ) ;
#2193 = AXIS2_PLACEMENT_3D ( 'NONE', #2673, #501, #2150 ) ;
#2194 = DIRECTION ( 'NONE',  ( -0.000000000000000000, -0.000000000000000000, -1.000000000000000000 ) ) ;
#2195 = AXIS2_PLACEMENT_3D ( 'NONE', #215, #4, #1812 ) ;
#2196 = CIRCLE ( 'NONE', #1305, 2.499999999999998668 ) ;
#2197 = AXIS2_PLACEMENT_3D ( 'NONE', #1299, #2412, #2384 ) ;
#2198 = AXIS2_PLACEMENT_3D ( 'NONE', #2564, #182, #1455 ) ;
#2199 = LINE ( 'NONE', #3260, #1415 ) ;
#2200 = AXIS2_PLACEMENT_3D ( 'NONE', #2347, #2071, #2403 ) ;
#2201 = ADVANCED_FACE ( 'NONE', ( #2635 ), #3186, .F. ) ;
#2202 = AXIS2_PLACEMENT_3D ( 'NONE', #2023, #2003, #971 ) ;
#2203 = EDGE_CURVE ( 'NONE', #1282, #2389, #258, .T. ) ;
#2204 = ADVANCED_FACE ( 'NONE', ( #794 ), #1796, .F. ) ;
#2205 = FACE_OUTER_BOUND ( 'NONE', #2116, .T. ) ;
#2206 = DIRECTION ( 'NONE',  ( 0.000000000000000000, 0.000000000000000000, -1.000000000000000000 ) ) ;
#2207 = DIRECTION ( 'NONE',  ( 2.220446049250313081E-16, -1.000000000000000000, 6.938893903907224680E-17 ) ) ;
#2208 = VECTOR ( 'NONE', #167, 1000.000000000000000 ) ;
#2209 = ORIENTED_EDGE ( 'NONE', *, *, #3053, .T. ) ;
#2210 = LINE ( 'NONE', #1665, #21 ) ;
#2211 = EDGE_CURVE ( 'NONE', #411, #3077, #2633, .T. ) ;
#2212 = LINE ( 'NONE', #2448, #2529 ) ;
#2213 = LINE ( 'NONE', #2190, #194 ) ;
#2214 = CARTESIAN_POINT ( 'NONE',  ( -10.00000000000000888, -14.99999999999999289, 117.0000000000000000 ) ) ;
#2215 = ORIENTED_EDGE ( 'NONE', *, *, #1741, .F. ) ;
#2216 = ORIENTED_EDGE ( 'NONE', *, *, #1791, .F. ) ;
#2217 = DIRECTION ( 'NONE',  ( 0.000000000000000000, 1.000000000000000000, 0.000000000000000000 ) ) ;
#2218 = DIRECTION ( 'NONE',  ( 6.938893903907228378E-17, 0.000000000000000000, 1.000000000000000000 ) ) ;
#2219 = ORIENTED_EDGE ( 'NONE', *, *, #603, .F. ) ;
#2220 = EDGE_CURVE ( 'NONE', #1471, #1038, #24, .T. ) ;
#2221 = ADVANCED_FACE ( 'NONE', ( #829 ), #3083, .F. ) ;
#2222 = FACE_OUTER_BOUND ( 'NONE', #3126, .T. ) ;
#2223 = CARTESIAN_POINT ( 'NONE',  ( 22.00000000000001421, 3.000000000000070166, 55.00000000000000711 ) ) ;
#2224 = VECTOR ( 'NONE', #3133, 1000.000000000000000 ) ;
#2225 = ORIENTED_EDGE ( 'NONE', *, *, #2793, .F. ) ;
#2226 = CARTESIAN_POINT ( 'NONE',  ( 0.000000000000000000, 0.000000000000000000, 230.0000000000000000 ) ) ;
#2227 = DIRECTION ( 'NONE',  ( 1.301042606982605321E-16, -1.000000000000000000, 0.000000000000000000 ) ) ;
#2228 = CARTESIAN_POINT ( 'NONE',  ( -1.500000000000000666, 10.00000000000000178, 93.82286845378943951 ) ) ;
#2229 = CC_DESIGN_PERSON_AND_ORGANIZATION_ASSIGNMENT ( #259, #1317, ( #3037 ) ) ;
#2230 = ORIENTED_EDGE ( 'NONE', *, *, #1442, .F. ) ;
#2231 = ORIENTED_EDGE ( 'NONE', *, *, #1983, .T. ) ;
#2232 = LINE ( 'NONE', #2281, #283 ) ;
#2233 = CARTESIAN_POINT ( 'NONE',  ( -2.999999999999979572, -7.000000000000008882, 52.50000000000000000 ) ) ;
#2234 = CARTESIAN_POINT ( 'NONE',  ( 5.000000000000000000, -30.00000000000000000, 3.000000000000002665 ) ) ;
#2235 = DIRECTION ( 'NONE',  ( 1.000000000000000000, 2.220446049250313081E-16, 6.938893903907225912E-17 ) ) ;
#2236 = DIRECTION ( 'NONE',  ( 0.000000000000000000, -1.000000000000000000, -0.000000000000000000 ) ) ;
#2237 = ORIENTED_EDGE ( 'NONE', *, *, #596, .F. ) ;
#2238 = DIRECTION ( 'NONE',  ( 0.000000000000000000, 0.000000000000000000, -1.000000000000000000 ) ) ;
#2239 = CARTESIAN_POINT ( 'NONE',  ( 8.701372955499665963E-15, -22.00000000000001066, 55.00000000000000711 ) ) ;
#2240 = DIRECTION ( 'NONE',  ( 0.000000000000000000, 0.000000000000000000, 1.000000000000000000 ) ) ;
#2241 = ORIENTED_EDGE ( 'NONE', *, *, #2666, .F. ) ;
#2242 = EDGE_CURVE ( 'NONE', #1349, #509, #2951, .T. ) ;
#2243 = VERTEX_POINT ( 'NONE', #1347 ) ;
#2244 = VERTEX_POINT ( 'NONE', #46 ) ;
#2245 = DIRECTION ( 'NONE',  ( 1.000000000000000000, 9.194034422677077600E-17, -6.938893903907224680E-17 ) ) ;
#2246 = DIRECTION ( 'NONE',  ( 6.938893903907220982E-17, 0.000000000000000000, 1.000000000000000000 ) ) ;
#2247 = VERTEX_POINT ( 'NONE', #2167 ) ;
#2248 = DIRECTION ( 'NONE',  ( 1.000000000000000000, 2.220446049250313081E-16, -6.938893903907225912E-17 ) ) ;
#2249 = ORIENTED_EDGE ( 'NONE', *, *, #635, .F. ) ;
#2250 = EDGE_CURVE ( 'NONE', #2244, #345, #1844, .T. ) ;
#2251 = FACE_OUTER_BOUND ( 'NONE', #2825, .T. ) ;
#2252 = VECTOR ( 'NONE', #2024, 1000.000000000000000 ) ;
#2253 = VECTOR ( 'NONE', #1154, 1000.000000000000000 ) ;
#2254 = AXIS2_PLACEMENT_3D ( 'NONE', #1207, #171, #1221 ) ;
#2255 = CARTESIAN_POINT ( 'NONE',  ( 8.701372955499665963E-15, -22.00000000000001066, 175.0000000000000000 ) ) ;
#2256 = CIRCLE ( 'NONE', #2757, 2.499999999999998668 ) ;
#2257 = ORIENTED_EDGE ( 'NONE', *, *, #740, .T. ) ;
#2258 = CARTESIAN_POINT ( 'NONE',  ( 0.000000000000000000, 0.000000000000000000, 165.0000000000000000 ) ) ;
#2259 = CIRCLE ( 'NONE', #321, 5.500000000000005329 ) ;
#2260 = CARTESIAN_POINT ( 'NONE',  ( -2.999999999999982681, -7.000000000000011546, 212.5000000000000284 ) ) ;
#2261 = FACE_OUTER_BOUND ( 'NONE', #932, .T. ) ;
#2262 = ORIENTED_EDGE ( 'NONE', *, *, #1328, .T. ) ;
#2263 = ORIENTED_EDGE ( 'NONE', *, *, #1619, .T. ) ;
#2264 = EDGE_CURVE ( 'NONE', #2244, #2898, #570, .T. ) ;
#2265 = CARTESIAN_POINT ( 'NONE',  ( 9.687373974432325781E-15, -25.00000000000002487, 59.60977222864654124 ) ) ;
#2266 = DIRECTION ( 'NONE',  ( 0.000000000000000000, -6.938893903907228378E-17, 1.000000000000000000 ) ) ;
#2267 = ORIENTED_EDGE ( 'NONE', *, *, #2130, .F. ) ;
#2268 = CARTESIAN_POINT ( 'NONE',  ( 7.000000000000011546, 2.999999999999985345, 215.0000000000000284 ) ) ;
#2269 = FACE_OUTER_BOUND ( 'NONE', #2788, .T. ) ;
#2270 = CARTESIAN_POINT ( 'NONE',  ( 30.00000000000000000, 10.00000000000000000, 0.000000000000000000 ) ) ;
#2271 = ORIENTED_EDGE ( 'NONE', *, *, #657, .F. ) ;
#2272 = AXIS2_PLACEMENT_3D ( 'NONE', #1337, #1851, #508 ) ;
#2273 = DIRECTION ( 'NONE',  ( 1.000000000000000000, 0.000000000000000000, 0.000000000000000000 ) ) ;
#2274 = ORIENTED_EDGE ( 'NONE', *, *, #1704, .F. ) ;
#2275 = CARTESIAN_POINT ( 'NONE',  ( 15.00000000000000178, 5.412337245047635768E-15, 29.99999999999998934 ) ) ;
#2276 = VECTOR ( 'NONE', #1841, 1000.000000000000000 ) ;
#2277 = LINE ( 'NONE', #3331, #2696 ) ;
#2278 = CARTESIAN_POINT ( 'NONE',  ( 22.00000000000001421, 9.999999999999998224, 55.00000000000000711 ) ) ;
#2279 = ORIENTED_EDGE ( 'NONE', *, *, #809, .T. ) ;
#2280 = EDGE_LOOP ( 'NONE', ( #1405, #1975, #3246, #701 ) ) ;
#2281 = CARTESIAN_POINT ( 'NONE',  ( 30.00000000000000000, 0.000000000000000000, 3.000000000000002665 ) ) ;
#2282 = CIRCLE ( 'NONE', #1774, 2.499999999999998668 ) ;
#2283 = CARTESIAN_POINT ( 'NONE',  ( -10.00000000000000000, -30.00000000000000000, 230.0000000000000000 ) ) ;
#2284 = VERTEX_POINT ( 'NONE', #1830 ) ;
#2285 = LINE ( 'NONE', #1633, #2208 ) ;
#2286 = FACE_OUTER_BOUND ( 'NONE', #2914, .T. ) ;
#2287 = CARTESIAN_POINT ( 'NONE',  ( 7.000000000000011546, 0.000000000000000000, 49.49999999999999289 ) ) ;
#2288 = VECTOR ( 'NONE', #440, 1000.000000000000114 ) ;
#2289 = DIRECTION ( 'NONE',  ( -2.220446049250313081E-16, 1.000000000000000000, -6.938893903907225912E-17 ) ) ;
#2290 = ORIENTED_EDGE ( 'NONE', *, *, #987, .T. ) ;
#2291 = DIRECTION ( 'NONE',  ( 0.000000000000000000, -1.000000000000000000, 0.000000000000000000 ) ) ;
#2292 = DIRECTION ( 'NONE',  ( 2.220446049250313081E-16, -1.000000000000000000, 6.938893903907225912E-17 ) ) ;
#2293 = DIRECTION ( 'NONE',  ( 1.000000000000000000, 0.000000000000000000, -0.000000000000000000 ) ) ;
#2294 = ORIENTED_EDGE ( 'NONE', *, *, #1030, .F. ) ;
#2295 = VERTEX_POINT ( 'NONE', #2910 ) ;
#2296 = CARTESIAN_POINT ( 'NONE',  ( 25.00000000000002132, -4.999999999999994671, 3.000000000000001332 ) ) ;
#2297 = VERTEX_POINT ( 'NONE', #521 ) ;
#2298 = CARTESIAN_POINT ( 'NONE',  ( -2.999999999999979572, -7.000000000000008882, 55.00000000000000000 ) ) ;
#2299 = ORIENTED_EDGE ( 'NONE', *, *, #1467, .T. ) ;
#2300 = DIRECTION ( 'NONE',  ( -1.000000000000000000, -2.220446049250313081E-16, 6.938893903907225912E-17 ) ) ;
#2301 = DIRECTION ( 'NONE',  ( -0.000000000000000000, -1.000000000000000000, 0.000000000000000000 ) ) ;
#2302 = LINE ( 'NONE', #2270, #2592 ) ;
#2303 = CONICAL_SURFACE ( 'NONE', #1795, 2.500000000000002220, 0.7853981633974514986 ) ;
#2304 = VECTOR ( 'NONE', #2587, 1000.000000000000114 ) ;
#2305 = LINE ( 'NONE', #468, #2076 ) ;
#2306 = EDGE_CURVE ( 'NONE', #2614, #2447, #2656, .T. ) ;
#2307 = CARTESIAN_POINT ( 'NONE',  ( 22.00000000000001421, 3.000000000000070166, 57.50000000000000711 ) ) ;
#2308 = VECTOR ( 'NONE', #1446, 1000.000000000000000 ) ;
#2309 = ADVANCED_FACE ( 'NONE', ( #555 ), #1088, .F. ) ;
#2310 = VECTOR ( 'NONE', #3121, 1000.000000000000000 ) ;
#2311 = VECTOR ( 'NONE', #358, 1000.000000000000000 ) ;
#2312 = AXIS2_PLACEMENT_3D ( 'NONE', #2586, #204, #981 ) ;
#2313 = DIRECTION ( 'NONE',  ( 0.000000000000000000, 0.000000000000000000, -1.000000000000000000 ) ) ;
#2314 = DIRECTION ( 'NONE',  ( -1.000000000000000000, -2.220446049250313081E-16, -6.938893903907225912E-17 ) ) ;
#2315 = DIRECTION ( 'NONE',  ( 0.000000000000000000, 0.000000000000000000, 1.000000000000000000 ) ) ;
#2316 = CIRCLE ( 'NONE', #3029, 2.499999999999998668 ) ;
#2317 = ORIENTED_EDGE ( 'NONE', *, *, #3382, .T. ) ;
#2318 = EDGE_CURVE ( 'NONE', #876, #952, #8, .T. ) ;
#2319 = LINE ( 'NONE', #454, #2971 ) ;
#2320 = VECTOR ( 'NONE', #318, 1000.000000000000000 ) ;
#2321 = CIRCLE ( 'NONE', #203, 2.500000000000000444 ) ;
#2322 = DIRECTION ( 'NONE',  ( 0.000000000000000000, -0.7071067811865452413, -0.7071067811865497932 ) ) ;
#2323 = VERTEX_POINT ( 'NONE', #1150 ) ;
#2324 = EDGE_LOOP ( 'NONE', ( #1893, #2370, #2935, #2249 ) ) ;
#2325 = CIRCLE ( 'NONE', #1865, 2.500000000000002220 ) ;
#2326 = CARTESIAN_POINT ( 'NONE',  ( 22.00000000000001421, 17.07106781186547551, 55.00000000000000711 ) ) ;
#2327 = DIRECTION ( 'NONE',  ( 0.2923717047227297194, 0.000000000000000000, 0.9563047559630375449 ) ) ;
#2328 = EDGE_LOOP ( 'NONE', ( #3128, #362, #193, #1005, #2912, #1302, #2152 ) ) ;
#2329 = DIRECTION ( 'NONE',  ( 0.000000000000000000, 1.000000000000000000, 0.000000000000000000 ) ) ;
#2330 = LINE ( 'NONE', #201, #464 ) ;
#2331 = VECTOR ( 'NONE', #1155, 1000.000000000000000 ) ;
#2332 = ADVANCED_FACE ( 'NONE', ( #96 ), #2986, .F. ) ;
#2333 = LINE ( 'NONE', #3072, #1583 ) ;
#2334 = DIRECTION ( 'NONE',  ( 1.000000000000000000, 0.000000000000000000, 0.000000000000000000 ) ) ;
#2335 = DIRECTION ( 'NONE',  ( 0.000000000000000000, 0.000000000000000000, -1.000000000000000000 ) ) ;
#2336 = ORIENTED_EDGE ( 'NONE', *, *, #1956, .T. ) ;
#2337 = VERTEX_POINT ( 'NONE', #641 ) ;
#2338 = EDGE_CURVE ( 'NONE', #3386, #621, #2185, .T. ) ;
#2339 = DIRECTION ( 'NONE',  ( 0.000000000000000000, 1.000000000000000000, 0.000000000000000000 ) ) ;
#2340 = AXIS2_PLACEMENT_3D ( 'NONE', #1808, #1233, #2419 ) ;
#2341 = EDGE_LOOP ( 'NONE', ( #1561, #1177, #2342, #2463, #65, #814 ) ) ;
#2342 = ORIENTED_EDGE ( 'NONE', *, *, #2605, .T. ) ;
#2343 = CARTESIAN_POINT ( 'NONE',  ( 7.000000000000011546, 17.07106781186547551, 172.5000000000000284 ) ) ;
#2344 = PLANE ( 'NONE',  #42 ) ;
#2345 = CYLINDRICAL_SURFACE ( 'NONE', #2979, 2.500000000000002220 ) ;
#2346 = VECTOR ( 'NONE', #1521, 1000.000000000000000 ) ;
#2347 = CARTESIAN_POINT ( 'NONE',  ( 22.00000000000001421, 3.000000000000070166, 175.0000000000000000 ) ) ;
#2348 = DIRECTION ( 'NONE',  ( 0.000000000000000000, 0.000000000000000000, 1.000000000000000000 ) ) ;
#2349 = FACE_OUTER_BOUND ( 'NONE', #2490, .T. ) ;
#2350 = CARTESIAN_POINT ( 'NONE',  ( -2.999999999999979572, -7.000000000000008882, 55.00000000000000000 ) ) ;
#2351 = DIRECTION ( 'NONE',  ( 0.000000000000000000, 1.000000000000000000, 0.000000000000000000 ) ) ;
#2352 = ORIENTED_EDGE ( 'NONE', *, *, #1880, .T. ) ;
#2353 = ORIENTED_EDGE ( 'NONE', *, *, #2562, .T. ) ;
#2354 = LINE ( 'NONE', #2081, #2178 ) ;
#2355 = ADVANCED_FACE ( 'NONE', ( #340 ), #129, .F. ) ;
#2356 = ADVANCED_FACE ( 'NONE', ( #3288 ), #679, .F. ) ;
#2357 = ORIENTED_EDGE ( 'NONE', *, *, #2866, .T. ) ;
#2358 = ORIENTED_EDGE ( 'NONE', *, *, #926, .T. ) ;
#2359 = CARTESIAN_POINT ( 'NONE',  ( -2.928932188134489412, 10.00000000000000000, 230.0000000000000000 ) ) ;
#2360 = CARTESIAN_POINT ( 'NONE',  ( 7.000000000000011546, 2.999999999999985345, 55.00000000000000000 ) ) ;
#2361 = CARTESIAN_POINT ( 'NONE',  ( -3.000000000000061728, -22.00000000000001421, 172.5000000000000000 ) ) ;
#2362 = ADVANCED_FACE ( 'NONE', ( #1400 ), #3243, .F. ) ;
#2363 = DIRECTION ( 'NONE',  ( 1.000000000000000000, 2.220446049250313081E-16, 6.938893903907225912E-17 ) ) ;
#2364 = CIRCLE ( 'NONE', #891, 5.500000000000005329 ) ;
#2365 = DIRECTION ( 'NONE',  ( 6.938893903907220982E-17, 0.000000000000000000, 1.000000000000000000 ) ) ;
#2366 = DIRECTION ( 'NONE',  ( -0.000000000000000000, -1.000000000000000000, -0.000000000000000000 ) ) ;
#2367 = DIRECTION ( 'NONE',  ( -1.000000000000000000, -0.000000000000000000, -0.000000000000000000 ) ) ;
#2368 = MANIFOLD_SOLID_BREP ( 'Stock-minilip main body-1', #2598 ) ;
#2369 = ORIENTED_EDGE ( 'NONE', *, *, #1074, .T. ) ;
#2370 = ORIENTED_EDGE ( 'NONE', *, *, #1373, .F. ) ;
#2371 = CARTESIAN_POINT ( 'NONE',  ( 22.00000000000001421, 0.000000000000000000, 60.50000000000009237 ) ) ;
#2372 = CARTESIAN_POINT ( 'NONE',  ( -127.4018678657920276, -14.99999999999999289, 119.5000000000000142 ) ) ;
#2373 = EDGE_LOOP ( 'NONE', ( #2400, #2230, #2719, #1076 ) ) ;
#2374 = ORIENTED_EDGE ( 'NONE', *, *, #3420, .T. ) ;
#2375 = EDGE_CURVE ( 'NONE', #727, #2801, #2462, .T. ) ;
#2376 = ADVANCED_FACE ( 'NONE', ( #1164 ), #1967, .F. ) ;
#2377 = DIRECTION ( 'NONE',  ( -0.000000000000000000, -1.000000000000000000, -0.000000000000000000 ) ) ;
#2378 = DIRECTION ( 'NONE',  ( 1.000000000000000000, 2.220446049250313081E-16, 6.938893903907225912E-17 ) ) ;
#2379 = FACE_OUTER_BOUND ( 'NONE', #298, .T. ) ;
#2380 = DIRECTION ( 'NONE',  ( 0.000000000000000000, 1.000000000000000000, 0.000000000000000000 ) ) ;
#2381 = PERSON_AND_ORGANIZATION_ROLE ( 'classification_officer' ) ;
#2382 = VERTEX_POINT ( 'NONE', #2761 ) ;
#2383 = ORIENTED_EDGE ( 'NONE', *, *, #1121, .F. ) ;
#2384 = DIRECTION ( 'NONE',  ( 1.000000000000000000, 0.000000000000000000, 0.000000000000000000 ) ) ;
#2385 = CARTESIAN_POINT ( 'NONE',  ( -9.999999999999989342, -22.00000000000001421, 175.0000000000000000 ) ) ;
#2386 = ORIENTED_EDGE ( 'NONE', *, *, #2459, .T. ) ;
#2387 = ORIENTED_EDGE ( 'NONE', *, *, #1407, .T. ) ;
#2388 = CARTESIAN_POINT ( 'NONE',  ( 8.701372955499665963E-15, -22.00000000000001066, 175.0000000000000000 ) ) ;
#2389 = VERTEX_POINT ( 'NONE', #383 ) ;
#2390 = CARTESIAN_POINT ( 'NONE',  ( -3.000000000000061728, -22.00000000000001066, 55.00000000000000711 ) ) ;
#2391 = EDGE_CURVE ( 'NONE', #130, #3417, #2699, .T. ) ;
#2392 = EDGE_CURVE ( 'NONE', #1733, #2541, #955, .T. ) ;
#2393 = DIRECTION ( 'NONE',  ( 1.000000000000000000, 0.000000000000000000, 0.000000000000000000 ) ) ;
#2394 = DIRECTION ( 'NONE',  ( 1.000000000000000000, 0.000000000000000000, 0.000000000000000000 ) ) ;
#2395 = EDGE_LOOP ( 'NONE', ( #312, #2952 ) ) ;
#2396 = ORIENTED_EDGE ( 'NONE', *, *, #1935, .T. ) ;
#2397 = DIRECTION ( 'NONE',  ( -0.000000000000000000, -1.000000000000000000, -0.000000000000000000 ) ) ;
#2398 = CARTESIAN_POINT ( 'NONE',  ( -70.00000000000000000, -1.000000000000001110, 165.0000000000000000 ) ) ;
#2399 = UNCERTAINTY_MEASURE_WITH_UNIT (LENGTH_MEASURE( 1.000000000000000082E-05 ), #3367, 'distance_accuracy_value', 'NONE');
#2400 = ORIENTED_EDGE ( 'NONE', *, *, #180, .F. ) ;
#2401 = ORIENTED_EDGE ( 'NONE', *, *, #469, .T. ) ;
#2402 = DIRECTION ( 'NONE',  ( 1.000000000000000000, 2.220446049250313081E-16, -6.938893903907225912E-17 ) ) ;
#2403 = DIRECTION ( 'NONE',  ( 0.000000000000000000, 0.000000000000000000, 1.000000000000000000 ) ) ;
#2404 = DIRECTION ( 'NONE',  ( 0.000000000000000000, -0.7071067811865453523, -0.7071067811865497932 ) ) ;
#2405 = ADVANCED_FACE ( 'NONE', ( #1382 ), #2444, .F. ) ;
#2406 = EDGE_CURVE ( 'NONE', #2712, #730, #862, .T. ) ;
#2407 = CARTESIAN_POINT ( 'NONE',  ( -2.928932188134489412, 10.00000000000000000, 230.0000000000000000 ) ) ;
#2408 = DIRECTION ( 'NONE',  ( 0.000000000000000000, 1.000000000000000000, 0.000000000000000000 ) ) ;
#2409 = DATE_AND_TIME ( #522, #2033 ) ;
#2410 = ORIENTED_EDGE ( 'NONE', *, *, #3322, .T. ) ;
#2411 = ORIENTED_EDGE ( 'NONE', *, *, #1632, .F. ) ;
#2412 = DIRECTION ( 'NONE',  ( 1.301042606982605321E-16, -1.000000000000000000, 0.000000000000000000 ) ) ;
#2413 = DIRECTION ( 'NONE',  ( -6.938893903907225912E-17, -6.938893903907225912E-17, -1.000000000000000000 ) ) ;
#2414 = DIRECTION ( 'NONE',  ( 1.000000000000000000, 2.220446049250313081E-16, 6.938893903907225912E-17 ) ) ;
#2415 = EDGE_CURVE ( 'NONE', #453, #2018, #2638, .T. ) ;
#2416 = EDGE_CURVE ( 'NONE', #3191, #2712, #84, .T. ) ;
#2417 = EDGE_LOOP ( 'NONE', ( #1806, #1773, #1707, #497 ) ) ;
#2418 = CIRCLE ( 'NONE', #2862, 5.500000000000005329 ) ;
#2419 = DIRECTION ( 'NONE',  ( 0.000000000000000000, 0.000000000000000000, -1.000000000000000000 ) ) ;
#2420 = CIRCLE ( 'NONE', #2476, 5.500000000000087930 ) ;
#2421 = CIRCLE ( 'NONE', #967, 5.500000000000087930 ) ;
#2422 = DIRECTION ( 'NONE',  ( 0.000000000000000000, 1.000000000000000000, 0.000000000000000000 ) ) ;
#2423 = CC_DESIGN_APPROVAL ( #1397, ( #3037 ) ) ;
#2424 = CARTESIAN_POINT ( 'NONE',  ( 7.000000000000011546, 17.07106781186547551, 217.5000000000000284 ) ) ;
#2425 = CARTESIAN_POINT ( 'NONE',  ( -10.00000000000000178, 2.928932188134564019, 230.0000000000000000 ) ) ;
#2426 = EDGE_CURVE ( 'NONE', #2821, #1184, #3275, .T. ) ;
#2427 = VERTEX_POINT ( 'NONE', #1414 ) ;
#2428 = ADVANCED_FACE ( 'NONE', ( #2480 ), #877, .T. ) ;
#2429 = ORIENTED_EDGE ( 'NONE', *, *, #31, .F. ) ;
#2430 = ORIENTED_EDGE ( 'NONE', *, *, #1699, .F. ) ;
#2431 = CARTESIAN_POINT ( 'NONE',  ( -1.499999999999996891, -30.00000000000000000, 65.00000000000000000 ) ) ;
#2432 = FACE_OUTER_BOUND ( 'NONE', #2500, .T. ) ;
#2433 = PLANE ( 'NONE',  #2030 ) ;
#2434 = CYLINDRICAL_SURFACE ( 'NONE', #3411, 2.500000000000002220 ) ;
#2435 = EDGE_CURVE ( 'NONE', #11, #1685, #1856, .T. ) ;
#2436 = ORIENTED_EDGE ( 'NONE', *, *, #209, .F. ) ;
#2437 = CARTESIAN_POINT ( 'NONE',  ( 30.00000000000000000, 10.00000000000000000, 230.0000000000000000 ) ) ;
#2438 = VERTEX_POINT ( 'NONE', #2860 ) ;
#2439 = CARTESIAN_POINT ( 'NONE',  ( 0.000000000000000000, 0.000000000000000000, 227.0000000000000000 ) ) ;
#2440 = CARTESIAN_POINT ( 'NONE',  ( 7.000000000000011546, 17.07106781186547551, 177.5000000000000284 ) ) ;
#2441 = APPLICATION_CONTEXT ( 'configuration controlled 3d designs of mechanical parts and assemblies' ) ;
#2442 = DIRECTION ( 'NONE',  ( 0.000000000000000000, 0.000000000000000000, 1.000000000000000000 ) ) ;
#2443 = DIRECTION ( 'NONE',  ( 0.000000000000000000, -0.7071067811865453523, -0.7071067811865497932 ) ) ;
#2444 = PLANE ( 'NONE',  #3138 ) ;
#2445 = APPROVAL_ROLE ( '' ) ;
#2446 = ORIENTED_EDGE ( 'NONE', *, *, #694, .F. ) ;
#2447 = VERTEX_POINT ( 'NONE', #2015 ) ;
#2448 = CARTESIAN_POINT ( 'NONE',  ( -2.928932188134489412, 10.00000000000000000, 0.000000000000000000 ) ) ;
#2449 = PLANE ( 'NONE',  #2549 ) ;
#2450 = PLANE ( 'NONE',  #366 ) ;
#2451 = EDGE_LOOP ( 'NONE', ( #1948, #239, #121, #1195, #2804, #1896, #3401, #3381, #2646, #480, #72, #3, #2784, #442 ) ) ;
#2452 = VECTOR ( 'NONE', #1255, 1000.000000000000000 ) ;
#2453 = EDGE_CURVE ( 'NONE', #2844, #651, #2196, .T. ) ;
#2454 = EDGE_CURVE ( 'NONE', #1368, #976, #197, .T. ) ;
#2455 = FACE_OUTER_BOUND ( 'NONE', #999, .T. ) ;
#2456 = DIRECTION ( 'NONE',  ( 1.000000000000000000, 0.000000000000000000, 0.000000000000000000 ) ) ;
#2457 = EDGE_CURVE ( 'NONE', #510, #422, #417, .T. ) ;
#2458 = ORIENTED_EDGE ( 'NONE', *, *, #2157, .F. ) ;
#2459 = EDGE_CURVE ( 'NONE', #3191, #3213, #2305, .T. ) ;
#2460 = DIRECTION ( 'NONE',  ( 1.000000000000000000, 2.220446049250313081E-16, 6.938893903907225912E-17 ) ) ;
#2461 = CARTESIAN_POINT ( 'NONE',  ( -2.999999999999982681, -7.000000000000011546, 215.0000000000000284 ) ) ;
#2462 = LINE ( 'NONE', #2508, #1579 ) ;
#2463 = ORIENTED_EDGE ( 'NONE', *, *, #809, .F. ) ;
#2464 = FACE_OUTER_BOUND ( 'NONE', #848, .T. ) ;
#2465 = FACE_OUTER_BOUND ( 'NONE', #2169, .T. ) ;
#2466 = DIRECTION ( 'NONE',  ( 0.000000000000000000, 1.000000000000000000, 0.000000000000000000 ) ) ;
#2467 = DIRECTION ( 'NONE',  ( -1.301042606982605321E-16, 1.000000000000000000, -0.000000000000000000 ) ) ;
#2468 = ORIENTED_EDGE ( 'NONE', *, *, #2264, .F. ) ;
#2469 = VECTOR ( 'NONE', #608, 1000.000000000000000 ) ;
#2470 = AXIS2_PLACEMENT_3D ( 'NONE', #1689, #2799, #119 ) ;
#2471 = LINE ( 'NONE', #1673, #1220 ) ;
#2472 = VECTOR ( 'NONE', #1871, 1000.000000000000114 ) ;
#2473 = EDGE_CURVE ( 'NONE', #1379, #1358, #690, .T. ) ;
#2474 = VECTOR ( 'NONE', #1842, 1000.000000000000000 ) ;
#2475 = CIRCLE ( 'NONE', #2312, 5.500000000000087930 ) ;
#2476 = AXIS2_PLACEMENT_3D ( 'NONE', #655, #1772, #3106 ) ;
#2477 = DIRECTION ( 'NONE',  ( -0.000000000000000000, -1.000000000000000000, -0.000000000000000000 ) ) ;
#2478 = CIRCLE ( 'NONE', #3091, 2.500000000000002220 ) ;
#2479 = VECTOR ( 'NONE', #3332, 1000.000000000000000 ) ;
#2480 = FACE_OUTER_BOUND ( 'NONE', #545, .T. ) ;
#2481 = APPROVAL_PERSON_ORGANIZATION ( #1567, #1397, #2674 ) ;
#2482 = ORIENTED_EDGE ( 'NONE', *, *, #3220, .T. ) ;
#2483 = CARTESIAN_POINT ( 'NONE',  ( 5.000000000000000000, -30.00000000000000000, 227.0000000000000000 ) ) ;
#2484 = LINE ( 'NONE', #1990, #1456 ) ;
#2485 = CARTESIAN_POINT ( 'NONE',  ( 2.595146320061305780E-15, -7.000000000000010658, 9.499999999999994671 ) ) ;
#2486 = VERTEX_POINT ( 'NONE', #927 ) ;
#2487 = ORIENTED_EDGE ( 'NONE', *, *, #1222, .F. ) ;
#2488 = DIRECTION ( 'NONE',  ( 1.000000000000000000, 9.194034422677077600E-17, -6.938893903907224680E-17 ) ) ;
#2489 = CARTESIAN_POINT ( 'NONE',  ( 12.49999999999999289, 1.089406342913434224E-14, 117.0000000000000000 ) ) ;
#2490 = EDGE_LOOP ( 'NONE', ( #1568, #162, #143, #1892 ) ) ;
#2491 = ADVANCED_FACE ( 'NONE', ( #968 ), #2532, .F. ) ;
#2492 = DIRECTION ( 'NONE',  ( 1.000000000000000000, 2.220446049250313081E-16, 6.938893903907225912E-17 ) ) ;
#2493 = EDGE_CURVE ( 'NONE', #530, #511, #788, .T. ) ;
#2494 = CIRCLE ( 'NONE', #817, 2.500000000000000444 ) ;
#2495 = ORIENTED_EDGE ( 'NONE', *, *, #804, .T. ) ;
#2496 = CARTESIAN_POINT ( 'NONE',  ( 9.047639566117200305E-15, -25.00000000000002487, 50.39022777135347297 ) ) ;
#2497 = LINE ( 'NONE', #662, #898 ) ;
#2498 = CARTESIAN_POINT ( 'NONE',  ( 0.000000000000000000, -30.00000000000000000, 107.0000000000000142 ) ) ;
#2499 = VERTEX_POINT ( 'NONE', #1277 ) ;
#2500 = EDGE_LOOP ( 'NONE', ( #43, #974, #2458, #1782 ) ) ;
#2501 = ORIENTED_EDGE ( 'NONE', *, *, #1327, .T. ) ;
#2502 = DIRECTION ( 'NONE',  ( 0.7071067811865436870, -0.7071067811865513475, 0.000000000000000000 ) ) ;
#2503 = ORIENTED_EDGE ( 'NONE', *, *, #2540, .F. ) ;
#2504 = ORIENTED_EDGE ( 'NONE', *, *, #757, .T. ) ;
#2505 = AXIS2_PLACEMENT_3D ( 'NONE', #1029, #2036, #2068 ) ;
#2506 = VECTOR ( 'NONE', #2339, 1000.000000000000000 ) ;
#2507 = CARTESIAN_POINT ( 'NONE',  ( 7.000000000000011546, 0.000000000000000000, 209.5000000000000284 ) ) ;
#2508 = CARTESIAN_POINT ( 'NONE',  ( 5.000000000000000000, -30.00000000000000000, 227.0000000000000000 ) ) ;
#2509 = ORIENTED_EDGE ( 'NONE', *, *, #1983, .F. ) ;
#2510 = EDGE_CURVE ( 'NONE', #3386, #949, #1680, .T. ) ;
#2511 = EDGE_CURVE ( 'NONE', #1928, #2427, #2330, .T. ) ;
#2512 = DIRECTION ( 'NONE',  ( 0.000000000000000000, -1.000000000000000000, 0.000000000000000000 ) ) ;
#2513 = DIRECTION ( 'NONE',  ( 0.7071067811865452413, 1.194790295786954949E-16, -0.7071067811865497932 ) ) ;
#2514 = CARTESIAN_POINT ( 'NONE',  ( 15.00000000000000000, 5.759281940242997187E-15, 34.99999999999999289 ) ) ;
#2515 = EDGE_LOOP ( 'NONE', ( #1117, #2029, #583, #668, #1992, #2410, #672, #3412, #1736, #178, #3100, #2509, #1287, #36 ) ) ;
#2516 = ORIENTED_EDGE ( 'NONE', *, *, #3170, .F. ) ;
#2517 = CARTESIAN_POINT ( 'NONE',  ( 7.000000000000011546, 17.07106781186547551, 212.5000000000000284 ) ) ;
#2518 = CARTESIAN_POINT ( 'NONE',  ( 2.595146320061305780E-15, -7.000000000000010658, 15.00000000000000000 ) ) ;
#2519 = ORIENTED_EDGE ( 'NONE', *, *, #2020, .F. ) ;
#2520 = CYLINDRICAL_SURFACE ( 'NONE', #2977, 2.500000000000000444 ) ;
#2521 = ORIENTED_EDGE ( 'NONE', *, *, #2416, .F. ) ;
#2522 = CIRCLE ( 'NONE', #1625, 5.500000000000005329 ) ;
#2523 = AXIS2_PLACEMENT_3D ( 'NONE', #1291, #498, #285 ) ;
#2524 = LINE ( 'NONE', #686, #3363 ) ;
#2525 = LINE ( 'NONE', #152, #2140 ) ;
#2526 = CARTESIAN_POINT ( 'NONE',  ( 1.000000000000000000, 10.00000000000000178, 102.0000000000000142 ) ) ;
#2527 = AXIS2_PLACEMENT_3D ( 'NONE', #1443, #2236, #3014 ) ;
#2528 = ORIENTED_EDGE ( 'NONE', *, *, #3420, .F. ) ;
#2529 = VECTOR ( 'NONE', #342, 1000.000000000000000 ) ;
#2530 = AXIS2_PLACEMENT_3D ( 'NONE', #20, #772, #1066 ) ;
#2531 = AXIS2_PLACEMENT_3D ( 'NONE', #2787, #1452, #1232 ) ;
#2532 = CYLINDRICAL_SURFACE ( 'NONE', #2752, 2.500000000000002220 ) ;
#2533 = AXIS2_PLACEMENT_3D ( 'NONE', #2680, #835, #1907 ) ;
#2534 = ORIENTED_EDGE ( 'NONE', *, *, #850, .F. ) ;
#2535 = DIRECTION ( 'NONE',  ( 0.000000000000000000, 0.000000000000000000, 1.000000000000000000 ) ) ;
#2536 = AXIS2_PLACEMENT_3D ( 'NONE', #2278, #2467, #627 ) ;
#2537 = CARTESIAN_POINT ( 'NONE',  ( 1.000000000000000000, 10.00000000000000178, 102.0000000000000142 ) ) ;
#2538 = DIRECTION ( 'NONE',  ( 0.000000000000000000, 1.000000000000000000, 0.000000000000000000 ) ) ;
#2539 = EDGE_CURVE ( 'NONE', #1059, #1822, #708, .T. ) ;
#2540 = EDGE_CURVE ( 'NONE', #78, #3010, #2418, .T. ) ;
#2541 = VERTEX_POINT ( 'NONE', #3392 ) ;
#2542 = CYLINDRICAL_SURFACE ( 'NONE', #1995, 2.499999999999998668 ) ;
#2543 = EDGE_CURVE ( 'NONE', #2624, #2244, #2072, .T. ) ;
#2544 = LINE ( 'NONE', #2283, #2083 ) ;
#2545 = ORIENTED_EDGE ( 'NONE', *, *, #2605, .F. ) ;
#2546 = CARTESIAN_POINT ( 'NONE',  ( 7.000000000000011546, 2.999999999999985345, 175.0000000000000284 ) ) ;
#2547 = DIRECTION ( 'NONE',  ( 0.000000000000000000, -1.000000000000000000, 0.000000000000000000 ) ) ;
#2548 = CARTESIAN_POINT ( 'NONE',  ( -1.500000000000000666, -30.00000000000000000, 93.82286845378943951 ) ) ;
#2549 = AXIS2_PLACEMENT_3D ( 'NONE', #3216, #1906, #1114 ) ;
#2550 = VERTEX_POINT ( 'NONE', #671 ) ;
#2551 = PLANE ( 'NONE',  #2254 ) ;
#2552 = ORIENTED_EDGE ( 'NONE', *, *, #2375, .T. ) ;
#2553 = DIRECTION ( 'NONE',  ( 0.000000000000000000, -1.000000000000000000, 0.000000000000000000 ) ) ;
#2554 = DIRECTION ( 'NONE',  ( -6.938893903907225912E-17, -6.938893903907225912E-17, -1.000000000000000000 ) ) ;
#2555 = CARTESIAN_POINT ( 'NONE',  ( 25.00000000000002132, 5.759281940243004287E-15, 3.000000000000000888 ) ) ;
#2556 = ORIENTED_EDGE ( 'NONE', *, *, #1578, .T. ) ;
#2557 = ORIENTED_EDGE ( 'NONE', *, *, #2426, .F. ) ;
#2558 = DIRECTION ( 'NONE',  ( 1.000000000000000000, 2.220446049250313081E-16, 6.938893903907225912E-17 ) ) ;
#2559 = CARTESIAN_POINT ( 'NONE',  ( 0.000000000000000000, 0.000000000000000000, 227.0000000000000000 ) ) ;
#2560 = ORIENTED_EDGE ( 'NONE', *, *, #1533, .T. ) ;
#2561 = EDGE_CURVE ( 'NONE', #2785, #12, #1007, .T. ) ;
#2562 = EDGE_CURVE ( 'NONE', #952, #976, #1513, .T. ) ;
#2563 = LINE ( 'NONE', #3049, #3203 ) ;
#2564 = CARTESIAN_POINT ( 'NONE',  ( 0.000000000000000000, 0.000000000000000000, 0.000000000000000000 ) ) ;
#2565 = CC_DESIGN_PERSON_AND_ORGANIZATION_ASSIGNMENT ( #775, #9, ( #1700 ) ) ;
#2566 = VERTEX_POINT ( 'NONE', #3137 ) ;
#2567 = CARTESIAN_POINT ( 'NONE',  ( 22.00000000000001421, 9.999999999999998224, 175.0000000000000000 ) ) ;
#2568 = EDGE_CURVE ( 'NONE', #320, #839, #311, .T. ) ;
#2569 = CARTESIAN_POINT ( 'NONE',  ( 7.000000000000011546, 2.999999999999985345, 57.50000000000000000 ) ) ;
#2570 = FACE_OUTER_BOUND ( 'NONE', #2657, .T. ) ;
#2571 =( NAMED_UNIT ( * ) PLANE_ANGLE_UNIT ( ) SI_UNIT ( $, .RADIAN. ) );
#2572 = ORIENTED_EDGE ( 'NONE', *, *, #1488, .F. ) ;
#2573 = DIRECTION ( 'NONE',  ( 0.000000000000000000, 0.000000000000000000, -1.000000000000000000 ) ) ;
#2574 = VERTEX_POINT ( 'NONE', #2794 ) ;
#2575 = EDGE_LOOP ( 'NONE', ( #2383, #1003, #1098, #489, #2064 ) ) ;
#2576 = CARTESIAN_POINT ( 'NONE',  ( 0.000000000000000000, -1.000000000000004441, 230.0000000000000000 ) ) ;
#2577 = CARTESIAN_POINT ( 'NONE',  ( -3.000000000000061728, -22.00000000000001421, 52.50000000000000711 ) ) ;
#2578 = ADVANCED_FACE ( 'NONE', ( #1457 ), #2551, .F. ) ;
#2579 = EDGE_CURVE ( 'NONE', #2323, #1246, #2019, .T. ) ;
#2580 = VECTOR ( 'NONE', #812, 1000.000000000000000 ) ;
#2581 = CARTESIAN_POINT ( 'NONE',  ( 5.370703881624196342E-15, -7.000000000000007994, 55.00000000000000000 ) ) ;
#2582 = AXIS2_PLACEMENT_3D ( 'NONE', #692, #1793, #1501 ) ;
#2583 = VECTOR ( 'NONE', #3069, 1000.000000000000000 ) ;
#2584 = AXIS2_PLACEMENT_3D ( 'NONE', #2461, #2235, #2206 ) ;
#2585 = VECTOR ( 'NONE', #1330, 1000.000000000000000 ) ;
#2586 = CARTESIAN_POINT ( 'NONE',  ( 22.00000000000001421, 0.000000000000000000, 55.00000000000000711 ) ) ;
#2587 = DIRECTION ( 'NONE',  ( -8.659560562354961208E-17, -0.7071067811865453523, -0.7071067811865497932 ) ) ;
#2588 = LINE ( 'NONE', #725, #1755 ) ;
#2589 = AXIS2_PLACEMENT_3D ( 'NONE', #3066, #923, #2038 ) ;
#2590 = VERTEX_POINT ( 'NONE', #1047 ) ;
#2591 = EDGE_LOOP ( 'NONE', ( #1304, #281, #1833, #2874 ) ) ;
#2592 = VECTOR ( 'NONE', #1496, 1000.000000000000000 ) ;
#2593 = AXIS2_PLACEMENT_3D ( 'NONE', #669, #3261, #2442 ) ;
#2594 = FACE_BOUND ( 'NONE', #1376, .T. ) ;
#2595 = EDGE_LOOP ( 'NONE', ( #1756, #1434, #2411, #3129 ) ) ;
#2596 = EDGE_LOOP ( 'NONE', ( #267, #1160, #2358, #2294 ) ) ;
#2597 = ORIENTED_EDGE ( 'NONE', *, *, #2020, .T. ) ;
#2598 = CLOSED_SHELL ( 'NONE', ( #986, #3264, #1573, #1811, #449, #1006, #2201, #1584, #225, #3169, #2221, #1032, #779, #994, #269, #759, #1268, #2796, #351, #1260, #2732, #2970, #2920, #112, #2204, #2110, #95, #2362, #1190, #1216, #2942, #2612, #1390, #249, #1877, #3364, #2092, #2838, #1378, #1342, #3278, #1614, #2792, #742, #595, #1723, #184, #1846, #673, #2332, #2355, #3078, #900, #1837, #3009, #485, #1672, #3262, #3368, #2651, #1671, #2376, #2356, #3419, #883, #703, #1306, #1331, #572, #52, #288, #2177, #200, #2733, #327, #1512, #2878, #149, #2722, #3094, #1176, #1175, #3132, #778, #1535, #384, #2309, #2826, #803, #2428, #218, #2491, #1920, #970, #445, #1489, #2405, #426, #2578, #532, #134, #553, #1192 ) ) ;
#2599 = CARTESIAN_POINT ( 'NONE',  ( -2.999999999999982681, -7.000000000000011546, 15.00000000000000000 ) ) ;
#2600 = FACE_OUTER_BOUND ( 'NONE', #88, .T. ) ;
#2601 = CARTESIAN_POINT ( 'NONE',  ( -127.4018678657920276, -14.99999999999999289, 117.0000000000000000 ) ) ;
#2602 = VERTEX_POINT ( 'NONE', #2879 ) ;
#2603 = CIRCLE ( 'NONE', #2272, 5.500000000000087930 ) ;
#2604 = EDGE_CURVE ( 'NONE', #1111, #1271, #3184, .T. ) ;
#2605 = EDGE_CURVE ( 'NONE', #1271, #452, #2669, .T. ) ;
#2606 = FACE_OUTER_BOUND ( 'NONE', #1153, .T. ) ;
#2607 = CARTESIAN_POINT ( 'NONE',  ( 22.00000000000001421, 3.000000000000070166, 172.5000000000000000 ) ) ;
#2608 = CARTESIAN_POINT ( 'NONE',  ( 30.00000000000000000, 1.500000000000000000, 151.8228684537894821 ) ) ;
#2609 = ORIENTED_EDGE ( 'NONE', *, *, #1556, .F. ) ;
#2610 = ORIENTED_EDGE ( 'NONE', *, *, #2756, .F. ) ;
#2611 = PLANE ( 'NONE',  #3230 ) ;
#2612 = ADVANCED_FACE ( 'NONE', ( #1600 ), #2685, .F. ) ;
#2613 = VERTEX_POINT ( 'NONE', #1814 ) ;
#2614 = VERTEX_POINT ( 'NONE', #303 ) ;
#2615 = VECTOR ( 'NONE', #2736, 1000.000000000000114 ) ;
#2616 = CARTESIAN_POINT ( 'NONE',  ( -70.00000000000000000, -1.000000000000001110, 165.0000000000000000 ) ) ;
#2617 = DIRECTION ( 'NONE',  ( 0.000000000000000000, 0.000000000000000000, -1.000000000000000000 ) ) ;
#2618 = AXIS2_PLACEMENT_3D ( 'NONE', #2750, #1993, #2246 ) ;
#2619 = CARTESIAN_POINT ( 'NONE',  ( 7.000000000000011546, 17.07106781186547551, 55.00000000000000000 ) ) ;
#2620 = LINE ( 'NONE', #520, #1469 ) ;
#2621 = CARTESIAN_POINT ( 'NONE',  ( 22.00000000000001421, 3.000000000000070166, 175.0000000000000000 ) ) ;
#2622 = DIRECTION ( 'NONE',  ( -1.000000000000000000, -4.336808689942018352E-17, -0.000000000000000000 ) ) ;
#2623 = EDGE_CURVE ( 'NONE', #2967, #422, #252, .T. ) ;
#2624 = VERTEX_POINT ( 'NONE', #789 ) ;
#2625 = ORIENTED_EDGE ( 'NONE', *, *, #1198, .T. ) ;
#2626 = FACE_OUTER_BOUND ( 'NONE', #3107, .T. ) ;
#2627 = LINE ( 'NONE', #2372, #873 ) ;
#2628 = EDGE_LOOP ( 'NONE', ( #691, #122 ) ) ;
#2629 = ORIENTED_EDGE ( 'NONE', *, *, #2250, .T. ) ;
#2630 = CC_DESIGN_PERSON_AND_ORGANIZATION_ASSIGNMENT ( #1383, #2151, ( #98 ) ) ;
#2631 = CARTESIAN_POINT ( 'NONE',  ( 30.00000000000000000, -1.000000000000001110, 165.0000000000000000 ) ) ;
#2632 = CARTESIAN_POINT ( 'NONE',  ( -10.00000000000000000, -30.00000000000000000, 230.0000000000000000 ) ) ;
#2633 = CIRCLE ( 'NONE', #1410, 2.500000000000002220 ) ;
#2634 = DIRECTION ( 'NONE',  ( 1.000000000000000000, -0.000000000000000000, -0.000000000000000000 ) ) ;
#2635 = FACE_OUTER_BOUND ( 'NONE', #2060, .T. ) ;
#2636 = AXIS2_PLACEMENT_3D ( 'NONE', #2941, #2245, #2802 ) ;
#2637 = MECHANICAL_CONTEXT ( 'NONE', #1836, 'mechanical' ) ;
#2638 = CIRCLE ( 'NONE', #2139, 2.500000000000002220 ) ;
#2639 = ORIENTED_EDGE ( 'NONE', *, *, #1373, .T. ) ;
#2640 = ORIENTED_EDGE ( 'NONE', *, *, #2946, .F. ) ;
#2641 = CIRCLE ( 'NONE', #3299, 2.499999999999998668 ) ;
#2642 = CARTESIAN_POINT ( 'NONE',  ( -3.000000000000061728, -22.00000000000001066, 177.5000000000000000 ) ) ;
#2643 = CIRCLE ( 'NONE', #1308, 5.500000000000005329 ) ;
#2644 = CARTESIAN_POINT ( 'NONE',  ( 15.00000000000000178, 5.585809592645317266E-15, 197.5000000000000000 ) ) ;
#2645 = AXIS2_PLACEMENT_3D ( 'NONE', #760, #1816, #1829 ) ;
#2646 = ORIENTED_EDGE ( 'NONE', *, *, #1074, .F. ) ;
#2647 = ORIENTED_EDGE ( 'NONE', *, *, #2777, .F. ) ;
#2648 = LINE ( 'NONE', #1272, #2747 ) ;
#2649 = AXIS2_PLACEMENT_3D ( 'NONE', #2800, #3379, #1243 ) ;
#2650 = EDGE_CURVE ( 'NONE', #2447, #1960, #1361, .T. ) ;
#2651 = ADVANCED_FACE ( 'NONE', ( #3407 ), #234, .F. ) ;
#2652 = LINE ( 'NONE', #322, #1033 ) ;
#2653 = LINE ( 'NONE', #741, #251 ) ;
#2654 = CARTESIAN_POINT ( 'NONE',  ( -9.999999999999994671, -7.000000000000011546, 217.5000000000000000 ) ) ;
#2655 = DIRECTION ( 'NONE',  ( 0.7071067811865513475, 0.7071067811865436870, 0.000000000000000000 ) ) ;
#2656 = LINE ( 'NONE', #273, #1412 ) ;
#2657 = EDGE_LOOP ( 'NONE', ( #933, #1922, #1375, #3165 ) ) ;
#2658 = ORIENTED_EDGE ( 'NONE', *, *, #3298, .F. ) ;
#2659 = DIRECTION ( 'NONE',  ( 1.000000000000000000, 4.336808689942018352E-17, -0.000000000000000000 ) ) ;
#2660 = FACE_OUTER_BOUND ( 'NONE', #2417, .T. ) ;
#2661 = VERTEX_POINT ( 'NONE', #1292 ) ;
#2662 = ORIENTED_EDGE ( 'NONE', *, *, #2242, .T. ) ;
#2663 = ORIENTED_EDGE ( 'NONE', *, *, #1261, .F. ) ;
#2664 = LINE ( 'NONE', #1357, #1652 ) ;
#2665 = CIRCLE ( 'NONE', #1158, 5.500000000000005329 ) ;
#2666 = EDGE_CURVE ( 'NONE', #2100, #26, #2316, .T. ) ;
#2667 = EDGE_CURVE ( 'NONE', #622, #407, #1587, .T. ) ;
#2668 = AXIS2_PLACEMENT_3D ( 'NONE', #124, #1731, #1979 ) ;
#2669 = LINE ( 'NONE', #44, #3251 ) ;
#2670 = VECTOR ( 'NONE', #1024, 1000.000000000000000 ) ;
#2671 = FACE_OUTER_BOUND ( 'NONE', #2129, .T. ) ;
#2672 = EDGE_CURVE ( 'NONE', #1384, #268, #1879, .T. ) ;
#2673 = CARTESIAN_POINT ( 'NONE',  ( 7.000000000000011546, 0.000000000000000000, 215.0000000000000284 ) ) ;
#2674 = APPROVAL_ROLE ( '' ) ;
#2675 = EDGE_LOOP ( 'NONE', ( #2774, #111, #721, #1125 ) ) ;
#2676 = ORIENTED_EDGE ( 'NONE', *, *, #3293, .T. ) ;
#2677 = CARTESIAN_POINT ( 'NONE',  ( -2.999999999999979572, -7.000000000000008882, 55.00000000000000000 ) ) ;
#2678 = LINE ( 'NONE', #765, #2079 ) ;
#2679 = DIRECTION ( 'NONE',  ( 2.220446049250313081E-16, -1.000000000000000000, -6.938893903907225912E-17 ) ) ;
#2680 = CARTESIAN_POINT ( 'NONE',  ( -3.000000000000061728, -22.00000000000001066, 175.0000000000000000 ) ) ;
#2681 = EDGE_LOOP ( 'NONE', ( #1057, #2915, #116, #2557 ) ) ;
#2682 = ORIENTED_EDGE ( 'NONE', *, *, #41, .T. ) ;
#2683 = CARTESIAN_POINT ( 'NONE',  ( 0.000000000000000000, -30.00000000000000000, 230.0000000000000000 ) ) ;
#2684 = ORIENTED_EDGE ( 'NONE', *, *, #1198, .F. ) ;
#2685 = PLANE ( 'NONE',  #1742 ) ;
#2686 = EDGE_CURVE ( 'NONE', #576, #2590, #1343, .T. ) ;
#2687 = PLANE ( 'NONE',  #466 ) ;
#2688 = EDGE_CURVE ( 'NONE', #12, #2785, #1362, .T. ) ;
#2689 = DIRECTION ( 'NONE',  ( -0.000000000000000000, -1.000000000000000000, 0.000000000000000000 ) ) ;
#2690 = ORIENTED_EDGE ( 'NONE', *, *, #1445, .T. ) ;
#2691 = ORIENTED_EDGE ( 'NONE', *, *, #603, .T. ) ;
#2692 = VECTOR ( 'NONE', #2292, 1000.000000000000000 ) ;
#2693 = CARTESIAN_POINT ( 'NONE',  ( -9.999999999999989342, -22.00000000000001421, 172.5000000000000000 ) ) ;
#2694 = DIRECTION ( 'NONE',  ( 2.220446049250313081E-16, -1.000000000000000000, -6.938893903907225912E-17 ) ) ;
#2695 = DIRECTION ( 'NONE',  ( 0.000000000000000000, 0.000000000000000000, 1.000000000000000000 ) ) ;
#2696 = VECTOR ( 'NONE', #2847, 1000.000000000000000 ) ;
#2697 = ORIENTED_EDGE ( 'NONE', *, *, #2163, .T. ) ;
#2698 = ORIENTED_EDGE ( 'NONE', *, *, #1346, .F. ) ;
#2699 = CIRCLE ( 'NONE', #1191, 5.500000000000087930 ) ;
#2700 = VECTOR ( 'NONE', #2805, 1000.000000000000114 ) ;
#2701 = LINE ( 'NONE', #301, #1768 ) ;
#2702 = VECTOR ( 'NONE', #743, 1000.000000000000000 ) ;
#2703 = ORIENTED_EDGE ( 'NONE', *, *, #3170, .T. ) ;
#2704 = AXIS2_PLACEMENT_3D ( 'NONE', #1547, #2877, #1891 ) ;
#2705 = DIRECTION ( 'NONE',  ( 0.000000000000000000, -0.000000000000000000, 1.000000000000000000 ) ) ;
#2706 = DIRECTION ( 'NONE',  ( 1.000000000000000000, 2.220446049250313081E-16, 6.938893903907225912E-17 ) ) ;
#2707 = CARTESIAN_POINT ( 'NONE',  ( 15.00000000000000000, 10.00000000000000711, 29.99999999999998934 ) ) ;
#2708 = LOCAL_TIME ( 10, 29, 37.00000000000000000, #813 ) ;
#2709 = CARTESIAN_POINT ( 'NONE',  ( 30.00000000000000000, 3.000000000000000000, 227.0000000000000000 ) ) ;
#2710 = CARTESIAN_POINT ( 'NONE',  ( 7.000000000000011546, 17.07106781186547551, 15.00000000000000000 ) ) ;
#2711 = CARTESIAN_POINT ( 'NONE',  ( 0.000000000000000000, 0.000000000000000000, 0.000000000000000000 ) ) ;
#2712 = VERTEX_POINT ( 'NONE', #2654 ) ;
#2713 = ORIENTED_EDGE ( 'NONE', *, *, #1815, .T. ) ;
#2714 = EDGE_CURVE ( 'NONE', #2243, #1450, #3155, .T. ) ;
#2715 = EDGE_CURVE ( 'NONE', #1184, #2614, #2907, .T. ) ;
#2716 = CARTESIAN_POINT ( 'NONE',  ( 0.000000000000000000, 0.000000000000000000, 0.000000000000000000 ) ) ;
#2717 = DIRECTION ( 'NONE',  ( 0.000000000000000000, 0.000000000000000000, -1.000000000000000000 ) ) ;
#2718 = CARTESIAN_POINT ( 'NONE',  ( -70.00000000000000000, -1.000000000000000888, 160.0000000000000000 ) ) ;
#2719 = ORIENTED_EDGE ( 'NONE', *, *, #1792, .F. ) ;
#2720 = ORIENTED_EDGE ( 'NONE', *, *, #2714, .F. ) ;
#2721 = FACE_OUTER_BOUND ( 'NONE', #300, .T. ) ;
#2722 = ADVANCED_FACE ( 'NONE', ( #483 ), #683, .F. ) ;
#2723 = LINE ( 'NONE', #2440, #2143 ) ;
#2724 = CIRCLE ( 'NONE', #2618, 5.500000000000087930 ) ;
#2725 = DIRECTION ( 'NONE',  ( 0.000000000000000000, 0.000000000000000000, 1.000000000000000000 ) ) ;
#2726 = DIRECTION ( 'NONE',  ( -0.000000000000000000, -1.000000000000000000, -0.000000000000000000 ) ) ;
#2727 = ORIENTED_EDGE ( 'NONE', *, *, #2022, .T. ) ;
#2728 = CARTESIAN_POINT ( 'NONE',  ( -17.07106781186547195, -7.000000000000011546, 52.50000000000000000 ) ) ;
#2729 = DIRECTION ( 'NONE',  ( 1.000000000000000000, 0.000000000000000000, 0.000000000000000000 ) ) ;
#2730 = VECTOR ( 'NONE', #704, 1000.000000000000000 ) ;
#2731 = LINE ( 'NONE', #3250, #1014 ) ;
#2732 = ADVANCED_FACE ( 'NONE', ( #1329 ), #1012, .F. ) ;
#2733 = ADVANCED_FACE ( 'NONE', ( #499 ), #1564, .F. ) ;
#2734 = EDGE_LOOP ( 'NONE', ( #2209, #2219, #1804, #777, #1157, #3166, #376, #604, #476, #562 ) ) ;
#2735 = EDGE_LOOP ( 'NONE', ( #1904, #878 ) ) ;
#2736 = DIRECTION ( 'NONE',  ( -0.2923717047227297194, 0.000000000000000000, -0.9563047559630375449 ) ) ;
#2737 = ORIENTED_EDGE ( 'NONE', *, *, #1677, .F. ) ;
#2738 = PRODUCT_DEFINITION_SHAPE ( 'NONE', 'NONE',  #98 ) ;
#2739 = FACE_BOUND ( 'NONE', #1624, .T. ) ;
#2740 = DIRECTION ( 'NONE',  ( -1.000000000000000000, -9.194034422677077600E-17, -6.938893903907224680E-17 ) ) ;
#2741 = ORIENTED_EDGE ( 'NONE', *, *, #180, .T. ) ;
#2742 = CARTESIAN_POINT ( 'NONE',  ( -10.00000000000000178, 9.999999999999994671, 0.000000000000000000 ) ) ;
#2743 = CARTESIAN_POINT ( 'NONE',  ( 0.000000000000000000, -30.00000000000000000, 98.72914738151575875 ) ) ;
#2744 = DIRECTION ( 'NONE',  ( 0.000000000000000000, 0.000000000000000000, 1.000000000000000000 ) ) ;
#2745 = FACE_BOUND ( 'NONE', #1118, .T. ) ;
#2746 = ORIENTED_EDGE ( 'NONE', *, *, #1935, .F. ) ;
#2747 = VECTOR ( 'NONE', #2300, 1000.000000000000000 ) ;
#2748 = CIRCLE ( 'NONE', #79, 2.500000000000002220 ) ;
#2749 = FACE_OUTER_BOUND ( 'NONE', #3369, .T. ) ;
#2750 = CARTESIAN_POINT ( 'NONE',  ( 8.701372955499665963E-15, -22.00000000000001066, 55.00000000000000711 ) ) ;
#2751 = ORIENTED_EDGE ( 'NONE', *, *, #2963, .T. ) ;
#2752 = AXIS2_PLACEMENT_3D ( 'NONE', #2601, #1534, #1259 ) ;
#2753 = AXIS2_PLACEMENT_3D ( 'NONE', #2798, #2781, #387 ) ;
#2754 = EDGE_CURVE ( 'NONE', #2284, #3151, #350, .T. ) ;
#2755 = CONICAL_SURFACE ( 'NONE', #3140, 2.500000000000000444, 0.7853981633974514986 ) ;
#2756 = EDGE_CURVE ( 'NONE', #2297, #411, #2723, .T. ) ;
#2757 = AXIS2_PLACEMENT_3D ( 'NONE', #2981, #2456, #1123 ) ;
#2758 = DIRECTION ( 'NONE',  ( 6.938893903907225912E-17, 6.938893903907227145E-17, 1.000000000000000000 ) ) ;
#2759 = CARTESIAN_POINT ( 'NONE',  ( 7.000000000000011546, 17.07106781186547551, 57.50000000000000000 ) ) ;
#2760 = CONICAL_SURFACE ( 'NONE', #2533, 2.500000000000002220, 0.7853981633974514986 ) ;
#2761 = CARTESIAN_POINT ( 'NONE',  ( -10.00000000000000178, -15.00000000000000000, 29.99999999999998934 ) ) ;
#2762 = AXIS2_PLACEMENT_3D ( 'NONE', #1427, #60, #2182 ) ;
#2763 = EDGE_LOOP ( 'NONE', ( #2430, #2429 ) ) ;
#2764 = CARTESIAN_POINT ( 'NONE',  ( 22.00000000000001421, 17.07106781186547551, 175.0000000000000000 ) ) ;
#2765 = CARTESIAN_POINT ( 'NONE',  ( 30.00000000000000000, 10.00000000000000000, 0.000000000000000000 ) ) ;
#2766 = LINE ( 'NONE', #344, #2090 ) ;
#2767 = EDGE_LOOP ( 'NONE', ( #1297, #494 ) ) ;
#2768 = DIRECTION ( 'NONE',  ( -1.000000000000000000, -2.220446049250313081E-16, 6.938893903907225912E-17 ) ) ;
#2769 = ORIENTED_EDGE ( 'NONE', *, *, #3398, .T. ) ;
#2770 = CARTESIAN_POINT ( 'NONE',  ( -17.07106781186547551, -7.000000000000014211, 15.00000000000000178 ) ) ;
#2771 = ORIENTED_EDGE ( 'NONE', *, *, #1955, .F. ) ;
#2772 = PLANE ( 'NONE',  #3254 ) ;
#2773 = EDGE_CURVE ( 'NONE', #1349, #916, #93, .T. ) ;
#2774 = ORIENTED_EDGE ( 'NONE', *, *, #2062, .F. ) ;
#2775 = DIRECTION ( 'NONE',  ( 0.000000000000000000, 0.000000000000000000, -1.000000000000000000 ) ) ;
#2776 = ORIENTED_EDGE ( 'NONE', *, *, #1678, .T. ) ;
#2777 = EDGE_CURVE ( 'NONE', #1142, #245, #110, .T. ) ;
#2778 = EDGE_CURVE ( 'NONE', #1271, #3151, #467, .T. ) ;
#2779 = DIRECTION ( 'NONE',  ( 0.7071067811865513475, 0.7071067811865436870, 0.000000000000000000 ) ) ;
#2780 = CARTESIAN_POINT ( 'NONE',  ( 2.595146320061305780E-15, -7.000000000000010658, 15.00000000000000000 ) ) ;
#2781 = DIRECTION ( 'NONE',  ( 1.000000000000000000, 2.220446049250313081E-16, 6.938893903907225912E-17 ) ) ;
#2782 = LINE ( 'NONE', #3249, #1182 ) ;
#2783 = DIRECTION ( 'NONE',  ( 0.000000000000000000, 0.000000000000000000, 1.000000000000000000 ) ) ;
#2784 = ORIENTED_EDGE ( 'NONE', *, *, #1429, .F. ) ;
#2785 = VERTEX_POINT ( 'NONE', #2489 ) ;
#2786 = DIRECTION ( 'NONE',  ( 6.938893903907228378E-17, 0.000000000000000000, 1.000000000000000000 ) ) ;
#2787 = CARTESIAN_POINT ( 'NONE',  ( 22.00000000000001421, 3.000000000000070166, 55.00000000000000711 ) ) ;
#2788 = EDGE_LOOP ( 'NONE', ( #556, #699, #3429, #2290 ) ) ;
#2789 = CARTESIAN_POINT ( 'NONE',  ( -17.07106781186546840, -22.00000000000001421, 175.0000000000000000 ) ) ;
#2790 = FACE_BOUND ( 'NONE', #2735, .T. ) ;
#2791 = DIRECTION ( 'NONE',  ( 0.000000000000000000, 0.000000000000000000, -1.000000000000000000 ) ) ;
#2792 = ADVANCED_FACE ( 'NONE', ( #3223, #841, #2739, #1180 ), #1646, .F. ) ;
#2793 = EDGE_CURVE ( 'NONE', #976, #1368, #2643, .T. ) ;
#2794 = CARTESIAN_POINT ( 'NONE',  ( 2.595146320061305780E-15, -7.000000000000009770, 20.50000000000000355 ) ) ;
#2795 = VERTEX_POINT ( 'NONE', #2707 ) ;
#2796 = ADVANCED_FACE ( 'NONE', ( #617 ), #338, .F. ) ;
#2797 = CARTESIAN_POINT ( 'NONE',  ( -2.184664232470858947E-16, 1.519509030229690944E-15, 1.242640687119288767 ) ) ;
#2798 = CARTESIAN_POINT ( 'NONE',  ( -2.999999999999982681, -7.000000000000011546, 215.0000000000000284 ) ) ;
#2799 = DIRECTION ( 'NONE',  ( 2.220446049250313081E-16, -1.000000000000000000, 6.938893903907227145E-17 ) ) ;
#2800 = CARTESIAN_POINT ( 'NONE',  ( -3.000000000000061728, -22.00000000000001066, 55.00000000000000711 ) ) ;
#2801 = VERTEX_POINT ( 'NONE', #2234 ) ;
#2802 = DIRECTION ( 'NONE',  ( 0.000000000000000000, -1.000000000000000000, 0.000000000000000000 ) ) ;
#2803 = DIRECTION ( 'NONE',  ( 0.000000000000000000, 0.000000000000000000, -1.000000000000000000 ) ) ;
#2804 = ORIENTED_EDGE ( 'NONE', *, *, #885, .T. ) ;
#2805 = DIRECTION ( 'NONE',  ( 0.7071067811865453523, 1.194790295786955196E-16, -0.7071067811865497932 ) ) ;
#2806 = ORIENTED_EDGE ( 'NONE', *, *, #702, .F. ) ;
#2807 = CIRCLE ( 'NONE', #950, 2.500000000000002220 ) ;
#2808 = AXIS2_PLACEMENT_3D ( 'NONE', #2677, #816, #1888 ) ;
#2809 = CARTESIAN_POINT ( 'NONE',  ( -2.999999999999982681, -7.000000000000011546, 215.0000000000000284 ) ) ;
#2810 = DIRECTION ( 'NONE',  ( 0.000000000000000000, 0.000000000000000000, 1.000000000000000000 ) ) ;
#2811 = AXIS2_PLACEMENT_3D ( 'NONE', #2710, #911, #1986 ) ;
#2812 = VECTOR ( 'NONE', #534, 1000.000000000000000 ) ;
#2813 = DIRECTION ( 'NONE',  ( 1.000000000000000000, -0.000000000000000000, -0.000000000000000000 ) ) ;
#2814 = AXIS2_PLACEMENT_3D ( 'NONE', #2268, #1900, #2010 ) ;
#2815 = CIRCLE ( 'NONE', #2536, 2.499999999999998668 ) ;
#2816 = ORIENTED_EDGE ( 'NONE', *, *, #1998, .F. ) ;
#2817 = CARTESIAN_POINT ( 'NONE',  ( -9.999999999999992895, -7.000000000000007994, 57.50000000000000000 ) ) ;
#2818 = CARTESIAN_POINT ( 'NONE',  ( 25.00000000000006750, -4.999999999999979572, 227.0000000000000000 ) ) ;
#2819 = DIRECTION ( 'NONE',  ( 0.000000000000000000, -1.000000000000000000, 0.000000000000000000 ) ) ;
#2820 = EDGE_CURVE ( 'NONE', #949, #823, #369, .T. ) ;
#2821 = VERTEX_POINT ( 'NONE', #3031 ) ;
#2822 = EDGE_CURVE ( 'NONE', #1017, #3113, #1409, .T. ) ;
#2823 = DIRECTION ( 'NONE',  ( 0.000000000000000000, -0.7071067811865453523, 0.7071067811865497932 ) ) ;
#2824 = DIRECTION ( 'NONE',  ( 0.000000000000000000, 0.000000000000000000, -1.000000000000000000 ) ) ;
#2825 = EDGE_LOOP ( 'NONE', ( #1444, #293, #1569, #2534 ) ) ;
#2826 = ADVANCED_FACE ( 'NONE', ( #3287 ), #1428, .T. ) ;
#2827 = FACE_OUTER_BOUND ( 'NONE', #618, .T. ) ;
#2828 = FACE_BOUND ( 'NONE', #276, .T. ) ;
#2829 = CYLINDRICAL_SURFACE ( 'NONE', #2869, 2.500000000000002220 ) ;
#2830 = VECTOR ( 'NONE', #1621, 1000.000000000000000 ) ;
#2831 = DIRECTION ( 'NONE',  ( 0.000000000000000000, 1.000000000000000000, 0.000000000000000000 ) ) ;
#2832 = DIRECTION ( 'NONE',  ( -1.000000000000000000, -9.194034422677077600E-17, -6.938893903907224680E-17 ) ) ;
#2833 = AXIS2_PLACEMENT_3D ( 'NONE', #2599, #770, #213 ) ;
#2834 = DIRECTION ( 'NONE',  ( 0.000000000000000000, 0.000000000000000000, 1.000000000000000000 ) ) ;
#2835 = CARTESIAN_POINT ( 'NONE',  ( -10.00000000000000178, -15.00000000000000000, 197.5000000000000000 ) ) ;
#2836 = ORIENTED_EDGE ( 'NONE', *, *, #1102, .T. ) ;
#2837 = VERTEX_POINT ( 'NONE', #827 ) ;
#2838 = ADVANCED_FACE ( 'NONE', ( #1963 ), #2772, .F. ) ;
#2839 = CARTESIAN_POINT ( 'NONE',  ( 25.00000000000002132, 0.000000000000000000, 165.0000000000000000 ) ) ;
#2840 = CARTESIAN_POINT ( 'NONE',  ( 7.000000000000011546, 9.999999999999998224, 175.0000000000000284 ) ) ;
#2841 = ORIENTED_EDGE ( 'NONE', *, *, #3298, .T. ) ;
#2842 = FACE_OUTER_BOUND ( 'NONE', #729, .T. ) ;
#2843 = LINE ( 'NONE', #447, #3197 ) ;
#2844 = VERTEX_POINT ( 'NONE', #1441 ) ;
#2845 = DIRECTION ( 'NONE',  ( 0.000000000000000000, 1.000000000000000000, 0.000000000000000000 ) ) ;
#2846 = DIRECTION ( 'NONE',  ( 0.000000000000000000, 0.000000000000000000, 1.000000000000000000 ) ) ;
#2847 = DIRECTION ( 'NONE',  ( 1.932977587517013408E-16, 6.938893903907228378E-17, 1.000000000000000000 ) ) ;
#2848 = ORIENTED_EDGE ( 'NONE', *, *, #920, .F. ) ;
#2849 = ORIENTED_EDGE ( 'NONE', *, *, #695, .F. ) ;
#2850 = CARTESIAN_POINT ( 'NONE',  ( 7.000000000000011546, 2.999999999999985345, 57.50000000000000000 ) ) ;
#2851 = ORIENTED_EDGE ( 'NONE', *, *, #910, .T. ) ;
#2852 = VERTEX_POINT ( 'NONE', #2507 ) ;
#2853 = CARTESIAN_POINT ( 'NONE',  ( 14.99999999999999289, 40.00000000000000000, 200.0000000000000284 ) ) ;
#2854 = DIRECTION ( 'NONE',  ( 0.000000000000000000, -1.000000000000000000, 0.000000000000000000 ) ) ;
#2855 = CARTESIAN_POINT ( 'NONE',  ( 22.00000000000001421, 0.000000000000000000, 55.00000000000000711 ) ) ;
#2856 = ORIENTED_EDGE ( 'NONE', *, *, #3219, .F. ) ;
#2857 = EDGE_CURVE ( 'NONE', #2002, #2566, #1398, .T. ) ;
#2858 = EDGE_CURVE ( 'NONE', #3130, #2427, #2256, .T. ) ;
#2859 = AXIS2_PLACEMENT_3D ( 'NONE', #2059, #747, #3123 ) ;
#2860 = CARTESIAN_POINT ( 'NONE',  ( 5.000000000000000000, -25.00000000000004974, 227.0000000000000000 ) ) ;
#2861 = VECTOR ( 'NONE', #1850, 1000.000000000000000 ) ;
#2862 = AXIS2_PLACEMENT_3D ( 'NONE', #995, #2845, #2348 ) ;
#2863 = AXIS2_PLACEMENT_3D ( 'NONE', #1475, #902, #1252 ) ;
#2864 = AXIS2_PLACEMENT_3D ( 'NONE', #1278, #945, #403 ) ;
#2865 = CARTESIAN_POINT ( 'NONE',  ( -2.999999999999982681, -7.000000000000011546, 12.49999999999999822 ) ) ;
#2866 = EDGE_CURVE ( 'NONE', #1326, #1903, #2199, .T. ) ;
#2867 = CARTESIAN_POINT ( 'NONE',  ( 0.000000000000000000, 0.000000000000000000, 3.000000000000002665 ) ) ;
#2868 = FACE_OUTER_BOUND ( 'NONE', #1286, .T. ) ;
#2869 = AXIS2_PLACEMENT_3D ( 'NONE', #169, #463, #2791 ) ;
#2870 = ORIENTED_EDGE ( 'NONE', *, *, #3070, .F. ) ;
#2871 = ORIENTED_EDGE ( 'NONE', *, *, #1946, .T. ) ;
#2872 = VECTOR ( 'NONE', #3059, 1000.000000000000000 ) ;
#2873 = CARTESIAN_POINT ( 'NONE',  ( -17.07106781186546840, -22.00000000000001421, 52.50000000000000711 ) ) ;
#2874 = ORIENTED_EDGE ( 'NONE', *, *, #1940, .F. ) ;
#2875 = ORIENTED_EDGE ( 'NONE', *, *, #953, .F. ) ;
#2876 = LINE ( 'NONE', #2616, #1224 ) ;
#2877 = DIRECTION ( 'NONE',  ( 1.000000000000000000, 0.000000000000000000, 0.000000000000000000 ) ) ;
#2878 = ADVANCED_FACE ( 'NONE', ( #196 ), #1747, .F. ) ;
#2879 = CARTESIAN_POINT ( 'NONE',  ( 7.000000000000011546, 9.999999999999998224, 172.5000000000000284 ) ) ;
#2880 = CARTESIAN_POINT ( 'NONE',  ( 5.000000000000000000, -25.00000000000004974, 227.0000000000000000 ) ) ;
#2881 = LINE ( 'NONE', #1552, #733 ) ;
#2882 = CARTESIAN_POINT ( 'NONE',  ( -1.499999999999996891, 10.00000000000000178, 65.00000000000000000 ) ) ;
#2883 = ORIENTED_EDGE ( 'NONE', *, *, #2820, .F. ) ;
#2884 = ORIENTED_EDGE ( 'NONE', *, *, #2579, .F. ) ;
#2885 = VECTOR ( 'NONE', #2301, 1000.000000000000000 ) ;
#2886 = PLANE ( 'NONE',  #1161 ) ;
#2887 = ORIENTED_EDGE ( 'NONE', *, *, #2158, .F. ) ;
#2888 = ORIENTED_EDGE ( 'NONE', *, *, #712, .T. ) ;
#2889 = ORIENTED_EDGE ( 'NONE', *, *, #3001, .T. ) ;
#2890 = AXIS2_PLACEMENT_3D ( 'NONE', #2683, #2924, #1910 ) ;
#2891 = DIRECTION ( 'NONE',  ( 0.000000000000000000, 0.000000000000000000, -1.000000000000000000 ) ) ;
#2892 = AXIS2_PLACEMENT_3D ( 'NONE', #1426, #3011, #1451 ) ;
#2893 = DIRECTION ( 'NONE',  ( 0.000000000000000000, 0.000000000000000000, -1.000000000000000000 ) ) ;
#2894 = VECTOR ( 'NONE', #978, 1000.000000000000000 ) ;
#2895 = DIRECTION ( 'NONE',  ( 1.000000000000000000, 2.220446049250313081E-16, 6.938893903907225912E-17 ) ) ;
#2896 = LINE ( 'NONE', #1316, #1124 ) ;
#2897 = CALENDAR_DATE ( 2026, 2, 6 ) ;
#2898 = VERTEX_POINT ( 'NONE', #2577 ) ;
#2899 = ORIENTED_EDGE ( 'NONE', *, *, #1542, .T. ) ;
#2900 = PLANE ( 'NONE',  #1743 ) ;
#2901 = LINE ( 'NONE', #15, #1730 ) ;
#2902 = ORIENTED_EDGE ( 'NONE', *, *, #3178, .T. ) ;
#2903 = ORIENTED_EDGE ( 'NONE', *, *, #1650, .F. ) ;
#2904 = CARTESIAN_POINT ( 'NONE',  ( 7.000000000000011546, 9.999999999999998224, 215.0000000000000284 ) ) ;
#2905 = DIRECTION ( 'NONE',  ( 6.938893903907228378E-17, 0.000000000000000000, -1.000000000000000000 ) ) ;
#2906 = DIRECTION ( 'NONE',  ( 0.7071067811865513475, 0.7071067811865436870, 0.000000000000000000 ) ) ;
#2907 = LINE ( 'NONE', #758, #2702 ) ;
#2908 = AXIS2_PLACEMENT_3D ( 'NONE', #2074, #1745, #1263 ) ;
#2909 = CARTESIAN_POINT ( 'NONE',  ( -9.999999999999994671, -7.000000000000013323, 215.0000000000000000 ) ) ;
#2910 = CARTESIAN_POINT ( 'NONE',  ( -2.999999999999979572, -7.000000000000008882, 177.5000000000000284 ) ) ;
#2911 = PERSON_AND_ORGANIZATION ( #330, #2925 ) ;
#2912 = ORIENTED_EDGE ( 'NONE', *, *, #484, .T. ) ;
#2913 = AXIS2_PLACEMENT_3D ( 'NONE', #3054, #325, #846 ) ;
#2914 = EDGE_LOOP ( 'NONE', ( #1480, #1788, #849, #3042 ) ) ;
#2915 = ORIENTED_EDGE ( 'NONE', *, *, #3402, .T. ) ;
#2916 = AXIS2_PLACEMENT_3D ( 'NONE', #2239, #598, #1188 ) ;
#2917 = CARTESIAN_POINT ( 'NONE',  ( 30.00000000000000000, -1.000000000000000888, 160.0000000000000000 ) ) ;
#2918 = AXIS2_PLACEMENT_3D ( 'NONE', #253, #6, #75 ) ;
#2919 = LINE ( 'NONE', #266, #3050 ) ;
#2920 = ADVANCED_FACE ( 'NONE', ( #2251 ), #792, .F. ) ;
#2921 = ORIENTED_EDGE ( 'NONE', *, *, #3067, .T. ) ;
#2922 = ORIENTED_EDGE ( 'NONE', *, *, #1467, .F. ) ;
#2923 = VECTOR ( 'NONE', #2819, 1000.000000000000000 ) ;
#2924 = DIRECTION ( 'NONE',  ( -1.000000000000000000, 0.000000000000000000, 0.000000000000000000 ) ) ;
#2925 = ORGANIZATION ( 'UNSPECIFIED', 'UNSPECIFIED', '' ) ;
#2926 = PLANE ( 'NONE',  #1576 ) ;
#2927 = APPROVAL ( #1845, 'UNSPECIFIED' ) ;
#2928 = EDGE_CURVE ( 'NONE', #452, #530, #255, .T. ) ;
#2929 = DIRECTION ( 'NONE',  ( -1.000000000000000000, -4.336808689942018352E-17, -0.000000000000000000 ) ) ;
#2930 = LINE ( 'NONE', #909, #1961 ) ;
#2931 = CARTESIAN_POINT ( 'NONE',  ( -2.928932188134489412, 10.00000000000000000, 0.000000000000000000 ) ) ;
#2932 = CARTESIAN_POINT ( 'NONE',  ( -3.000000000000061728, -22.00000000000001066, 57.50000000000000711 ) ) ;
#2933 = DIRECTION ( 'NONE',  ( 1.000000000000000000, 0.000000000000000000, 0.000000000000000000 ) ) ;
#2934 = ORIENTED_EDGE ( 'NONE', *, *, #1328, .F. ) ;
#2935 = ORIENTED_EDGE ( 'NONE', *, *, #1650, .T. ) ;
#2936 = ORIENTED_EDGE ( 'NONE', *, *, #2415, .F. ) ;
#2937 = DIRECTION ( 'NONE',  ( 0.000000000000000000, 0.000000000000000000, -1.000000000000000000 ) ) ;
#2938 = CARTESIAN_POINT ( 'NONE',  ( 14.99999999999999289, 40.00000000000000000, 197.5000000000000284 ) ) ;
#2939 = DIRECTION ( 'NONE',  ( -1.000000000000000000, 0.000000000000000000, -0.000000000000000000 ) ) ;
#2940 = ORIENTED_EDGE ( 'NONE', *, *, #3032, .T. ) ;
#2941 = CARTESIAN_POINT ( 'NONE',  ( -9.999999999999994671, -7.000000000000013323, 15.00000000000000178 ) ) ;
#2942 = ADVANCED_FACE ( 'NONE', ( #2600 ), #908, .F. ) ;
#2943 = DIRECTION ( 'NONE',  ( 1.000000000000000000, 0.000000000000000000, 0.000000000000000000 ) ) ;
#2944 = CARTESIAN_POINT ( 'NONE',  ( 36.70286460840455334, 0.000000000000000000, 218.7788081917878173 ) ) ;
#2945 = AXIS2_PLACEMENT_3D ( 'NONE', #2388, #2961, #1085 ) ;
#2946 = EDGE_CURVE ( 'NONE', #1059, #1326, #3086, .T. ) ;
#2947 = DIRECTION ( 'NONE',  ( 1.000000000000000000, 0.000000000000000000, 0.000000000000000000 ) ) ;
#2948 = PRODUCT_RELATED_PRODUCT_CATEGORY ( 'detail', '', ( #1700 ) ) ;
#2949 = CARTESIAN_POINT ( 'NONE',  ( 7.000000000000011546, 2.999999999999985345, 55.00000000000000000 ) ) ;
#2950 = CARTESIAN_POINT ( 'NONE',  ( -17.07106781186547195, -7.000000000000011546, 177.5000000000000284 ) ) ;
#2951 = LINE ( 'NONE', #774, #1359 ) ;
#2952 = ORIENTED_EDGE ( 'NONE', *, *, #2067, .F. ) ;
#2953 = EDGE_LOOP ( 'NONE', ( #2597, #2353, #1592, #97 ) ) ;
#2954 = ORIENTED_EDGE ( 'NONE', *, *, #3032, .F. ) ;
#2955 = LINE ( 'NONE', #2742, #2469 ) ;
#2956 = LINE ( 'NONE', #2642, #2472 ) ;
#2957 = DIRECTION ( 'NONE',  ( 0.000000000000000000, -6.938893903907238238E-17, -1.000000000000000000 ) ) ;
#2958 = DIRECTION ( 'NONE',  ( -1.000000000000000000, -2.220446049250313081E-16, -6.938893903907225912E-17 ) ) ;
#2959 = ORIENTED_EDGE ( 'NONE', *, *, #1876, .T. ) ;
#2960 = ORIENTED_EDGE ( 'NONE', *, *, #1574, .T. ) ;
#2961 = DIRECTION ( 'NONE',  ( -1.000000000000000000, -2.220446049250313081E-16, -6.938893903907225912E-17 ) ) ;
#2962 = DIRECTION ( 'NONE',  ( -1.000000000000000000, 0.000000000000000000, 0.000000000000000000 ) ) ;
#2963 = EDGE_CURVE ( 'NONE', #730, #2989, #3051, .T. ) ;
#2964 = DIRECTION ( 'NONE',  ( 0.000000000000000000, -1.000000000000000000, 0.000000000000000000 ) ) ;
#2965 = CARTESIAN_POINT ( 'NONE',  ( 5.000000000000000000, -25.00000000000002132, 3.000000000000002665 ) ) ;
#2966 = APPROVAL_ROLE ( '' ) ;
#2967 = VERTEX_POINT ( 'NONE', #1759 ) ;
#2968 = ORIENTED_EDGE ( 'NONE', *, *, #1999, .T. ) ;
#2969 = AXIS2_PLACEMENT_3D ( 'NONE', #3268, #3280, #2744 ) ;
#2970 = ADVANCED_FACE ( 'NONE', ( #719 ), #2829, .F. ) ;
#2971 = VECTOR ( 'NONE', #2779, 1000.000000000000000 ) ;
#2972 = CARTESIAN_POINT ( 'NONE',  ( 7.000000000000011546, 0.000000000000000000, 15.00000000000000000 ) ) ;
#2973 = DIRECTION ( 'NONE',  ( -2.220446049250313081E-16, 1.000000000000000000, -6.938893903907225912E-17 ) ) ;
#2974 = CARTESIAN_POINT ( 'NONE',  ( -2.999999999999982681, -7.000000000000011546, 215.0000000000000284 ) ) ;
#2975 = AXIS2_PLACEMENT_3D ( 'NONE', #1790, #1738, #1722 ) ;
#2976 = VERTEX_POINT ( 'NONE', #1787 ) ;
#2977 = AXIS2_PLACEMENT_3D ( 'NONE', #2770, #936, #2824 ) ;
#2978 = CARTESIAN_POINT ( 'NONE',  ( 0.000000000000000000, -1.000000000000001110, 165.0000000000000000 ) ) ;
#2979 = AXIS2_PLACEMENT_3D ( 'NONE', #993, #1622, #2695 ) ;
#2980 = LINE ( 'NONE', #2054, #1413 ) ;
#2981 = CARTESIAN_POINT ( 'NONE',  ( 0.000000000000000000, -15.00000000000000000, 32.49999999999998579 ) ) ;
#2982 = APPROVAL_PERSON_ORGANIZATION ( #2911, #720, #2966 ) ;
#2983 = EDGE_CURVE ( 'NONE', #2427, #3130, #1254, .T. ) ;
#2984 = EDGE_CURVE ( 'NONE', #2566, #983, #705, .T. ) ;
#2985 = DIRECTION ( 'NONE',  ( 0.7071067811865453523, 1.079438565345089156E-16, 0.7071067811865497932 ) ) ;
#2986 = PLANE ( 'NONE',  #3406 ) ;
#2987 = ORIENTED_EDGE ( 'NONE', *, *, #3380, .T. ) ;
#2988 = ORIENTED_EDGE ( 'NONE', *, *, #1442, .T. ) ;
#2989 = VERTEX_POINT ( 'NONE', #430 ) ;
#2990 = DIRECTION ( 'NONE',  ( 0.000000000000000000, 1.000000000000000000, 0.000000000000000000 ) ) ;
#2991 = CARTESIAN_POINT ( 'NONE',  ( 7.000000000000011546, 0.000000000000000000, 55.00000000000000000 ) ) ;
#2992 = DIRECTION ( 'NONE',  ( 0.000000000000000000, 0.000000000000000000, -1.000000000000000000 ) ) ;
#2993 = ORIENTED_EDGE ( 'NONE', *, *, #1838, .T. ) ;
#2994 = VERTEX_POINT ( 'NONE', #416 ) ;
#2995 = CARTESIAN_POINT ( 'NONE',  ( -1.499999999999996891, 10.00000000000000178, 65.00000000000000000 ) ) ;
#2996 = CARTESIAN_POINT ( 'NONE',  ( 4.937023012629994568E-15, -7.000000000000007994, 49.49999999999999289 ) ) ;
#2997 = EDGE_LOOP ( 'NONE', ( #3347, #1483 ) ) ;
#2998 = CARTESIAN_POINT ( 'NONE',  ( 22.00000000000001421, 3.000000000000070166, 55.00000000000000711 ) ) ;
#2999 = AXIS2_PLACEMENT_3D ( 'NONE', #1174, #2502, #3297 ) ;
#3000 = CARTESIAN_POINT ( 'NONE',  ( 0.000000000000000000, -15.00000000000000000, 197.5000000000000000 ) ) ;
#3001 = EDGE_CURVE ( 'NONE', #3400, #130, #2420, .T. ) ;
#3002 = EDGE_LOOP ( 'NONE', ( #1293, #726, #3294, #3099 ) ) ;
#3003 = CARTESIAN_POINT ( 'NONE',  ( 0.000000000000000000, 0.000000000000000000, 156.7291473815157872 ) ) ;
#3004 = DIRECTION ( 'NONE',  ( 1.932977587517013408E-16, 6.938893903907228378E-17, 1.000000000000000000 ) ) ;
#3005 = DIRECTION ( 'NONE',  ( -2.220446049250313081E-16, 1.000000000000000000, -6.938893903907225912E-17 ) ) ;
#3006 = CARTESIAN_POINT ( 'NONE',  ( 5.000000000000000000, -25.00000000000002132, 3.000000000000002665 ) ) ;
#3008 = EDGE_CURVE ( 'NONE', #1179, #1045, #962, .T. ) ;
#3007 = ORIENTED_EDGE ( 'NONE', *, *, #1729, .T. ) ;
#3009 = ADVANCED_FACE ( 'NONE', ( #1720 ), #3324, .F. ) ;
#3010 = VERTEX_POINT ( 'NONE', #2287 ) ;
#3011 = DIRECTION ( 'NONE',  ( -0.000000000000000000, -1.000000000000000000, 0.000000000000000000 ) ) ;
#3012 = DIRECTION ( 'NONE',  ( 0.000000000000000000, -1.000000000000000000, 0.000000000000000000 ) ) ;
#3013 = CARTESIAN_POINT ( 'NONE',  ( 15.00000000000000000, 5.759281940242997187E-15, 195.0000000000000000 ) ) ;
#3014 = DIRECTION ( 'NONE',  ( 0.000000000000000000, 0.000000000000000000, -1.000000000000000000 ) ) ;
#3015 = ORIENTED_EDGE ( 'NONE', *, *, #969, .T. ) ;
#3016 = CARTESIAN_POINT ( 'NONE',  ( -17.07106781186547551, -7.000000000000014211, 15.00000000000000178 ) ) ;
#3017 = LINE ( 'NONE', #1420, #2331 ) ;
#3018 = FACE_OUTER_BOUND ( 'NONE', #1269, .T. ) ;
#3019 = VERTEX_POINT ( 'NONE', #670 ) ;
#3020 = ORIENTED_EDGE ( 'NONE', *, *, #1166, .F. ) ;
#3021 = CIRCLE ( 'NONE', #2012, 2.500000000000000444 ) ;
#3022 = EDGE_CURVE ( 'NONE', #10, #268, #2843, .T. ) ;
#3023 = DIRECTION ( 'NONE',  ( 1.000000000000000000, -0.000000000000000000, 0.000000000000000000 ) ) ;
#3024 = CARTESIAN_POINT ( 'NONE',  ( -2.928932188134486747, 10.00000000000000178, 107.0000000000000142 ) ) ;
#3025 = VECTOR ( 'NONE', #1352, 1000.000000000000000 ) ;
#3026 = AXIS2_PLACEMENT_3D ( 'NONE', #722, #1500, #1775 ) ;
#3027 = VECTOR ( 'NONE', #2443, 1000.000000000000114 ) ;
#3028 = AXIS2_PLACEMENT_3D ( 'NONE', #773, #3141, #745 ) ;
#3029 = AXIS2_PLACEMENT_3D ( 'NONE', #1086, #2929, #550 ) ;
#3030 = CARTESIAN_POINT ( 'NONE',  ( 30.00000000000000000, -4.999999999999992895, 3.000000000000000888 ) ) ;
#3031 = CARTESIAN_POINT ( 'NONE',  ( -10.00000000000000178, 1.500000000000000000, 151.8228684537894821 ) ) ;
#3032 = EDGE_CURVE ( 'NONE', #2061, #3338, #1684, .T. ) ;
#3033 = AXIS2_PLACEMENT_3D ( 'NONE', #2360, #2191, #482 ) ;
#3034 = AXIS2_PLACEMENT_3D ( 'NONE', #414, #828, #1734 ) ;
#3035 = PLANE ( 'NONE',  #1522 ) ;
#3036 = DIRECTION ( 'NONE',  ( -6.938893903907225912E-17, -6.938893903907225912E-17, -1.000000000000000000 ) ) ;
#3037 = PRODUCT_DEFINITION_FORMATION_WITH_SPECIFIED_SOURCE ( 'ANY', '', #1700, .NOT_KNOWN. ) ;
#3038 = EDGE_LOOP ( 'NONE', ( #1693, #3383, #183, #401, #2136, #697, #1194 ) ) ;
#3039 = FACE_OUTER_BOUND ( 'NONE', #1637, .T. ) ;
#3040 = CYLINDRICAL_SURFACE ( 'NONE', #2470, 2.500000000000009326 ) ;
#3041 = DIRECTION ( 'NONE',  ( 1.000000000000000000, -0.000000000000000000, 1.278945359779437797E-16 ) ) ;
#3042 = ORIENTED_EDGE ( 'NONE', *, *, #2686, .F. ) ;
#3043 = ORIENTED_EDGE ( 'NONE', *, *, #642, .F. ) ;
#3044 = PLANE ( 'NONE',  #2999 ) ;
#3045 = ORIENTED_EDGE ( 'NONE', *, *, #1533, .F. ) ;
#3046 = DIRECTION ( 'NONE',  ( 2.220446049250313081E-16, -1.000000000000000000, -6.938893903907225912E-17 ) ) ;
#3047 = ORIENTED_EDGE ( 'NONE', *, *, #987, .F. ) ;
#3048 = EDGE_CURVE ( 'NONE', #2821, #1001, #3340, .T. ) ;
#3049 = CARTESIAN_POINT ( 'NONE',  ( -2.999999999999979572, -7.000000000000008882, 177.5000000000000284 ) ) ;
#3050 = VECTOR ( 'NONE', #2413, 1000.000000000000000 ) ;
#3051 = LINE ( 'NONE', #965, #1581 ) ;
#3052 = EDGE_LOOP ( 'NONE', ( #1618, #937 ) ) ;
#3053 = EDGE_CURVE ( 'NONE', #1960, #1022, #2302, .T. ) ;
#3054 = CARTESIAN_POINT ( 'NONE',  ( -10.00000000000000888, -14.99999999999999289, 117.0000000000000000 ) ) ;
#3055 = ORIENTED_EDGE ( 'NONE', *, *, #2391, .F. ) ;
#3056 = VECTOR ( 'NONE', #2768, 1000.000000000000000 ) ;
#3057 = CARTESIAN_POINT ( 'NONE',  ( 0.000000000000000000, -30.00000000000000000, 227.0000000000000000 ) ) ;
#3058 = CARTESIAN_POINT ( 'NONE',  ( -10.00000000000000178, -15.00000000000000000, 34.99999999999999289 ) ) ;
#3059 = DIRECTION ( 'NONE',  ( -1.000000000000000000, 0.000000000000000000, 0.000000000000000000 ) ) ;
#3060 = VECTOR ( 'NONE', #2217, 1000.000000000000000 ) ;
#3061 = ORIENTED_EDGE ( 'NONE', *, *, #695, .T. ) ;
#3062 = DIRECTION ( 'NONE',  ( -0.000000000000000000, -1.000000000000000000, 0.000000000000000000 ) ) ;
#3063 = DIRECTION ( 'NONE',  ( 1.000000000000000000, 2.220446049250313081E-16, -6.938893903907225912E-17 ) ) ;
#3064 = CARTESIAN_POINT ( 'NONE',  ( -10.00000000000000000, -30.00000000000000000, 0.000000000000000000 ) ) ;
#3065 = DIRECTION ( 'NONE',  ( -2.220446049250313081E-16, 1.000000000000000000, -6.938893903907225912E-17 ) ) ;
#3066 = CARTESIAN_POINT ( 'NONE',  ( 15.00000000000000000, 10.00000000000002309, 117.0000000000000000 ) ) ;
#3067 = EDGE_CURVE ( 'NONE', #1081, #1142, #1809, .T. ) ;
#3068 = CARTESIAN_POINT ( 'NONE',  ( 30.00000000000000000, 0.000000000000000000, 0.000000000000000000 ) ) ;
#3069 = DIRECTION ( 'NONE',  ( 0.7071067811865513475, 0.7071067811865436870, 0.000000000000000000 ) ) ;
#3070 = EDGE_CURVE ( 'NONE', #1459, #651, #2731, .T. ) ;
#3071 = ORIENTED_EDGE ( 'NONE', *, *, #746, .F. ) ;
#3072 = CARTESIAN_POINT ( 'NONE',  ( 5.000000000000000000, -30.00000000000000000, 227.0000000000000000 ) ) ;
#3073 = LINE ( 'NONE', #997, #623 ) ;
#3074 = CARTESIAN_POINT ( 'NONE',  ( -2.999999999999979572, -7.000000000000008882, 175.0000000000000284 ) ) ;
#3075 = EDGE_CURVE ( 'NONE', #1246, #2323, #2259, .T. ) ;
#3076 = ORIENTED_EDGE ( 'NONE', *, *, #3224, .T. ) ;
#3077 = VERTEX_POINT ( 'NONE', #2069 ) ;
#3078 = ADVANCED_FACE ( 'NONE', ( #3390 ), #2450, .F. ) ;
#3079 = DIRECTION ( 'NONE',  ( 1.000000000000000000, -0.000000000000000000, 0.000000000000000000 ) ) ;
#3080 = CARTESIAN_POINT ( 'NONE',  ( 17.50000000000000711, 1.200428645375950352E-14, 117.0000000000000000 ) ) ;
#3081 = CIRCLE ( 'NONE', #1570, 2.500000000000002220 ) ;
#3082 = ORIENTED_EDGE ( 'NONE', *, *, #2540, .T. ) ;
#3083 = CONICAL_SURFACE ( 'NONE', #3353, 2.500000000000002220, 0.7853981633974514986 ) ;
#3084 = AXIS2_PLACEMENT_3D ( 'NONE', #3391, #1563, #1046 ) ;
#3085 = DIRECTION ( 'NONE',  ( 1.000000000000000000, 2.220446049250313081E-16, 6.938893903907225912E-17 ) ) ;
#3086 = LINE ( 'NONE', #3120, #3089 ) ;
#3087 = VECTOR ( 'NONE', #1706, 1000.000000000000000 ) ;
#3088 = CIRCLE ( 'NONE', #516, 5.500000000000005329 ) ;
#3089 = VECTOR ( 'NONE', #1985, 1000.000000000000000 ) ;
#3090 = CARTESIAN_POINT ( 'NONE',  ( -41.96446609406761041, -29.03553390593269867, 165.0000000000000000 ) ) ;
#3091 = AXIS2_PLACEMENT_3D ( 'NONE', #661, #1725, #2535 ) ;
#3092 = CIRCLE ( 'NONE', #1311, 2.499999999999998668 ) ;
#3093 = ORIENTED_EDGE ( 'NONE', *, *, #305, .T. ) ;
#3094 = ADVANCED_FACE ( 'NONE', ( #1290 ), #2345, .F. ) ;
#3095 = CARTESIAN_POINT ( 'NONE',  ( -9.999999999999989342, -22.00000000000001421, 55.00000000000000711 ) ) ;
#3096 = AXIS2_PLACEMENT_3D ( 'NONE', #2711, #2126, #2933 ) ;
#3097 = CARTESIAN_POINT ( 'NONE',  ( -10.00000000000000178, 9.999999999999994671, 165.0000000000000000 ) ) ;
#3098 = PLANE ( 'NONE',  #1586 ) ;
#3099 = ORIENTED_EDGE ( 'NONE', *, *, #2454, .T. ) ;
#3100 = ORIENTED_EDGE ( 'NONE', *, *, #612, .F. ) ;
#3101 = FACE_BOUND ( 'NONE', #1855, .T. ) ;
#3102 = CARTESIAN_POINT ( 'NONE',  ( 22.00000000000001421, 9.999999999999998224, 172.5000000000000000 ) ) ;
#3103 = ORIENTED_EDGE ( 'NONE', *, *, #3190, .F. ) ;
#3104 = CARTESIAN_POINT ( 'NONE',  ( 22.00000000000001421, 3.000000000000070166, 175.0000000000000000 ) ) ;
#3105 = CARTESIAN_POINT ( 'NONE',  ( 30.00000000000001776, -4.999999999999977796, 227.0000000000000000 ) ) ;
#3106 = DIRECTION ( 'NONE',  ( 6.938893903907220982E-17, 0.000000000000000000, -1.000000000000000000 ) ) ;
#3107 = EDGE_LOOP ( 'NONE', ( #2387, #3318, #1335, #2851 ) ) ;
#3108 = DIRECTION ( 'NONE',  ( 0.000000000000000000, 0.000000000000000000, 1.000000000000000000 ) ) ;
#3109 = DIRECTION ( 'NONE',  ( 8.659560562354959975E-17, -0.7071067811865453523, 0.7071067811865497932 ) ) ;
#3110 = CARTESIAN_POINT ( 'NONE',  ( -10.00000000000000000, -30.00000000000000000, 107.0000000000000142 ) ) ;
#3111 = CARTESIAN_POINT ( 'NONE',  ( 7.000000000000011546, 2.999999999999985345, 172.5000000000000284 ) ) ;
#3112 = CARTESIAN_POINT ( 'NONE',  ( 0.000000000000000000, -25.00000000000004263, 179.6097722286464773 ) ) ;
#3113 = VERTEX_POINT ( 'NONE', #333 ) ;
#3114 = CARTESIAN_POINT ( 'NONE',  ( -17.07106781186546840, -22.00000000000001421, 175.0000000000000000 ) ) ;
#3115 = EDGE_CURVE ( 'NONE', #244, #890, #1873, .T. ) ;
#3116 = EDGE_CURVE ( 'NONE', #3194, #983, #70, .T. ) ;
#3117 = LINE ( 'NONE', #395, #1078 ) ;
#3118 = CARTESIAN_POINT ( 'NONE',  ( 0.000000000000000000, -14.99999999999999289, 119.5000000000000142 ) ) ;
#3119 = LINE ( 'NONE', #2343, #2885 ) ;
#3120 = CARTESIAN_POINT ( 'NONE',  ( 0.000000000000000000, 0.000000000000000000, 230.0000000000000000 ) ) ;
#3121 = DIRECTION ( 'NONE',  ( 1.000000000000000000, 2.220446049250313081E-16, 6.938893903907225912E-17 ) ) ;
#3122 = DIRECTION ( 'NONE',  ( -0.000000000000000000, -0.000000000000000000, -1.000000000000000000 ) ) ;
#3123 = DIRECTION ( 'NONE',  ( 0.000000000000000000, 0.000000000000000000, -1.000000000000000000 ) ) ;
#3124 = DIRECTION ( 'NONE',  ( 1.932977587517013408E-16, 6.938893903907228378E-17, 1.000000000000000000 ) ) ;
#3125 = ORIENTED_EDGE ( 'NONE', *, *, #3425, .T. ) ;
#3126 = EDGE_LOOP ( 'NONE', ( #2987, #3212, #1575, #958 ) ) ;
#3127 = CARTESIAN_POINT ( 'NONE',  ( 22.00000000000001421, 17.07106781186547551, 55.00000000000000711 ) ) ;
#3128 = ORIENTED_EDGE ( 'NONE', *, *, #713, .F. ) ;
#3129 = ORIENTED_EDGE ( 'NONE', *, *, #926, .F. ) ;
#3130 = VERTEX_POINT ( 'NONE', #1115 ) ;
#3131 = EDGE_CURVE ( 'NONE', #823, #621, #91, .T. ) ;
#3132 = ADVANCED_FACE ( 'NONE', ( #3233 ), #2760, .F. ) ;
#3133 = DIRECTION ( 'NONE',  ( -1.278945359779437797E-16, -0.000000000000000000, 1.000000000000000000 ) ) ;
#3134 = DIRECTION ( 'NONE',  ( 1.786765180256111307E-16, -1.000000000000000000, -6.938893903907225912E-17 ) ) ;
#3135 = VECTOR ( 'NONE', #221, 1000.000000000000114 ) ;
#3136 = AXIS2_PLACEMENT_3D ( 'NONE', #80, #1135, #3266 ) ;
#3137 = CARTESIAN_POINT ( 'NONE',  ( -1.500000000000000666, -30.00000000000000000, 93.82286845378943951 ) ) ;
#3138 = AXIS2_PLACEMENT_3D ( 'NONE', #63, #2207, #3036 ) ;
#3139 = CIRCLE ( 'NONE', #2863, 2.499999999999998668 ) ;
#3140 = AXIS2_PLACEMENT_3D ( 'NONE', #187, #173, #2313 ) ;
#3141 = DIRECTION ( 'NONE',  ( 1.000000000000000000, 4.336808689942018352E-17, -0.000000000000000000 ) ) ;
#3142 = PLANE ( 'NONE',  #135 ) ;
#3143 =( NAMED_UNIT ( * ) SI_UNIT ( $, .STERADIAN. ) SOLID_ANGLE_UNIT ( ) );
#3144 = ORIENTED_EDGE ( 'NONE', *, *, #2510, .F. ) ;
#3145 = ORIENTED_EDGE ( 'NONE', *, *, #444, .F. ) ;
#3146 = VECTOR ( 'NONE', #1011, 1000.000000000000000 ) ;
#3147 = LINE ( 'NONE', #2873, #2346 ) ;
#3148 = ADVANCED_BREP_SHAPE_REPRESENTATION ( 'guide channel', ( #2368, #3096 ), #588 ) ;
#3149 = ORIENTED_EDGE ( 'NONE', *, *, #1741, .T. ) ;
#3150 = APPROVAL_PERSON_ORGANIZATION ( #1110, #2927, #2445 ) ;
#3151 = VERTEX_POINT ( 'NONE', #1810 ) ;
#3152 = DIRECTION ( 'NONE',  ( 0.000000000000000000, 0.000000000000000000, -1.000000000000000000 ) ) ;
#3153 = LINE ( 'NONE', #755, #1687 ) ;
#3154 = EDGE_CURVE ( 'NONE', #839, #320, #796, .T. ) ;
#3155 = LINE ( 'NONE', #2147, #151 ) ;
#3156 = EDGE_CURVE ( 'NONE', #3213, #730, #744, .T. ) ;
#3157 = CARTESIAN_POINT ( 'NONE',  ( -70.00000000000000000, 10.00000000000000000, 165.0000000000000000 ) ) ;
#3158 = DIRECTION ( 'NONE',  ( 0.7071067811865453523, 2.926702408257946698E-16, 0.7071067811865497932 ) ) ;
#3159 = DIRECTION ( 'NONE',  ( -0.000000000000000000, -1.000000000000000000, -0.000000000000000000 ) ) ;
#3160 = VERTEX_POINT ( 'NONE', #854 ) ;
#3161 = ORIENTED_EDGE ( 'NONE', *, *, #3238, .T. ) ;
#3162 = ORIENTED_EDGE ( 'NONE', *, *, #117, .F. ) ;
#3163 = LINE ( 'NONE', #3176, #3025 ) ;
#3164 = CYLINDRICAL_SURFACE ( 'NONE', #685, 2.500000000000002220 ) ;
#3165 = ORIENTED_EDGE ( 'NONE', *, *, #242, .F. ) ;
#3166 = ORIENTED_EDGE ( 'NONE', *, *, #568, .T. ) ;
#3167 = FACE_OUTER_BOUND ( 'NONE', #1147, .T. ) ;
#3168 = CARTESIAN_POINT ( 'NONE',  ( 0.000000000000000000, -30.00000000000000000, 165.0000000000000000 ) ) ;
#3169 = ADVANCED_FACE ( 'NONE', ( #1080 ), #2434, .F. ) ;
#3170 = EDGE_CURVE ( 'NONE', #2159, #2438, #231, .T. ) ;
#3171 = CARTESIAN_POINT ( 'NONE',  ( 25.00000000000005329, 0.000000000000000000, 179.6097722286465057 ) ) ;
#3172 = CARTESIAN_POINT ( 'NONE',  ( -2.999999999999979572, -7.000000000000008882, 175.0000000000000284 ) ) ;
#3173 = ORIENTED_EDGE ( 'NONE', *, *, #1556, .T. ) ;
#3174 = ORIENTED_EDGE ( 'NONE', *, *, #2096, .F. ) ;
#3175 = ORIENTED_EDGE ( 'NONE', *, *, #1237, .F. ) ;
#3176 = CARTESIAN_POINT ( 'NONE',  ( 1.000000000000000000, 10.00000000000000178, 102.0000000000000142 ) ) ;
#3177 = FACE_BOUND ( 'NONE', #1120, .T. ) ;
#3178 = EDGE_CURVE ( 'NONE', #3338, #1540, #51, .T. ) ;
#3179 = EDGE_CURVE ( 'NONE', #1711, #223, #1256, .T. ) ;
#3180 = ORIENTED_EDGE ( 'NONE', *, *, #3341, .T. ) ;
#3181 = VERTEX_POINT ( 'NONE', #35 ) ;
#3182 = DIRECTION ( 'NONE',  ( 0.000000000000000000, -1.000000000000000000, 0.000000000000000000 ) ) ;
#3183 = CARTESIAN_POINT ( 'NONE',  ( 14.99999999999999289, 40.00000000000000000, 32.49999999999997868 ) ) ;
#3184 = LINE ( 'NONE', #1312, #1460 ) ;
#3185 = CONICAL_SURFACE ( 'NONE', #1303, 2.500000000000002220, 0.7853981633974514986 ) ;
#3186 = CONICAL_SURFACE ( 'NONE', #22, 2.500000000000002220, 0.7853981633974514986 ) ;
#3187 = CARTESIAN_POINT ( 'NONE',  ( -40.00000000000000000, -15.00000000000000000, 32.49999999999998579 ) ) ;
#3188 = DIRECTION ( 'NONE',  ( 0.000000000000000000, 0.000000000000000000, 1.000000000000000000 ) ) ;
#3189 = DATE_AND_TIME ( #2897, #3205 ) ;
#3190 = EDGE_CURVE ( 'NONE', #3113, #10, #3153, .T. ) ;
#3191 = VERTEX_POINT ( 'NONE', #542 ) ;
#3192 = EDGE_CURVE ( 'NONE', #3181, #166, #297, .T. ) ;
#3193 = EDGE_LOOP ( 'NONE', ( #1506, #2727, #2609, #1298, #2528, #211, #438, #123 ) ) ;
#3194 = VERTEX_POINT ( 'NONE', #2498 ) ;
#3195 = CIRCLE ( 'NONE', #1013, 2.500000000000000444 ) ;
#3196 = CARTESIAN_POINT ( 'NONE',  ( -3.000000000000061728, -22.00000000000001066, 55.00000000000000711 ) ) ;
#3197 = VECTOR ( 'NONE', #1735, 1000.000000000000000 ) ;
#3198 = DIRECTION ( 'NONE',  ( 0.000000000000000000, 0.000000000000000000, 1.000000000000000000 ) ) ;
#3199 = ORIENTED_EDGE ( 'NONE', *, *, #1369, .T. ) ;
#3200 = ORIENTED_EDGE ( 'NONE', *, *, #885, .F. ) ;
#3201 = AXIS2_PLACEMENT_3D ( 'NONE', #1655, #2958, #1640 ) ;
#3202 = CARTESIAN_POINT ( 'NONE',  ( 8.701372955499665963E-15, -22.00000000000001066, 60.50000000000009237 ) ) ;
#3203 = VECTOR ( 'NONE', #2985, 1000.000000000000114 ) ;
#3204 = CARTESIAN_POINT ( 'NONE',  ( 5.000000000000000000, -30.00000000000000000, 3.000000000000002665 ) ) ;
#3205 = LOCAL_TIME ( 10, 29, 37.00000000000000000, #2186 ) ;
#3206 = VECTOR ( 'NONE', #2943, 1000.000000000000000 ) ;
#3207 = CARTESIAN_POINT ( 'NONE',  ( -2.928932188134489412, 10.00000000000000000, 230.0000000000000000 ) ) ;
#3208 = DIRECTION ( 'NONE',  ( -0.000000000000000000, -0.000000000000000000, -1.000000000000000000 ) ) ;
#3209 = CARTESIAN_POINT ( 'NONE',  ( -2.999999999999979572, -7.000000000000007994, 57.50000000000000000 ) ) ;
#3210 = DIRECTION ( 'NONE',  ( 1.000000000000000000, 2.220446049250313081E-16, 6.938893903907225912E-17 ) ) ;
#3211 = COORDINATED_UNIVERSAL_TIME_OFFSET ( 1, 0, .AHEAD. ) ;
#3212 = ORIENTED_EDGE ( 'NONE', *, *, #860, .F. ) ;
#3213 = VERTEX_POINT ( 'NONE', #931 ) ;
#3214 = ORIENTED_EDGE ( 'NONE', *, *, #920, .T. ) ;
#3215 = LINE ( 'NONE', #1889, #1799 ) ;
#3216 = CARTESIAN_POINT ( 'NONE',  ( 30.00000000000000000, 10.00000000000000000, 230.0000000000000000 ) ) ;
#3217 = CARTESIAN_POINT ( 'NONE',  ( 5.000000000000000000, -25.00000000000002132, 3.000000000000002665 ) ) ;
#3218 = EDGE_LOOP ( 'NONE', ( #2836, #2107, #2841, #2746 ) ) ;
#3219 = EDGE_CURVE ( 'NONE', #1111, #2284, #2815, .T. ) ;
#3220 = EDGE_CURVE ( 'NONE', #2541, #1733, #1918, .T. ) ;
#3221 = DIRECTION ( 'NONE',  ( 1.000000000000000000, -0.000000000000000000, -0.000000000000000000 ) ) ;
#3222 = EDGE_LOOP ( 'NONE', ( #1605, #2482 ) ) ;
#3223 = FACE_OUTER_BOUND ( 'NONE', #784, .T. ) ;
#3224 = EDGE_CURVE ( 'NONE', #1184, #2337, #2005, .T. ) ;
#3225 = CARTESIAN_POINT ( 'NONE',  ( 22.00000000000001421, 9.999999999999998224, 52.50000000000000711 ) ) ;
#3226 = CARTESIAN_POINT ( 'NONE',  ( -17.07106781186547195, -7.000000000000010658, 57.50000000000000000 ) ) ;
#3227 = COORDINATED_UNIVERSAL_TIME_OFFSET ( 1, 0, .AHEAD. ) ;
#3228 = VERTEX_POINT ( 'NONE', #3269 ) ;
#3229 = ORIENTED_EDGE ( 'NONE', *, *, #740, .F. ) ;
#3230 = AXIS2_PLACEMENT_3D ( 'NONE', #3399, #226, #1284 ) ;
#3231 = DIRECTION ( 'NONE',  ( -1.000000000000000000, 0.000000000000000000, 0.000000000000000000 ) ) ;
#3232 = CARTESIAN_POINT ( 'NONE',  ( 5.000000000000000000, -25.00000000000004974, 227.0000000000000000 ) ) ;
#3233 = FACE_OUTER_BOUND ( 'NONE', #600, .T. ) ;
#3234 = EDGE_LOOP ( 'NONE', ( #1497, #137, #335, #144 ) ) ;
#3235 = VERTEX_POINT ( 'NONE', #2485 ) ;
#3236 = FACE_BOUND ( 'NONE', #1870, .T. ) ;
#3237 = EDGE_LOOP ( 'NONE', ( #607, #224, #2556, #2468 ) ) ;
#3238 = EDGE_CURVE ( 'NONE', #166, #2295, #202, .T. ) ;
#3239 = EDGE_CURVE ( 'NONE', #2844, #2574, #120, .T. ) ;
#3240 = CARTESIAN_POINT ( 'NONE',  ( 0.000000000000000000, -25.00000000000004263, 170.3902277713534943 ) ) ;
#3241 = DIRECTION ( 'NONE',  ( -0.000000000000000000, -1.000000000000000000, -0.000000000000000000 ) ) ;
#3242 = CARTESIAN_POINT ( 'NONE',  ( -10.00000000000000178, -1.000000000000000888, 160.0000000000000000 ) ) ;
#3243 = CYLINDRICAL_SURFACE ( 'NONE', #844, 2.500000000000000444 ) ;
#3244 = PERSON_AND_ORGANIZATION ( #330, #2925 ) ;
#3245 = ORIENTED_EDGE ( 'NONE', *, *, #2158, .T. ) ;
#3246 = ORIENTED_EDGE ( 'NONE', *, *, #2406, .T. ) ;
#3247 = CIRCLE ( 'NONE', #2908, 2.500000000000001332 ) ;
#3248 = CARTESIAN_POINT ( 'NONE',  ( -2.999999999999982681, -7.000000000000011546, 217.5000000000000284 ) ) ;
#3249 = CARTESIAN_POINT ( 'NONE',  ( -127.4018678657920276, -14.99999999999999289, 114.5000000000000000 ) ) ;
#3250 = CARTESIAN_POINT ( 'NONE',  ( -17.07106781186547551, -7.000000000000014211, 12.50000000000000000 ) ) ;
#3251 = VECTOR ( 'NONE', #2404, 1000.000000000000114 ) ;
#3252 = VECTOR ( 'NONE', #1620, 1000.000000000000000 ) ;
#3253 = ORIENTED_EDGE ( 'NONE', *, *, #1391, .F. ) ;
#3254 = AXIS2_PLACEMENT_3D ( 'NONE', #1380, #381, #2183 ) ;
#3255 = CIRCLE ( 'NONE', #3028, 2.499999999999998668 ) ;
#3256 = CARTESIAN_POINT ( 'NONE',  ( -10.00000000000000178, 2.928932188134564019, 165.0000000000000000 ) ) ;
#3257 = VECTOR ( 'NONE', #2717, 1000.000000000000000 ) ;
#3258 = VECTOR ( 'NONE', #1448, 1000.000000000000000 ) ;
#3259 = ORIENTED_EDGE ( 'NONE', *, *, #2426, .T. ) ;
#3260 = CARTESIAN_POINT ( 'NONE',  ( 0.000000000000000000, 0.000000000000000000, 107.0000000000000142 ) ) ;
#3261 = DIRECTION ( 'NONE',  ( -0.000000000000000000, -1.000000000000000000, -0.000000000000000000 ) ) ;
#3262 = ADVANCED_FACE ( 'NONE', ( #2261 ), #894, .F. ) ;
#3263 = DIRECTION ( 'NONE',  ( -0.000000000000000000, -1.000000000000000000, -0.000000000000000000 ) ) ;
#3264 = ADVANCED_FACE ( 'NONE', ( #646 ), #1669, .F. ) ;
#3265 = ORIENTED_EDGE ( 'NONE', *, *, #1056, .F. ) ;
#3266 = DIRECTION ( 'NONE',  ( 0.000000000000000000, 0.000000000000000000, 1.000000000000000000 ) ) ;
#3267 = CARTESIAN_POINT ( 'NONE',  ( 1.000000000000000000, 10.00000000000000178, 107.0000000000000142 ) ) ;
#3268 = CARTESIAN_POINT ( 'NONE',  ( 22.00000000000001421, 3.000000000000070166, 55.00000000000000711 ) ) ;
#3269 = CARTESIAN_POINT ( 'NONE',  ( 30.00000000000000000, 3.000000000000000000, 0.000000000000000000 ) ) ;
#3270 = ORIENTED_EDGE ( 'NONE', *, *, #227, .F. ) ;
#3271 = ORIENTED_EDGE ( 'NONE', *, *, #2454, .F. ) ;
#3272 = FACE_OUTER_BOUND ( 'NONE', #2675, .T. ) ;
#3273 = AXIS2_PLACEMENT_3D ( 'NONE', #785, #547, #1396 ) ;
#3274 = CARTESIAN_POINT ( 'NONE',  ( 30.00000000000000000, 10.00000000000000000, 230.0000000000000000 ) ) ;
#3275 = LINE ( 'NONE', #352, #3087 ) ;
#3276 = ORIENTED_EDGE ( 'NONE', *, *, #503, .F. ) ;
#3277 = EDGE_CURVE ( 'NONE', #2159, #855, #1211, .T. ) ;
#3278 = ADVANCED_FACE ( 'NONE', ( #1404, #2745, #3018, #676, #915 ), #1746, .F. ) ;
#3279 = DIRECTION ( 'NONE',  ( -1.000000000000000000, 0.000000000000000000, 0.000000000000000000 ) ) ;
#3280 = DIRECTION ( 'NONE',  ( 0.000000000000000000, -1.000000000000000000, 0.000000000000000000 ) ) ;
#3281 = CARTESIAN_POINT ( 'NONE',  ( 7.000000000000011546, 2.999999999999985345, 15.00000000000000000 ) ) ;
#3282 = ORIENTED_EDGE ( 'NONE', *, *, #940, .F. ) ;
#3283 = ORIENTED_EDGE ( 'NONE', *, *, #702, .T. ) ;
#3284 = DIRECTION ( 'NONE',  ( 0.000000000000000000, 0.000000000000000000, -1.000000000000000000 ) ) ;
#3285 = EDGE_CURVE ( 'NONE', #422, #3400, #2766, .T. ) ;
#3286 = ORIENTED_EDGE ( 'NONE', *, *, #2858, .T. ) ;
#3287 = FACE_OUTER_BOUND ( 'NONE', #2575, .T. ) ;
#3288 = FACE_OUTER_BOUND ( 'NONE', #2341, .T. ) ;
#3289 = ORIENTED_EDGE ( 'NONE', *, *, #3178, .F. ) ;
#3290 = LINE ( 'NONE', #2743, #2308 ) ;
#3291 = CARTESIAN_POINT ( 'NONE',  ( 22.00000000000001421, 9.999999999999998224, 55.00000000000000711 ) ) ;
#3292 = CARTESIAN_POINT ( 'NONE',  ( 7.000000000000011546, 0.000000000000000000, 9.499999999999994671 ) ) ;
#3293 = EDGE_CURVE ( 'NONE', #11, #2061, #405, .T. ) ;
#3294 = ORIENTED_EDGE ( 'NONE', *, *, #2112, .T. ) ;
#3295 = ORIENTED_EDGE ( 'NONE', *, *, #2928, .F. ) ;
#3296 = CIRCLE ( 'NONE', #514, 5.500000000000005329 ) ;
#3297 = DIRECTION ( 'NONE',  ( 0.7071067811865513475, 0.7071067811865436870, 0.000000000000000000 ) ) ;
#3298 = EDGE_CURVE ( 'NONE', #890, #2247, #3092, .T. ) ;
#3299 = AXIS2_PLACEMENT_3D ( 'NONE', #800, #2659, #1023 ) ;
#3300 = VERTEX_POINT ( 'NONE', #663 ) ;
#3301 = DIRECTION ( 'NONE',  ( 1.301042606982605321E-16, -1.000000000000000000, 0.000000000000000000 ) ) ;
#3302 = AXIS2_PLACEMENT_3D ( 'NONE', #156, #2289, #3376 ) ;
#3303 = CC_DESIGN_PERSON_AND_ORGANIZATION_ASSIGNMENT ( #3244, #502, ( #3037 ) ) ;
#3304 = VECTOR ( 'NONE', #1980, 1000.000000000000000 ) ;
#3305 = CIRCLE ( 'NONE', #1803, 5.500000000000005329 ) ;
#3306 = VECTOR ( 'NONE', #3208, 1000.000000000000000 ) ;
#3307 = DIRECTION ( 'NONE',  ( 0.000000000000000000, 0.000000000000000000, 1.000000000000000000 ) ) ;
#3308 = AXIS2_PLACEMENT_3D ( 'NONE', #2025, #2098, #1020 ) ;
#3309 = DIRECTION ( 'NONE',  ( -1.000000000000000000, 0.000000000000000000, -0.000000000000000000 ) ) ;
#3310 = ORIENTED_EDGE ( 'NONE', *, *, #1051, .T. ) ;
#3311 = DIRECTION ( 'NONE',  ( 1.000000000000000000, 2.220446049250313081E-16, -6.938893903907225912E-17 ) ) ;
#3312 = DIRECTION ( 'NONE',  ( 0.000000000000000000, 0.000000000000000000, -1.000000000000000000 ) ) ;
#3313 = DIRECTION ( 'NONE',  ( 0.000000000000000000, 0.000000000000000000, -1.000000000000000000 ) ) ;
#3314 = ORIENTED_EDGE ( 'NONE', *, *, #2457, .F. ) ;
#3315 = ORIENTED_EDGE ( 'NONE', *, *, #74, .T. ) ;
#3316 = AXIS2_PLACEMENT_3D ( 'NONE', #914, #101, #1403 ) ;
#3317 = DIRECTION ( 'NONE',  ( 0.000000000000000000, -1.239088197126290817E-16, 1.000000000000000000 ) ) ;
#3318 = ORIENTED_EDGE ( 'NONE', *, *, #1107, .F. ) ;
#3319 = CARTESIAN_POINT ( 'NONE',  ( 30.00000000000000000, 0.000000000000000000, 227.0000000000000000 ) ) ;
#3320 = ORIENTED_EDGE ( 'NONE', *, *, #3075, .F. ) ;
#3321 = EDGE_CURVE ( 'NONE', #715, #1525, #881, .T. ) ;
#3322 = EDGE_CURVE ( 'NONE', #1849, #3228, #470, .T. ) ;
#3323 = CYLINDRICAL_SURFACE ( 'NONE', #496, 2.500000000000002220 ) ;
#3324 = PLANE ( 'NONE',  #631 ) ;
#3325 = VERTEX_POINT ( 'NONE', #3292 ) ;
#3326 = DIRECTION ( 'NONE',  ( 0.000000000000000000, 0.000000000000000000, 1.000000000000000000 ) ) ;
#3327 = EDGE_CURVE ( 'NONE', #2295, #166, #260, .T. ) ;
#3328 = ORIENTED_EDGE ( 'NONE', *, *, #1370, .T. ) ;
#3329 = CIRCLE ( 'NONE', #1828, 5.500000000000087930 ) ;
#3330 = FACE_OUTER_BOUND ( 'NONE', #716, .T. ) ;
#3331 = CARTESIAN_POINT ( 'NONE',  ( 25.00000000000002132, 5.759281940243004287E-15, 3.000000000000000888 ) ) ;
#3332 = DIRECTION ( 'NONE',  ( -1.000000000000000000, -0.000000000000000000, -0.000000000000000000 ) ) ;
#3333 = ORIENTED_EDGE ( 'NONE', *, *, #3277, .F. ) ;
#3334 = VERTEX_POINT ( 'NONE', #2514 ) ;
#3335 = ORIENTED_EDGE ( 'NONE', *, *, #656, .T. ) ;
#3336 = CARTESIAN_POINT ( 'NONE',  ( 5.000000000000000000, -30.00000000000000000, 3.000000000000002665 ) ) ;
#3337 = DIRECTION ( 'NONE',  ( -0.000000000000000000, -0.000000000000000000, -1.000000000000000000 ) ) ;
#3338 = VERTEX_POINT ( 'NONE', #1727 ) ;
#3339 = DIRECTION ( 'NONE',  ( 0.000000000000000000, 0.000000000000000000, 1.000000000000000000 ) ) ;
#3340 = LINE ( 'NONE', #939, #1968 ) ;
#3341 = EDGE_CURVE ( 'NONE', #2898, #2244, #687, .T. ) ;
#3342 = CARTESIAN_POINT ( 'NONE',  ( 7.000000000000011546, 0.000000000000000000, 175.0000000000000284 ) ) ;
#3343 = EDGE_LOOP ( 'NONE', ( #2769, #1832, #423, #391 ) ) ;
#3344 = DIRECTION ( 'NONE',  ( 0.7071067811865452413, 1.079438565345089033E-16, -0.7071067811865497932 ) ) ;
#3345 = FACE_OUTER_BOUND ( 'NONE', #1322, .T. ) ;
#3346 = CARTESIAN_POINT ( 'NONE',  ( 22.00000000000001421, 0.000000000000000000, 175.0000000000000000 ) ) ;
#3347 = ORIENTED_EDGE ( 'NONE', *, *, #843, .T. ) ;
#3348 = ORIENTED_EDGE ( 'NONE', *, *, #3131, .T. ) ;
#3349 = CARTESIAN_POINT ( 'NONE',  ( 30.00000000000000000, 10.00000000000000000, 230.0000000000000000 ) ) ;
#3350 = VERTEX_POINT ( 'NONE', #998 ) ;
#3351 = DIRECTION ( 'NONE',  ( -1.000000000000000000, -2.220446049250313081E-16, 6.938893903907225912E-17 ) ) ;
#3352 = ORIENTED_EDGE ( 'NONE', *, *, #136, .T. ) ;
#3353 = AXIS2_PLACEMENT_3D ( 'NONE', #3172, #1882, #2097 ) ;
#3354 = AXIS2_PLACEMENT_3D ( 'NONE', #2716, #1938, #597 ) ;
#3355 = CARTESIAN_POINT ( 'NONE',  ( 15.00000000000000178, 5.412337245047635768E-15, 200.0000000000000000 ) ) ;
#3356 = DIRECTION ( 'NONE',  ( 0.000000000000000000, 0.000000000000000000, -1.000000000000000000 ) ) ;
#3357 = EDGE_LOOP ( 'NONE', ( #2662, #2625, #1670, #1367, #2128, #2871, #3125 ) ) ;
#3358 = VECTOR ( 'NONE', #3062, 1000.000000000000000 ) ;
#3359 = CARTESIAN_POINT ( 'NONE',  ( 0.000000000000000000, -15.00000000000000000, 195.0000000000000000 ) ) ;
#3360 = VECTOR ( 'NONE', #2477, 1000.000000000000000 ) ;
#3361 = CARTESIAN_POINT ( 'NONE',  ( 22.00000000000001421, 0.000000000000000000, 55.00000000000000711 ) ) ;
#3362 = VECTOR ( 'NONE', #1516, 1000.000000000000000 ) ;
#3363 = VECTOR ( 'NONE', #2964, 1000.000000000000000 ) ;
#3364 = ADVANCED_FACE ( 'NONE', ( #474 ), #3098, .F. ) ;
#3365 = DIRECTION ( 'NONE',  ( 0.000000000000000000, -1.000000000000000000, -4.336808689942014655E-17 ) ) ;
#3366 = LINE ( 'NONE', #972, #1244 ) ;
#3367 =( LENGTH_UNIT ( ) NAMED_UNIT ( * ) SI_UNIT ( .MILLI., .METRE. ) );
#3368 = ADVANCED_FACE ( 'NONE', ( #2868 ), #1264, .F. ) ;
#3369 = EDGE_LOOP ( 'NONE', ( #561, #3103, #1577, #3020, #1334 ) ) ;
#3370 = CARTESIAN_POINT ( 'NONE',  ( 8.701372955499665963E-15, -22.00000000000001066, 180.5000000000000853 ) ) ;
#3371 = DIRECTION ( 'NONE',  ( 1.000000000000000000, 2.220446049250313081E-16, -6.938893903907225912E-17 ) ) ;
#3372 = EDGE_LOOP ( 'NONE', ( #764, #1698, #16, #2503 ) ) ;
#3373 = FACE_OUTER_BOUND ( 'NONE', #1518, .T. ) ;
#3374 = CARTESIAN_POINT ( 'NONE',  ( 7.000000000000011546, 17.07106781186547551, 55.00000000000000000 ) ) ;
#3375 = CARTESIAN_POINT ( 'NONE',  ( 7.000000000000011546, 2.999999999999985345, 175.0000000000000284 ) ) ;
#3376 = DIRECTION ( 'NONE',  ( 0.000000000000000000, -6.938893903907259193E-17, -1.000000000000000000 ) ) ;
#3377 = CARTESIAN_POINT ( 'NONE',  ( -2.928932188134489412, 10.00000000000000000, 230.0000000000000000 ) ) ;
#3378 = LINE ( 'NONE', #3097, #2252 ) ;
#3379 = DIRECTION ( 'NONE',  ( -1.000000000000000000, -2.220446049250313081E-16, 6.938893903907225912E-17 ) ) ;
#3381 = ORIENTED_EDGE ( 'NONE', *, *, #1729, .F. ) ;
#3380 = EDGE_CURVE ( 'NONE', #1604, #836, #175, .T. ) ;
#3382 = EDGE_CURVE ( 'NONE', #890, #1692, #421, .T. ) ;
#3383 = ORIENTED_EDGE ( 'NONE', *, *, #2045, .F. ) ;
#3384 = ORIENTED_EDGE ( 'NONE', *, *, #3070, .T. ) ;
#3385 = CARTESIAN_POINT ( 'NONE',  ( -10.00000000000000000, -30.00000000000000000, 107.0000000000000142 ) ) ;
#3386 = VERTEX_POINT ( 'NONE', #1280 ) ;
#3387 = ORIENTED_EDGE ( 'NONE', *, *, #861, .T. ) ;
#3388 = EDGE_CURVE ( 'NONE', #3194, #2065, #1538, .T. ) ;
#3389 = DIRECTION ( 'NONE',  ( -1.000000000000000000, -2.220446049250313081E-16, -6.938893903907225912E-17 ) ) ;
#3390 = FACE_OUTER_BOUND ( 'NONE', #48, .T. ) ;
#3391 = CARTESIAN_POINT ( 'NONE',  ( 15.00000000000000000, 10.00000000000000711, 32.49999999999998579 ) ) ;
#3392 = CARTESIAN_POINT ( 'NONE',  ( -10.00000000000000888, -14.99999999999999289, 119.5000000000000142 ) ) ;
#3393 = DIRECTION ( 'NONE',  ( -1.000000000000000000, 0.000000000000000000, 0.000000000000000000 ) ) ;
#3394 = CARTESIAN_POINT ( 'NONE',  ( -1.500000000000000666, 10.00000000000000178, 93.82286845378943951 ) ) ;
#3395 = CARTESIAN_POINT ( 'NONE',  ( 30.00000000000000000, 0.000000000000000000, 230.0000000000000000 ) ) ;
#3396 = EDGE_LOOP ( 'NONE', ( #145, #2682, #1026, #872 ) ) ;
#3397 = ORIENTED_EDGE ( 'NONE', *, *, #3192, .F. ) ;
#3398 = EDGE_CURVE ( 'NONE', #26, #2100, #1971, .T. ) ;
#3399 = CARTESIAN_POINT ( 'NONE',  ( -1.500000000000000666, 10.00000000000000178, 93.82286845378943951 ) ) ;
#3400 = VERTEX_POINT ( 'NONE', #206 ) ;
#3401 = ORIENTED_EDGE ( 'NONE', *, *, #2984, .F. ) ;
#3402 = EDGE_CURVE ( 'NONE', #1001, #2614, #973, .T. ) ;
#3403 = LINE ( 'NONE', #963, #2894 ) ;
#3404 = CARTESIAN_POINT ( 'NONE',  ( 7.000000000000011546, 17.07106781186547551, 17.49999999999999645 ) ) ;
#3405 = CIRCLE ( 'NONE', #1909, 2.499999999999998668 ) ;
#3406 = AXIS2_PLACEMENT_3D ( 'NONE', #1183, #593, #3309 ) ;
#3407 = FACE_OUTER_BOUND ( 'NONE', #752, .T. ) ;
#3408 = CIRCLE ( 'NONE', #1523, 2.500000000000000444 ) ;
#3409 = DIRECTION ( 'NONE',  ( -1.000000000000000000, -9.194034422677077600E-17, -6.938893903907224680E-17 ) ) ;
#3410 = CARTESIAN_POINT ( 'NONE',  ( 7.000000000000011546, 2.999999999999985345, 15.00000000000000000 ) ) ;
#3411 = AXIS2_PLACEMENT_3D ( 'NONE', #560, #2156, #820 ) ;
#3412 = ORIENTED_EDGE ( 'NONE', *, *, #2650, .F. ) ;
#3413 = VERTEX_POINT ( 'NONE', #2044 ) ;
#3414 = DIRECTION ( 'NONE',  ( -6.938893903907225912E-17, -6.938893903907227145E-17, -1.000000000000000000 ) ) ;
#3415 = LINE ( 'NONE', #975, #1498 ) ;
#3416 = ORIENTED_EDGE ( 'NONE', *, *, #2051, .F. ) ;
#3417 = VERTEX_POINT ( 'NONE', #3112 ) ;
#3418 = LINE ( 'NONE', #2576, #771 ) ;
#3419 = ADVANCED_FACE ( 'NONE', ( #436 ), #903, .F. ) ;
#3420 = EDGE_CURVE ( 'NONE', #1017, #1540, #2421, .T. ) ;
#3421 = DIRECTION ( 'NONE',  ( -1.000000000000000000, 0.000000000000000000, 0.000000000000000000 ) ) ;
#3422 = EDGE_CURVE ( 'NONE', #1760, #1017, #1486, .T. ) ;
#3423 = DIRECTION ( 'NONE',  ( 0.000000000000000000, 1.387778780781444492E-15, -1.000000000000000000 ) ) ;
#3424 = CYLINDRICAL_SURFACE ( 'NONE', #148, 2.500000000000002220 ) ;
#3425 = EDGE_CURVE ( 'NONE', #2661, #1349, #1503, .T. ) ;
#3426 = EDGE_CURVE ( 'NONE', #3228, #1416, #2588, .T. ) ;
#3427 = DIRECTION ( 'NONE',  ( 0.000000000000000000, 0.000000000000000000, -1.000000000000000000 ) ) ;
#3428 = APPROVAL_DATE_TIME ( #2409, #720 ) ;
#3429 = ORIENTED_EDGE ( 'NONE', *, *, #2714, .T. ) ;
#3430 = ORIENTED_EDGE ( 'NONE', *, *, #2858, .F. ) ;
#3431 = ORIENTED_EDGE ( 'NONE', *, *, #2539, .T. ) ;
#3432 = FACE_OUTER_BOUND ( 'NONE', #2373, .T. ) ;
#3433 = FACE_BOUND ( 'NONE', #3052, .T. ) ;
#3434 = ORIENTED_EDGE ( 'NONE', *, *, #2052, .T. ) ;
ENDSEC;
END-ISO-10303-21;
