ISO-10303-21;
HEADER;
FILE_DESCRIPTION (( 'STEP AP203' ),
    '1' );
FILE_NAME ('belt tensioner.STEP',
    '2026-06-02T08:24:43',
    ( '' ),
    ( '' ),
    'SwSTEP 2.0',
    'SolidWorks 2024',
    '' );
FILE_SCHEMA (( 'CONFIG_CONTROL_DESIGN' ));
ENDSEC;

DATA;
#1 = ORIENTED_EDGE ( 'NONE', *, *, #894, .F. ) ;
#2 = DIRECTION ( 'NONE',  ( -0.7071067811865459074, 0.000000000000000000, -0.7071067811865491270 ) ) ;
#3 = ORIENTED_EDGE ( 'NONE', *, *, #524, .T. ) ;
#4 = DIRECTION ( 'NONE',  ( -0.8907618697082330117, -0.4544703416878739244, 0.000000000000000000 ) ) ;
#5 = ORIENTED_EDGE ( 'NONE', *, *, #1597, .F. ) ;
#6 = FACE_OUTER_BOUND ( 'NONE', #1289, .T. ) ;
#7 = AXIS2_PLACEMENT_3D ( 'NONE', #57, #1776, #47 ) ;
#8 = EDGE_CURVE ( 'NONE', #1386, #79, #1652, .T. ) ;
#9 = DIRECTION ( 'NONE',  ( 0.000000000000000000, 0.000000000000000000, -1.000000000000000000 ) ) ;
#10 = VECTOR ( 'NONE', #240, 1000.000000000000000 ) ;
#11 = DIRECTION ( 'NONE',  ( 0.000000000000000000, 0.000000000000000000, 1.000000000000000000 ) ) ;
#12 = EDGE_LOOP ( 'NONE', ( #22, #1004, #993, #1589 ) ) ;
#13 = CC_DESIGN_DATE_AND_TIME_ASSIGNMENT ( #1189, #1502, ( #833 ) ) ;
#14 = EDGE_CURVE ( 'NONE', #886, #154, #1504, .T. ) ;
#15 = LINE ( 'NONE', #337, #1604 ) ;
#16 = VECTOR ( 'NONE', #1797, 1000.000000000000000 ) ;
#17 = ORIENTED_EDGE ( 'NONE', *, *, #1288, .T. ) ;
#18 = PLANE ( 'NONE',  #1307 ) ;
#19 = FACE_OUTER_BOUND ( 'NONE', #517, .T. ) ;
#20 =( BOUNDED_CURVE ( )  B_SPLINE_CURVE ( 3, ( #564, #383, #1479, #246 ),
 .UNSPECIFIED., .F., .F. ) 
 B_SPLINE_CURVE_WITH_KNOTS ( ( 4, 4 ),
 ( 1.570796326794897224, 3.141592653589791340 ),
 .UNSPECIFIED. ) 
 CURVE ( )  GEOMETRIC_REPRESENTATION_ITEM ( )  RATIONAL_B_SPLINE_CURVE ( ( 1.000000000000000000, 0.8047378541243654926, 0.8047378541243654926, 1.000000000000000000 ) ) 
 REPRESENTATION_ITEM ( '' )  );
#21 = CARTESIAN_POINT ( 'NONE',  ( 0.000000000000000000, 27.00000000000000000, 18.50000000000000355 ) ) ;
#22 = ORIENTED_EDGE ( 'NONE', *, *, #295, .F. ) ;
#23 = ORIENTED_EDGE ( 'NONE', *, *, #1197, .F. ) ;
#24 = DIRECTION ( 'NONE',  ( -0.6320807429943283706, -9.411891017898060837E-17, 0.7749025321521010312 ) ) ;
#25 = ORIENTED_EDGE ( 'NONE', *, *, #1596, .F. ) ;
#26 = CARTESIAN_POINT ( 'NONE',  ( 28.30000000000000071, -1.999999999999999112, 22.00000000000001421 ) ) ;
#27 = CARTESIAN_POINT ( 'NONE',  ( -24.30000000000000071, -5.000000000000000888, 25.00000000000000000 ) ) ;
#28 = DIRECTION ( 'NONE',  ( 0.7071067811865459074, 2.167199175524197042E-17, 0.7071067811865492381 ) ) ;
#29 = CARTESIAN_POINT ( 'NONE',  ( -26.30000000000000426, 25.00000000000000000, -62.71012677391110657 ) ) ;
#30 = ORIENTED_EDGE ( 'NONE', *, *, #1852, .F. ) ;
#31 = ADVANCED_FACE ( 'NONE', ( #70 ), #1824, .T. ) ;
#32 = VECTOR ( 'NONE', #634, 1000.000000000000000 ) ;
#33 =( BOUNDED_CURVE ( )  B_SPLINE_CURVE ( 3, ( #1183, #273, #1064, #743 ),
 .UNSPECIFIED., .F., .T. ) 
 B_SPLINE_CURVE_WITH_KNOTS ( ( 4, 4 ),
 ( 4.087354065484898769, 4.705658919167666987 ),
 .UNSPECIFIED. ) 
 CURVE ( )  GEOMETRIC_REPRESENTATION_ITEM ( )  RATIONAL_B_SPLINE_CURVE ( ( 1.000000000000000000, 0.9683945248653410554, 0.9683945248653410554, 1.000000000000000000 ) ) 
 REPRESENTATION_ITEM ( '' )  );
#34 = DIRECTION ( 'NONE',  ( 1.000000000000000000, 2.336327913773476917E-16, 0.000000000000000000 ) ) ;
#35 = CARTESIAN_POINT ( 'NONE',  ( 23.30000000000000071, -3.673940397442062826E-16, -62.71012677391110657 ) ) ;
#36 = VERTEX_POINT ( 'NONE', #252 ) ;
#37 = CARTESIAN_POINT ( 'NONE',  ( 6.000000000000000888, -3.000000000000000000, 12.50000000000000000 ) ) ;
#38 = ORIENTED_EDGE ( 'NONE', *, *, #1829, .T. ) ;
#39 = CARTESIAN_POINT ( 'NONE',  ( 25.16716142534897926, -9.899999999999998579, 25.00000000000000000 ) ) ;
#40 = APPROVAL_PERSON_ORGANIZATION ( #880, #1694, #133 ) ;
#41 = DIRECTION ( 'NONE',  ( -0.7749025321521010312, 0.000000000000000000, 0.6320807429943282596 ) ) ;
#42 = EDGE_CURVE ( 'NONE', #1846, #1016, #593, .T. ) ;
#43 = ORIENTED_EDGE ( 'NONE', *, *, #936, .T. ) ;
#44 = CARTESIAN_POINT ( 'NONE',  ( 13.58283857465102784, -8.900000000000002132, 25.00000000000000000 ) ) ;
#45 = ORIENTED_EDGE ( 'NONE', *, *, #642, .F. ) ;
#46 = CARTESIAN_POINT ( 'NONE',  ( -12.69207670494279405, -8.445529658312127097, 25.00000000000000000 ) ) ;
#47 = DIRECTION ( 'NONE',  ( 0.000000000000000000, 0.8660254037844381525, 0.5000000000000006661 ) ) ;
#48 = FACE_OUTER_BOUND ( 'NONE', #1341, .T. ) ;
#49 = VERTEX_POINT ( 'NONE', #278 ) ;
#50 = FACE_BOUND ( 'NONE', #1681, .T. ) ;
#51 = VECTOR ( 'NONE', #1567, 1000.000000000000114 ) ;
#52 = CARTESIAN_POINT ( 'NONE',  ( 7.347880794884118750E-16, 27.00000000000000000, 6.500000000000000888 ) ) ;
#53 = CARTESIAN_POINT ( 'NONE',  ( 12.58283857465102784, -8.900000000000002132, 25.00000000000000000 ) ) ;
#54 = CARTESIAN_POINT ( 'NONE',  ( 25.30000000000001492, -3.000000000000000888, 0.000000000000000000 ) ) ;
#55 = EDGE_LOOP ( 'NONE', ( #43, #1490, #241, #877 ) ) ;
#56 = DIRECTION ( 'NONE',  ( 0.8907618697082327897, 0.4544703416878744240, -0.000000000000000000 ) ) ;
#57 = CARTESIAN_POINT ( 'NONE',  ( 19.37500000000000355, -17.05031754730550730, 20.87176223927185248 ) ) ;
#58 = EDGE_CURVE ( 'NONE', #1617, #1016, #300, .T. ) ;
#59 = CARTESIAN_POINT ( 'NONE',  ( 25.30000000000000782, 26.17157287525381193, 0.000000000000000000 ) ) ;
#60 = ORIENTED_EDGE ( 'NONE', *, *, #1887, .F. ) ;
#61 = VECTOR ( 'NONE', #2045, 1000.000000000000114 ) ;
#62 = CARTESIAN_POINT ( 'NONE',  ( -22.87500000000000355, -9.900000000000000355, 20.01295104291252969 ) ) ;
#63 = ADVANCED_FACE ( 'NONE', ( #455 ), #578, .T. ) ;
#64 = LINE ( 'NONE', #563, #1545 ) ;
#65 = CARTESIAN_POINT ( 'NONE',  ( -24.12842712474620654, 4.543029563407143366E-16, 25.00000000000000355 ) ) ;
#66 = VERTEX_POINT ( 'NONE', #311 ) ;
#67 = FACE_OUTER_BOUND ( 'NONE', #813, .T. ) ;
#68 = VERTEX_POINT ( 'NONE', #119 ) ;
#69 = CARTESIAN_POINT ( 'NONE',  ( -22.87500000000000355, -9.900000000000000355, 11.98704895708745966 ) ) ;
#70 = FACE_OUTER_BOUND ( 'NONE', #282, .T. ) ;
#71 = VECTOR ( 'NONE', #2018, 1000.000000000000000 ) ;
#72 = CARTESIAN_POINT ( 'NONE',  ( -28.29999999999999361, 25.00000000000000355, 12.50000000000001066 ) ) ;
#73 = AXIS2_PLACEMENT_3D ( 'NONE', #717, #558, #1988 ) ;
#74 = EDGE_CURVE ( 'NONE', #49, #137, #587, .T. ) ;
#75 = CARTESIAN_POINT ( 'NONE',  ( 26.05792329505721128, -8.445529658312125321, 0.000000000000000000 ) ) ;
#76 = DIRECTION ( 'NONE',  ( 0.000000000000000000, 0.000000000000000000, -1.000000000000000000 ) ) ;
#77 = VERTEX_POINT ( 'NONE', #2031 ) ;
#78 = AXIS2_PLACEMENT_3D ( 'NONE', #2008, #1057, #1691 ) ;
#79 = VERTEX_POINT ( 'NONE', #932 ) ;
#80 = PERSON_AND_ORGANIZATION_ROLE ( 'design_owner' ) ;
#81 = CARTESIAN_POINT ( 'NONE',  ( 15.52289723337013250, 27.00000000000000000, 25.00000000000000000 ) ) ;
#82 = EDGE_LOOP ( 'NONE', ( #704, #1809, #608, #179 ) ) ;
#83 = VECTOR ( 'NONE', #523, 1000.000000000000000 ) ;
#84 = FACE_OUTER_BOUND ( 'NONE', #468, .T. ) ;
#85 = CARTESIAN_POINT ( 'NONE',  ( 12.69207670494279405, -8.445529658312127097, 0.000000000000000000 ) ) ;
#86 = DIRECTION ( 'NONE',  ( 0.000000000000000000, -0.000000000000000000, -1.000000000000000000 ) ) ;
#87 = ORIENTED_EDGE ( 'NONE', *, *, #689, .F. ) ;
#88 = ORIENTED_EDGE ( 'NONE', *, *, #839, .T. ) ;
#89 = APPROVAL_STATUS ( 'not_yet_approved' ) ;
#90 = AXIS2_PLACEMENT_3D ( 'NONE', #1623, #412, #86 ) ;
#91 = ORIENTED_EDGE ( 'NONE', *, *, #357, .T. ) ;
#92 = VECTOR ( 'NONE', #763, 1000.000000000000000 ) ;
#93 = FACE_OUTER_BOUND ( 'NONE', #1043, .T. ) ;
#94 = CYLINDRICAL_SURFACE ( 'NONE', #1903, 1.000000000000000888 ) ;
#95 = CARTESIAN_POINT ( 'NONE',  ( 18.10386699023166912, 0.000000000000000000, 25.00000000000000000 ) ) ;
#96 =( BOUNDED_CURVE ( )  B_SPLINE_CURVE ( 3, ( #574, #1371, #1874, #2026 ),
 .UNSPECIFIED., .F., .T. ) 
 B_SPLINE_CURVE_WITH_KNOTS ( ( 4, 4 ),
 ( 2.343856956463729875E-16, 3.141592653589793116 ),
 .UNSPECIFIED. ) 
 CURVE ( )  GEOMETRIC_REPRESENTATION_ITEM ( )  RATIONAL_B_SPLINE_CURVE ( ( 1.000000000000000000, 0.3333333333333335369, 0.3333333333333335369, 1.000000000000000000 ) ) 
 REPRESENTATION_ITEM ( '' )  );
#97 = DIRECTION ( 'NONE',  ( -0.000000000000000000, 1.000000000000000000, -0.000000000000000000 ) ) ;
#98 = ORIENTED_EDGE ( 'NONE', *, *, #1242, .F. ) ;
#99 = ORIENTED_EDGE ( 'NONE', *, *, #677, .F. ) ;
#100 = PERSON_AND_ORGANIZATION ( #686, #175 ) ;
#101 = CARTESIAN_POINT ( 'NONE',  ( -27.47157287525381619, 27.00000000000000000, 3.343145750507608760 ) ) ;
#102 = ADVANCED_FACE ( 'NONE', ( #1703 ), #2042, .F. ) ;
#103 = EDGE_CURVE ( 'NONE', #975, #985, #906, .T. ) ;
#104 = EDGE_LOOP ( 'NONE', ( #643, #1555, #853, #113 ) ) ;
#105 = EDGE_CURVE ( 'NONE', #581, #1353, #289, .T. ) ;
#106 = DIRECTION ( 'NONE',  ( 0.7071067811865459074, 0.000000000000000000, 0.7071067811865492381 ) ) ;
#107 = ORIENTED_EDGE ( 'NONE', *, *, #1826, .T. ) ;
#108 = EDGE_CURVE ( 'NONE', #2044, #68, #653, .T. ) ;
#109 = LINE ( 'NONE', #1851, #1729 ) ;
#110 = DIRECTION ( 'NONE',  ( -1.532441233195061223E-17, 0.5000000000000009992, 0.8660254037844381525 ) ) ;
#111 = VERTEX_POINT ( 'NONE', #152 ) ;
#112 = CARTESIAN_POINT ( 'NONE',  ( 23.30000000000000071, 23.99999999999999645, 18.62977488035143381 ) ) ;
#113 = ORIENTED_EDGE ( 'NONE', *, *, #1671, .F. ) ;
#114 = CALENDAR_DATE ( 2026, 2, 6 ) ;
#115 = CARTESIAN_POINT ( 'NONE',  ( 28.30000000000000071, -8.673617379884030542E-16, 22.00000000000001421 ) ) ;
#116 = CARTESIAN_POINT ( 'NONE',  ( -15.87500000000000533, -2.979274057836315492, 25.00000000000000000 ) ) ;
#117 = ORIENTED_EDGE ( 'NONE', *, *, #287, .F. ) ;
#118 = CARTESIAN_POINT ( 'NONE',  ( 28.30000000000000071, -1.999999999999999112, 22.00000000000001421 ) ) ;
#119 = CARTESIAN_POINT ( 'NONE',  ( 18.10386699023166912, 24.00000000000000355, 25.00000000000000000 ) ) ;
#120 = CARTESIAN_POINT ( 'NONE',  ( -28.29999999999999716, -3.000000000000000888, 2.999999999999985789 ) ) ;
#121 = VECTOR ( 'NONE', #2, 1000.000000000000114 ) ;
#122 = ORIENTED_EDGE ( 'NONE', *, *, #1785, .T. ) ;
#123 = CARTESIAN_POINT ( 'NONE',  ( 17.03479431286483248, 27.00000000000000000, 25.00000000000000000 ) ) ;
#124 = EDGE_CURVE ( 'NONE', #1870, #1751, #768, .T. ) ;
#125 = CARTESIAN_POINT ( 'NONE',  ( -25.16716142534897926, -8.899999999999998579, 25.00000000000000000 ) ) ;
#126 = ORIENTED_EDGE ( 'NONE', *, *, #1829, .F. ) ;
#127 = PLANE ( 'NONE',  #1690 ) ;
#128 = CARTESIAN_POINT ( 'NONE',  ( 23.30000000000000426, 1.592553695466987008E-16, 18.62977488035143381 ) ) ;
#129 = ADVANCED_FACE ( 'NONE', ( #422 ), #922, .F. ) ;
#130 = DIRECTION ( 'NONE',  ( -0.000000000000000000, -0.000000000000000000, 1.000000000000000000 ) ) ;
#131 = AXIS2_PLACEMENT_3D ( 'NONE', #710, #1478, #1336 ) ;
#132 = ORIENTED_EDGE ( 'NONE', *, *, #160, .T. ) ;
#133 = APPROVAL_ROLE ( '' ) ;
#134 = DIRECTION ( 'NONE',  ( -1.532441233195061223E-17, 0.5000000000000009992, -0.8660254037844380415 ) ) ;
#135 = ORIENTED_EDGE ( 'NONE', *, *, #1218, .T. ) ;
#136 = CARTESIAN_POINT ( 'NONE',  ( 26.30000000000000426, 8.060640886606007408E-16, 21.17157287525381548 ) ) ;
#137 = VERTEX_POINT ( 'NONE', #786 ) ;
#138 = FACE_OUTER_BOUND ( 'NONE', #404, .T. ) ;
#139 = EDGE_CURVE ( 'NONE', #453, #1191, #966, .T. ) ;
#140 = EDGE_CURVE ( 'NONE', #1027, #219, #1232, .T. ) ;
#141 = SECURITY_CLASSIFICATION ( '', '', #1223 ) ;
#142 = DIRECTION ( 'NONE',  ( 0.7071067811865459074, -0.000000000000000000, 0.7071067811865491270 ) ) ;
#143 = CARTESIAN_POINT ( 'NONE',  ( -23.30000000000000071, -7.962768477334923946E-17, 18.62977488035144802 ) ) ;
#144 = ORIENTED_EDGE ( 'NONE', *, *, #900, .F. ) ;
#145 = ADVANCED_FACE ( 'NONE', ( #895 ), #746, .T. ) ;
#146 = DIRECTION ( 'NONE',  ( 0.7071067811865491270, -0.000000000000000000, -0.7071067811865459074 ) ) ;
#147 = VERTEX_POINT ( 'NONE', #1376 ) ;
#148 = CARTESIAN_POINT ( 'NONE',  ( -24.30000000000000071, -5.000000000000000888, 23.17157287525382614 ) ) ;
#149 = ORIENTED_EDGE ( 'NONE', *, *, #1905, .T. ) ;
#150 = CYLINDRICAL_SURFACE ( 'NONE', #1062, 1.999999999999997780 ) ;
#151 = AXIS2_PLACEMENT_3D ( 'NONE', #1176, #1941, #1133 ) ;
#152 = CARTESIAN_POINT ( 'NONE',  ( -28.30000000000000071, -2.000000000000001776, 22.00000000000000000 ) ) ;
#153 = CARTESIAN_POINT ( 'NONE',  ( -23.30000000000000782, 22.82842712474618807, 18.62977488035144802 ) ) ;
#154 = VERTEX_POINT ( 'NONE', #128 ) ;
#155 = FACE_OUTER_BOUND ( 'NONE', #1301, .T. ) ;
#156 = VECTOR ( 'NONE', #2021, 1000.000000000000114 ) ;
#157 = LINE ( 'NONE', #641, #121 ) ;
#158 = ORIENTED_EDGE ( 'NONE', *, *, #402, .F. ) ;
#159 = CARTESIAN_POINT ( 'NONE',  ( -34.26927694932852120, 25.00000000000000000, -56.74084982458261806 ) ) ;
#160 = EDGE_CURVE ( 'NONE', #1660, #1738, #2019, .T. ) ;
#161 = CARTESIAN_POINT ( 'NONE',  ( 15.87500000000000533, -2.979274057836315492, 0.000000000000000000 ) ) ;
#162 = VERTEX_POINT ( 'NONE', #445 ) ;
#163 = CARTESIAN_POINT ( 'NONE',  ( 0.000000000000000000, 22.00000000000000711, 12.50000000000000000 ) ) ;
#164 = VECTOR ( 'NONE', #415, 1000.000000000000000 ) ;
#165 = DIRECTION ( 'NONE',  ( 1.000000000000000000, 0.000000000000000000, 0.000000000000000000 ) ) ;
#166 = ORIENTED_EDGE ( 'NONE', *, *, #2049, .F. ) ;
#167 = EDGE_CURVE ( 'NONE', #1787, #1678, #1068, .T. ) ;
#168 =( BOUNDED_CURVE ( )  B_SPLINE_CURVE ( 3, ( #2032, #589, #907, #1524 ),
 .UNSPECIFIED., .F., .F. ) 
 B_SPLINE_CURVE_WITH_KNOTS ( ( 4, 4 ),
 ( 3.141592653589793116, 6.283185307179586232 ),
 .UNSPECIFIED. ) 
 CURVE ( )  GEOMETRIC_REPRESENTATION_ITEM ( )  RATIONAL_B_SPLINE_CURVE ( ( 1.000000000000000000, 0.3333333333333333703, 0.3333333333333333703, 1.000000000000000000 ) ) 
 REPRESENTATION_ITEM ( '' )  );
#169 = CARTESIAN_POINT ( 'NONE',  ( -28.30000000000000071, -8.673617379884030542E-16, 2.999999999999988898 ) ) ;
#170 = ADVANCED_FACE ( 'NONE', ( #980 ), #1417, .F. ) ;
#171 = ORIENTED_EDGE ( 'NONE', *, *, #1324, .F. ) ;
#172 = CYLINDRICAL_SURFACE ( 'NONE', #1077, 2.000000000000000000 ) ;
#173 = VERTEX_POINT ( 'NONE', #320 ) ;
#174 = LINE ( 'NONE', #1272, #2011 ) ;
#175 = ORGANIZATION ( 'UNSPECIFIED', 'UNSPECIFIED', '' ) ;
#176 = CARTESIAN_POINT ( 'NONE',  ( 28.30000000000000071, -8.673617379884030542E-16, 22.00000000000001421 ) ) ;
#177 = LINE ( 'NONE', #1918, #2020 ) ;
#178 = VERTEX_POINT ( 'NONE', #820 ) ;
#179 = ORIENTED_EDGE ( 'NONE', *, *, #439, .F. ) ;
#180 =( BOUNDED_CURVE ( )  B_SPLINE_CURVE ( 3, ( #769, #2010, #153, #465 ),
 .UNSPECIFIED., .F., .F. ) 
 B_SPLINE_CURVE_WITH_KNOTS ( ( 4, 4 ),
 ( 1.570796326794895004, 3.141592653589793116 ),
 .UNSPECIFIED. ) 
 CURVE ( )  GEOMETRIC_REPRESENTATION_ITEM ( )  RATIONAL_B_SPLINE_CURVE ( ( 1.000000000000000000, 0.8047378541243646044, 0.8047378541243646044, 1.000000000000000000 ) ) 
 REPRESENTATION_ITEM ( '' )  );
#181 = DIRECTION ( 'NONE',  ( 1.000000000000000000, 0.000000000000000000, 0.000000000000000000 ) ) ;
#182 = ORIENTED_EDGE ( 'NONE', *, *, #661, .T. ) ;
#183 = EDGE_CURVE ( 'NONE', #286, #879, #1246, .T. ) ;
#184 = DIRECTION ( 'NONE',  ( -0.6320807429943283706, 0.000000000000000000, 0.7749025321521010312 ) ) ;
#185 = LINE ( 'NONE', #208, #902 ) ;
#186 = ORIENTED_EDGE ( 'NONE', *, *, #936, .F. ) ;
#187 = CARTESIAN_POINT ( 'NONE',  ( -14.45000000000000107, -5.000000000000000888, 0.000000000000000000 ) ) ;
#188 = CC_DESIGN_PERSON_AND_ORGANIZATION_ASSIGNMENT ( #100, #292, ( #833 ) ) ;
#189 = VECTOR ( 'NONE', #1315, 1000.000000000000114 ) ;
#190 = LINE ( 'NONE', #1913, #1773 ) ;
#191 = ORIENTED_EDGE ( 'NONE', *, *, #2036, .F. ) ;
#192 = CYLINDRICAL_SURFACE ( 'NONE', #1106, 6.000000000000000000 ) ;
#193 = ADVANCED_FACE ( 'NONE', ( #1441 ), #830, .T. ) ;
#194 = ORIENTED_EDGE ( 'NONE', *, *, #560, .T. ) ;
#195 = LINE ( 'NONE', #1459, #1879 ) ;
#196 = CARTESIAN_POINT ( 'NONE',  ( -19.37500000000000355, -7.020725942163699607, 25.00000000000000000 ) ) ;
#197 = DIRECTION ( 'NONE',  ( -1.000000000000000000, 0.000000000000000000, 0.000000000000000000 ) ) ;
#198 = ADVANCED_FACE ( 'NONE', ( #1571 ), #654, .F. ) ;
#199 = EDGE_LOOP ( 'NONE', ( #1230, #1834, #939, #1276, #88, #1434 ) ) ;
#200 = CARTESIAN_POINT ( 'NONE',  ( 23.30000000000000071, 23.99999999999999645, 18.62977488035143381 ) ) ;
#201 = DIRECTION ( 'NONE',  ( 0.000000000000000000, -0.000000000000000000, 1.000000000000000000 ) ) ;
#202 = FACE_OUTER_BOUND ( 'NONE', #904, .T. ) ;
#203 = ADVANCED_FACE ( 'NONE', ( #1588 ), #172, .T. ) ;
#204 = ORIENTED_EDGE ( 'NONE', *, *, #1436, .T. ) ;
#205 = CARTESIAN_POINT ( 'NONE',  ( 23.30000000000000071, 22.00000000000000711, 25.00000000000000000 ) ) ;
#206 = EDGE_CURVE ( 'NONE', #77, #1997, #1311, .T. ) ;
#207 = DIRECTION ( 'NONE',  ( 0.7071067811865459074, 2.167199175524197042E-17, 0.7071067811865491270 ) ) ;
#208 = CARTESIAN_POINT ( 'NONE',  ( 25.30000000000000071, 0.000000000000000000, 25.00000000000000000 ) ) ;
#209 = VECTOR ( 'NONE', #9, 1000.000000000000000 ) ;
#210 = ORIENTED_EDGE ( 'NONE', *, *, #789, .T. ) ;
#211 = FACE_OUTER_BOUND ( 'NONE', #55, .T. ) ;
#212 = DIRECTION ( 'NONE',  ( -1.532441233195061223E-17, 0.5000000000000009992, 0.8660254037844380415 ) ) ;
#213 = CARTESIAN_POINT ( 'NONE',  ( 15.87500000000000533, -9.900000000000000355, 4.987048957087472090 ) ) ;
#214 = CARTESIAN_POINT ( 'NONE',  ( 24.11108390454616668, -4.629724452910479293, 25.00000000000000000 ) ) ;
#215 = EDGE_LOOP ( 'NONE', ( #470, #1639, #603, #646, #764, #1426, #1480, #1552 ) ) ;
#216 = DIRECTION ( 'NONE',  ( 1.000000000000000000, 1.577021341797097560E-16, -0.000000000000000000 ) ) ;
#217 = DIRECTION ( 'NONE',  ( 0.7071067811865491270, -0.000000000000000000, -0.7071067811865459074 ) ) ;
#218 = DIRECTION ( 'NONE',  ( -0.6320807429943283706, -0.000000000000000000, -0.7749025321521010312 ) ) ;
#219 = VERTEX_POINT ( 'NONE', #942 ) ;
#220 = CARTESIAN_POINT ( 'NONE',  ( 0.000000000000000000, 0.000000000000000000, 25.00000000000000000 ) ) ;
#221 = AXIS2_PLACEMENT_3D ( 'NONE', #1844, #1379, #1560 ) ;
#222 = EDGE_CURVE ( 'NONE', #173, #1432, #190, .T. ) ;
#223 = DIRECTION ( 'NONE',  ( 1.000000000000000000, -6.938893903907222067E-15, 0.000000000000000000 ) ) ;
#224 = LINE ( 'NONE', #1965, #16 ) ;
#225 = ORIENTED_EDGE ( 'NONE', *, *, #1196, .T. ) ;
#226 = CARTESIAN_POINT ( 'NONE',  ( 19.37500000000000355, -7.020725942163699607, 25.00000000000000000 ) ) ;
#227 = ORIENTED_EDGE ( 'NONE', *, *, #1354, .T. ) ;
#228 = VECTOR ( 'NONE', #1842, 1000.000000000000227 ) ;
#229 = CARTESIAN_POINT ( 'NONE',  ( -24.30000000000000071, -5.000000000000000888, 25.00000000000000000 ) ) ;
#230 = ORIENTED_EDGE ( 'NONE', *, *, #1109, .T. ) ;
#231 = EDGE_CURVE ( 'NONE', #718, #2044, #1255, .T. ) ;
#232 = DIRECTION ( 'NONE',  ( 0.000000000000000000, -0.000000000000000000, 1.000000000000000000 ) ) ;
#233 = VECTOR ( 'NONE', #1983, 1000.000000000000000 ) ;
#234 =( BOUNDED_CURVE ( )  B_SPLINE_CURVE ( 3, ( #485, #1111, #1904, #344 ),
 .UNSPECIFIED., .F., .F. ) 
 B_SPLINE_CURVE_WITH_KNOTS ( ( 4, 4 ),
 ( 3.141592653589793116, 6.283185307179586232 ),
 .UNSPECIFIED. ) 
 CURVE ( )  GEOMETRIC_REPRESENTATION_ITEM ( )  RATIONAL_B_SPLINE_CURVE ( ( 1.000000000000000000, 0.3333333333333333703, 0.3333333333333333703, 1.000000000000000000 ) ) 
 REPRESENTATION_ITEM ( '' )  );
#235 = LINE ( 'NONE', #1487, #1818 ) ;
#236 = DIRECTION ( 'NONE',  ( -1.000000000000000000, 0.000000000000000000, 0.000000000000000000 ) ) ;
#237 = ORIENTED_EDGE ( 'NONE', *, *, #1900, .T. ) ;
#238 = ORIENTED_EDGE ( 'NONE', *, *, #1297, .F. ) ;
#239 =( NAMED_UNIT ( * ) PLANE_ANGLE_UNIT ( ) SI_UNIT ( $, .RADIAN. ) );
#240 = DIRECTION ( 'NONE',  ( 0.000000000000000000, 0.000000000000000000, 1.000000000000000000 ) ) ;
#241 = ORIENTED_EDGE ( 'NONE', *, *, #1892, .F. ) ;
#242 = VECTOR ( 'NONE', #1404, 1000.000000000000114 ) ;
#243 = CARTESIAN_POINT ( 'NONE',  ( 28.30000000000000071, -5.000000000000000888, 5.828427124746200505 ) ) ;
#244 = LINE ( 'NONE', #53, #400 ) ;
#245 =( BOUNDED_CURVE ( )  B_SPLINE_CURVE ( 3, ( #424, #1235, #777, #1059 ),
 .UNSPECIFIED., .F., .F. ) 
 B_SPLINE_CURVE_WITH_KNOTS ( ( 4, 4 ),
 ( 3.539021434009798821E-17, 3.141592653589793116 ),
 .UNSPECIFIED. ) 
 CURVE ( )  GEOMETRIC_REPRESENTATION_ITEM ( )  RATIONAL_B_SPLINE_CURVE ( ( 1.000000000000000000, 0.3333333333333333703, 0.3333333333333333703, 1.000000000000000000 ) ) 
 REPRESENTATION_ITEM ( '' )  );
#246 = CARTESIAN_POINT ( 'NONE',  ( -18.10386699023166912, 25.00000000000000355, 25.00000000000000000 ) ) ;
#247 = ORIENTED_EDGE ( 'NONE', *, *, #1046, .F. ) ;
#248 = ORIENTED_EDGE ( 'NONE', *, *, #773, .F. ) ;
#249 = COORDINATED_UNIVERSAL_TIME_OFFSET ( 1, 0, .AHEAD. ) ;
#250 = LINE ( 'NONE', #869, #963 ) ;
#251 = EDGE_CURVE ( 'NONE', #482, #154, #498, .T. ) ;
#252 = CARTESIAN_POINT ( 'NONE',  ( -19.37500000000000355, -9.900000000000000355, 4.987048957087469425 ) ) ;
#253 = VECTOR ( 'NONE', #1335, 1000.000000000000000 ) ;
#254 = DIRECTION ( 'NONE',  ( 0.000000000000000000, 1.000000000000000000, 0.000000000000000000 ) ) ;
#255 = CARTESIAN_POINT ( 'NONE',  ( -28.29999999999999361, -2.000000000000001776, 12.50000000000001066 ) ) ;
#256 = LINE ( 'NONE', #1807, #1645 ) ;
#257 = DIRECTION ( 'NONE',  ( 0.000000000000000000, 0.000000000000000000, -1.000000000000000000 ) ) ;
#258 = ADVANCED_FACE ( 'NONE', ( #1750 ), #968, .T. ) ;
#259 = VERTEX_POINT ( 'NONE', #1759 ) ;
#260 = ADVANCED_FACE ( 'NONE', ( #1901 ), #1098, .F. ) ;
#261 = EDGE_LOOP ( 'NONE', ( #1180, #389, #1443, #1121 ) ) ;
#262 = CARTESIAN_POINT ( 'NONE',  ( 0.000000000000000000, 22.00000000000000711, 12.50000000000000000 ) ) ;
#263 = VERTEX_POINT ( 'NONE', #1907 ) ;
#264 = LINE ( 'NONE', #2003, #887 ) ;
#265 = ORIENTED_EDGE ( 'NONE', *, *, #167, .F. ) ;
#266 = CARTESIAN_POINT ( 'NONE',  ( -24.87193886489767181, -4.247012486798576347, 25.00000000000000355 ) ) ;
#267 = CARTESIAN_POINT ( 'NONE',  ( -18.10386699023168333, 22.82842712474619162, 24.99999999999999645 ) ) ;
#268 = ORIENTED_EDGE ( 'NONE', *, *, #551, .T. ) ;
#269 = CARTESIAN_POINT ( 'NONE',  ( -12.69207670494279405, -8.445529658312127097, 0.000000000000000000 ) ) ;
#270 = ORIENTED_EDGE ( 'NONE', *, *, #346, .F. ) ;
#271 = PERSON_AND_ORGANIZATION_ROLE ( 'design_supplier' ) ;
#272 = PLANE ( 'NONE',  #1329 ) ;
#273 = CARTESIAN_POINT ( 'NONE',  ( -24.29999999999999361, -5.000000000000000888, 1.236001371275824878 ) ) ;
#274 = VECTOR ( 'NONE', #207, 1000.000000000000114 ) ;
#275 = ORIENTED_EDGE ( 'NONE', *, *, #324, .T. ) ;
#276 = CARTESIAN_POINT ( 'NONE',  ( -28.30000000000000071, 25.00000000000000000, 2.999999999999988898 ) ) ;
#277 = AXIS2_PLACEMENT_3D ( 'NONE', #1461, #1947, #859 ) ;
#278 = CARTESIAN_POINT ( 'NONE',  ( 23.30000000000000071, 22.00000000000000711, 0.000000000000000000 ) ) ;
#279 = ORIENTED_EDGE ( 'NONE', *, *, #524, .F. ) ;
#280 = EDGE_CURVE ( 'NONE', #840, #795, #1282, .T. ) ;
#281 = DIRECTION ( 'NONE',  ( 0.000000000000000000, 0.000000000000000000, -1.000000000000000000 ) ) ;
#282 = EDGE_LOOP ( 'NONE', ( #1058, #1431, #1998, #1205 ) ) ;
#283 = PERSON_AND_ORGANIZATION ( #686, #175 ) ;
#284 = DIRECTION ( 'NONE',  ( 0.000000000000000000, 0.000000000000000000, 1.000000000000000000 ) ) ;
#285 = LINE ( 'NONE', #911, #1890 ) ;
#286 = VERTEX_POINT ( 'NONE', #481 ) ;
#287 = EDGE_CURVE ( 'NONE', #79, #463, #818, .T. ) ;
#288 = DIRECTION ( 'NONE',  ( -0.4544703416878739244, -0.8907618697082330117, 0.000000000000000000 ) ) ;
#289 = LINE ( 'NONE', #1714, #1313 ) ;
#290 = CARTESIAN_POINT ( 'NONE',  ( -28.30000000000000071, -2.999999999999999112, 22.00000000000000000 ) ) ;
#291 = ORIENTED_EDGE ( 'NONE', *, *, #167, .T. ) ;
#292 = PERSON_AND_ORGANIZATION_ROLE ( 'creator' ) ;
#293 = DIRECTION ( 'NONE',  ( -1.000000000000000000, 0.000000000000000000, 0.000000000000000000 ) ) ;
#294 = EDGE_CURVE ( 'NONE', #2009, #259, #15, .T. ) ;
#295 = EDGE_CURVE ( 'NONE', #1403, #1660, #1215, .T. ) ;
#296 = DIRECTION ( 'NONE',  ( 0.8907618697082327897, -0.4544703416878744240, 0.000000000000000000 ) ) ;
#297 = ORIENTED_EDGE ( 'NONE', *, *, #1009, .T. ) ;
#298 = DIRECTION ( 'NONE',  ( -0.8907618697082330117, 0.4544703416878739244, 0.000000000000000000 ) ) ;
#299 = EDGE_CURVE ( 'NONE', #1732, #1855, #1464, .T. ) ;
#300 = LINE ( 'NONE', #1880, #1112 ) ;
#301 = CARTESIAN_POINT ( 'NONE',  ( -25.16716142534897926, -8.899999999999998579, 25.00000000000000000 ) ) ;
#302 = AXIS2_PLACEMENT_3D ( 'NONE', #163, #500, #1126 ) ;
#303 = ORIENTED_EDGE ( 'NONE', *, *, #449, .F. ) ;
#304 = DIRECTION ( 'NONE',  ( 0.4544703416878739244, 0.8907618697082330117, 0.000000000000000000 ) ) ;
#305 = ORIENTED_EDGE ( 'NONE', *, *, #532, .F. ) ;
#306 = DIRECTION ( 'NONE',  ( 0.000000000000000000, -0.000000000000000000, 1.000000000000000000 ) ) ;
#307 = EDGE_CURVE ( 'NONE', #1649, #398, #530, .T. ) ;
#308 = ORIENTED_EDGE ( 'NONE', *, *, #570, .F. ) ;
#309 = DESIGN_CONTEXT ( 'detailed design', #1744, 'design' ) ;
#310 = CC_DESIGN_APPROVAL ( #1694, ( #141 ) ) ;
#311 = CARTESIAN_POINT ( 'NONE',  ( 19.37500000000000355, -9.900000000000000355, 4.987048957087469425 ) ) ;
#312 = CYLINDRICAL_SURFACE ( 'NONE', #221, 1.999999999999999112 ) ;
#313 = ORIENTED_EDGE ( 'NONE', *, *, #222, .F. ) ;
#314 = DIRECTION ( 'NONE',  ( -1.000000000000000000, 2.336327913773476917E-16, 0.000000000000000000 ) ) ;
#315 = VERTEX_POINT ( 'NONE', #990 ) ;
#316 = LINE ( 'NONE', #938, #51 ) ;
#317 = ADVANCED_FACE ( 'NONE', ( #1664, #93 ), #1838, .T. ) ;
#318 = ORIENTED_EDGE ( 'NONE', *, *, #1688, .T. ) ;
#319 = CARTESIAN_POINT ( 'NONE',  ( -24.11108390454617023, -4.629724452910488175, 25.00000000000000000 ) ) ;
#320 = CARTESIAN_POINT ( 'NONE',  ( -26.30000000000000782, -2.512018435384022447E-16, 14.95190995214057139 ) ) ;
#321 = CC_DESIGN_PERSON_AND_ORGANIZATION_ASSIGNMENT ( #1835, #426, ( #141 ) ) ;
#322 = ORIENTED_EDGE ( 'NONE', *, *, #1980, .F. ) ;
#323 = CARTESIAN_POINT ( 'NONE',  ( 24.30000000000000071, -5.000000000000001776, 1.236001371275818883 ) ) ;
#324 = EDGE_CURVE ( 'NONE', #1751, #761, #519, .T. ) ;
#325 = EDGE_CURVE ( 'NONE', #618, #795, #1351, .T. ) ;
#326 = VECTOR ( 'NONE', #1435, 1000.000000000000000 ) ;
#327 = DIRECTION ( 'NONE',  ( 1.000000000000000000, -2.336327913773476917E-16, 0.000000000000000000 ) ) ;
#328 = ORIENTED_EDGE ( 'NONE', *, *, #1446, .F. ) ;
#329 =( BOUNDED_CURVE ( )  B_SPLINE_CURVE ( 3, ( #1398, #1693, #934, #290 ),
 .UNSPECIFIED., .F., .F. ) 
 B_SPLINE_CURVE_WITH_KNOTS ( ( 4, 4 ),
 ( 4.712388980384689674, 6.283185307179586232 ),
 .UNSPECIFIED. ) 
 CURVE ( )  GEOMETRIC_REPRESENTATION_ITEM ( )  RATIONAL_B_SPLINE_CURVE ( ( 1.000000000000000000, 0.8047378541243649375, 0.8047378541243649375, 1.000000000000000000 ) ) 
 REPRESENTATION_ITEM ( '' )  );
#330 = CARTESIAN_POINT ( 'NONE',  ( -25.16716142534897926, -8.899999999999998579, 25.00000000000000000 ) ) ;
#331 = VERTEX_POINT ( 'NONE', #380 ) ;
#332 = LINE ( 'NONE', #647, #1467 ) ;
#333 = AXIS2_PLACEMENT_3D ( 'NONE', #1546, #790, #808 ) ;
#334 = CARTESIAN_POINT ( 'NONE',  ( -15.87500000000000533, -9.900000000000000355, 4.987048957087471202 ) ) ;
#335 = FACE_OUTER_BOUND ( 'NONE', #948, .T. ) ;
#336 = VERTEX_POINT ( 'NONE', #1990 ) ;
#337 = CARTESIAN_POINT ( 'NONE',  ( -5.999999999999999112, -3.000000000000000000, 12.50000000000000000 ) ) ;
#338 = EDGE_CURVE ( 'NONE', #1727, #748, #1943, .T. ) ;
#339 = VERTEX_POINT ( 'NONE', #1952 ) ;
#340 = DIRECTION ( 'NONE',  ( -0.000000000000000000, -1.000000000000000000, 0.000000000000000000 ) ) ;
#341 = CC_DESIGN_APPROVAL ( #1622, ( #833 ) ) ;
#342 = DIRECTION ( 'NONE',  ( -2.514091994169285407E-17, 1.000000000000000000, -0.000000000000000000 ) ) ;
#343 = VECTOR ( 'NONE', #899, 1000.000000000000114 ) ;
#344 = CARTESIAN_POINT ( 'NONE',  ( -19.37500000000000355, -9.900000000000000355, 20.01295104291253324 ) ) ;
#345 = VERTEX_POINT ( 'NONE', #52 ) ;
#346 = EDGE_CURVE ( 'NONE', #398, #364, #1795, .T. ) ;
#347 = DIRECTION ( 'NONE',  ( -0.7749025321521010312, 0.000000000000000000, 0.6320807429943284816 ) ) ;
#348 = EDGE_LOOP ( 'NONE', ( #701, #1609, #328, #166, #5 ) ) ;
#349 = DIRECTION ( 'NONE',  ( 0.000000000000000000, 1.000000000000000000, 0.000000000000000000 ) ) ;
#350 = CIRCLE ( 'NONE', #1937, 6.000000000000000000 ) ;
#351 = ORIENTED_EDGE ( 'NONE', *, *, #1601, .F. ) ;
#352 = CARTESIAN_POINT ( 'NONE',  ( 14.45000000000000107, -5.000000000000000888, 0.000000000000000000 ) ) ;
#353 = CARTESIAN_POINT ( 'NONE',  ( 23.30000000000000071, -3.673940397442062826E-16, 0.000000000000000000 ) ) ;
#354 = DIRECTION ( 'NONE',  ( -0.4544703416878744240, -0.8907618697082326786, 0.000000000000000000 ) ) ;
#355 = PRODUCT_DEFINITION_SHAPE ( 'NONE', 'NONE',  #833 ) ;
#356 = ORIENTED_EDGE ( 'NONE', *, *, #1754, .T. ) ;
#357 = EDGE_CURVE ( 'NONE', #1738, #405, #1087, .T. ) ;
#358 = FACE_BOUND ( 'NONE', #501, .T. ) ;
#359 = AXIS2_PLACEMENT_3D ( 'NONE', #330, #201, #1769 ) ;
#360 = DIRECTION ( 'NONE',  ( 1.000000000000000000, 0.000000000000000000, -0.000000000000000000 ) ) ;
#361 = ORIENTED_EDGE ( 'NONE', *, *, #1512, .T. ) ;
#362 = EDGE_CURVE ( 'NONE', #751, #1751, #1786, .T. ) ;
#363 = DIRECTION ( 'NONE',  ( 0.6320807429943283706, -0.000000000000000000, 0.7749025321521010312 ) ) ;
#364 = VERTEX_POINT ( 'NONE', #371 ) ;
#365 = CARTESIAN_POINT ( 'NONE',  ( 0.000000000000000000, 27.00000000000000000, 12.50000000000000000 ) ) ;
#366 = FACE_OUTER_BOUND ( 'NONE', #680, .T. ) ;
#367 = EDGE_LOOP ( 'NONE', ( #693, #1894, #279, #1687 ) ) ;
#368 = DIRECTION ( 'NONE',  ( 1.000000000000000000, -1.800751013124713288E-16, 0.000000000000000000 ) ) ;
#369 = DIRECTION ( 'NONE',  ( 0.4544703416878739244, 0.8907618697082330117, 0.000000000000000000 ) ) ;
#370 = LINE ( 'NONE', #678, #1720 ) ;
#371 = CARTESIAN_POINT ( 'NONE',  ( 24.30000000000000071, -5.000000000000000888, 1.828427124746179189 ) ) ;
#372 = ORIENTED_EDGE ( 'NONE', *, *, #1563, .T. ) ;
#373 = DIRECTION ( 'NONE',  ( 1.532441233195061223E-17, 0.5000000000000009992, -0.8660254037844380415 ) ) ;
#374 = CARTESIAN_POINT ( 'NONE',  ( -28.30000000000000071, -3.000000000000000888, 2.999999999999988898 ) ) ;
#375 = LINE ( 'NONE', #996, #1871 ) ;
#376 = ORIENTED_EDGE ( 'NONE', *, *, #729, .T. ) ;
#377 = CIRCLE ( 'NONE', #806, 0.9999999999999991118 ) ;
#378 = ADVANCED_FACE ( 'NONE', ( #1337 ), #722, .T. ) ;
#379 = LINE ( 'NONE', #1804, #1586 ) ;
#380 = CARTESIAN_POINT ( 'NONE',  ( -28.30000000000000071, -5.000000000000000888, 19.17157287525380482 ) ) ;
#381 =( BOUNDED_CURVE ( )  B_SPLINE_CURVE ( 3, ( #831, #668, #1761, #1743 ),
 .UNSPECIFIED., .F., .F. ) 
 B_SPLINE_CURVE_WITH_KNOTS ( ( 4, 4 ),
 ( 1.577526388011923686, 2.195831241694685687 ),
 .UNSPECIFIED. ) 
 CURVE ( )  GEOMETRIC_REPRESENTATION_ITEM ( )  RATIONAL_B_SPLINE_CURVE ( ( 1.000000000000000000, 0.9683945248653416105, 0.9683945248653416105, 1.000000000000000000 ) ) 
 REPRESENTATION_ITEM ( '' )  );
#382 = FACE_OUTER_BOUND ( 'NONE', #821, .T. ) ;
#383 = CARTESIAN_POINT ( 'NONE',  ( -17.03479431286483603, 27.00000000000000000, 25.00000000000000355 ) ) ;
#384 = ORIENTED_EDGE ( 'NONE', *, *, #362, .T. ) ;
#385 = EDGE_CURVE ( 'NONE', #1072, #1870, #740, .T. ) ;
#386 = DIRECTION ( 'NONE',  ( -1.532441233195061223E-17, 0.5000000000000009992, 0.8660254037844381525 ) ) ;
#387 = CALENDAR_DATE ( 2026, 2, 6 ) ;
#388 = CARTESIAN_POINT ( 'NONE',  ( -28.30000000000000071, -5.000000000000000888, 5.828427124746168531 ) ) ;
#389 = ORIENTED_EDGE ( 'NONE', *, *, #657, .T. ) ;
#390 = DIRECTION ( 'NONE',  ( -1.000000000000000000, -2.336327913773476917E-16, 0.000000000000000000 ) ) ;
#391 = CARTESIAN_POINT ( 'NONE',  ( 19.37500000000000355, -9.900000000000000355, 4.987048957087469425 ) ) ;
#392 =( BOUNDED_CURVE ( )  B_SPLINE_CURVE ( 3, ( #118, #1355, #2006, #1056 ),
 .UNSPECIFIED., .F., .F. ) 
 B_SPLINE_CURVE_WITH_KNOTS ( ( 4, 4 ),
 ( 0.000000000000000000, 1.570796326794894782 ),
 .UNSPECIFIED. ) 
 CURVE ( )  GEOMETRIC_REPRESENTATION_ITEM ( )  RATIONAL_B_SPLINE_CURVE ( ( 1.000000000000000000, 0.8047378541243654926, 0.8047378541243654926, 1.000000000000000000 ) ) 
 REPRESENTATION_ITEM ( '' )  );
#393 = CYLINDRICAL_SURFACE ( 'NONE', #644, 2.000000000000001776 ) ;
#394 = ORIENTED_EDGE ( 'NONE', *, *, #1103, .F. ) ;
#395 = CARTESIAN_POINT ( 'NONE',  ( -23.30000000000000426, 22.00000000000000000, -62.71012677391110657 ) ) ;
#396 = ORIENTED_EDGE ( 'NONE', *, *, #2005, .T. ) ;
#397 = LINE ( 'NONE', #1836, #164 ) ;
#398 = VERTEX_POINT ( 'NONE', #1985 ) ;
#399 = FACE_BOUND ( 'NONE', #1195, .T. ) ;
#400 = VECTOR ( 'NONE', #864, 1000.000000000000000 ) ;
#401 = DIRECTION ( 'NONE',  ( 0.7071067811865492381, 0.000000000000000000, -0.7071067811865459074 ) ) ;
#402 = EDGE_CURVE ( 'NONE', #929, #751, #1506, .T. ) ;
#403 = CARTESIAN_POINT ( 'NONE',  ( -25.30000000000001847, -0.8284271247461897358, 25.00000000000000355 ) ) ;
#404 = EDGE_LOOP ( 'NONE', ( #1349, #1863, #1055, #715, #1172 ) ) ;
#405 = VERTEX_POINT ( 'NONE', #1013 ) ;
#406 = CARTESIAN_POINT ( 'NONE',  ( -5.999999999999999112, -3.000000000000000000, 12.50000000000000000 ) ) ;
#407 = CARTESIAN_POINT ( 'NONE',  ( -26.16716142534897926, -8.899999999999998579, 0.000000000000000000 ) ) ;
#408 = CARTESIAN_POINT ( 'NONE',  ( 26.30000000000000426, -1.999999999999999112, 25.00000000000000000 ) ) ;
#409 = CARTESIAN_POINT ( 'NONE',  ( -26.30000000000000426, -8.060640886606007408E-16, 21.17157287525381193 ) ) ;
#410 = EDGE_CURVE ( 'NONE', #315, #1328, #1035, .T. ) ;
#411 = LINE ( 'NONE', #95, #562 ) ;
#412 = DIRECTION ( 'NONE',  ( 0.000000000000000000, -1.000000000000000000, 0.000000000000000000 ) ) ;
#413 = ORIENTED_EDGE ( 'NONE', *, *, #642, .T. ) ;
#414 = VERTEX_POINT ( 'NONE', #214 ) ;
#415 = DIRECTION ( 'NONE',  ( 1.000000000000000000, -2.336327913773476917E-16, 0.000000000000000000 ) ) ;
#416 = CARTESIAN_POINT ( 'NONE',  ( 28.30000000000000782, 26.17157287525381193, 3.000000000000010658 ) ) ;
#417 = VECTOR ( 'NONE', #184, 999.9999999999998863 ) ;
#418 = DIRECTION ( 'NONE',  ( 0.000000000000000000, 0.000000000000000000, 1.000000000000000000 ) ) ;
#419 = VERTEX_POINT ( 'NONE', #865 ) ;
#420 = VECTOR ( 'NONE', #1256, 1000.000000000000114 ) ;
#421 = CYLINDRICAL_SURFACE ( 'NONE', #1157, 1.750000000000001332 ) ;
#422 = FACE_OUTER_BOUND ( 'NONE', #1966, .T. ) ;
#423 = ORIENTED_EDGE ( 'NONE', *, *, #124, .F. ) ;
#424 = CARTESIAN_POINT ( 'NONE',  ( -19.37500000000000355, -2.979274057836317713, 0.000000000000000000 ) ) ;
#425 = VERTEX_POINT ( 'NONE', #1468 ) ;
#426 = PERSON_AND_ORGANIZATION_ROLE ( 'classification_officer' ) ;
#427 = LINE ( 'NONE', #438, #1317 ) ;
#428 = VECTOR ( 'NONE', #1389, 1000.000000000000227 ) ;
#429 = CARTESIAN_POINT ( 'NONE',  ( 23.30000000000000071, 22.00000000000000711, -62.71012677391110657 ) ) ;
#430 = EDGE_LOOP ( 'NONE', ( #909, #384, #423, #1186, #270, #921 ) ) ;
#431 = ADVANCED_FACE ( 'NONE', ( #692 ), #700, .T. ) ;
#432 = VECTOR ( 'NONE', #146, 1000.000000000000114 ) ;
#433 = DIRECTION ( 'NONE',  ( 0.000000000000000000, 1.000000000000000000, 0.000000000000000000 ) ) ;
#434 = CARTESIAN_POINT ( 'NONE',  ( -18.10386699023166912, 24.00000000000000355, 25.00000000000000000 ) ) ;
#435 = ORIENTED_EDGE ( 'NONE', *, *, #1516, .F. ) ;
#436 = CARTESIAN_POINT ( 'NONE',  ( -25.30000000000001492, 0.000000000000000000, 25.00000000000000000 ) ) ;
#437 = ORIENTED_EDGE ( 'NONE', *, *, #900, .T. ) ;
#438 = CARTESIAN_POINT ( 'NONE',  ( -28.30000000000000071, -5.000000000000000888, 25.00000000000000000 ) ) ;
#439 = EDGE_CURVE ( 'NONE', #879, #453, #224, .T. ) ;
#440 = LINE ( 'NONE', #1700, #2053 ) ;
#441 = AXIS2_PLACEMENT_3D ( 'NONE', #1927, #504, #443 ) ;
#442 = ORIENTED_EDGE ( 'NONE', *, *, #1725, .F. ) ;
#443 = DIRECTION ( 'NONE',  ( -0.7071067811865454633, 0.000000000000000000, -0.7071067811865497932 ) ) ;
#444 = AXIS2_PLACEMENT_3D ( 'NONE', #889, #1999, #1018 ) ;
#445 = CARTESIAN_POINT ( 'NONE',  ( -23.30000000000000426, 22.00000000000000000, 15.46562216384011990 ) ) ;
#446 = CARTESIAN_POINT ( 'NONE',  ( 12.69207670494279405, -8.445529658312127097, 25.00000000000000000 ) ) ;
#447 = ORIENTED_EDGE ( 'NONE', *, *, #714, .T. ) ;
#448 = CYLINDRICAL_SURFACE ( 'NONE', #793, 1.000000000000000888 ) ;
#449 = EDGE_CURVE ( 'NONE', #1154, #522, #20, .T. ) ;
#450 =( BOUNDED_CURVE ( )  B_SPLINE_CURVE ( 3, ( #1869, #1541, #1881, #1078 ),
 .UNSPECIFIED., .F., .F. ) 
 B_SPLINE_CURVE_WITH_KNOTS ( ( 4, 4 ),
 ( 3.141592653589793116, 6.283185307179586232 ),
 .UNSPECIFIED. ) 
 CURVE ( )  GEOMETRIC_REPRESENTATION_ITEM ( )  RATIONAL_B_SPLINE_CURVE ( ( 1.000000000000000000, 0.3333333333333333703, 0.3333333333333333703, 1.000000000000000000 ) ) 
 REPRESENTATION_ITEM ( '' )  );
#451 = ORIENTED_EDGE ( 'NONE', *, *, #1512, .F. ) ;
#452 = DIRECTION ( 'NONE',  ( -0.4544703416878739244, 0.8907618697082330117, 0.000000000000000000 ) ) ;
#453 = VERTEX_POINT ( 'NONE', #1327 ) ;
#454 = FACE_OUTER_BOUND ( 'NONE', #507, .T. ) ;
#455 = FACE_OUTER_BOUND ( 'NONE', #1339, .T. ) ;
#456 = FACE_OUTER_BOUND ( 'NONE', #588, .T. ) ;
#457 = ORIENTED_EDGE ( 'NONE', *, *, #1668, .F. ) ;
#458 = DIRECTION ( 'NONE',  ( -1.000000000000000000, 0.000000000000000000, 0.000000000000000000 ) ) ;
#459 = AXIS2_PLACEMENT_3D ( 'NONE', #1611, #1599, #1922 ) ;
#460 = ORIENTED_EDGE ( 'NONE', *, *, #1046, .T. ) ;
#461 =( BOUNDED_CURVE ( )  B_SPLINE_CURVE ( 3, ( #814, #490, #323, #945 ),
 .UNSPECIFIED., .F., .F. ) 
 B_SPLINE_CURVE_WITH_KNOTS ( ( 4, 4 ),
 ( 4.719119041601716802, 5.337423895284479691 ),
 .UNSPECIFIED. ) 
 CURVE ( )  GEOMETRIC_REPRESENTATION_ITEM ( )  RATIONAL_B_SPLINE_CURVE ( ( 1.000000000000000000, 0.9683945248653416105, 0.9683945248653416105, 1.000000000000000000 ) ) 
 REPRESENTATION_ITEM ( '' )  );
#462 = CARTESIAN_POINT ( 'NONE',  ( -25.30000000000000426, -3.660241307667871702, 0.000000000000000000 ) ) ;
#463 = VERTEX_POINT ( 'NONE', #1185 ) ;
#464 = CARTESIAN_POINT ( 'NONE',  ( -25.30000000000000426, 26.17157287525381193, 0.000000000000000000 ) ) ;
#465 = CARTESIAN_POINT ( 'NONE',  ( -23.30000000000000426, 24.00000000000000000, 18.62977488035143381 ) ) ;
#466 = ORIENTED_EDGE ( 'NONE', *, *, #183, .T. ) ;
#467 = PLANE ( 'NONE',  #1213 ) ;
#468 = EDGE_LOOP ( 'NONE', ( #1008, #969, #1955, #1701, #1322 ) ) ;
#469 = LINE ( 'NONE', #169, #1739 ) ;
#470 = ORIENTED_EDGE ( 'NONE', *, *, #1109, .F. ) ;
#471 = LINE ( 'NONE', #598, #1583 ) ;
#472 = EDGE_CURVE ( 'NONE', #1016, #1742, #1832, .T. ) ;
#473 = ADVANCED_FACE ( 'NONE', ( #1633 ), #1356, .T. ) ;
#474 = UNCERTAINTY_MEASURE_WITH_UNIT (LENGTH_MEASURE( 1.000000000000000082E-05 ), #557, 'distance_accuracy_value', 'NONE');
#475 = DIRECTION ( 'NONE',  ( -0.000000000000000000, 0.000000000000000000, -1.000000000000000000 ) ) ;
#476 = ADVANCED_FACE ( 'NONE', ( #1808 ), #393, .T. ) ;
#477 = AXIS2_PLACEMENT_3D ( 'NONE', #649, #640, #165 ) ;
#478 = DIRECTION ( 'NONE',  ( 0.7071067811865492381, 0.000000000000000000, -0.7071067811865457964 ) ) ;
#479 = CARTESIAN_POINT ( 'NONE',  ( -18.10386699023167267, 24.00000000000000355, 24.99999999999999645 ) ) ;
#480 = VERTEX_POINT ( 'NONE', #1488 ) ;
#481 = CARTESIAN_POINT ( 'NONE',  ( -26.16716142534897926, -8.899999999999998579, 25.00000000000000000 ) ) ;
#482 = VERTEX_POINT ( 'NONE', #711 ) ;
#483 = LINE ( 'NONE', #37, #326 ) ;
#484 = VECTOR ( 'NONE', #1293, 1000.000000000000000 ) ;
#485 = CARTESIAN_POINT ( 'NONE',  ( -19.37500000000000355, -9.900000000000000355, 13.01295104291254567 ) ) ;
#486 = ORIENTED_EDGE ( 'NONE', *, *, #873, .F. ) ;
#487 = EDGE_CURVE ( 'NONE', #414, #751, #1178, .T. ) ;
#488 = DIRECTION ( 'NONE',  ( 0.6320807429943283706, 1.937253186546154190E-17, 0.7749025321521010312 ) ) ;
#489 = EDGE_LOOP ( 'NONE', ( #756, #927, #447, #1001 ) ) ;
#490 = CARTESIAN_POINT ( 'NONE',  ( 24.23497275108334748, -4.872546592123357279, 0.6066342150194613536 ) ) ;
#491 = AXIS2_PLACEMENT_3D ( 'NONE', #616, #650, #1584 ) ;
#492 = CIRCLE ( 'NONE', #1279, 1.000000000000000888 ) ;
#493 = CARTESIAN_POINT ( 'NONE',  ( 7.542275982507858133E-16, -3.000000000000000000, 12.50000000000000000 ) ) ;
#494 = CARTESIAN_POINT ( 'NONE',  ( -25.30000000000000071, -3.000000000000000888, 0.000000000000000000 ) ) ;
#495 = EDGE_CURVE ( 'NONE', #1749, #1366, #801, .T. ) ;
#496 = ORIENTED_EDGE ( 'NONE', *, *, #1429, .T. ) ;
#497 = EDGE_LOOP ( 'NONE', ( #1595, #1247, #737, #356 ) ) ;
#498 = LINE ( 'NONE', #35, #2052 ) ;
#499 = VERTEX_POINT ( 'NONE', #584 ) ;
#500 = DIRECTION ( 'NONE',  ( 0.000000000000000000, 1.000000000000000000, 0.000000000000000000 ) ) ;
#501 = EDGE_LOOP ( 'NONE', ( #1138, #667 ) ) ;
#502 = CARTESIAN_POINT ( 'NONE',  ( -19.37500000000000355, -15.53477309068274259, 3.253237760728148853 ) ) ;
#503 = ADVANCED_FACE ( 'NONE', ( #2015, #871 ), #1665, .T. ) ;
#504 = DIRECTION ( 'NONE',  ( 0.7071067811865492381, 0.000000000000000000, -0.7071067811865459074 ) ) ;
#505 = EDGE_CURVE ( 'NONE', #219, #162, #1024, .T. ) ;
#506 = CARTESIAN_POINT ( 'NONE',  ( 28.30000000000000071, -5.000000000000000888, 20.82842712474620583 ) ) ;
#507 = EDGE_LOOP ( 'NONE', ( #1065, #204, #17, #38 ) ) ;
#508 = EDGE_CURVE ( 'NONE', #499, #975, #33, .T. ) ;
#509 = DIRECTION ( 'NONE',  ( -1.000000000000000000, 0.000000000000000000, 0.000000000000000000 ) ) ;
#510 = DIRECTION ( 'NONE',  ( 0.000000000000000000, -1.000000000000000000, 0.000000000000000000 ) ) ;
#511 = ORIENTED_EDGE ( 'NONE', *, *, #280, .F. ) ;
#512 = CARTESIAN_POINT ( 'NONE',  ( 26.88578643762690845, 8.240177544779189716E-16, 20.58578643762691485 ) ) ;
#513 = AXIS2_PLACEMENT_3D ( 'NONE', #1793, #1454, #34 ) ;
#514 = ORIENTED_EDGE ( 'NONE', *, *, #687, .F. ) ;
#515 = CARTESIAN_POINT ( 'NONE',  ( 26.30000000000000426, 27.00000000000000000, 11.78775723562925215 ) ) ;
#516 = CARTESIAN_POINT ( 'NONE',  ( -19.37500000000000355, -9.900000000000000355, 20.01295104291253324 ) ) ;
#517 = EDGE_LOOP ( 'NONE', ( #25, #1, #1036, #1735 ) ) ;
#518 = DIRECTION ( 'NONE',  ( 0.000000000000000000, -0.8660254037844382635, 0.5000000000000005551 ) ) ;
#519 = CIRCLE ( 'NONE', #721, 1.000000000000000888 ) ;
#520 = CARTESIAN_POINT ( 'NONE',  ( 19.37500000000000355, -18.56586200392827735, 5.003237760728151962 ) ) ;
#521 = LINE ( 'NONE', #1784, #1984 ) ;
#522 = VERTEX_POINT ( 'NONE', #1991 ) ;
#523 = DIRECTION ( 'NONE',  ( -0.000000000000000000, -0.000000000000000000, -1.000000000000000000 ) ) ;
#524 = EDGE_CURVE ( 'NONE', #2012, #111, #1806, .T. ) ;
#525 = DIRECTION ( 'NONE',  ( -0.7071067811865459074, 0.000000000000000000, -0.7071067811865491270 ) ) ;
#526 = CARTESIAN_POINT ( 'NONE',  ( 25.30000000000001492, 25.00000000000000000, 0.000000000000000000 ) ) ;
#527 = ORIENTED_EDGE ( 'NONE', *, *, #2029, .F. ) ;
#528 = DIRECTION ( 'NONE',  ( -2.514091994169285716E-17, 1.000000000000000000, 0.000000000000000000 ) ) ;
#529 = APPROVAL ( #1847, 'UNSPECIFIED' ) ;
#531 = EDGE_CURVE ( 'NONE', #761, #79, #1352, .T. ) ;
#530 = LINE ( 'NONE', #999, #1143 ) ;
#532 = EDGE_CURVE ( 'NONE', #618, #1811, #96, .T. ) ;
#533 = CARTESIAN_POINT ( 'NONE',  ( 26.75019493569579510, 27.00000000000000000, 11.23583851401135192 ) ) ;
#534 =( BOUNDED_CURVE ( )  B_SPLINE_CURVE ( 3, ( #838, #1173, #1637, #826 ),
 .UNSPECIFIED., .F., .F. ) 
 B_SPLINE_CURVE_WITH_KNOTS ( ( 4, 4 ),
 ( 3.141592653589793116, 6.283185307179586232 ),
 .UNSPECIFIED. ) 
 CURVE ( )  GEOMETRIC_REPRESENTATION_ITEM ( )  RATIONAL_B_SPLINE_CURVE ( ( 1.000000000000000000, 0.3333333333333333703, 0.3333333333333333703, 1.000000000000000000 ) ) 
 REPRESENTATION_ITEM ( '' )  );
#535 = DIRECTION ( 'NONE',  ( -0.000000000000000000, -0.000000000000000000, -1.000000000000000000 ) ) ;
#536 = ORIENTED_EDGE ( 'NONE', *, *, #839, .F. ) ;
#537 =( GEOMETRIC_REPRESENTATION_CONTEXT ( 3 ) GLOBAL_UNCERTAINTY_ASSIGNED_CONTEXT ( ( #474 ) ) GLOBAL_UNIT_ASSIGNED_CONTEXT ( ( #557, #239, #1332 ) ) REPRESENTATION_CONTEXT ( 'NONE', 'WORKASPACE' ) );
#538 = CARTESIAN_POINT ( 'NONE',  ( 19.37500000000000355, -17.05031754730550730, 4.128237760728150185 ) ) ;
#539 = CARTESIAN_POINT ( 'NONE',  ( 24.12842712474620654, 27.00000000000000000, 0.000000000000000000 ) ) ;
#540 = ORIENTED_EDGE ( 'NONE', *, *, #1411, .T. ) ;
#541 = AXIS2_PLACEMENT_3D ( 'NONE', #262, #1031, #881 ) ;
#542 = CARTESIAN_POINT ( 'NONE',  ( -22.47157287525383040, -6.887272969757319613E-16, 25.00000000000000000 ) ) ;
#543 = CARTESIAN_POINT ( 'NONE',  ( -25.16716142534897926, -8.899999999999998579, 25.00000000000000000 ) ) ;
#544 = ORIENTED_EDGE ( 'NONE', *, *, #1514, .F. ) ;
#545 = CARTESIAN_POINT ( 'NONE',  ( 25.29999999999999716, -3.660241307667870370, 25.00000000000000000 ) ) ;
#546 = ORIENTED_EDGE ( 'NONE', *, *, #1666, .F. ) ;
#547 = DIRECTION ( 'NONE',  ( 0.000000000000000000, 0.8660254037844381525, 0.5000000000000006661 ) ) ;
#548 = CARTESIAN_POINT ( 'NONE',  ( 28.30000000000000071, -2.999999999999999112, 3.000000000000003109 ) ) ;
#549 = ORIENTED_EDGE ( 'NONE', *, *, #982, .T. ) ;
#550 = CARTESIAN_POINT ( 'NONE',  ( 25.16716142534897926, -9.899999999999998579, 25.00000000000000000 ) ) ;
#551 = EDGE_CURVE ( 'NONE', #1452, #1271, #629, .T. ) ;
#552 = LINE ( 'NONE', #699, #1442 ) ;
#553 = AXIS2_PLACEMENT_3D ( 'NONE', #842, #254, #1145 ) ;
#554 = DIRECTION ( 'NONE',  ( 0.000000000000000000, -0.000000000000000000, 1.000000000000000000 ) ) ;
#555 = ORIENTED_EDGE ( 'NONE', *, *, #1124, .T. ) ;
#556 = ORIENTED_EDGE ( 'NONE', *, *, #1785, .F. ) ;
#557 =( LENGTH_UNIT ( ) NAMED_UNIT ( * ) SI_UNIT ( .MILLI., .METRE. ) );
#558 = DIRECTION ( 'NONE',  ( 0.000000000000000000, 0.000000000000000000, -1.000000000000000000 ) ) ;
#559 = DIRECTION ( 'NONE',  ( 0.000000000000000000, 0.000000000000000000, -1.000000000000000000 ) ) ;
#560 = EDGE_CURVE ( 'NONE', #967, #1016, #1862, .T. ) ;
#561 = CARTESIAN_POINT ( 'NONE',  ( 26.80000000000000426, -9.899999999999998579, 0.000000000000000000 ) ) ;
#562 = VECTOR ( 'NONE', #1219, 999.9999999999998863 ) ;
#563 = CARTESIAN_POINT ( 'NONE',  ( -28.30000000000000071, -2.000000000000000888, 25.00000000000000000 ) ) ;
#564 = CARTESIAN_POINT ( 'NONE',  ( -15.52289723337013783, 27.00000000000000000, 25.00000000000000000 ) ) ;
#565 = EDGE_LOOP ( 'NONE', ( #1499, #126, #1082, #1634 ) ) ;
#566 = ORIENTED_EDGE ( 'NONE', *, *, #1725, .T. ) ;
#567 = SHAPE_DEFINITION_REPRESENTATION ( #355, #1519 ) ;
#568 = CARTESIAN_POINT ( 'NONE',  ( -19.37500000000000355, -18.56586200392827735, 5.003237760728151962 ) ) ;
#569 = CARTESIAN_POINT ( 'NONE',  ( 26.30000000000000426, 27.00000000000000000, 3.828427124746185406 ) ) ;
#570 = EDGE_CURVE ( 'NONE', #137, #162, #440, .T. ) ;
#571 = VECTOR ( 'NONE', #1661, 1000.000000000000000 ) ;
#572 = VECTOR ( 'NONE', #1073, 1000.000000000000000 ) ;
#573 = DIRECTION ( 'NONE',  ( -2.514091994169285407E-17, 1.000000000000000000, -0.000000000000000000 ) ) ;
#574 = CARTESIAN_POINT ( 'NONE',  ( 19.37500000000000355, -9.900000000000000355, 20.01295104291253324 ) ) ;
#575 = ORIENTED_EDGE ( 'NONE', *, *, #325, .F. ) ;
#576 = EDGE_CURVE ( 'NONE', #1538, #1403, #285, .T. ) ;
#577 = CARTESIAN_POINT ( 'NONE',  ( -25.30000000000001847, -3.660241307667876587, 25.00000000000000355 ) ) ;
#578 = CYLINDRICAL_SURFACE ( 'NONE', #1641, 0.9999999999999991118 ) ;
#579 = EDGE_LOOP ( 'NONE', ( #1722, #527, #3, #1251 ) ) ;
#580 = LINE ( 'NONE', #120, #156 ) ;
#581 = VERTEX_POINT ( 'NONE', #255 ) ;
#582 = CARTESIAN_POINT ( 'NONE',  ( -26.30000000000000426, 27.00000000000000000, 3.828427124746172971 ) ) ;
#583 = CARTESIAN_POINT ( 'NONE',  ( 23.30000000000000071, -3.673940397442062826E-16, 18.62977488035143381 ) ) ;
#584 = CARTESIAN_POINT ( 'NONE',  ( -24.30000000000000071, -5.000000000000000888, 1.828427124746186072 ) ) ;
#585 = EDGE_LOOP ( 'NONE', ( #674, #1125, #1308, #575 ) ) ;
#586 = LINE ( 'NONE', #734, #71 ) ;
#587 = LINE ( 'NONE', #1089, #851 ) ;
#588 = EDGE_LOOP ( 'NONE', ( #99, #1160, #1243, #723 ) ) ;
#589 = CARTESIAN_POINT ( 'NONE',  ( 22.87500000000000355, -7.020725942163700495, 25.00000000000000000 ) ) ;
#590 = EDGE_LOOP ( 'NONE', ( #248, #514, #1814, #435 ) ) ;
#591 = APPROVAL_DATE_TIME ( #727, #1694 ) ;
#592 = CARTESIAN_POINT ( 'NONE',  ( 22.87500000000000355, -7.020725942163699607, 0.000000000000000000 ) ) ;
#593 =( BOUNDED_CURVE ( )  B_SPLINE_CURVE ( 3, ( #569, #1041, #416, #1406 ),
 .UNSPECIFIED., .F., .F. ) 
 B_SPLINE_CURVE_WITH_KNOTS ( ( 4, 4 ),
 ( 1.570796326794898334, 3.141592653589793116 ),
 .UNSPECIFIED. ) 
 CURVE ( )  GEOMETRIC_REPRESENTATION_ITEM ( )  RATIONAL_B_SPLINE_CURVE ( ( 1.000000000000000000, 0.8047378541243654926, 0.8047378541243654926, 1.000000000000000000 ) ) 
 REPRESENTATION_ITEM ( '' )  );
#594 = EDGE_CURVE ( 'NONE', #1850, #286, #977, .T. ) ;
#595 = CLOSED_SHELL ( 'NONE', ( #473, #620, #1343, #2002, #933, #802, #1618, #102, #1587, #1067, #317, #503, #811, #706, #1581, #685, #1263, #198, #170, #876, #1302, #1897, #863, #780, #378, #258, #1170, #1388, #724, #1561, #129, #1878, #2025, #1418, #1249, #1146, #63, #1465, #260, #1476, #193, #1088, #1974, #1048, #1942, #628, #145, #1782, #1968, #1775, #31, #1500, #203, #476, #1916, #1975, #1627, #431, #972, #1783 ) ) ;
#596 = CARTESIAN_POINT ( 'NONE',  ( -28.30000000000000071, -2.000000000000001776, 22.00000000000000000 ) ) ;
#597 = ORIENTED_EDGE ( 'NONE', *, *, #1740, .F. ) ;
#598 = CARTESIAN_POINT ( 'NONE',  ( -13.58283857465102606, -9.900000000000002132, 25.00000000000000000 ) ) ;
#599 = VECTOR ( 'NONE', #134, 1000.000000000000114 ) ;
#600 = CARTESIAN_POINT ( 'NONE',  ( -24.11108390454617023, -4.629724452910488175, 25.00000000000000000 ) ) ;
#601 = EDGE_CURVE ( 'NONE', #917, #1154, #264, .T. ) ;
#602 = CARTESIAN_POINT ( 'NONE',  ( -25.16716142534897926, -8.899999999999998579, 0.000000000000000000 ) ) ;
#603 = ORIENTED_EDGE ( 'NONE', *, *, #689, .T. ) ;
#604 = CARTESIAN_POINT ( 'NONE',  ( 23.30000000000000071, -3.673940397442062826E-16, -62.71012677391110657 ) ) ;
#605 =( BOUNDED_CURVE ( )  B_SPLINE_CURVE ( 3, ( #940, #464, #2017, #1086 ),
 .UNSPECIFIED., .F., .F. ) 
 B_SPLINE_CURVE_WITH_KNOTS ( ( 4, 4 ),
 ( 3.141592653589793116, 4.712388980384687009 ),
 .UNSPECIFIED. ) 
 CURVE ( )  GEOMETRIC_REPRESENTATION_ITEM ( )  RATIONAL_B_SPLINE_CURVE ( ( 1.000000000000000000, 0.8047378541243654926, 0.8047378541243654926, 1.000000000000000000 ) ) 
 REPRESENTATION_ITEM ( '' )  );
#606 = DIRECTION ( 'NONE',  ( -1.000000000000000000, 0.000000000000000000, 0.000000000000000000 ) ) ;
#607 = PRODUCT_DEFINITION_FORMATION_WITH_SPECIFIED_SOURCE ( 'ANY', '', #1287, .NOT_KNOWN. ) ;
#608 = ORIENTED_EDGE ( 'NONE', *, *, #139, .F. ) ;
#609 = CARTESIAN_POINT ( 'NONE',  ( 19.37500000000000355, -2.979274057836317713, 0.000000000000000000 ) ) ;
#610 = CARTESIAN_POINT ( 'NONE',  ( 18.10386699023166912, 22.82842712474619518, 25.00000000000000000 ) ) ;
#611 = ORIENTED_EDGE ( 'NONE', *, *, #74, .F. ) ;
#612 = COORDINATED_UNIVERSAL_TIME_OFFSET ( 1, 0, .AHEAD. ) ;
#613 = FACE_OUTER_BOUND ( 'NONE', #935, .T. ) ;
#614 = AXIS2_PLACEMENT_3D ( 'NONE', #794, #1135, #1270 ) ;
#615 = ORIENTED_EDGE ( 'NONE', *, *, #1848, .T. ) ;
#616 = CARTESIAN_POINT ( 'NONE',  ( -19.37500000000000355, -17.05031754730550730, 20.87176223927185248 ) ) ;
#617 = VECTOR ( 'NONE', #368, 1000.000000000000000 ) ;
#618 = VERTEX_POINT ( 'NONE', #1229 ) ;
#619 = DIRECTION ( 'NONE',  ( -0.7071067811865459074, 0.000000000000000000, -0.7071067811865492381 ) ) ;
#620 = ADVANCED_FACE ( 'NONE', ( #1677 ), #94, .T. ) ;
#621 = CARTESIAN_POINT ( 'NONE',  ( 0.000000000000000000, 22.00000000000000711, 12.50000000000000000 ) ) ;
#622 = CYLINDRICAL_SURFACE ( 'NONE', #683, 1.000000000000000888 ) ;
#623 = ORIENTED_EDGE ( 'NONE', *, *, #773, .T. ) ;
#624 = CARTESIAN_POINT ( 'NONE',  ( 18.10386699023166912, -16.13106098038461411, 25.00000000000000000 ) ) ;
#625 = VECTOR ( 'NONE', #212, 1000.000000000000114 ) ;
#626 = VERTEX_POINT ( 'NONE', #243 ) ;
#627 = CARTESIAN_POINT ( 'NONE',  ( 28.30000000000000071, -1.999999999999999112, 22.00000000000002132 ) ) ;
#628 = ADVANCED_FACE ( 'NONE', ( #84 ), #719, .T. ) ;
#629 = CIRCLE ( 'NONE', #1509, 0.9999999999999991118 ) ;
#630 = EDGE_LOOP ( 'NONE', ( #303, #351, #144, #1482 ) ) ;
#631 = EDGE_CURVE ( 'NONE', #1452, #1469, #920, .T. ) ;
#632 = DIRECTION ( 'NONE',  ( -0.7071067811865492381, 0.000000000000000000, 0.7071067811865457964 ) ) ;
#633 = CARTESIAN_POINT ( 'NONE',  ( -42.97264286505765796, 23.99999999999999645, -8.652152249030930165 ) ) ;
#634 = DIRECTION ( 'NONE',  ( -0.000000000000000000, -0.000000000000000000, 1.000000000000000000 ) ) ;
#635 = CYLINDRICAL_SURFACE ( 'NONE', #848, 1.749999999999999334 ) ;
#636 = ORIENTED_EDGE ( 'NONE', *, *, #1656, .T. ) ;
#637 = CARTESIAN_POINT ( 'NONE',  ( 16.55406192592746706, 22.00000000000000711, 23.73583851401134481 ) ) ;
#638 = ORIENTED_EDGE ( 'NONE', *, *, #648, .T. ) ;
#639 = CARTESIAN_POINT ( 'NONE',  ( 22.47157287525380198, 6.887272969757310739E-16, 25.00000000000000000 ) ) ;
#640 = DIRECTION ( 'NONE',  ( -0.000000000000000000, 0.000000000000000000, -1.000000000000000000 ) ) ;
#641 = CARTESIAN_POINT ( 'NONE',  ( -34.26927694932851409, 27.00000000000000000, -56.74084982458261806 ) ) ;
#642 = EDGE_CURVE ( 'NONE', #761, #929, #1437, .T. ) ;
#643 = ORIENTED_EDGE ( 'NONE', *, *, #1023, .T. ) ;
#644 = AXIS2_PLACEMENT_3D ( 'NONE', #1646, #1819, #236 ) ;
#645 = DIRECTION ( 'NONE',  ( -0.6320807429943283706, -9.411891017898060837E-17, -0.7749025321521010312 ) ) ;
#646 = ORIENTED_EDGE ( 'NONE', *, *, #108, .T. ) ;
#647 = CARTESIAN_POINT ( 'NONE',  ( -63.58818785333358647, 27.00000000000000000, -33.92588221180866981 ) ) ;
#648 = EDGE_CURVE ( 'NONE', #1732, #111, #1774, .T. ) ;
#649 = CARTESIAN_POINT ( 'NONE',  ( -25.16716142534897926, -8.899999999999998579, 0.000000000000000000 ) ) ;
#650 = DIRECTION ( 'NONE',  ( 1.532441233195061223E-17, 0.5000000000000009992, -0.8660254037844381525 ) ) ;
#651 = EDGE_LOOP ( 'NONE', ( #540, #460, #1236, #1127, #638, #1208, #1705, #1760 ) ) ;
#652 = ORIENTED_EDGE ( 'NONE', *, *, #1277, .F. ) ;
#653 =( BOUNDED_CURVE ( )  B_SPLINE_CURVE ( 3, ( #1724, #1207, #610, #1559 ),
 .UNSPECIFIED., .F., .F. ) 
 B_SPLINE_CURVE_WITH_KNOTS ( ( 4, 4 ),
 ( 1.570796326794896558, 3.141592653589793116 ),
 .UNSPECIFIED. ) 
 CURVE ( )  GEOMETRIC_REPRESENTATION_ITEM ( )  RATIONAL_B_SPLINE_CURVE ( ( 1.000000000000000000, 0.8047378541243649375, 0.8047378541243649375, 1.000000000000000000 ) ) 
 REPRESENTATION_ITEM ( '' )  );
#654 = PLANE ( 'NONE',  #885 ) ;
#655 = EDGE_LOOP ( 'NONE', ( #1673, #1992, #555, #1939 ) ) ;
#656 = DIRECTION ( 'NONE',  ( 1.000000000000000000, 0.000000000000000000, -0.000000000000000000 ) ) ;
#657 = EDGE_CURVE ( 'NONE', #425, #1452, #973, .T. ) ;
#658 = EDGE_CURVE ( 'NONE', #1191, #985, #1358, .T. ) ;
#659 = CIRCLE ( 'NONE', #1921, 1.000000000000000888 ) ;
#660 = FACE_BOUND ( 'NONE', #1873, .T. ) ;
#661 = EDGE_CURVE ( 'NONE', #1538, #1525, #681, .T. ) ;
#662 = CARTESIAN_POINT ( 'NONE',  ( -19.37500000000000355, -15.53477309068274259, 21.74676223927185248 ) ) ;
#663 = CARTESIAN_POINT ( 'NONE',  ( -19.37500000000000355, -9.900000000000000355, 4.987048957087469425 ) ) ;
#664 = ORIENTED_EDGE ( 'NONE', *, *, #923, .T. ) ;
#665 = LINE ( 'NONE', #187, #617 ) ;
#666 = CARTESIAN_POINT ( 'NONE',  ( 28.30000000000000071, -8.673617379884030542E-16, 25.00000000000000000 ) ) ;
#667 = ORIENTED_EDGE ( 'NONE', *, *, #495, .T. ) ;
#668 = CARTESIAN_POINT ( 'NONE',  ( -24.23497275108334748, -4.872546592123357279, 24.39336578498053854 ) ) ;
#669 = LOCAL_TIME ( 10, 24, 43.00000000000000000, #249 ) ;
#670 = ORIENTED_EDGE ( 'NONE', *, *, #916, .T. ) ;
#671 = DIRECTION ( 'NONE',  ( -0.000000000000000000, -0.000000000000000000, 1.000000000000000000 ) ) ;
#672 = LINE ( 'NONE', #1615, #274 ) ;
#673 = DIRECTION ( 'NONE',  ( 0.000000000000000000, 1.000000000000000000, 0.000000000000000000 ) ) ;
#674 = ORIENTED_EDGE ( 'NONE', *, *, #532, .T. ) ;
#675 = CARTESIAN_POINT ( 'NONE',  ( -19.37500000000000355, -17.05031754730550730, 4.128237760728150185 ) ) ;
#676 = DIRECTION ( 'NONE',  ( 1.000000000000000000, 0.000000000000000000, 0.000000000000000000 ) ) ;
#677 = EDGE_CURVE ( 'NONE', #405, #1855, #1582, .T. ) ;
#678 = CARTESIAN_POINT ( 'NONE',  ( 26.30000000000000782, 27.00000000000000000, -62.71012677391110657 ) ) ;
#679 = AXIS2_PLACEMENT_3D ( 'NONE', #365, #955, #1911 ) ;
#680 = EDGE_LOOP ( 'NONE', ( #989, #1021, #1695, #1122 ) ) ;
#681 = LINE ( 'NONE', #176, #742 ) ;
#682 = CARTESIAN_POINT ( 'NONE',  ( -22.87500000000000355, -9.900000000000000355, 4.987048957087471202 ) ) ;
#683 = AXIS2_PLACEMENT_3D ( 'NONE', #301, #281, #1090 ) ;
#684 = ORIENTED_EDGE ( 'NONE', *, *, #487, .F. ) ;
#685 = ADVANCED_FACE ( 'NONE', ( #1267 ), #1119, .F. ) ;
#686 = PERSON ( 'UNSPECIFIED', 'UNSPECIFIED', 'UNSPECIFIED', ('UNSPECIFIED'), ('UNSPECIFIED'), ('UNSPECIFIED') ) ;
#687 = EDGE_CURVE ( 'NONE', #1882, #36, #1020, .T. ) ;
#688 = DIRECTION ( 'NONE',  ( 1.000000000000000000, 0.000000000000000000, 0.000000000000000000 ) ) ;
#689 = EDGE_CURVE ( 'NONE', #219, #2044, #797, .T. ) ;
#690 = CARTESIAN_POINT ( 'NONE',  ( 24.30000000000000071, -5.000000000000000888, 25.00000000000000000 ) ) ;
#691 = CYLINDRICAL_SURFACE ( 'NONE', #131, 1.999999999999999334 ) ;
#692 = FACE_OUTER_BOUND ( 'NONE', #630, .T. ) ;
#693 = ORIENTED_EDGE ( 'NONE', *, *, #1905, .F. ) ;
#694 = CARTESIAN_POINT ( 'NONE',  ( 19.37500000000000355, -15.53477309068274259, 21.74676223927185248 ) ) ;
#695 = VECTOR ( 'NONE', #779, 1000.000000000000000 ) ;
#696 = DIRECTION ( 'NONE',  ( 0.6320807429943282596, 0.000000000000000000, 0.7749025321521010312 ) ) ;
#697 = ORIENTED_EDGE ( 'NONE', *, *, #505, .T. ) ;
#698 = CARTESIAN_POINT ( 'NONE',  ( -22.87500000000000355, -9.900000000000000355, 13.01295104291254212 ) ) ;
#699 = CARTESIAN_POINT ( 'NONE',  ( -26.30000000000000426, 27.00000000000000000, 12.50000000000001066 ) ) ;
#700 = CYLINDRICAL_SURFACE ( 'NONE', #908, 2.000000000000001332 ) ;
#701 = ORIENTED_EDGE ( 'NONE', *, *, #1854, .F. ) ;
#702 = AXIS2_PLACEMENT_3D ( 'NONE', #1152, #1017, #547 ) ;
#703 = PLANE ( 'NONE',  #1132 ) ;
#704 = ORIENTED_EDGE ( 'NONE', *, *, #183, .F. ) ;
#705 = CARTESIAN_POINT ( 'NONE',  ( -26.88578643762690490, -5.000000000000000888, 20.58578643762690774 ) ) ;
#706 = ADVANCED_FACE ( 'NONE', ( #1926, #660 ), #1296, .F. ) ;
#707 = ORIENTED_EDGE ( 'NONE', *, *, #1656, .F. ) ;
#708 = CIRCLE ( 'NONE', #444, 6.000000000000001776 ) ;
#709 = CARTESIAN_POINT ( 'NONE',  ( -28.29999999999999361, 26.17157287525381193, 12.50000000000001066 ) ) ;
#710 = CARTESIAN_POINT ( 'NONE',  ( 16.55406192592746351, 24.00000000000000355, 23.73583851401134837 ) ) ;
#711 = CARTESIAN_POINT ( 'NONE',  ( 23.30000000000000071, 7.141176146688971229E-16, 0.000000000000000000 ) ) ;
#712 = ORIENTED_EDGE ( 'NONE', *, *, #1022, .T. ) ;
#713 = AXIS2_PLACEMENT_3D ( 'NONE', #1139, #1917, #1935 ) ;
#714 = EDGE_CURVE ( 'NONE', #345, #1328, #2041, .T. ) ;
#715 = ORIENTED_EDGE ( 'NONE', *, *, #956, .F. ) ;
#716 = APPLICATION_PROTOCOL_DEFINITION ( 'international standard', 'config_control_design', 1994, #1744 ) ;
#717 = CARTESIAN_POINT ( 'NONE',  ( 13.58283857465102784, -8.900000000000002132, 25.00000000000000000 ) ) ;
#718 = VERTEX_POINT ( 'NONE', #1745 ) ;
#719 = CYLINDRICAL_SURFACE ( 'NONE', #832, 1.999999999999999112 ) ;
#720 = DIRECTION ( 'NONE',  ( -0.000000000000000000, 0.000000000000000000, -1.000000000000000000 ) ) ;
#721 = AXIS2_PLACEMENT_3D ( 'NONE', #1620, #731, #676 ) ;
#722 = PLANE ( 'NONE',  #90 ) ;
#723 = ORIENTED_EDGE ( 'NONE', *, *, #299, .T. ) ;
#724 = ADVANCED_FACE ( 'NONE', ( #19 ), #1273, .F. ) ;
#725 = VECTOR ( 'NONE', #1421, 1000.000000000000000 ) ;
#726 = ORIENTED_EDGE ( 'NONE', *, *, #1449, .F. ) ;
#727 = DATE_AND_TIME ( #1883, #1187 ) ;
#728 = CARTESIAN_POINT ( 'NONE',  ( -28.30000000000000071, 25.00000000000000000, 2.999999999999988898 ) ) ;
#729 = EDGE_CURVE ( 'NONE', #1742, #2024, #964, .T. ) ;
#730 = ORIENTED_EDGE ( 'NONE', *, *, #661, .F. ) ;
#731 = DIRECTION ( 'NONE',  ( -0.000000000000000000, 0.000000000000000000, -1.000000000000000000 ) ) ;
#732 = CARTESIAN_POINT ( 'NONE',  ( -27.47157287525381264, -8.315309210406679258E-16, 21.65685424949237969 ) ) ;
#733 = ORIENTED_EDGE ( 'NONE', *, *, #2036, .T. ) ;
#734 = CARTESIAN_POINT ( 'NONE',  ( 14.45000000000000107, -5.000000000000000888, 25.00000000000000000 ) ) ;
#735 = CARTESIAN_POINT ( 'NONE',  ( 26.05792329505721128, -8.445529658312123544, 25.00000000000000000 ) ) ;
#736 = ORIENTED_EDGE ( 'NONE', *, *, #1940, .F. ) ;
#737 = ORIENTED_EDGE ( 'NONE', *, *, #346, .T. ) ;
#738 = CALENDAR_DATE ( 2026, 2, 6 ) ;
#739 = DIRECTION ( 'NONE',  ( 0.6320807429943283706, 9.411891017898062069E-17, -0.7749025321521010312 ) ) ;
#740 =( BOUNDED_CURVE ( )  B_SPLINE_CURVE ( 3, ( #54, #1345, #1995, #1148 ),
 .UNSPECIFIED., .F., .F. ) 
 B_SPLINE_CURVE_WITH_KNOTS ( ( 4, 4 ),
 ( 0.000000000000000000, 0.9524914731121356670 ),
 .UNSPECIFIED. ) 
 CURVE ( )  GEOMETRIC_REPRESENTATION_ITEM ( )  RATIONAL_B_SPLINE_CURVE ( ( 1.000000000000000000, 0.9258148723465048358, 0.9258148723465048358, 1.000000000000000000 ) ) 
 REPRESENTATION_ITEM ( '' )  );
#741 = ORIENTED_EDGE ( 'NONE', *, *, #1825, .F. ) ;
#742 = VECTOR ( 'NONE', #1309, 1000.000000000000000 ) ;
#743 = CARTESIAN_POINT ( 'NONE',  ( -24.11108390454616668, -4.629724452910480181, 0.000000000000000000 ) ) ;
#744 = EDGE_LOOP ( 'NONE', ( #238, #191, #997, #1647 ) ) ;
#745 = CARTESIAN_POINT ( 'NONE',  ( -26.05792329505721128, -8.445529658312125321, 25.00000000000000000 ) ) ;
#746 = CYLINDRICAL_SURFACE ( 'NONE', #78, 1.999999999999999334 ) ;
#747 = EDGE_CURVE ( 'NONE', #788, #1749, #815, .T. ) ;
#748 = VERTEX_POINT ( 'NONE', #352 ) ;
#749 = CARTESIAN_POINT ( 'NONE',  ( 26.30000000000000426, 8.060640886606007408E-16, 12.50000000000001066 ) ) ;
#750 = VECTOR ( 'NONE', #554, 1000.000000000000000 ) ;
#751 = VERTEX_POINT ( 'NONE', #1605 ) ;
#752 = DATE_AND_TIME ( #1381, #669 ) ;
#753 = CARTESIAN_POINT ( 'NONE',  ( 19.37500000000000355, -2.979274057836317713, 0.000000000000000000 ) ) ;
#754 = EDGE_CURVE ( 'NONE', #1353, #1149, #195, .T. ) ;
#755 = CARTESIAN_POINT ( 'NONE',  ( -19.37500000000000355, -7.020725942163699607, 25.00000000000000000 ) ) ;
#756 = ORIENTED_EDGE ( 'NONE', *, *, #1193, .F. ) ;
#757 = AXIS2_PLACEMENT_3D ( 'NONE', #436, #787, #1408 ) ;
#758 = CARTESIAN_POINT ( 'NONE',  ( 6.000000000000000888, -3.000000000000000000, 12.50000000000000000 ) ) ;
#759 = CARTESIAN_POINT ( 'NONE',  ( -17.03479431286483603, 21.99999999999999289, 24.99999999999999645 ) ) ;
#760 = FACE_OUTER_BOUND ( 'NONE', #1912, .T. ) ;
#761 = VERTEX_POINT ( 'NONE', #1448 ) ;
#762 = DIRECTION ( 'NONE',  ( -0.000000000000000000, -0.000000000000000000, -1.000000000000000000 ) ) ;
#763 = DIRECTION ( 'NONE',  ( -1.000000000000000000, -2.336327913773476917E-16, 0.000000000000000000 ) ) ;
#764 = ORIENTED_EDGE ( 'NONE', *, *, #1242, .T. ) ;
#765 = CARTESIAN_POINT ( 'NONE',  ( -26.16716142534897926, -8.899999999999998579, 25.00000000000000000 ) ) ;
#766 = VECTOR ( 'NONE', #946, 999.9999999999998863 ) ;
#767 = AXIS2_PLACEMENT_3D ( 'NONE', #2055, #1933, #478 ) ;
#768 = LINE ( 'NONE', #1076, #228 ) ;
#769 = CARTESIAN_POINT ( 'NONE',  ( -23.30000000000000426, 22.00000000000000000, 15.46562216384011990 ) ) ;
#770 = VERTEX_POINT ( 'NONE', #515 ) ;
#771 = LINE ( 'NONE', #1544, #1053 ) ;
#772 = ORIENTED_EDGE ( 'NONE', *, *, #1075, .T. ) ;
#773 = EDGE_CURVE ( 'NONE', #36, #1100, #986, .T. ) ;
#774 = FACE_BOUND ( 'NONE', #1534, .T. ) ;
#775 = ORIENTED_EDGE ( 'NONE', *, *, #58, .F. ) ;
#776 = CYLINDRICAL_SURFACE ( 'NONE', #867, 1.999999999999997780 ) ;
#777 = CARTESIAN_POINT ( 'NONE',  ( -22.87500000000000355, -7.020725942163699607, 0.000000000000000000 ) ) ;
#778 = ORIENTED_EDGE ( 'NONE', *, *, #402, .T. ) ;
#779 = DIRECTION ( 'NONE',  ( -0.000000000000000000, 1.000000000000000000, -0.000000000000000000 ) ) ;
#780 = ADVANCED_FACE ( 'NONE', ( #1015 ), #1788, .T. ) ;
#781 = ORIENTED_EDGE ( 'NONE', *, *, #1996, .F. ) ;
#782 = CARTESIAN_POINT ( 'NONE',  ( 25.30000000000000071, -1.999999999999999112, 25.00000000000000000 ) ) ;
#783 = AXIS2_PLACEMENT_3D ( 'NONE', #220, #232, #1950 ) ;
#784 = ORIENTED_EDGE ( 'NONE', *, *, #14, .F. ) ;
#785 = CARTESIAN_POINT ( 'NONE',  ( -28.30000000000000782, -0.8284271247461926224, 12.50000000000000355 ) ) ;
#786 = CARTESIAN_POINT ( 'NONE',  ( -23.30000000000000426, 22.00000000000000000, 0.000000000000000000 ) ) ;
#787 = DIRECTION ( 'NONE',  ( -0.7071067811865491270, 0.000000000000000000, 0.7071067811865459074 ) ) ;
#788 = VERTEX_POINT ( 'NONE', #854 ) ;
#789 = EDGE_CURVE ( 'NONE', #414, #336, #1574, .T. ) ;
#790 = DIRECTION ( 'NONE',  ( -2.514091994169285716E-17, 1.000000000000000000, 0.000000000000000000 ) ) ;
#791 = VERTEX_POINT ( 'NONE', #1799 ) ;
#792 = CARTESIAN_POINT ( 'NONE',  ( -23.88578643762691556, -2.000000000000000888, 23.58578643762691129 ) ) ;
#793 = AXIS2_PLACEMENT_3D ( 'NONE', #1400, #1071, #293 ) ;
#794 = CARTESIAN_POINT ( 'NONE',  ( -14.45000000000000107, -5.000000000000000888, 25.00000000000000000 ) ) ;
#795 = VERTEX_POINT ( 'NONE', #226 ) ;
#796 = CARTESIAN_POINT ( 'NONE',  ( -28.30000000000000071, -8.673617379884030542E-16, 25.00000000000000000 ) ) ;
#797 = LINE ( 'NONE', #205, #725 ) ;
#798 = CARTESIAN_POINT ( 'NONE',  ( -19.37500000000000355, -7.020725942163699607, 25.00000000000000000 ) ) ;
#799 = ORIENTED_EDGE ( 'NONE', *, *, #949, .F. ) ;
#800 = VECTOR ( 'NONE', #905, 1000.000000000000114 ) ;
#801 =( BOUNDED_CURVE ( )  B_SPLINE_CURVE ( 3, ( #1849, #116, #1507, #755 ),
 .UNSPECIFIED., .F., .F. ) 
 B_SPLINE_CURVE_WITH_KNOTS ( ( 4, 4 ),
 ( 0.000000000000000000, 3.141592653589793116 ),
 .UNSPECIFIED. ) 
 CURVE ( )  GEOMETRIC_REPRESENTATION_ITEM ( )  RATIONAL_B_SPLINE_CURVE ( ( 1.000000000000000000, 0.3333333333333333703, 0.3333333333333333703, 1.000000000000000000 ) ) 
 REPRESENTATION_ITEM ( '' )  );
#802 = ADVANCED_FACE ( 'NONE', ( #1956 ), #1626, .F. ) ;
#803 = DIRECTION ( 'NONE',  ( -0.000000000000000000, 0.000000000000000000, -1.000000000000000000 ) ) ;
#804 = ORIENTED_EDGE ( 'NONE', *, *, #58, .T. ) ;
#805 = LINE ( 'NONE', #970, #1845 ) ;
#806 = AXIS2_PLACEMENT_3D ( 'NONE', #1463, #978, #688 ) ;
#807 = CARTESIAN_POINT ( 'NONE',  ( -28.30000000000000071, 27.00000000000000000, 22.00000000000000000 ) ) ;
#808 = DIRECTION ( 'NONE',  ( -1.000000000000000000, -2.514091994169285716E-17, 0.000000000000000000 ) ) ;
#809 = ORIENTED_EDGE ( 'NONE', *, *, #560, .F. ) ;
#810 = ORIENTED_EDGE ( 'NONE', *, *, #472, .T. ) ;
#811 = ADVANCED_FACE ( 'NONE', ( #67 ), #703, .T. ) ;
#812 = CARTESIAN_POINT ( 'NONE',  ( 15.87500000000000533, -7.020725942163700495, 0.000000000000000000 ) ) ;
#813 = EDGE_LOOP ( 'NONE', ( #912, #361, #1501, #394, #556 ) ) ;
#814 = CARTESIAN_POINT ( 'NONE',  ( 24.11108390454617023, -4.629724452910489063, 0.000000000000000000 ) ) ;
#815 = LINE ( 'NONE', #502, #1593 ) ;
#816 = CARTESIAN_POINT ( 'NONE',  ( 26.30000000000000426, 27.00000000000000000, 11.78775723562925215 ) ) ;
#817 = ORIENTED_EDGE ( 'NONE', *, *, #677, .T. ) ;
#818 = CIRCLE ( 'NONE', #976, 1.000000000000000888 ) ;
#819 = LINE ( 'NONE', #1816, #253 ) ;
#820 = CARTESIAN_POINT ( 'NONE',  ( 12.69207670494279405, -8.445529658312127097, 25.00000000000000000 ) ) ;
#821 = EDGE_LOOP ( 'NONE', ( #1948, #30, #225, #1142 ) ) ;
#822 = LINE ( 'NONE', #1444, #32 ) ;
#823 = ORIENTED_EDGE ( 'NONE', *, *, #1854, .T. ) ;
#824 = AXIS2_PLACEMENT_3D ( 'NONE', #1953, #1457, #1621 ) ;
#825 = DIRECTION ( 'NONE',  ( -0.000000000000000000, -0.000000000000000000, -1.000000000000000000 ) ) ;
#826 = CARTESIAN_POINT ( 'NONE',  ( 19.37500000000000355, -9.900000000000000355, 4.987048957087469425 ) ) ;
#827 = CARTESIAN_POINT ( 'NONE',  ( 24.30000000000000071, -5.000000000000000888, 23.76399862872417401 ) ) ;
#828 = ORIENTED_EDGE ( 'NONE', *, *, #1625, .T. ) ;
#829 = CARTESIAN_POINT ( 'NONE',  ( -26.30000000000000426, 27.00000000000000000, 11.78775723562926281 ) ) ;
#830 = PLANE ( 'NONE',  #459 ) ;
#831 = CARTESIAN_POINT ( 'NONE',  ( -24.11108390454617023, -4.629724452910488175, 25.00000000000000000 ) ) ;
#832 = AXIS2_PLACEMENT_3D ( 'NONE', #1518, #106, #1362 ) ;
#833 = PRODUCT_DEFINITION ( 'UNKNOWN', '', #607, #309 ) ;
#834 = ORIENTED_EDGE ( 'NONE', *, *, #206, .F. ) ;
#835 = EDGE_CURVE ( 'NONE', #1763, #1469, #1946, .T. ) ;
#836 = CARTESIAN_POINT ( 'NONE',  ( -19.37500000000000355, -9.900000000000000355, 4.987048957087469425 ) ) ;
#837 = EDGE_CURVE ( 'NONE', #1577, #1997, #1003, .T. ) ;
#838 = CARTESIAN_POINT ( 'NONE',  ( 19.37500000000000355, -9.900000000000000355, 11.98704895708745610 ) ) ;
#839 = EDGE_CURVE ( 'NONE', #1402, #499, #846, .T. ) ;
#840 = VERTEX_POINT ( 'NONE', #1330 ) ;
#841 = CARTESIAN_POINT ( 'NONE',  ( 15.52289723337013250, 27.00000000000000000, 25.00000000000000000 ) ) ;
#842 = CARTESIAN_POINT ( 'NONE',  ( -28.30000000000000071, 27.00000000000000000, -62.71012677391110657 ) ) ;
#843 = CARTESIAN_POINT ( 'NONE',  ( 5.969276949328635951, 25.00000000000000000, -28.44084982458230826 ) ) ;
#844 = CARTESIAN_POINT ( 'NONE',  ( 25.16716142534897926, -8.899999999999998579, 25.00000000000000000 ) ) ;
#845 = ORIENTED_EDGE ( 'NONE', *, *, #14, .T. ) ;
#846 = LINE ( 'NONE', #1635, #878 ) ;
#847 = CARTESIAN_POINT ( 'NONE',  ( -19.37500000000000355, -9.900000000000000355, 11.98704895708745610 ) ) ;
#848 = AXIS2_PLACEMENT_3D ( 'NONE', #1575, #1422, #1268 ) ;
#849 = ORIENTED_EDGE ( 'NONE', *, *, #1514, .T. ) ;
#850 = PLANE ( 'NONE',  #783 ) ;
#851 = VECTOR ( 'NONE', #1891, 1000.000000000000000 ) ;
#852 = CARTESIAN_POINT ( 'NONE',  ( -22.47157287525383040, -6.887272969757319613E-16, 25.00000000000000000 ) ) ;
#853 = ORIENTED_EDGE ( 'NONE', *, *, #42, .F. ) ;
#854 = CARTESIAN_POINT ( 'NONE',  ( -19.37500000000000355, -9.900000000000000355, 13.01295104291254567 ) ) ;
#855 = EDGE_LOOP ( 'NONE', ( #1925, #707, #898, #1414 ) ) ;
#856 = PERSON_AND_ORGANIZATION ( #686, #175 ) ;
#857 = EDGE_CURVE ( 'NONE', #482, #1346, #819, .T. ) ;
#858 = VECTOR ( 'NONE', #1412, 1000.000000000000000 ) ;
#859 = DIRECTION ( 'NONE',  ( 1.000000000000000000, 0.000000000000000000, -0.000000000000000000 ) ) ;
#860 = CIRCLE ( 'NONE', #302, 6.000000000000001776 ) ;
#861 = DIRECTION ( 'NONE',  ( 0.000000000000000000, -1.000000000000000000, 0.000000000000000000 ) ) ;
#862 = CARTESIAN_POINT ( 'NONE',  ( 7.542275982507858133E-16, -3.000000000000000000, 12.50000000000000000 ) ) ;
#863 = ADVANCED_FACE ( 'NONE', ( #1962, #399, #1440 ), #1768, .T. ) ;
#864 = DIRECTION ( 'NONE',  ( 0.000000000000000000, 0.000000000000000000, -1.000000000000000000 ) ) ;
#865 = CARTESIAN_POINT ( 'NONE',  ( 28.30000000000000071, -1.999999999999999112, 12.50000000000001066 ) ) ;
#866 = ORIENTED_EDGE ( 'NONE', *, *, #338, .T. ) ;
#867 = AXIS2_PLACEMENT_3D ( 'NONE', #1254, #1217, #1558 ) ;
#868 = ORIENTED_EDGE ( 'NONE', *, *, #8, .T. ) ;
#869 = CARTESIAN_POINT ( 'NONE',  ( -18.10386699023166912, -16.13106098038461411, 25.00000000000000000 ) ) ;
#870 = ORIENTED_EDGE ( 'NONE', *, *, #531, .F. ) ;
#871 = FACE_OUTER_BOUND ( 'NONE', #1572, .T. ) ;
#872 = EDGE_CURVE ( 'NONE', #1763, #1529, #1930, .T. ) ;
#873 = EDGE_CURVE ( 'NONE', #1811, #618, #1654, .T. ) ;
#874 = CARTESIAN_POINT ( 'NONE',  ( -23.30000000000000426, 22.00000000000000000, 0.000000000000000000 ) ) ;
#875 = DIRECTION ( 'NONE',  ( 0.4544703416878744240, -0.8907618697082326786, 0.000000000000000000 ) ) ;
#876 = ADVANCED_FACE ( 'NONE', ( #1631, #358, #50 ), #850, .T. ) ;
#877 = ORIENTED_EDGE ( 'NONE', *, *, #1124, .F. ) ;
#878 = VECTOR ( 'NONE', #1470, 1000.000000000000000 ) ;
#879 = VERTEX_POINT ( 'NONE', #1010 ) ;
#880 = PERSON_AND_ORGANIZATION ( #686, #175 ) ;
#881 = DIRECTION ( 'NONE',  ( 0.000000000000000000, 0.000000000000000000, 1.000000000000000000 ) ) ;
#882 = CARTESIAN_POINT ( 'NONE',  ( 25.29999999999999005, -0.8284271247461914012, 25.00000000000000355 ) ) ;
#883 = DIRECTION ( 'NONE',  ( 1.000000000000000000, 0.000000000000000000, 0.000000000000000000 ) ) ;
#884 = LINE ( 'NONE', #276, #800 ) ;
#885 = AXIS2_PLACEMENT_3D ( 'NONE', #2054, #4, #1433 ) ;
#886 = VERTEX_POINT ( 'NONE', #200 ) ;
#887 = VECTOR ( 'NONE', #1653, 1000.000000000000000 ) ;
#888 = ORIENTED_EDGE ( 'NONE', *, *, #160, .F. ) ;
#889 = CARTESIAN_POINT ( 'NONE',  ( 0.000000000000000000, 27.00000000000000000, 12.50000000000000000 ) ) ;
#890 = ORIENTED_EDGE ( 'NONE', *, *, #1566, .F. ) ;
#891 =( BOUNDED_CURVE ( )  B_SPLINE_CURVE ( 3, ( #1491, #1698, #123, #81 ),
 .UNSPECIFIED., .F., .F. ) 
 B_SPLINE_CURVE_WITH_KNOTS ( ( 4, 4 ),
 ( 0.000000000000000000, 1.570796326794895892 ),
 .UNSPECIFIED. ) 
 CURVE ( )  GEOMETRIC_REPRESENTATION_ITEM ( )  RATIONAL_B_SPLINE_CURVE ( ( 1.000000000000000000, 0.8047378541243652705, 0.8047378541243652705, 1.000000000000000000 ) ) 
 REPRESENTATION_ITEM ( '' )  );
#892 = CARTESIAN_POINT ( 'NONE',  ( 13.58283857465102784, -8.900000000000002132, 25.00000000000000000 ) ) ;
#893 = EDGE_LOOP ( 'NONE', ( #1932, #1485, #2023, #457 ) ) ;
#894 = EDGE_CURVE ( 'NONE', #2009, #1833, #350, .T. ) ;
#895 = FACE_OUTER_BOUND ( 'NONE', #893, .T. ) ;
#896 = ORIENTED_EDGE ( 'NONE', *, *, #2049, .T. ) ;
#897 = CARTESIAN_POINT ( 'NONE',  ( 28.30000000000000071, -0.8284271247461908461, 12.50000000000000178 ) ) ;
#898 = ORIENTED_EDGE ( 'NONE', *, *, #410, .T. ) ;
#899 = DIRECTION ( 'NONE',  ( 1.532441233195061223E-17, 0.5000000000000009992, 0.8660254037844380415 ) ) ;
#900 = EDGE_CURVE ( 'NONE', #1353, #263, #1713, .T. ) ;
#901 = EDGE_CURVE ( 'NONE', #1469, #748, #665, .T. ) ;
#902 = VECTOR ( 'NONE', #673, 1000.000000000000000 ) ;
#903 = CARTESIAN_POINT ( 'NONE',  ( -42.97264286505767217, 21.99999999999999645, -8.652152249030924835 ) ) ;
#904 = EDGE_LOOP ( 'NONE', ( #652, #1347, #712, #1294 ) ) ;
#905 = DIRECTION ( 'NONE',  ( 0.7071067811865491270, 0.000000000000000000, -0.7071067811865459074 ) ) ;
#906 = LINE ( 'NONE', #1245, #428 ) ;
#907 = CARTESIAN_POINT ( 'NONE',  ( 22.87500000000000355, -2.979274057836315492, 25.00000000000000000 ) ) ;
#908 = AXIS2_PLACEMENT_3D ( 'NONE', #1318, #1159, #1670 ) ;
#909 = ORIENTED_EDGE ( 'NONE', *, *, #487, .T. ) ;
#910 = DIRECTION ( 'NONE',  ( -0.000000000000000000, 1.000000000000000000, -0.000000000000000000 ) ) ;
#911 = CARTESIAN_POINT ( 'NONE',  ( 25.30000000000000426, -1.999999999999999112, 24.99999999999999645 ) ) ;
#912 = ORIENTED_EDGE ( 'NONE', *, *, #570, .T. ) ;
#913 = CARTESIAN_POINT ( 'NONE',  ( -19.37500000000000355, -9.900000000000000355, 11.98704895708745610 ) ) ;
#914 = CARTESIAN_POINT ( 'NONE',  ( -28.30000000000000071, 27.00000000000000000, 0.000000000000000000 ) ) ;
#915 = DIRECTION ( 'NONE',  ( 0.000000000000000000, 0.000000000000000000, -1.000000000000000000 ) ) ;
#916 = EDGE_CURVE ( 'NONE', #178, #339, #1037, .T. ) ;
#917 = VERTEX_POINT ( 'NONE', #841 ) ;
#918 = PERSON_AND_ORGANIZATION ( #686, #175 ) ;
#919 = FACE_BOUND ( 'NONE', #1136, .T. ) ;
#920 = LINE ( 'NONE', #1284, #1096 ) ;
#921 = ORIENTED_EDGE ( 'NONE', *, *, #956, .T. ) ;
#922 = CYLINDRICAL_SURFACE ( 'NONE', #1591, 1.750000000000001332 ) ;
#923 = EDGE_CURVE ( 'NONE', #626, #967, #2022, .T. ) ;
#924 = CARTESIAN_POINT ( 'NONE',  ( 23.30000000000000071, 22.00000000000000711, 15.46562216384011990 ) ) ;
#925 = ORIENTED_EDGE ( 'NONE', *, *, #1050, .F. ) ;
#926 = CARTESIAN_POINT ( 'NONE',  ( 19.37500000000000355, -18.56586200392827735, 19.99676223927184893 ) ) ;
#927 = ORIENTED_EDGE ( 'NONE', *, *, #1226, .T. ) ;
#928 = CARTESIAN_POINT ( 'NONE',  ( -24.11108390454616668, -4.629724452910480181, 0.000000000000000000 ) ) ;
#929 = VERTEX_POINT ( 'NONE', #550 ) ;
#930 = DIRECTION ( 'NONE',  ( -0.000000000000000000, -0.000000000000000000, 1.000000000000000000 ) ) ;
#931 = EDGE_CURVE ( 'NONE', #480, #425, #377, .T. ) ;
#932 = CARTESIAN_POINT ( 'NONE',  ( 13.58283857465102784, -9.900000000000002132, 0.000000000000000000 ) ) ;
#933 = ADVANCED_FACE ( 'NONE', ( #211 ), #1155, .F. ) ;
#934 = CARTESIAN_POINT ( 'NONE',  ( -28.30000000000000071, -4.171572875253810153, 22.00000000000000355 ) ) ;
#935 = EDGE_LOOP ( 'NONE', ( #227, #1976, #23, #1283 ) ) ;
#936 = EDGE_CURVE ( 'NONE', #1049, #788, #941, .T. ) ;
#937 = CARTESIAN_POINT ( 'NONE',  ( -13.58283857465102606, -9.900000000000002132, 0.000000000000000000 ) ) ;
#938 = CARTESIAN_POINT ( 'NONE',  ( 5.969276949328628845, 27.00000000000000000, -28.44084982458230826 ) ) ;
#939 = ORIENTED_EDGE ( 'NONE', *, *, #1040, .F. ) ;
#940 = CARTESIAN_POINT ( 'NONE',  ( -25.30000000000000071, 25.00000000000000000, 0.000000000000000000 ) ) ;
#941 =( BOUNDED_CURVE ( )  B_SPLINE_CURVE ( 3, ( #998, #62, #698, #1166 ),
 .UNSPECIFIED., .F., .F. ) 
 B_SPLINE_CURVE_WITH_KNOTS ( ( 4, 4 ),
 ( 0.000000000000000000, 3.141592653589793116 ),
 .UNSPECIFIED. ) 
 CURVE ( )  GEOMETRIC_REPRESENTATION_ITEM ( )  RATIONAL_B_SPLINE_CURVE ( ( 1.000000000000000000, 0.3333333333333333703, 0.3333333333333333703, 1.000000000000000000 ) ) 
 REPRESENTATION_ITEM ( '' )  );
#942 = CARTESIAN_POINT ( 'NONE',  ( -15.52289723337013605, 22.00000000000000000, 25.00000000000000000 ) ) ;
#943 = AXIS2_PLACEMENT_3D ( 'NONE', #1137, #349, #1771 ) ;
#944 = ORIENTED_EDGE ( 'NONE', *, *, #594, .T. ) ;
#945 = CARTESIAN_POINT ( 'NONE',  ( 24.30000000000000071, -5.000000000000000888, 1.828427124746179189 ) ) ;
#946 = DIRECTION ( 'NONE',  ( 0.6320807429943283706, 9.411891017898062069E-17, 0.7749025321521010312 ) ) ;
#947 = VECTOR ( 'NONE', #559, 1000.000000000000000 ) ;
#948 = EDGE_LOOP ( 'NONE', ( #1520, #1772, #615, #237, #291, #297, #828, #1368, #1511, #275, #1357, #1380, #1923, #866, #1513, #1736, #268, #1767, #1104, #1458 ) ) ;
#949 = EDGE_CURVE ( 'NONE', #929, #1386, #379, .T. ) ;
#950 = CIRCLE ( 'NONE', #333, 6.000000000000000000 ) ;
#951 = CARTESIAN_POINT ( 'NONE',  ( 15.87500000000000533, -7.020725942163700495, 25.00000000000000000 ) ) ;
#952 =( BOUNDED_CURVE ( )  B_SPLINE_CURVE ( 3, ( #753, #1370, #592, #2014 ),
 .UNSPECIFIED., .F., .F. ) 
 B_SPLINE_CURVE_WITH_KNOTS ( ( 4, 4 ),
 ( 3.539021434009798205E-17, 3.141592653589793116 ),
 .UNSPECIFIED. ) 
 CURVE ( )  GEOMETRIC_REPRESENTATION_ITEM ( )  RATIONAL_B_SPLINE_CURVE ( ( 1.000000000000000000, 0.3333333333333333703, 0.3333333333333333703, 1.000000000000000000 ) ) 
 REPRESENTATION_ITEM ( '' )  );
#953 = VERTEX_POINT ( 'NONE', #1837 ) ;
#954 = CARTESIAN_POINT ( 'NONE',  ( 7.542275982507858133E-16, -3.000000000000000000, 12.50000000000000000 ) ) ;
#955 = DIRECTION ( 'NONE',  ( 0.000000000000000000, 1.000000000000000000, 0.000000000000000000 ) ) ;
#956 = EDGE_CURVE ( 'NONE', #398, #414, #1002, .T. ) ;
#957 = CARTESIAN_POINT ( 'NONE',  ( -28.29999999999999361, 25.00000000000000355, 12.50000000000001066 ) ) ;
#958 = EDGE_LOOP ( 'NONE', ( #961, #623, #1636, #1843 ) ) ;
#959 = APPROVAL_PERSON_ORGANIZATION ( #1822, #1622, #1030 ) ;
#960 = CARTESIAN_POINT ( 'NONE',  ( 19.37500000000000355, -2.979274057836317713, 0.000000000000000000 ) ) ;
#961 = ORIENTED_EDGE ( 'NONE', *, *, #982, .F. ) ;
#962 = CYLINDRICAL_SURFACE ( 'NONE', #767, 1.999999999999997780 ) ;
#963 = VECTOR ( 'NONE', #910, 1000.000000000000000 ) ;
#964 = LINE ( 'NONE', #1592, #417 ) ;
#965 = PLANE ( 'NONE',  #1794 ) ;
#966 = CIRCLE ( 'NONE', #1762, 1.000000000000000888 ) ;
#967 = VERTEX_POINT ( 'NONE', #548 ) ;
#968 = PLANE ( 'NONE',  #1407 ) ;
#969 = ORIENTED_EDGE ( 'NONE', *, *, #1257, .F. ) ;
#970 = CARTESIAN_POINT ( 'NONE',  ( 23.30000000000000071, 22.00000000000000711, -62.71012677391110657 ) ) ;
#971 = ORIENTED_EDGE ( 'NONE', *, *, #1377, .F. ) ;
#972 = ADVANCED_FACE ( 'NONE', ( #1928 ), #1153, .T. ) ;
#973 = LINE ( 'NONE', #46, #209 ) ;
#974 = PLANE ( 'NONE',  #1830 ) ;
#975 = VERTEX_POINT ( 'NONE', #1451 ) ;
#976 = AXIS2_PLACEMENT_3D ( 'NONE', #1578, #803, #181 ) ;
#977 = CIRCLE ( 'NONE', #1250, 1.000000000000000888 ) ;
#978 = DIRECTION ( 'NONE',  ( 0.000000000000000000, -0.000000000000000000, 1.000000000000000000 ) ) ;
#979 = CC_DESIGN_PERSON_AND_ORGANIZATION_ASSIGNMENT ( #856, #80, ( #1287 ) ) ;
#980 = FACE_OUTER_BOUND ( 'NONE', #565, .T. ) ;
#981 = ORIENTED_EDGE ( 'NONE', *, *, #1852, .T. ) ;
#982 = EDGE_CURVE ( 'NONE', #36, #1882, #1428, .T. ) ;
#983 = CARTESIAN_POINT ( 'NONE',  ( 25.30000000000001492, 25.00000000000000000, 0.000000000000000000 ) ) ;
#984 = EDGE_CURVE ( 'NONE', #1525, #1649, #1640, .T. ) ;
#985 = VERTEX_POINT ( 'NONE', #1310 ) ;
#986 = LINE ( 'NONE', #1614, #1303 ) ;
#987 = CARTESIAN_POINT ( 'NONE',  ( -26.30000000000000426, -8.060640886606007408E-16, 21.17157287525381193 ) ) ;
#988 = CARTESIAN_POINT ( 'NONE',  ( -18.10386699023166912, 24.00000000000000355, 25.00000000000000000 ) ) ;
#989 = ORIENTED_EDGE ( 'NONE', *, *, #1716, .F. ) ;
#990 = CARTESIAN_POINT ( 'NONE',  ( 0.000000000000000000, 22.00000000000000711, 18.50000000000000355 ) ) ;
#991 = DIRECTION ( 'NONE',  ( -0.000000000000000000, -0.000000000000000000, 1.000000000000000000 ) ) ;
#992 = CARTESIAN_POINT ( 'NONE',  ( -25.30000000000001492, -2.000000000000000888, 25.00000000000000000 ) ) ;
#993 = ORIENTED_EDGE ( 'NONE', *, *, #1827, .T. ) ;
#994 = DIRECTION ( 'NONE',  ( -0.4544703416878744240, 0.8907618697082327897, 0.000000000000000000 ) ) ;
#995 = LINE ( 'NONE', #1977, #571 ) ;
#996 = CARTESIAN_POINT ( 'NONE',  ( -18.10386699023166912, 25.00000000000000355, 25.00000000000000000 ) ) ;
#997 = ORIENTED_EDGE ( 'NONE', *, *, #837, .T. ) ;
#998 = CARTESIAN_POINT ( 'NONE',  ( -19.37500000000000355, -9.900000000000000355, 20.01295104291253324 ) ) ;
#999 = CARTESIAN_POINT ( 'NONE',  ( 25.38578643762691556, -5.000000000000000888, 22.08578643762690419 ) ) ;
#1000 = CARTESIAN_POINT ( 'NONE',  ( 13.58283857465102784, -8.900000000000002132, 0.000000000000000000 ) ) ;
#1001 = ORIENTED_EDGE ( 'NONE', *, *, #410, .F. ) ;
#1002 =( BOUNDED_CURVE ( )  B_SPLINE_CURVE ( 3, ( #1472, #827, #1484, #1608 ),
 .UNSPECIFIED., .F., .F. ) 
 B_SPLINE_CURVE_WITH_KNOTS ( ( 4, 4 ),
 ( 0.9457614118951057636, 1.564066265577875869 ),
 .UNSPECIFIED. ) 
 CURVE ( )  GEOMETRIC_REPRESENTATION_ITEM ( )  RATIONAL_B_SPLINE_CURVE ( ( 1.000000000000000000, 0.9683945248653407223, 0.9683945248653407223, 1.000000000000000000 ) ) 
 REPRESENTATION_ITEM ( '' )  );
#1003 = LINE ( 'NONE', #694, #1496 ) ;
#1004 = ORIENTED_EDGE ( 'NONE', *, *, #576, .F. ) ;
#1005 = DIRECTION ( 'NONE',  ( 1.000000000000000000, 0.000000000000000000, 0.000000000000000000 ) ) ;
#1006 = FACE_OUTER_BOUND ( 'NONE', #215, .T. ) ;
#1007 = VECTOR ( 'NONE', #915, 1000.000000000000000 ) ;
#1008 = ORIENTED_EDGE ( 'NONE', *, *, #385, .F. ) ;
#1009 = EDGE_CURVE ( 'NONE', #1678, #1617, #1494, .T. ) ;
#1010 = CARTESIAN_POINT ( 'NONE',  ( -25.16716142534897926, -9.899999999999998579, 25.00000000000000000 ) ) ;
#1011 = DIRECTION ( 'NONE',  ( 0.6320807429943283706, -0.000000000000000000, -0.7749025321521010312 ) ) ;
#1012 = VECTOR ( 'NONE', #861, 1000.000000000000000 ) ;
#1013 = CARTESIAN_POINT ( 'NONE',  ( -25.30000000000001492, -2.000000000000000888, 25.00000000000000000 ) ) ;
#1014 = ORIENTED_EDGE ( 'NONE', *, *, #1009, .F. ) ;
#1015 = FACE_OUTER_BOUND ( 'NONE', #430, .T. ) ;
#1016 = VERTEX_POINT ( 'NONE', #1766 ) ;
#1017 = DIRECTION ( 'NONE',  ( -1.532441233195061223E-17, 0.5000000000000009992, -0.8660254037844381525 ) ) ;
#1018 = DIRECTION ( 'NONE',  ( 0.000000000000000000, 0.000000000000000000, 1.000000000000000000 ) ) ;
#1019 = VECTOR ( 'NONE', #1689, 1000.000000000000000 ) ;
#1020 =( BOUNDED_CURVE ( )  B_SPLINE_CURVE ( 3, ( #1430, #1110, #334, #836 ),
 .UNSPECIFIED., .F., .F. ) 
 B_SPLINE_CURVE_WITH_KNOTS ( ( 4, 4 ),
 ( 3.141592653589793116, 6.283185307179586232 ),
 .UNSPECIFIED. ) 
 CURVE ( )  GEOMETRIC_REPRESENTATION_ITEM ( )  RATIONAL_B_SPLINE_CURVE ( ( 1.000000000000000000, 0.3333333333333333703, 0.3333333333333333703, 1.000000000000000000 ) ) 
 REPRESENTATION_ITEM ( '' )  );
#1021 = ORIENTED_EDGE ( 'NONE', *, *, #1297, .T. ) ;
#1022 = EDGE_CURVE ( 'NONE', #791, #259, #1424, .T. ) ;
#1023 = EDGE_CURVE ( 'NONE', #770, #1742, #1951, .T. ) ;
#1024 = LINE ( 'NONE', #903, #1607 ) ;
#1025 = DIRECTION ( 'NONE',  ( 1.000000000000000000, 0.000000000000000000, 0.000000000000000000 ) ) ;
#1026 = CARTESIAN_POINT ( 'NONE',  ( 0.000000000000000000, 22.00000000000000711, 18.50000000000000355 ) ) ;
#1027 = VERTEX_POINT ( 'NONE', #988 ) ;
#1028 = CC_DESIGN_APPROVAL ( #529, ( #607 ) ) ;
#1029 = ORIENTED_EDGE ( 'NONE', *, *, #931, .F. ) ;
#1030 = APPROVAL_ROLE ( '' ) ;
#1031 = DIRECTION ( 'NONE',  ( 0.000000000000000000, 1.000000000000000000, 0.000000000000000000 ) ) ;
#1032 = DIRECTION ( 'NONE',  ( 0.000000000000000000, 0.000000000000000000, 1.000000000000000000 ) ) ;
#1033 = CARTESIAN_POINT ( 'NONE',  ( 28.30000000000000071, 27.00000000000000000, 3.000000000000003109 ) ) ;
#1034 = CARTESIAN_POINT ( 'NONE',  ( 19.37500000000000355, -9.900000000000000355, 11.98704895708745610 ) ) ;
#1035 = LINE ( 'NONE', #1026, #1908 ) ;
#1036 = ORIENTED_EDGE ( 'NONE', *, *, #294, .T. ) ;
#1037 = CIRCLE ( 'NONE', #151, 1.000000000000000888 ) ;
#1038 = ORIENTED_EDGE ( 'NONE', *, *, #105, .F. ) ;
#1039 = CARTESIAN_POINT ( 'NONE',  ( -25.30000000000000071, -3.000000000000000888, 0.000000000000000000 ) ) ;
#1040 = EDGE_CURVE ( 'NONE', #1886, #1850, #1438, .T. ) ;
#1041 = CARTESIAN_POINT ( 'NONE',  ( 27.47157287525381975, 27.00000000000000000, 3.343145750507628744 ) ) ;
#1042 = DIRECTION ( 'NONE',  ( 0.000000000000000000, -0.000000000000000000, 1.000000000000000000 ) ) ;
#1043 = EDGE_LOOP ( 'NONE', ( #265, #1409, #1211, #1439, #1188, #1269, #1474, #1919 ) ) ;
#1044 = CC_DESIGN_DATE_AND_TIME_ASSIGNMENT ( #752, #1369, ( #141 ) ) ;
#1045 = CARTESIAN_POINT ( 'NONE',  ( -19.37500000000000355, -17.05031754730550730, 4.128237760728150185 ) ) ;
#1046 = EDGE_CURVE ( 'NONE', #2000, #1164, #1508, .T. ) ;
#1047 = CARTESIAN_POINT ( 'NONE',  ( 19.37500000000000355, -17.05031754730550730, 4.128237760728150185 ) ) ;
#1048 = ADVANCED_FACE ( 'NONE', ( #48 ), #965, .T. ) ;
#1049 = VERTEX_POINT ( 'NONE', #516 ) ;
#1050 = EDGE_CURVE ( 'NONE', #336, #1403, #185, .T. ) ;
#1051 = EDGE_LOOP ( 'NONE', ( #247, #544, #971, #1095, #1419 ) ) ;
#1052 = FACE_OUTER_BOUND ( 'NONE', #1600, .T. ) ;
#1053 = VECTOR ( 'NONE', #304, 1000.000000000000000 ) ;
#1054 = DIRECTION ( 'NONE',  ( 1.489033026589533876E-16, -1.000000000000000000, 0.000000000000000000 ) ) ;
#1055 = ORIENTED_EDGE ( 'NONE', *, *, #789, .F. ) ;
#1056 = CARTESIAN_POINT ( 'NONE',  ( 26.30000000000000426, 8.060640886606007408E-16, 21.17157287525381548 ) ) ;
#1057 = DIRECTION ( 'NONE',  ( 0.6320807429943283706, 0.000000000000000000, -0.7749025321521010312 ) ) ;
#1058 = ORIENTED_EDGE ( 'NONE', *, *, #1475, .F. ) ;
#1059 = CARTESIAN_POINT ( 'NONE',  ( -19.37500000000000355, -7.020725942163699607, 0.000000000000000000 ) ) ;
#1060 = ORIENTED_EDGE ( 'NONE', *, *, #894, .T. ) ;
#1061 = CARTESIAN_POINT ( 'NONE',  ( -28.30000000000000071, 25.00000000000000000, 2.999999999999988898 ) ) ;
#1062 = AXIS2_PLACEMENT_3D ( 'NONE', #159, #619, #632 ) ;
#1063 = CIRCLE ( 'NONE', #541, 6.000000000000001776 ) ;
#1064 = CARTESIAN_POINT ( 'NONE',  ( -24.23497275108333682, -4.872546592123352838, 0.6066342150194649063 ) ) ;
#1065 = ORIENTED_EDGE ( 'NONE', *, *, #338, .F. ) ;
#1066 = LINE ( 'NONE', #353, #2030 ) ;
#1067 = ADVANCED_FACE ( 'NONE', ( #1006 ), #1638, .T. ) ;
#1068 = LINE ( 'NONE', #914, #1234 ) ;
#1069 = PLANE ( 'NONE',  #757 ) ;
#1070 = ORIENTED_EDGE ( 'NONE', *, *, #325, .T. ) ;
#1071 = DIRECTION ( 'NONE',  ( 0.000000000000000000, 0.000000000000000000, -1.000000000000000000 ) ) ;
#1072 = VERTEX_POINT ( 'NONE', #1629 ) ;
#1073 = DIRECTION ( 'NONE',  ( -0.000000000000000000, -1.000000000000000000, 0.000000000000000000 ) ) ;
#1074 = EDGE_LOOP ( 'NONE', ( #1717, #566, #117, #1568 ) ) ;
#1075 = EDGE_CURVE ( 'NONE', #522, #1353, #375, .T. ) ;
#1076 = CARTESIAN_POINT ( 'NONE',  ( 24.30000000000000071, -5.000000000000000888, 0.000000000000000000 ) ) ;
#1077 = AXIS2_PLACEMENT_3D ( 'NONE', #633, #645, #347 ) ;
#1078 = CARTESIAN_POINT ( 'NONE',  ( -19.37500000000000355, -2.979274057836317713, 0.000000000000000000 ) ) ;
#1079 = ORIENTED_EDGE ( 'NONE', *, *, #1436, .F. ) ;
#1080 = PERSON_AND_ORGANIZATION ( #686, #175 ) ;
#1081 = LINE ( 'NONE', #1728, #1383 ) ;
#1082 = ORIENTED_EDGE ( 'NONE', *, *, #872, .F. ) ;
#1083 = CARTESIAN_POINT ( 'NONE',  ( 0.000000000000000000, 22.00000000000000711, 12.50000000000000000 ) ) ;
#1084 = EDGE_CURVE ( 'NONE', #1328, #345, #708, .T. ) ;
#1085 = ORIENTED_EDGE ( 'NONE', *, *, #984, .T. ) ;
#1086 = CARTESIAN_POINT ( 'NONE',  ( -22.47157287525381264, 27.00000000000000000, 0.000000000000000000 ) ) ;
#1087 =( BOUNDED_CURVE ( )  B_SPLINE_CURVE ( 3, ( #852, #65, #403, #992 ),
 .UNSPECIFIED., .F., .T. ) 
 B_SPLINE_CURVE_WITH_KNOTS ( ( 4, 4 ),
 ( 1.570796326794895448, 3.141592653589793116 ),
 .UNSPECIFIED. ) 
 CURVE ( )  GEOMETRIC_REPRESENTATION_ITEM ( )  RATIONAL_B_SPLINE_CURVE ( ( 1.000000000000000000, 0.8047378541243646044, 0.8047378541243646044, 1.000000000000000000 ) ) 
 REPRESENTATION_ITEM ( '' )  );
#1088 = ADVANCED_FACE ( 'NONE', ( #1052 ), #272, .F. ) ;
#1089 = CARTESIAN_POINT ( 'NONE',  ( 23.30000000000000071, 22.00000000000000711, 0.000000000000000000 ) ) ;
#1090 = DIRECTION ( 'NONE',  ( -1.000000000000000000, 0.000000000000000000, 0.000000000000000000 ) ) ;
#1091 = ORIENTED_EDGE ( 'NONE', *, *, #1350, .T. ) ;
#1092 = CARTESIAN_POINT ( 'NONE',  ( -26.80000000000000426, -9.899999999999998579, 25.00000000000000000 ) ) ;
#1093 = LINE ( 'NONE', #479, #766 ) ;
#1094 = AXIS2_PLACEMENT_3D ( 'NONE', #792, #28, #1539 ) ;
#1095 = ORIENTED_EDGE ( 'NONE', *, *, #508, .F. ) ;
#1096 = VECTOR ( 'NONE', #452, 1000.000000000000000 ) ;
#1097 = DIRECTION ( 'NONE',  ( -0.6320807429943282596, 0.000000000000000000, 0.7749025321521010312 ) ) ;
#1098 = PLANE ( 'NONE',  #1978 ) ;
#1099 =( BOUNDED_CURVE ( )  B_SPLINE_CURVE ( 3, ( #112, #1683, #2043, #924 ),
 .UNSPECIFIED., .F., .F. ) 
 B_SPLINE_CURVE_WITH_KNOTS ( ( 4, 4 ),
 ( 0.000000000000000000, 1.570796326794895004 ),
 .UNSPECIFIED. ) 
 CURVE ( )  GEOMETRIC_REPRESENTATION_ITEM ( )  RATIONAL_B_SPLINE_CURVE ( ( 1.000000000000000000, 0.8047378541243653816, 0.8047378541243653816, 1.000000000000000000 ) ) 
 REPRESENTATION_ITEM ( '' )  );
#1100 = VERTEX_POINT ( 'NONE', #1340 ) ;
#1101 = DIRECTION ( 'NONE',  ( -1.000000000000000000, -2.514091994169285716E-17, 0.000000000000000000 ) ) ;
#1102 = CARTESIAN_POINT ( 'NONE',  ( 7.347880794884118750E-16, 22.00000000000000711, 6.500000000000000888 ) ) ;
#1103 = EDGE_CURVE ( 'NONE', #1346, #1432, #1348, .T. ) ;
#1104 = ORIENTED_EDGE ( 'NONE', *, *, #139, .T. ) ;
#1105 = CARTESIAN_POINT ( 'NONE',  ( 19.37500000000000355, -2.979274057836317713, 25.00000000000000000 ) ) ;
#1106 = AXIS2_PLACEMENT_3D ( 'NONE', #954, #1924, #1580 ) ;
#1107 = ORIENTED_EDGE ( 'NONE', *, *, #1238, .F. ) ;
#1108 = PLANE ( 'NONE',  #943 ) ;
#1109 = EDGE_CURVE ( 'NONE', #1027, #522, #250, .T. ) ;
#1110 = CARTESIAN_POINT ( 'NONE',  ( -15.87500000000000533, -9.900000000000000355, 11.98704895708745966 ) ) ;
#1111 = CARTESIAN_POINT ( 'NONE',  ( -15.87500000000000533, -9.900000000000000355, 13.01295104291254212 ) ) ;
#1112 = VECTOR ( 'NONE', #142, 1000.000000000000114 ) ;
#1113 = ORIENTED_EDGE ( 'NONE', *, *, #1218, .F. ) ;
#1114 = VECTOR ( 'NONE', #739, 999.9999999999998863 ) ;
#1115 = DIRECTION ( 'NONE',  ( 0.000000000000000000, 0.000000000000000000, 1.000000000000000000 ) ) ;
#1116 = VECTOR ( 'NONE', #1011, 999.9999999999998863 ) ;
#1117 = ORIENTED_EDGE ( 'NONE', *, *, #1405, .T. ) ;
#1118 = LINE ( 'NONE', #512, #420 ) ;
#1119 = PLANE ( 'NONE',  #1993 ) ;
#1120 = CARTESIAN_POINT ( 'NONE',  ( 0.000000000000000000, 0.000000000000000000, 0.000000000000000000 ) ) ;
#1121 = ORIENTED_EDGE ( 'NONE', *, *, #835, .F. ) ;
#1122 = ORIENTED_EDGE ( 'NONE', *, *, #837, .F. ) ;
#1123 = LOCAL_TIME ( 10, 24, 43.00000000000000000, #1696 ) ;
#1124 = EDGE_CURVE ( 'NONE', #1049, #1366, #1382, .T. ) ;
#1125 = ORIENTED_EDGE ( 'NONE', *, *, #1747, .T. ) ;
#1126 = DIRECTION ( 'NONE',  ( 0.000000000000000000, 0.000000000000000000, 1.000000000000000000 ) ) ;
#1127 = ORIENTED_EDGE ( 'NONE', *, *, #1446, .T. ) ;
#1128 = CARTESIAN_POINT ( 'NONE',  ( -25.30000000000001492, -5.000000000000000888, 25.00000000000000000 ) ) ;
#1129 = LINE ( 'NONE', #1765, #1325 ) ;
#1130 = CARTESIAN_POINT ( 'NONE',  ( 22.47157287525383396, 27.00000000000000000, 0.000000000000000000 ) ) ;
#1131 = ORIENTED_EDGE ( 'NONE', *, *, #1566, .T. ) ;
#1132 = AXIS2_PLACEMENT_3D ( 'NONE', #395, #216, #1320 ) ;
#1133 = DIRECTION ( 'NONE',  ( 1.000000000000000000, 0.000000000000000000, 0.000000000000000000 ) ) ;
#1134 = EDGE_CURVE ( 'NONE', #2024, #917, #891, .T. ) ;
#1135 = DIRECTION ( 'NONE',  ( 1.800751013124713288E-16, 1.000000000000000000, -0.000000000000000000 ) ) ;
#1136 = EDGE_LOOP ( 'NONE', ( #1659, #549 ) ) ;
#1137 = CARTESIAN_POINT ( 'NONE',  ( -28.30000000000000071, -5.000000000000000888, 25.00000000000000000 ) ) ;
#1138 = ORIENTED_EDGE ( 'NONE', *, *, #1892, .T. ) ;
#1139 = CARTESIAN_POINT ( 'NONE',  ( 0.000000000000000000, 0.000000000000000000, 25.00000000000000000 ) ) ;
#1140 = CYLINDRICAL_SURFACE ( 'NONE', #7, 1.749999999999999334 ) ;
#1141 = CARTESIAN_POINT ( 'NONE',  ( 28.30000000000000071, -3.000000000000000888, 22.00000000000001421 ) ) ;
#1142 = ORIENTED_EDGE ( 'NONE', *, *, #1413, .F. ) ;
#1143 = VECTOR ( 'NONE', #1305, 1000.000000000000114 ) ;
#1144 = CARTESIAN_POINT ( 'NONE',  ( -14.45000000000000107, -5.000000000000000888, 25.00000000000000000 ) ) ;
#1145 = DIRECTION ( 'NONE',  ( 0.000000000000000000, -0.000000000000000000, 1.000000000000000000 ) ) ;
#1146 = ADVANCED_FACE ( 'NONE', ( #1685 ), #1979, .T. ) ;
#1147 = FACE_OUTER_BOUND ( 'NONE', #1821, .T. ) ;
#1148 = CARTESIAN_POINT ( 'NONE',  ( 24.11108390454617023, -4.629724452910489063, 0.000000000000000000 ) ) ;
#1149 = VERTEX_POINT ( 'NONE', #1061 ) ;
#1150 =( BOUNDED_CURVE ( )  B_SPLINE_CURVE ( 3, ( #1210, #1857, #897, #1390 ),
 .UNSPECIFIED., .F., .F. ) 
 B_SPLINE_CURVE_WITH_KNOTS ( ( 4, 4 ),
 ( 1.570796326794898556, 3.141592653589793116 ),
 .UNSPECIFIED. ) 
 CURVE ( )  GEOMETRIC_REPRESENTATION_ITEM ( )  RATIONAL_B_SPLINE_CURVE ( ( 1.000000000000000000, 0.8047378541243654926, 0.8047378541243654926, 1.000000000000000000 ) ) 
 REPRESENTATION_ITEM ( '' )  );
#1151 = DIRECTION ( 'NONE',  ( -1.532441233195061223E-17, 0.5000000000000009992, -0.8660254037844380415 ) ) ;
#1152 = CARTESIAN_POINT ( 'NONE',  ( 19.37500000000000355, -17.05031754730550730, 20.87176223927185248 ) ) ;
#1153 = CYLINDRICAL_SURFACE ( 'NONE', #1527, 2.000000000000001776 ) ;
#1154 = VERTEX_POINT ( 'NONE', #1503 ) ;
#1155 = CYLINDRICAL_SURFACE ( 'NONE', #1228, 1.750000000000001332 ) ;
#1156 = CARTESIAN_POINT ( 'NONE',  ( 11.95000000000000107, -9.900000000000002132, 0.000000000000000000 ) ) ;
#1157 = AXIS2_PLACEMENT_3D ( 'NONE', #1045, #1679, #1521 ) ;
#1158 = DIRECTION ( 'NONE',  ( -0.000000000000000000, 0.000000000000000000, -1.000000000000000000 ) ) ;
#1159 = DIRECTION ( 'NONE',  ( 0.6320807429943283706, -0.000000000000000000, 0.7749025321521010312 ) ) ;
#1160 = ORIENTED_EDGE ( 'NONE', *, *, #1262, .T. ) ;
#1161 = CARTESIAN_POINT ( 'NONE',  ( -14.45000000000000107, -5.000000000000000888, 25.00000000000000000 ) ) ;
#1162 = CYLINDRICAL_SURFACE ( 'NONE', #702, 1.749999999999999334 ) ;
#1163 = CARTESIAN_POINT ( 'NONE',  ( -28.30000000000000071, -5.000000000000003553, 4.171572875253795054 ) ) ;
#1164 = VERTEX_POINT ( 'NONE', #1662 ) ;
#1165 = AXIS2_PLACEMENT_3D ( 'NONE', #429, #1054, #1982 ) ;
#1166 = CARTESIAN_POINT ( 'NONE',  ( -19.37500000000000355, -9.900000000000000355, 13.01295104291254567 ) ) ;
#1167 = CARTESIAN_POINT ( 'NONE',  ( -28.30000000000000071, -2.999999999999999112, 22.00000000000000000 ) ) ;
#1168 = DIRECTION ( 'NONE',  ( -1.000000000000000000, 0.000000000000000000, 0.000000000000000000 ) ) ;
#1169 = EDGE_LOOP ( 'NONE', ( #733, #1331 ) ) ;
#1170 = ADVANCED_FACE ( 'NONE', ( #1182 ), #1823, .T. ) ;
#1171 = CARTESIAN_POINT ( 'NONE',  ( 24.87193886489765049, -4.247012486798563913, 25.00000000000000000 ) ) ;
#1172 = ORIENTED_EDGE ( 'NONE', *, *, #307, .F. ) ;
#1173 = CARTESIAN_POINT ( 'NONE',  ( 22.87500000000000355, -9.900000000000000355, 11.98704895708746321 ) ) ;
#1174 = CARTESIAN_POINT ( 'NONE',  ( -28.30000000000000071, -4.171572875253811041, 2.999999999999987566 ) ) ;
#1175 = VERTEX_POINT ( 'NONE', #1190 ) ;
#1176 = CARTESIAN_POINT ( 'NONE',  ( 13.58283857465102784, -8.900000000000002132, 25.00000000000000000 ) ) ;
#1177 = CARTESIAN_POINT ( 'NONE',  ( -14.45000000000000107, -5.000000000000000888, 25.00000000000000000 ) ) ;
#1178 = LINE ( 'NONE', #1658, #1530 ) ;
#1179 = ORIENTED_EDGE ( 'NONE', *, *, #1848, .F. ) ;
#1180 = ORIENTED_EDGE ( 'NONE', *, *, #2005, .F. ) ;
#1181 = CARTESIAN_POINT ( 'NONE',  ( 28.30000000000000071, -3.000000000000000888, 22.00000000000001421 ) ) ;
#1182 = FACE_OUTER_BOUND ( 'NONE', #1986, .T. ) ;
#1183 = CARTESIAN_POINT ( 'NONE',  ( -24.30000000000000071, -5.000000000000000888, 1.828427124746186072 ) ) ;
#1184 = DIRECTION ( 'NONE',  ( 0.000000000000000000, 0.000000000000000000, -1.000000000000000000 ) ) ;
#1185 = CARTESIAN_POINT ( 'NONE',  ( 12.58283857465102784, -8.900000000000002132, 0.000000000000000000 ) ) ;
#1186 = ORIENTED_EDGE ( 'NONE', *, *, #1644, .T. ) ;
#1187 = LOCAL_TIME ( 10, 24, 43.00000000000000000, #612 ) ;
#1188 = ORIENTED_EDGE ( 'NONE', *, *, #601, .F. ) ;
#1189 = DATE_AND_TIME ( #738, #1554 ) ;
#1190 = CARTESIAN_POINT ( 'NONE',  ( -23.30000000000000426, 24.00000000000000000, 18.62977488035143381 ) ) ;
#1191 = VERTEX_POINT ( 'NONE', #407 ) ;
#1192 = CARTESIAN_POINT ( 'NONE',  ( 24.12842712474618168, -2.015151573700399118E-15, 25.00000000000000355 ) ) ;
#1193 = EDGE_CURVE ( 'NONE', #1399, #315, #1063, .T. ) ;
#1194 = DIRECTION ( 'NONE',  ( 1.000000000000000000, 0.000000000000000000, 0.000000000000000000 ) ) ;
#1195 = EDGE_LOOP ( 'NONE', ( #305, #486 ) ) ;
#1196 = EDGE_CURVE ( 'NONE', #1149, #147, #1867, .T. ) ;
#1197 = EDGE_CURVE ( 'NONE', #879, #480, #397, .T. ) ;
#1198 = CARTESIAN_POINT ( 'NONE',  ( -25.30000000000001492, -3.000000000000000888, 25.00000000000000000 ) ) ;
#1199 = CARTESIAN_POINT ( 'NONE',  ( -13.58283857465102606, -8.900000000000002132, 25.00000000000000000 ) ) ;
#1200 = ORIENTED_EDGE ( 'NONE', *, *, #576, .T. ) ;
#1201 = ORIENTED_EDGE ( 'NONE', *, *, #1536, .T. ) ;
#1202 = DIRECTION ( 'NONE',  ( -0.000000000000000000, 1.000000000000000000, -0.000000000000000000 ) ) ;
#1203 = ORIENTED_EDGE ( 'NONE', *, *, #2029, .T. ) ;
#1204 = AXIS2_PLACEMENT_3D ( 'NONE', #796, #656, #1590 ) ;
#1205 = ORIENTED_EDGE ( 'NONE', *, *, #1350, .F. ) ;
#1206 = CARTESIAN_POINT ( 'NONE',  ( 26.30000000000000426, 27.00000000000000000, 3.828427124746185406 ) ) ;
#1207 = CARTESIAN_POINT ( 'NONE',  ( 17.03479431286482892, 22.00000000000000355, 25.00000000000000000 ) ) ;
#1208 = ORIENTED_EDGE ( 'NONE', *, *, #1815, .T. ) ;
#1209 = AXIS2_PLACEMENT_3D ( 'NONE', #408, #1032, #1663 ) ;
#1210 = CARTESIAN_POINT ( 'NONE',  ( 26.30000000000000782, 2.512018435384022447E-16, 14.95190995214057139 ) ) ;
#1211 = ORIENTED_EDGE ( 'NONE', *, *, #1740, .T. ) ;
#1212 = DIRECTION ( 'NONE',  ( 0.000000000000000000, -1.000000000000000000, 0.000000000000000000 ) ) ;
#1213 = AXIS2_PLACEMENT_3D ( 'NONE', #1092, #1237, #314 ) ;
#1214 = CARTESIAN_POINT ( 'NONE',  ( -13.58283857465102606, -8.900000000000002132, 0.000000000000000000 ) ) ;
#1215 =( BOUNDED_CURVE ( )  B_SPLINE_CURVE ( 3, ( #1781, #882, #1192, #1505 ),
 .UNSPECIFIED., .F., .T. ) 
 B_SPLINE_CURVE_WITH_KNOTS ( ( 4, 4 ),
 ( 0.000000000000000000, 1.570796326794894116 ),
 .UNSPECIFIED. ) 
 CURVE ( )  GEOMETRIC_REPRESENTATION_ITEM ( )  RATIONAL_B_SPLINE_CURVE ( ( 1.000000000000000000, 0.8047378541243654926, 0.8047378541243654926, 1.000000000000000000 ) ) 
 REPRESENTATION_ITEM ( '' )  );
#1216 = ORIENTED_EDGE ( 'NONE', *, *, #1980, .T. ) ;
#1217 = DIRECTION ( 'NONE',  ( 0.7071067811865492381, 0.000000000000000000, -0.7071067811865459074 ) ) ;
#1218 = EDGE_CURVE ( 'NONE', #68, #886, #1360, .T. ) ;
#1219 = DIRECTION ( 'NONE',  ( -0.6320807429943283706, -1.937253186546154190E-17, 0.7749025321521010312 ) ) ;
#1220 = CARTESIAN_POINT ( 'NONE',  ( 0.000000000000000000, 0.000000000000000000, 25.00000000000000000 ) ) ;
#1221 = CARTESIAN_POINT ( 'NONE',  ( 28.30000000000000071, -3.000000000000000888, 22.00000000000001421 ) ) ;
#1222 = VERTEX_POINT ( 'NONE', #1039 ) ;
#1223 = SECURITY_CLASSIFICATION_LEVEL ( 'unclassified' ) ;
#1224 = CARTESIAN_POINT ( 'NONE',  ( -23.30000000000000071, -8.673617379884030542E-16, -62.71012677391110657 ) ) ;
#1225 = LOCAL_TIME ( 10, 24, 43.00000000000000000, #1957 ) ;
#1226 = EDGE_CURVE ( 'NONE', #1399, #345, #1860, .T. ) ;
#1227 = ORIENTED_EDGE ( 'NONE', *, *, #1825, .T. ) ;
#1228 = AXIS2_PLACEMENT_3D ( 'NONE', #675, #1323, #518 ) ;
#1229 = CARTESIAN_POINT ( 'NONE',  ( 19.37500000000000355, -9.900000000000000355, 20.01295104291253324 ) ) ;
#1230 = ORIENTED_EDGE ( 'NONE', *, *, #103, .T. ) ;
#1231 = DIRECTION ( 'NONE',  ( 1.577021341797097807E-16, -1.000000000000000000, 1.933357161345193021E-16 ) ) ;
#1232 =( BOUNDED_CURVE ( )  B_SPLINE_CURVE ( 3, ( #434, #267, #759, #1397 ),
 .UNSPECIFIED., .F., .T. ) 
 B_SPLINE_CURVE_WITH_KNOTS ( ( 4, 4 ),
 ( -1.776356839400250465E-15, 1.570796326794899223 ),
 .UNSPECIFIED. ) 
 CURVE ( )  GEOMETRIC_REPRESENTATION_ITEM ( )  RATIONAL_B_SPLINE_CURVE ( ( 1.000000000000000000, 0.8047378541243640493, 0.8047378541243640493, 1.000000000000000000 ) ) 
 REPRESENTATION_ITEM ( '' )  );
#1233 = DIRECTION ( 'NONE',  ( 0.000000000000000000, -0.8660254037844382635, 0.5000000000000005551 ) ) ;
#1234 = VECTOR ( 'NONE', #360, 1000.000000000000000 ) ;
#1235 = CARTESIAN_POINT ( 'NONE',  ( -22.87500000000000355, -2.979274057836315492, 0.000000000000000000 ) ) ;
#1236 = ORIENTED_EDGE ( 'NONE', *, *, #1239, .F. ) ;
#1237 = DIRECTION ( 'NONE',  ( 2.336327913773476917E-16, 1.000000000000000000, -0.000000000000000000 ) ) ;
#1238 = EDGE_CURVE ( 'NONE', #1997, #77, #952, .T. ) ;
#1239 = EDGE_CURVE ( 'NONE', #331, #1164, #427, .T. ) ;
#1240 = AXIS2_PLACEMENT_3D ( 'NONE', #538, #386, #1967 ) ;
#1241 = LINE ( 'NONE', #627, #858 ) ;
#1242 = EDGE_CURVE ( 'NONE', #68, #2024, #1707, .T. ) ;
#1243 = ORIENTED_EDGE ( 'NONE', *, *, #648, .F. ) ;
#1244 = DIRECTION ( 'NONE',  ( -0.7749025321521010312, 0.000000000000000000, -0.6320807429943282596 ) ) ;
#1245 = CARTESIAN_POINT ( 'NONE',  ( -24.30000000000000071, -5.000000000000000888, 0.000000000000000000 ) ) ;
#1246 = CIRCLE ( 'NONE', #359, 1.000000000000000888 ) ;
#1247 = ORIENTED_EDGE ( 'NONE', *, *, #307, .T. ) ;
#1248 = CARTESIAN_POINT ( 'NONE',  ( -28.30000000000000071, -2.000000000000000888, 22.00000000000000000 ) ) ;
#1249 = ADVANCED_FACE ( 'NONE', ( #155 ), #448, .T. ) ;
#1250 = AXIS2_PLACEMENT_3D ( 'NONE', #125, #1042, #883 ) ;
#1251 = ORIENTED_EDGE ( 'NONE', *, *, #1262, .F. ) ;
#1252 = FACE_OUTER_BOUND ( 'NONE', #958, .T. ) ;
#1253 = ORIENTED_EDGE ( 'NONE', *, *, #1084, .F. ) ;
#1254 = CARTESIAN_POINT ( 'NONE',  ( 25.38578643762691556, -3.000000000000000888, 22.08578643762690419 ) ) ;
#1255 = LINE ( 'NONE', #637, #1712 ) ;
#1256 = DIRECTION ( 'NONE',  ( 0.7071067811865491270, 2.167199175524206903E-17, -0.7071067811865459074 ) ) ;
#1257 = EDGE_CURVE ( 'NONE', #967, #1072, #1081, .T. ) ;
#1258 = CARTESIAN_POINT ( 'NONE',  ( -24.87193886489765760, -4.247012486798566577, 0.000000000000000000 ) ) ;
#1259 = ORIENTED_EDGE ( 'NONE', *, *, #1415, .F. ) ;
#1260 = CC_DESIGN_PERSON_AND_ORGANIZATION_ASSIGNMENT ( #1080, #2013, ( #607 ) ) ;
#1261 = VECTOR ( 'NONE', #354, 1000.000000000000227 ) ;
#1262 = EDGE_CURVE ( 'NONE', #405, #111, #1392, .T. ) ;
#1263 = ADVANCED_FACE ( 'NONE', ( #919, #1895, #613 ), #467, .F. ) ;
#1264 = EDGE_LOOP ( 'NONE', ( #809, #1319, #1395, #804 ) ) ;
#1265 = DIRECTION ( 'NONE',  ( 0.000000000000000000, 0.000000000000000000, 1.000000000000000000 ) ) ;
#1266 = AXIS2_PLACEMENT_3D ( 'NONE', #543, #76, #1168 ) ;
#1267 = FACE_OUTER_BOUND ( 'NONE', #199, .T. ) ;
#1268 = DIRECTION ( 'NONE',  ( 0.000000000000000000, 0.8660254037844381525, 0.5000000000000006661 ) ) ;
#1269 = ORIENTED_EDGE ( 'NONE', *, *, #1668, .T. ) ;
#1270 = DIRECTION ( 'NONE',  ( -1.000000000000000000, 1.800751013124713288E-16, 0.000000000000000000 ) ) ;
#1271 = VERTEX_POINT ( 'NONE', #937 ) ;
#1272 = CARTESIAN_POINT ( 'NONE',  ( 25.30000000000001492, -5.000000000000000888, 0.000000000000000000 ) ) ;
#1273 = CYLINDRICAL_SURFACE ( 'NONE', #1565, 6.000000000000000000 ) ;
#1274 = FACE_BOUND ( 'NONE', #1914, .T. ) ;
#1275 = ORIENTED_EDGE ( 'NONE', *, *, #551, .F. ) ;
#1276 = ORIENTED_EDGE ( 'NONE', *, *, #1597, .T. ) ;
#1277 = EDGE_CURVE ( 'NONE', #1833, #2009, #1682, .T. ) ;
#1278 = DIRECTION ( 'NONE',  ( 1.000000000000000000, 0.000000000000000000, -0.000000000000000000 ) ) ;
#1279 = AXIS2_PLACEMENT_3D ( 'NONE', #1000, #720, #223 ) ;
#1280 = EDGE_LOOP ( 'NONE', ( #1312, #1579 ) ) ;
#1281 = CARTESIAN_POINT ( 'NONE',  ( 7.542275982507858133E-16, -3.000000000000000000, 12.50000000000000000 ) ) ;
#1282 =( BOUNDED_CURVE ( )  B_SPLINE_CURVE ( 3, ( #1105, #1741, #951, #1425 ),
 .UNSPECIFIED., .F., .F. ) 
 B_SPLINE_CURVE_WITH_KNOTS ( ( 4, 4 ),
 ( 0.000000000000000000, 3.141592653589793116 ),
 .UNSPECIFIED. ) 
 CURVE ( )  GEOMETRIC_REPRESENTATION_ITEM ( )  RATIONAL_B_SPLINE_CURVE ( ( 1.000000000000000000, 0.3333333333333333703, 0.3333333333333333703, 1.000000000000000000 ) ) 
 REPRESENTATION_ITEM ( '' )  );
#1283 = ORIENTED_EDGE ( 'NONE', *, *, #439, .T. ) ;
#1284 = CARTESIAN_POINT ( 'NONE',  ( -11.95000000000000107, -9.900000000000002132, 0.000000000000000000 ) ) ;
#1285 = CYLINDRICAL_SURFACE ( 'NONE', #441, 1.999999999999998890 ) ;
#1286 = CARTESIAN_POINT ( 'NONE',  ( 28.30000000000000071, -5.000000000000000888, 19.17157287525382969 ) ) ;
#1287 = PRODUCT ( 'belt tensioner', 'belt tensioner', '', ( #1628 ) ) ;
#1288 = EDGE_CURVE ( 'NONE', #178, #1529, #771, .T. ) ;
#1289 = EDGE_LOOP ( 'NONE', ( #1060, #1758 ) ) ;
#1290 = CARTESIAN_POINT ( 'NONE',  ( 28.29999999999999716, -5.000000000000002665, 4.171572875253813706 ) ) ;
#1291 = CARTESIAN_POINT ( 'NONE',  ( 19.37500000000000355, -7.020725942163699607, 0.000000000000000000 ) ) ;
#1292 = EDGE_LOOP ( 'NONE', ( #132, #91, #817, #823, #1840, #944, #466, #1820, #1363, #396, #1692, #1684, #670, #318, #799, #778, #684, #210, #1791, #1708 ) ) ;
#1293 = DIRECTION ( 'NONE',  ( -0.000000000000000000, -0.000000000000000000, -1.000000000000000000 ) ) ;
#1294 = ORIENTED_EDGE ( 'NONE', *, *, #294, .F. ) ;
#1295 =( BOUNDED_CURVE ( )  B_SPLINE_CURVE ( 3, ( #391, #213, #1944, #1034 ),
 .UNSPECIFIED., .F., .F. ) 
 B_SPLINE_CURVE_WITH_KNOTS ( ( 4, 4 ),
 ( 2.343856956463729875E-16, 3.141592653589793116 ),
 .UNSPECIFIED. ) 
 CURVE ( )  GEOMETRIC_REPRESENTATION_ITEM ( )  RATIONAL_B_SPLINE_CURVE ( ( 1.000000000000000000, 0.3333333333333335369, 0.3333333333333335369, 1.000000000000000000 ) ) 
 REPRESENTATION_ITEM ( '' )  );
#1296 = PLANE ( 'NONE',  #713 ) ;
#1297 = EDGE_CURVE ( 'NONE', #66, #77, #2035, .T. ) ;
#1298 = CARTESIAN_POINT ( 'NONE',  ( 0.000000000000000000, 0.000000000000000000, 0.000000000000000000 ) ) ;
#1299 = DIRECTION ( 'NONE',  ( -2.514091994169285716E-17, 1.000000000000000000, 0.000000000000000000 ) ) ;
#1300 = EDGE_CURVE ( 'NONE', #1164, #499, #1553, .T. ) ;
#1301 = EDGE_LOOP ( 'NONE', ( #158, #45, #1393, #2050 ) ) ;
#1302 = ADVANCED_FACE ( 'NONE', ( #1394, #1274, #335, #774 ), #1756, .F. ) ;
#1303 = VECTOR ( 'NONE', #373, 1000.000000000000114 ) ;
#1304 = CARTESIAN_POINT ( 'NONE',  ( 22.87500000000000355, -9.900000000000000355, 13.01295104291254212 ) ) ;
#1305 = DIRECTION ( 'NONE',  ( -0.7071067811865491270, -0.000000000000000000, 0.7071067811865459074 ) ) ;
#1306 = CARTESIAN_POINT ( 'NONE',  ( 28.29999999999999361, 25.00000000000000355, 12.50000000000001066 ) ) ;
#1307 = AXIS2_PLACEMENT_3D ( 'NONE', #1281, #1910, #1101 ) ;
#1308 = ORIENTED_EDGE ( 'NONE', *, *, #280, .T. ) ;
#1309 = DIRECTION ( 'NONE',  ( 0.000000000000000000, -1.000000000000000000, 0.000000000000000000 ) ) ;
#1310 = CARTESIAN_POINT ( 'NONE',  ( -26.05792329505721128, -8.445529658312125321, 0.000000000000000000 ) ) ;
#1311 =( BOUNDED_CURVE ( )  B_SPLINE_CURVE ( 3, ( #1291, #812, #161, #960 ),
 .UNSPECIFIED., .F., .T. ) 
 B_SPLINE_CURVE_WITH_KNOTS ( ( 4, 4 ),
 ( 3.141592653589793116, 6.283185307179586232 ),
 .UNSPECIFIED. ) 
 CURVE ( )  GEOMETRIC_REPRESENTATION_ITEM ( )  RATIONAL_B_SPLINE_CURVE ( ( 1.000000000000000000, 0.3333333333333333703, 0.3333333333333333703, 1.000000000000000000 ) ) 
 REPRESENTATION_ITEM ( '' )  );
#1312 = ORIENTED_EDGE ( 'NONE', *, *, #1445, .T. ) ;
#1313 = VECTOR ( 'NONE', #1365, 1000.000000000000000 ) ;
#1314 = CARTESIAN_POINT ( 'NONE',  ( 19.37500000000000355, -9.900000000000000355, 13.01295104291254567 ) ) ;
#1315 = DIRECTION ( 'NONE',  ( 0.7071067811865459074, -0.000000000000000000, 0.7071067811865491270 ) ) ;
#1316 = DIRECTION ( 'NONE',  ( 0.7071067811865459074, 0.000000000000000000, 0.7071067811865491270 ) ) ;
#1317 = VECTOR ( 'NONE', #762, 1000.000000000000000 ) ;
#1318 = CARTESIAN_POINT ( 'NONE',  ( -63.58818785333357226, 25.00000000000000000, -33.92588221180866981 ) ) ;
#1319 = ORIENTED_EDGE ( 'NONE', *, *, #1257, .T. ) ;
#1320 = DIRECTION ( 'NONE',  ( -1.577021341797097560E-16, 1.000000000000000000, 0.000000000000000000 ) ) ;
#1321 = EDGE_CURVE ( 'NONE', #788, #1049, #234, .T. ) ;
#1322 = ORIENTED_EDGE ( 'NONE', *, *, #1644, .F. ) ;
#1323 = DIRECTION ( 'NONE',  ( 1.532441233195061223E-17, 0.5000000000000009992, 0.8660254037844381525 ) ) ;
#1324 = EDGE_CURVE ( 'NONE', #259, #791, #950, .T. ) ;
#1325 = VECTOR ( 'NONE', #1231, 1000.000000000000000 ) ;
#1326 = DIRECTION ( 'NONE',  ( 0.000000000000000000, -0.000000000000000000, 1.000000000000000000 ) ) ;
#1327 = CARTESIAN_POINT ( 'NONE',  ( -25.16716142534897926, -9.899999999999998579, 0.000000000000000000 ) ) ;
#1328 = VERTEX_POINT ( 'NONE', #21 ) ;
#1329 = AXIS2_PLACEMENT_3D ( 'NONE', #115, #1651, #1212 ) ;
#1330 = CARTESIAN_POINT ( 'NONE',  ( 19.37500000000000355, -2.979274057836317713, 25.00000000000000000 ) ) ;
#1331 = ORIENTED_EDGE ( 'NONE', *, *, #1716, .T. ) ;
#1332 =( NAMED_UNIT ( * ) SI_UNIT ( $, .STERADIAN. ) SOLID_ANGLE_UNIT ( ) );
#1333 = DIRECTION ( 'NONE',  ( -1.000000000000000000, -2.514091994169285716E-17, 0.000000000000000000 ) ) ;
#1334 = ORIENTED_EDGE ( 'NONE', *, *, #658, .F. ) ;
#1335 = DIRECTION ( 'NONE',  ( -1.000000000000000000, -3.064882466390116283E-17, 0.000000000000000000 ) ) ;
#1336 = DIRECTION ( 'NONE',  ( 0.7749025321521012533, 0.000000000000000000, 0.6320807429943279265 ) ) ;
#1337 = FACE_OUTER_BOUND ( 'NONE', #497, .T. ) ;
#1338 = ORIENTED_EDGE ( 'NONE', *, *, #1321, .F. ) ;
#1339 = EDGE_LOOP ( 'NONE', ( #1029, #736, #1275, #1987 ) ) ;
#1340 = CARTESIAN_POINT ( 'NONE',  ( -19.37500000000000355, -7.020725942163699607, 0.000000000000000000 ) ) ;
#1341 = EDGE_LOOP ( 'NONE', ( #60, #1117, #230, #772, #1038, #149, #1973 ) ) ;
#1342 = VECTOR ( 'NONE', #535, 1000.000000000000000 ) ;
#1343 = ADVANCED_FACE ( 'NONE', ( #1252 ), #2048, .F. ) ;
#1344 = CARTESIAN_POINT ( 'NONE',  ( 19.37500000000000355, -9.900000000000000355, 13.01295104291254567 ) ) ;
#1345 = CARTESIAN_POINT ( 'NONE',  ( 25.30000000000002203, -3.660241307667877919, 1.734723475976807094E-15 ) ) ;
#1346 = VERTEX_POINT ( 'NONE', #1746 ) ;
#1347 = ORIENTED_EDGE ( 'NONE', *, *, #1596, .T. ) ;
#1348 = LINE ( 'NONE', #1224, #10 ) ;
#1349 = ORIENTED_EDGE ( 'NONE', *, *, #984, .F. ) ;
#1350 = EDGE_CURVE ( 'NONE', #419, #1538, #1241, .T. ) ;
#1351 = LINE ( 'NONE', #520, #625 ) ;
#1352 = LINE ( 'NONE', #561, #92 ) ;
#1353 = VERTEX_POINT ( 'NONE', #957 ) ;
#1354 = EDGE_CURVE ( 'NONE', #453, #1271, #177, .T. ) ;
#1355 = CARTESIAN_POINT ( 'NONE',  ( 28.30000000000000071, -0.8284271247461908461, 22.00000000000000000 ) ) ;
#1356 = CYLINDRICAL_SURFACE ( 'NONE', #1266, 1.000000000000000888 ) ;
#1357 = ORIENTED_EDGE ( 'NONE', *, *, #531, .T. ) ;
#1358 = CIRCLE ( 'NONE', #477, 1.000000000000000888 ) ;
#1359 = ORIENTED_EDGE ( 'NONE', *, *, #231, .F. ) ;
#1360 = LINE ( 'NONE', #1528, #1114 ) ;
#1361 = ORIENTED_EDGE ( 'NONE', *, *, #74, .T. ) ;
#1362 = DIRECTION ( 'NONE',  ( 0.7071067811865487940, 0.000000000000000000, -0.7071067811865462405 ) ) ;
#1363 = ORIENTED_EDGE ( 'NONE', *, *, #931, .T. ) ;
#1364 = CARTESIAN_POINT ( 'NONE',  ( 24.11108390454617023, -4.629724452910489063, 0.000000000000000000 ) ) ;
#1365 = DIRECTION ( 'NONE',  ( -0.000000000000000000, 1.000000000000000000, -0.000000000000000000 ) ) ;
#1366 = VERTEX_POINT ( 'NONE', #798 ) ;
#1367 = FACE_OUTER_BOUND ( 'NONE', #12, .T. ) ;
#1368 = ORIENTED_EDGE ( 'NONE', *, *, #385, .T. ) ;
#1369 = DATE_TIME_ROLE ( 'classification_date' ) ;
#1370 = CARTESIAN_POINT ( 'NONE',  ( 22.87500000000000355, -2.979274057836315492, 0.000000000000000000 ) ) ;
#1371 = CARTESIAN_POINT ( 'NONE',  ( 15.87500000000000533, -9.900000000000000355, 20.01295104291252969 ) ) ;
#1372 = VERTEX_POINT ( 'NONE', #136 ) ;
#1373 = CARTESIAN_POINT ( 'NONE',  ( 11.95000000000000107, -9.900000000000002132, 25.00000000000000000 ) ) ;
#1374 =( BOUNDED_CURVE ( )  B_SPLINE_CURVE ( 3, ( #928, #1258, #462, #494 ),
 .UNSPECIFIED., .F., .F. ) 
 B_SPLINE_CURVE_WITH_KNOTS ( ( 4, 4 ),
 ( 2.189101180477666109, 3.141592653589793116 ),
 .UNSPECIFIED. ) 
 CURVE ( )  GEOMETRIC_REPRESENTATION_ITEM ( )  RATIONAL_B_SPLINE_CURVE ( ( 1.000000000000000000, 0.9258148723465061680, 0.9258148723465061680, 1.000000000000000000 ) ) 
 REPRESENTATION_ITEM ( '' )  );
#1375 = CARTESIAN_POINT ( 'NONE',  ( 28.29999999999999361, -16.13106098038461411, 12.50000000000001066 ) ) ;
#1376 = CARTESIAN_POINT ( 'NONE',  ( -26.30000000000000426, 27.00000000000000000, 3.828427124746172971 ) ) ;
#1377 = EDGE_CURVE ( 'NONE', #975, #1222, #1374, .T. ) ;
#1378 = AXIS2_PLACEMENT_3D ( 'NONE', #621, #1540, #1853 ) ;
#1379 = DIRECTION ( 'NONE',  ( 0.7071067811865492381, 2.167199175524207211E-17, -0.7071067811865459074 ) ) ;
#1380 = ORIENTED_EDGE ( 'NONE', *, *, #287, .T. ) ;
#1381 = CALENDAR_DATE ( 2026, 2, 6 ) ;
#1382 = LINE ( 'NONE', #568, #343 ) ;
#1383 = VECTOR ( 'NONE', #1564, 1000.000000000000114 ) ;
#1384 = AXIS2_PLACEMENT_3D ( 'NONE', #843, #401, #1796 ) ;
#1385 = DIRECTION ( 'NONE',  ( 0.000000000000000000, 0.000000000000000000, -1.000000000000000000 ) ) ;
#1386 = VERTEX_POINT ( 'NONE', #1556 ) ;
#1387 = DIRECTION ( 'NONE',  ( 0.000000000000000000, 0.000000000000000000, -1.000000000000000000 ) ) ;
#1388 = ADVANCED_FACE ( 'NONE', ( #1896 ), #1885, .F. ) ;
#1389 = DIRECTION ( 'NONE',  ( -0.4544703416878744240, -0.8907618697082326786, 0.000000000000000000 ) ) ;
#1390 = CARTESIAN_POINT ( 'NONE',  ( 28.30000000000000071, -1.999999999999999112, 12.50000000000001066 ) ) ;
#1391 = EDGE_LOOP ( 'NONE', ( #182, #1085, #1201, #664, #194, #810, #2037, #1091 ) ) ;
#1392 = LINE ( 'NONE', #1248, #61 ) ;
#1393 = ORIENTED_EDGE ( 'NONE', *, *, #324, .F. ) ;
#1394 = FACE_BOUND ( 'NONE', #1280, .T. ) ;
#1395 = ORIENTED_EDGE ( 'NONE', *, *, #1625, .F. ) ;
#1396 = CARTESIAN_POINT ( 'NONE',  ( 18.10386699023166912, -16.13106098038461411, 25.00000000000000000 ) ) ;
#1397 = CARTESIAN_POINT ( 'NONE',  ( -15.52289723337013605, 22.00000000000000000, 25.00000000000000000 ) ) ;
#1398 = CARTESIAN_POINT ( 'NONE',  ( -28.30000000000000071, -5.000000000000000888, 19.17157287525380482 ) ) ;
#1399 = VERTEX_POINT ( 'NONE', #1102 ) ;
#1400 = CARTESIAN_POINT ( 'NONE',  ( 25.16716142534897926, -8.899999999999998579, 25.00000000000000000 ) ) ;
#1401 = AXIS2_PLACEMENT_3D ( 'NONE', #1648, #56, #994 ) ;
#1402 = VERTEX_POINT ( 'NONE', #148 ) ;
#1403 = VERTEX_POINT ( 'NONE', #782 ) ;
#1404 = DIRECTION ( 'NONE',  ( 1.532441233195061223E-17, 0.5000000000000009992, -0.8660254037844380415 ) ) ;
#1405 = EDGE_CURVE ( 'NONE', #1175, #1027, #1093, .T. ) ;
#1406 = CARTESIAN_POINT ( 'NONE',  ( 28.30000000000000071, 25.00000000000000000, 3.000000000000003109 ) ) ;
#1407 = AXIS2_PLACEMENT_3D ( 'NONE', #666, #1278, #475 ) ;
#1408 = DIRECTION ( 'NONE',  ( 0.000000000000000000, 1.000000000000000000, 0.000000000000000000 ) ) ;
#1409 = ORIENTED_EDGE ( 'NONE', *, *, #1413, .T. ) ;
#1410 = ORIENTED_EDGE ( 'NONE', *, *, #1022, .F. ) ;
#1411 = EDGE_CURVE ( 'NONE', #1149, #2000, #469, .T. ) ;
#1412 = DIRECTION ( 'NONE',  ( -0.000000000000000000, -0.000000000000000000, 1.000000000000000000 ) ) ;
#1413 = EDGE_CURVE ( 'NONE', #1787, #147, #316, .T. ) ;
#1414 = ORIENTED_EDGE ( 'NONE', *, *, #1084, .T. ) ;
#1415 = EDGE_CURVE ( 'NONE', #1846, #1678, #157, .T. ) ;
#1416 = CARTESIAN_POINT ( 'NONE',  ( -22.87500000000000355, -7.020725942163700495, 25.00000000000000000 ) ) ;
#1417 = PLANE ( 'NONE',  #614 ) ;
#1418 = ADVANCED_FACE ( 'NONE', ( #1737 ), #635, .F. ) ;
#1419 = ORIENTED_EDGE ( 'NONE', *, *, #1300, .F. ) ;
#1420 = LINE ( 'NONE', #533, #1116 ) ;
#1421 = DIRECTION ( 'NONE',  ( 1.000000000000000000, 1.489033026589533876E-16, -0.000000000000000000 ) ) ;
#1422 = DIRECTION ( 'NONE',  ( 1.532441233195061223E-17, 0.5000000000000009992, -0.8660254037844381525 ) ) ;
#1423 = EDGE_LOOP ( 'NONE', ( #1489, #2039, #451, #1969 ) ) ;
#1424 = CIRCLE ( 'NONE', #1697, 6.000000000000000000 ) ;
#1425 = CARTESIAN_POINT ( 'NONE',  ( 19.37500000000000355, -7.020725942163699607, 25.00000000000000000 ) ) ;
#1426 = ORIENTED_EDGE ( 'NONE', *, *, #1134, .T. ) ;
#1427 = CARTESIAN_POINT ( 'NONE',  ( 28.30000000000000071, -5.000000000000000888, 25.00000000000000000 ) ) ;
#1428 =( BOUNDED_CURVE ( )  B_SPLINE_CURVE ( 3, ( #663, #682, #69, #847 ),
 .UNSPECIFIED., .F., .F. ) 
 B_SPLINE_CURVE_WITH_KNOTS ( ( 4, 4 ),
 ( 0.000000000000000000, 3.141592653589793116 ),
 .UNSPECIFIED. ) 
 CURVE ( )  GEOMETRIC_REPRESENTATION_ITEM ( )  RATIONAL_B_SPLINE_CURVE ( ( 1.000000000000000000, 0.3333333333333333703, 0.3333333333333333703, 1.000000000000000000 ) ) 
 REPRESENTATION_ITEM ( '' )  );
#1429 = EDGE_CURVE ( 'NONE', #795, #840, #168, .T. ) ;
#1430 = CARTESIAN_POINT ( 'NONE',  ( -19.37500000000000355, -9.900000000000000355, 11.98704895708745610 ) ) ;
#1431 = ORIENTED_EDGE ( 'NONE', *, *, #1492, .F. ) ;
#1432 = VERTEX_POINT ( 'NONE', #143 ) ;
#1433 = DIRECTION ( 'NONE',  ( 0.4544703416878739244, -0.8907618697082330117, 0.000000000000000000 ) ) ;
#1434 = ORIENTED_EDGE ( 'NONE', *, *, #508, .T. ) ;
#1435 = DIRECTION ( 'NONE',  ( -2.514091994169285407E-17, 1.000000000000000000, -0.000000000000000000 ) ) ;
#1436 = EDGE_CURVE ( 'NONE', #1727, #178, #1704, .T. ) ;
#1437 = LINE ( 'NONE', #39, #1455 ) ;
#1438 = LINE ( 'NONE', #229, #1261 ) ;
#1439 = ORIENTED_EDGE ( 'NONE', *, *, #1601, .T. ) ;
#1440 = FACE_OUTER_BOUND ( 'NONE', #1929, .T. ) ;
#1441 = FACE_OUTER_BOUND ( 'NONE', #1264, .T. ) ;
#1442 = VECTOR ( 'NONE', #1643, 1000.000000000000000 ) ;
#1443 = ORIENTED_EDGE ( 'NONE', *, *, #631, .T. ) ;
#1444 = CARTESIAN_POINT ( 'NONE',  ( -26.05792329505721128, -8.445529658312123544, 25.00000000000000000 ) ) ;
#1445 = EDGE_CURVE ( 'NONE', #953, #1100, #245, .T. ) ;
#1446 = EDGE_CURVE ( 'NONE', #331, #1732, #329, .T. ) ;
#1447 = EDGE_LOOP ( 'NONE', ( #636, #1989 ) ) ;
#1448 = CARTESIAN_POINT ( 'NONE',  ( 25.16716142534897926, -9.899999999999998579, 0.000000000000000000 ) ) ;
#1449 = EDGE_CURVE ( 'NONE', #886, #718, #1099, .T. ) ;
#1450 = LINE ( 'NONE', #705, #1486 ) ;
#1451 = CARTESIAN_POINT ( 'NONE',  ( -24.11108390454616668, -4.629724452910480181, 0.000000000000000000 ) ) ;
#1452 = VERTEX_POINT ( 'NONE', #269 ) ;
#1453 = CC_DESIGN_SECURITY_CLASSIFICATION ( #141, ( #607 ) ) ;
#1454 = DIRECTION ( 'NONE',  ( 2.336327913773476917E-16, -1.000000000000000000, 0.000000000000000000 ) ) ;
#1455 = VECTOR ( 'NONE', #671, 1000.000000000000000 ) ;
#1456 = CARTESIAN_POINT ( 'NONE',  ( -25.30000000000001492, -3.000000000000000888, 25.00000000000000000 ) ) ;
#1457 = DIRECTION ( 'NONE',  ( 0.000000000000000000, -0.000000000000000000, 1.000000000000000000 ) ) ;
#1458 = ORIENTED_EDGE ( 'NONE', *, *, #658, .T. ) ;
#1459 = CARTESIAN_POINT ( 'NONE',  ( -28.30000000000000071, 25.00000000000000000, 2.999999999999988898 ) ) ;
#1460 = LINE ( 'NONE', #1181, #1655 ) ;
#1461 = CARTESIAN_POINT ( 'NONE',  ( 0.000000000000000000, 0.000000000000000000, 25.00000000000000000 ) ) ;
#1462 = ORIENTED_EDGE ( 'NONE', *, *, #1300, .T. ) ;
#1463 = CARTESIAN_POINT ( 'NONE',  ( -13.58283857465102606, -8.900000000000002132, 25.00000000000000000 ) ) ;
#1464 = LINE ( 'NONE', #1456, #189 ) ;
#1465 = ADVANCED_FACE ( 'NONE', ( #760 ), #622, .T. ) ;
#1466 = CARTESIAN_POINT ( 'NONE',  ( -25.30000000000000071, 25.00000000000000000, 0.000000000000000000 ) ) ;
#1467 = VECTOR ( 'NONE', #363, 999.9999999999998863 ) ;
#1468 = CARTESIAN_POINT ( 'NONE',  ( -12.69207670494279405, -8.445529658312127097, 25.00000000000000000 ) ) ;
#1469 = VERTEX_POINT ( 'NONE', #1893 ) ;
#1470 = DIRECTION ( 'NONE',  ( -0.000000000000000000, -0.000000000000000000, -1.000000000000000000 ) ) ;
#1471 = APPROVAL_STATUS ( 'not_yet_approved' ) ;
#1472 = CARTESIAN_POINT ( 'NONE',  ( 24.30000000000000071, -5.000000000000000888, 23.17157287525381193 ) ) ;
#1473 = CC_DESIGN_PERSON_AND_ORGANIZATION_ASSIGNMENT ( #283, #271, ( #607 ) ) ;
#1474 = ORIENTED_EDGE ( 'NONE', *, *, #1671, .T. ) ;
#1475 = EDGE_CURVE ( 'NONE', #1934, #419, #1150, .T. ) ;
#1476 = ADVANCED_FACE ( 'NONE', ( #456 ), #1069, .T. ) ;
#1477 = CARTESIAN_POINT ( 'NONE',  ( 28.30000000000000071, -5.000000000000000888, 5.828427124746200505 ) ) ;
#1478 = DIRECTION ( 'NONE',  ( -0.6320807429943283706, -9.411891017898060837E-17, 0.7749025321521010312 ) ) ;
#1479 = CARTESIAN_POINT ( 'NONE',  ( -18.10386699023167267, 26.17157287525381193, 25.00000000000000355 ) ) ;
#1480 = ORIENTED_EDGE ( 'NONE', *, *, #601, .T. ) ;
#1481 = CARTESIAN_POINT ( 'NONE',  ( 24.11108390454616668, -4.629724452910479293, 25.00000000000000000 ) ) ;
#1482 = ORIENTED_EDGE ( 'NONE', *, *, #1075, .F. ) ;
#1483 = DATE_AND_TIME ( #387, #1225 ) ;
#1484 = CARTESIAN_POINT ( 'NONE',  ( 24.23497275108334037, -4.872546592123352838, 24.39336578498053498 ) ) ;
#1485 = ORIENTED_EDGE ( 'NONE', *, *, #729, .F. ) ;
#1486 = VECTOR ( 'NONE', #525, 1000.000000000000114 ) ;
#1487 = CARTESIAN_POINT ( 'NONE',  ( 37.88578643762690490, -5.000000000000000888, 15.41421356237314555 ) ) ;
#1488 = CARTESIAN_POINT ( 'NONE',  ( -13.58283857465102606, -9.900000000000002132, 25.00000000000000000 ) ) ;
#1489 = ORIENTED_EDGE ( 'NONE', *, *, #140, .F. ) ;
#1490 = ORIENTED_EDGE ( 'NONE', *, *, #747, .T. ) ;
#1491 = CARTESIAN_POINT ( 'NONE',  ( 18.10386699023166912, 25.00000000000000355, 25.00000000000000000 ) ) ;
#1492 = EDGE_CURVE ( 'NONE', #1372, #1934, #1533, .T. ) ;
#1493 = ORIENTED_EDGE ( 'NONE', *, *, #857, .T. ) ;
#1494 =( BOUNDED_CURVE ( )  B_SPLINE_CURVE ( 3, ( #1130, #539, #59, #526 ),
 .UNSPECIFIED., .F., .F. ) 
 B_SPLINE_CURVE_WITH_KNOTS ( ( 4, 4 ),
 ( 1.570796326794899000, 3.141592653589793116 ),
 .UNSPECIFIED. ) 
 CURVE ( )  GEOMETRIC_REPRESENTATION_ITEM ( )  RATIONAL_B_SPLINE_CURVE ( ( 1.000000000000000000, 0.8047378541243654926, 0.8047378541243654926, 1.000000000000000000 ) ) 
 REPRESENTATION_ITEM ( '' )  );
#1495 = CARTESIAN_POINT ( 'NONE',  ( -28.30000000000000782, -0.8284271247461912901, 22.00000000000000355 ) ) ;
#1496 = VECTOR ( 'NONE', #1151, 1000.000000000000114 ) ;
#1497 = CARTESIAN_POINT ( 'NONE',  ( -22.47157287525381264, 27.00000000000000000, 0.000000000000000000 ) ) ;
#1498 = DIRECTION ( 'NONE',  ( 0.000000000000000000, -0.000000000000000000, 1.000000000000000000 ) ) ;
#1499 = ORIENTED_EDGE ( 'NONE', *, *, #901, .T. ) ;
#1500 = ADVANCED_FACE ( 'NONE', ( #1367 ), #312, .T. ) ;
#1501 = ORIENTED_EDGE ( 'NONE', *, *, #1887, .T. ) ;
#1502 = DATE_TIME_ROLE ( 'creation_date' ) ;
#1503 = CARTESIAN_POINT ( 'NONE',  ( -15.52289723337013783, 27.00000000000000000, 25.00000000000000000 ) ) ;
#1504 = LINE ( 'NONE', #583, #1012 ) ;
#1505 = CARTESIAN_POINT ( 'NONE',  ( 22.47157287525380198, 6.887272969757310739E-16, 25.00000000000000000 ) ) ;
#1506 = CIRCLE ( 'NONE', #1802, 1.000000000000000888 ) ;
#1507 = CARTESIAN_POINT ( 'NONE',  ( -15.87500000000000533, -7.020725942163700495, 25.00000000000000000 ) ) ;
#1508 =( BOUNDED_CURVE ( )  B_SPLINE_CURVE ( 3, ( #1616, #1174, #1163, #388 ),
 .UNSPECIFIED., .F., .F. ) 
 B_SPLINE_CURVE_WITH_KNOTS ( ( 4, 4 ),
 ( 0.000000000000000000, 1.570796326794897002 ),
 .UNSPECIFIED. ) 
 CURVE ( )  GEOMETRIC_REPRESENTATION_ITEM ( )  RATIONAL_B_SPLINE_CURVE ( ( 1.000000000000000000, 0.8047378541243649375, 0.8047378541243649375, 1.000000000000000000 ) ) 
 REPRESENTATION_ITEM ( '' )  );
#1509 = AXIS2_PLACEMENT_3D ( 'NONE', #1214, #1828, #1194 ) ;
#1510 = CARTESIAN_POINT ( 'NONE',  ( 28.30000000000000071, 25.00000000000000000, 25.00000000000000000 ) ) ;
#1511 = ORIENTED_EDGE ( 'NONE', *, *, #124, .T. ) ;
#1512 = EDGE_CURVE ( 'NONE', #162, #1175, #180, .T. ) ;
#1513 = ORIENTED_EDGE ( 'NONE', *, *, #901, .F. ) ;
#1514 = EDGE_CURVE ( 'NONE', #1222, #2000, #580, .T. ) ;
#1515 = CARTESIAN_POINT ( 'NONE',  ( -28.30000000000000426, 26.17157287525381193, 2.999999999999988454 ) ) ;
#1516 = EDGE_CURVE ( 'NONE', #1100, #953, #450, .T. ) ;
#1517 = ORIENTED_EDGE ( 'NONE', *, *, #1805, .F. ) ;
#1518 = CARTESIAN_POINT ( 'NONE',  ( 37.88578643762690490, -3.000000000000000888, 15.41421356237314377 ) ) ;
#1519 = ADVANCED_BREP_SHAPE_REPRESENTATION ( 'belt tensioner', ( #1865, #1866 ), #537 ) ;
#1520 = ORIENTED_EDGE ( 'NONE', *, *, #103, .F. ) ;
#1521 = DIRECTION ( 'NONE',  ( 0.000000000000000000, -0.8660254037844382635, 0.5000000000000005551 ) ) ;
#1522 = DIRECTION ( 'NONE',  ( -1.000000000000000000, 0.000000000000000000, 0.000000000000000000 ) ) ;
#1523 = ORIENTED_EDGE ( 'NONE', *, *, #1492, .T. ) ;
#1524 = CARTESIAN_POINT ( 'NONE',  ( 19.37500000000000355, -2.979274057836317713, 25.00000000000000000 ) ) ;
#1525 = VERTEX_POINT ( 'NONE', #1221 ) ;
#1526 = APPROVAL_ROLE ( '' ) ;
#1527 = AXIS2_PLACEMENT_3D ( 'NONE', #29, #1594, #197 ) ;
#1528 = CARTESIAN_POINT ( 'NONE',  ( 23.30000000000000426, 24.00000000000000355, 18.62977488035143381 ) ) ;
#1529 = VERTEX_POINT ( 'NONE', #1715 ) ;
#1530 = VECTOR ( 'NONE', #875, 1000.000000000000227 ) ;
#1531 = LINE ( 'NONE', #1375, #1019 ) ;
#1532 = DIRECTION ( 'NONE',  ( 0.000000000000000000, 0.000000000000000000, -1.000000000000000000 ) ) ;
#1533 = LINE ( 'NONE', #749, #1007 ) ;
#1534 = EDGE_LOOP ( 'NONE', ( #1858, #1216, #1361, #122 ) ) ;
#1535 = CARTESIAN_POINT ( 'NONE',  ( 7.347880794884118750E-16, 22.00000000000000711, 6.500000000000000888 ) ) ;
#1536 = EDGE_CURVE ( 'NONE', #1649, #626, #1551, .T. ) ;
#1537 = DIRECTION ( 'NONE',  ( -0.7071067811865491270, -2.167199175524206903E-17, 0.7071067811865459074 ) ) ;
#1538 = VERTEX_POINT ( 'NONE', #26 ) ;
#1539 = DIRECTION ( 'NONE',  ( 0.7071067811865492381, 0.000000000000000000, -0.7071067811865457964 ) ) ;
#1540 = DIRECTION ( 'NONE',  ( -0.000000000000000000, 1.000000000000000000, -0.000000000000000000 ) ) ;
#1541 = CARTESIAN_POINT ( 'NONE',  ( -15.87500000000000533, -7.020725942163700495, 0.000000000000000000 ) ) ;
#1542 = ORIENTED_EDGE ( 'NONE', *, *, #108, .F. ) ;
#1543 = COORDINATED_UNIVERSAL_TIME_OFFSET ( 1, 0, .AHEAD. ) ;
#1544 = CARTESIAN_POINT ( 'NONE',  ( 11.95000000000000107, -9.900000000000002132, 25.00000000000000000 ) ) ;
#1545 = VECTOR ( 'NONE', #1184, 1000.000000000000000 ) ;
#1546 = CARTESIAN_POINT ( 'NONE',  ( 6.788048384257071925E-16, 1.706577809889445661E-32, 12.50000000000000000 ) ) ;
#1547 = DIRECTION ( 'NONE',  ( 0.4544703416878744240, 0.8907618697082327897, 0.000000000000000000 ) ) ;
#1548 = ORIENTED_EDGE ( 'NONE', *, *, #754, .F. ) ;
#1549 = CARTESIAN_POINT ( 'NONE',  ( -26.30000000000000782, -2.512018435384022447E-16, 14.95190995214057139 ) ) ;
#1550 = DIRECTION ( 'NONE',  ( 1.000000000000000000, 0.000000000000000000, 0.000000000000000000 ) ) ;
#1551 = LINE ( 'NONE', #1427, #484 ) ;
#1552 = ORIENTED_EDGE ( 'NONE', *, *, #449, .T. ) ;
#1553 = LINE ( 'NONE', #1884, #432 ) ;
#1554 = LOCAL_TIME ( 10, 24, 43.00000000000000000, #1543 ) ;
#1555 = ORIENTED_EDGE ( 'NONE', *, *, #472, .F. ) ;
#1556 = CARTESIAN_POINT ( 'NONE',  ( 13.58283857465102784, -9.900000000000002132, 25.00000000000000000 ) ) ;
#1557 = ORIENTED_EDGE ( 'NONE', *, *, #1411, .F. ) ;
#1558 = DIRECTION ( 'NONE',  ( -0.7071067811865457964, 0.000000000000000000, -0.7071067811865492381 ) ) ;
#1559 = CARTESIAN_POINT ( 'NONE',  ( 18.10386699023166912, 24.00000000000000355, 25.00000000000000000 ) ) ;
#1560 = DIRECTION ( 'NONE',  ( -0.7071067811865462405, 0.000000000000000000, -0.7071067811865487940 ) ) ;
#1561 = ADVANCED_FACE ( 'NONE', ( #6 ), #18, .T. ) ;
#1562 = EDGE_LOOP ( 'NONE', ( #186, #1338 ) ) ;
#1563 = EDGE_CURVE ( 'NONE', #1660, #1372, #1118, .T. ) ;
#1564 = DIRECTION ( 'NONE',  ( -0.7071067811865459074, -0.000000000000000000, -0.7071067811865491270 ) ) ;
#1565 = AXIS2_PLACEMENT_3D ( 'NONE', #493, #342, #1753 ) ;
#1566 = EDGE_CURVE ( 'NONE', #49, #718, #805, .T. ) ;
#1567 = DIRECTION ( 'NONE',  ( -0.7071067811865491270, -0.000000000000000000, 0.7071067811865459074 ) ) ;
#1568 = ORIENTED_EDGE ( 'NONE', *, *, #8, .F. ) ;
#1569 = VECTOR ( 'NONE', #130, 1000.000000000000000 ) ;
#1570 = CARTESIAN_POINT ( 'NONE',  ( -28.29999999999999361, -2.000000000000001776, 12.50000000000001066 ) ) ;
#1571 = FACE_OUTER_BOUND ( 'NONE', #261, .T. ) ;
#1572 = EDGE_LOOP ( 'NONE', ( #87, #697, #308, #611, #1131, #1770 ) ) ;
#1573 = CARTESIAN_POINT ( 'NONE',  ( 28.30000000000000071, -5.000000000000000888, 19.17157287525382969 ) ) ;
#1574 =( BOUNDED_CURVE ( )  B_SPLINE_CURVE ( 3, ( #1481, #1171, #545, #1810 ),
 .UNSPECIFIED., .F., .T. ) 
 B_SPLINE_CURVE_WITH_KNOTS ( ( 4, 4 ),
 ( 5.330693834067460557, 6.283185307179586232 ),
 .UNSPECIFIED. ) 
 CURVE ( )  GEOMETRIC_REPRESENTATION_ITEM ( )  RATIONAL_B_SPLINE_CURVE ( ( 1.000000000000000000, 0.9258148723465062790, 0.9258148723465062790, 1.000000000000000000 ) ) 
 REPRESENTATION_ITEM ( '' )  );
#1575 = CARTESIAN_POINT ( 'NONE',  ( -19.37500000000000355, -17.05031754730550730, 20.87176223927185248 ) ) ;
#1576 = AXIS2_PLACEMENT_3D ( 'NONE', #1083, #1721, #11 ) ;
#1577 = VERTEX_POINT ( 'NONE', #1902 ) ;
#1578 = CARTESIAN_POINT ( 'NONE',  ( 13.58283857465102784, -8.900000000000002132, 0.000000000000000000 ) ) ;
#1579 = ORIENTED_EDGE ( 'NONE', *, *, #1516, .T. ) ;
#1580 = DIRECTION ( 'NONE',  ( -1.000000000000000000, 0.000000000000000000, 0.000000000000000000 ) ) ;
#1581 = ADVANCED_FACE ( 'NONE', ( #1612 ), #1108, .F. ) ;
#1582 = LINE ( 'NONE', #1128, #572 ) ;
#1583 = VECTOR ( 'NONE', #930, 1000.000000000000000 ) ;
#1584 = DIRECTION ( 'NONE',  ( 0.000000000000000000, 0.8660254037844381525, 0.5000000000000006661 ) ) ;
#1585 = ORIENTED_EDGE ( 'NONE', *, *, #2046, .T. ) ;
#1586 = VECTOR ( 'NONE', #390, 1000.000000000000000 ) ;
#1587 = ADVANCED_FACE ( 'NONE', ( #1752 ), #1602, .F. ) ;
#1588 = FACE_OUTER_BOUND ( 'NONE', #1423, .T. ) ;
#1589 = ORIENTED_EDGE ( 'NONE', *, *, #1563, .F. ) ;
#1590 = DIRECTION ( 'NONE',  ( -0.000000000000000000, 0.000000000000000000, -1.000000000000000000 ) ) ;
#1591 = AXIS2_PLACEMENT_3D ( 'NONE', #1047, #110, #1233 ) ;
#1592 = CARTESIAN_POINT ( 'NONE',  ( 18.10386699023166912, 25.00000000000000355, 25.00000000000000000 ) ) ;
#1593 = VECTOR ( 'NONE', #1764, 1000.000000000000114 ) ;
#1594 = DIRECTION ( 'NONE',  ( -0.000000000000000000, 0.000000000000000000, -1.000000000000000000 ) ) ;
#1595 = ORIENTED_EDGE ( 'NONE', *, *, #1536, .F. ) ;
#1596 = EDGE_CURVE ( 'NONE', #1833, #791, #483, .T. ) ;
#1597 = EDGE_CURVE ( 'NONE', #1886, #1402, #381, .T. ) ;
#1598 = DIRECTION ( 'NONE',  ( 1.000000000000000000, -1.800751013124713288E-16, 0.000000000000000000 ) ) ;
#1599 = DIRECTION ( 'NONE',  ( 0.7071067811865491270, 0.000000000000000000, -0.7071067811865459074 ) ) ;
#1600 = EDGE_LOOP ( 'NONE', ( #925, #1585, #730, #1200 ) ) ;
#1601 = EDGE_CURVE ( 'NONE', #263, #1154, #332, .T. ) ;
#1602 = PLANE ( 'NONE',  #1204 ) ;
#1603 = EDGE_LOOP ( 'NONE', ( #1179, #849, #1557, #981 ) ) ;
#1604 = VECTOR ( 'NONE', #573, 1000.000000000000000 ) ;
#1605 = CARTESIAN_POINT ( 'NONE',  ( 26.05792329505721128, -8.445529658312125321, 25.00000000000000000 ) ) ;
#1606 = DIRECTION ( 'NONE',  ( 0.000000000000000000, 1.000000000000000000, 0.000000000000000000 ) ) ;
#1607 = VECTOR ( 'NONE', #1686, 999.9999999999998863 ) ;
#1608 = CARTESIAN_POINT ( 'NONE',  ( 24.11108390454616668, -4.629724452910479293, 25.00000000000000000 ) ) ;
#1609 = ORIENTED_EDGE ( 'NONE', *, *, #299, .F. ) ;
#1610 = CARTESIAN_POINT ( 'NONE',  ( 28.30000000000000071, -2.999999999999999112, 3.000000000000003109 ) ) ;
#1611 = CARTESIAN_POINT ( 'NONE',  ( 25.30000000000001492, 0.000000000000000000, 0.000000000000000000 ) ) ;
#1612 = FACE_OUTER_BOUND ( 'NONE', #1624, .T. ) ;
#1613 = ORIENTED_EDGE ( 'NONE', *, *, #251, .F. ) ;
#1614 = CARTESIAN_POINT ( 'NONE',  ( -19.37500000000000355, -18.56586200392827735, 19.99676223927184893 ) ) ;
#1615 = CARTESIAN_POINT ( 'NONE',  ( -23.88578643762690845, -7.320712804862155509E-16, 23.58578643762691840 ) ) ;
#1616 = CARTESIAN_POINT ( 'NONE',  ( -28.30000000000000071, -3.000000000000000888, 2.999999999999988898 ) ) ;
#1617 = VERTEX_POINT ( 'NONE', #983 ) ;
#1618 = ADVANCED_FACE ( 'NONE', ( #202 ), #192, .F. ) ;
#1619 = CARTESIAN_POINT ( 'NONE',  ( 28.29999999999999716, -4.171572875253810153, 2.999999999999999112 ) ) ;
#1620 = CARTESIAN_POINT ( 'NONE',  ( 25.16716142534897926, -8.899999999999998579, 0.000000000000000000 ) ) ;
#1621 = DIRECTION ( 'NONE',  ( 1.000000000000000000, 0.000000000000000000, 0.000000000000000000 ) ) ;
#1622 = APPROVAL ( #1471, 'UNSPECIFIED' ) ;
#1623 = CARTESIAN_POINT ( 'NONE',  ( 28.30000000000000071, -5.000000000000000888, 25.00000000000000000 ) ) ;
#1624 = EDGE_LOOP ( 'NONE', ( #1898, #1462, #536, #896 ) ) ;
#1625 = EDGE_CURVE ( 'NONE', #1617, #1072, #174, .T. ) ;
#1626 = CYLINDRICAL_SURFACE ( 'NONE', #1240, 1.750000000000001332 ) ;
#1627 = ADVANCED_FACE ( 'NONE', ( #1915 ), #962, .T. ) ;
#1628 = MECHANICAL_CONTEXT ( 'NONE', #1861, 'mechanical' ) ;
#1629 = CARTESIAN_POINT ( 'NONE',  ( 25.30000000000001492, -3.000000000000000888, 0.000000000000000000 ) ) ;
#1630 = ORIENTED_EDGE ( 'NONE', *, *, #594, .F. ) ;
#1631 = FACE_OUTER_BOUND ( 'NONE', #1292, .T. ) ;
#1632 = DIRECTION ( 'NONE',  ( -1.532441233195061223E-17, 0.5000000000000009992, 0.8660254037844380415 ) ) ;
#1633 = FACE_OUTER_BOUND ( 'NONE', #82, .T. ) ;
#1634 = ORIENTED_EDGE ( 'NONE', *, *, #835, .T. ) ;
#1635 = CARTESIAN_POINT ( 'NONE',  ( -24.30000000000000071, -5.000000000000000888, 25.00000000000000000 ) ) ;
#1636 = ORIENTED_EDGE ( 'NONE', *, *, #1445, .F. ) ;
#1637 = CARTESIAN_POINT ( 'NONE',  ( 22.87500000000000355, -9.900000000000000355, 4.987048957087471202 ) ) ;
#1638 = PLANE ( 'NONE',  #277 ) ;
#1639 = ORIENTED_EDGE ( 'NONE', *, *, #140, .T. ) ;
#1640 =( BOUNDED_CURVE ( )  B_SPLINE_CURVE ( 3, ( #1141, #1778, #506, #1286 ),
 .UNSPECIFIED., .F., .F. ) 
 B_SPLINE_CURVE_WITH_KNOTS ( ( 4, 4 ),
 ( 3.141592653589793116, 4.712388980384689674 ),
 .UNSPECIFIED. ) 
 CURVE ( )  GEOMETRIC_REPRESENTATION_ITEM ( )  RATIONAL_B_SPLINE_CURVE ( ( 1.000000000000000000, 0.8047378541243649375, 0.8047378541243649375, 1.000000000000000000 ) ) 
 REPRESENTATION_ITEM ( '' )  );
#1641 = AXIS2_PLACEMENT_3D ( 'NONE', #1199, #1532, #1522 ) ;
#1642 = CARTESIAN_POINT ( 'NONE',  ( 22.87500000000000355, -9.900000000000000355, 20.01295104291252969 ) ) ;
#1643 = DIRECTION ( 'NONE',  ( 0.000000000000000000, -0.000000000000000000, 1.000000000000000000 ) ) ;
#1644 = EDGE_CURVE ( 'NONE', #1870, #364, #461, .T. ) ;
#1645 = VECTOR ( 'NONE', #1632, 1000.000000000000114 ) ;
#1646 = CARTESIAN_POINT ( 'NONE',  ( -26.30000000000000426, -2.000000000000000888, 25.00000000000000000 ) ) ;
#1647 = ORIENTED_EDGE ( 'NONE', *, *, #1238, .T. ) ;
#1648 = CARTESIAN_POINT ( 'NONE',  ( 24.30000000000000071, -5.000000000000000888, 25.00000000000000000 ) ) ;
#1649 = VERTEX_POINT ( 'NONE', #1573 ) ;
#1650 = FACE_OUTER_BOUND ( 'NONE', #744, .T. ) ;
#1651 = DIRECTION ( 'NONE',  ( -0.7071067811865459074, -0.000000000000000000, -0.7071067811865491270 ) ) ;
#1652 = LINE ( 'NONE', #1981, #947 ) ;
#1653 = DIRECTION ( 'NONE',  ( -1.000000000000000000, -0.000000000000000000, -0.000000000000000000 ) ) ;
#1654 =( BOUNDED_CURVE ( )  B_SPLINE_CURVE ( 3, ( #1314, #1304, #1642, #1971 ),
 .UNSPECIFIED., .F., .F. ) 
 B_SPLINE_CURVE_WITH_KNOTS ( ( 4, 4 ),
 ( 3.141592653589793116, 6.283185307179586232 ),
 .UNSPECIFIED. ) 
 CURVE ( )  GEOMETRIC_REPRESENTATION_ITEM ( )  RATIONAL_B_SPLINE_CURVE ( ( 1.000000000000000000, 0.3333333333333333703, 0.3333333333333333703, 1.000000000000000000 ) ) 
 REPRESENTATION_ITEM ( '' )  );
#1655 = VECTOR ( 'NONE', #217, 1000.000000000000114 ) ;
#1656 = EDGE_CURVE ( 'NONE', #315, #1399, #860, .T. ) ;
#1657 = LINE ( 'NONE', #874, #233 ) ;
#1658 = CARTESIAN_POINT ( 'NONE',  ( 24.30000000000000071, -5.000000000000000888, 25.00000000000000000 ) ) ;
#1659 = ORIENTED_EDGE ( 'NONE', *, *, #687, .T. ) ;
#1660 = VERTEX_POINT ( 'NONE', #639 ) ;
#1661 = DIRECTION ( 'NONE',  ( -0.4544703416878739244, 0.8907618697082330117, 0.000000000000000000 ) ) ;
#1662 = CARTESIAN_POINT ( 'NONE',  ( -28.30000000000000071, -5.000000000000000888, 5.828427124746168531 ) ) ;
#1663 = DIRECTION ( 'NONE',  ( 1.000000000000000000, 0.000000000000000000, 0.000000000000000000 ) ) ;
#1664 = FACE_BOUND ( 'NONE', #1675, .T. ) ;
#1665 = PLANE ( 'NONE',  #1165 ) ;
#1666 = EDGE_CURVE ( 'NONE', #985, #1850, #822, .T. ) ;
#1667 = VECTOR ( 'NONE', #1598, 1000.000000000000000 ) ;
#1668 = EDGE_CURVE ( 'NONE', #917, #770, #1420, .T. ) ;
#1669 = FACE_OUTER_BOUND ( 'NONE', #104, .T. ) ;
#1670 = DIRECTION ( 'NONE',  ( 0.7749025321521004761, 0.000000000000000000, -0.6320807429943289257 ) ) ;
#1671 = EDGE_CURVE ( 'NONE', #770, #1846, #370, .T. ) ;
#1672 = ORIENTED_EDGE ( 'NONE', *, *, #42, .T. ) ;
#1673 = ORIENTED_EDGE ( 'NONE', *, *, #747, .F. ) ;
#1674 = DIRECTION ( 'NONE',  ( -1.000000000000000000, 0.000000000000000000, 0.000000000000000000 ) ) ;
#1675 = EDGE_LOOP ( 'NONE', ( #1253, #1906 ) ) ;
#1676 = VECTOR ( 'NONE', #369, 1000.000000000000000 ) ;
#1677 = FACE_OUTER_BOUND ( 'NONE', #1074, .T. ) ;
#1678 = VERTEX_POINT ( 'NONE', #1964 ) ;
#1679 = DIRECTION ( 'NONE',  ( 1.532441233195061223E-17, 0.5000000000000009992, 0.8660254037844381525 ) ) ;
#1680 = DIRECTION ( 'NONE',  ( -0.000000000000000000, 0.000000000000000000, -1.000000000000000000 ) ) ;
#1681 = EDGE_LOOP ( 'NONE', ( #2027, #511 ) ) ;
#1682 = CIRCLE ( 'NONE', #1949, 6.000000000000000000 ) ;
#1683 = CARTESIAN_POINT ( 'NONE',  ( 23.30000000000000426, 22.82842712474619873, 18.62977488035143736 ) ) ;
#1684 = ORIENTED_EDGE ( 'NONE', *, *, #1288, .F. ) ;
#1685 = FACE_OUTER_BOUND ( 'NONE', #1920, .T. ) ;
#1686 = DIRECTION ( 'NONE',  ( -0.6320807429943283706, -9.411891017898060837E-17, -0.7749025321521010312 ) ) ;
#1687 = ORIENTED_EDGE ( 'NONE', *, *, #1699, .F. ) ;
#1688 = EDGE_CURVE ( 'NONE', #339, #1386, #659, .T. ) ;
#1689 = DIRECTION ( 'NONE',  ( -0.000000000000000000, 1.000000000000000000, -0.000000000000000000 ) ) ;
#1690 = AXIS2_PLACEMENT_3D ( 'NONE', #1396, #1244, #1097 ) ;
#1691 = DIRECTION ( 'NONE',  ( -0.7749025321521012533, 0.000000000000000000, -0.6320807429943279265 ) ) ;
#1692 = ORIENTED_EDGE ( 'NONE', *, *, #872, .T. ) ;
#1693 = CARTESIAN_POINT ( 'NONE',  ( -28.30000000000000071, -5.000000000000000888, 20.82842712474618807 ) ) ;
#1694 = APPROVAL ( #89, 'UNSPECIFIED' ) ;
#1695 = ORIENTED_EDGE ( 'NONE', *, *, #206, .T. ) ;
#1696 = COORDINATED_UNIVERSAL_TIME_OFFSET ( 1, 0, .AHEAD. ) ;
#1697 = AXIS2_PLACEMENT_3D ( 'NONE', #1790, #1299, #1333 ) ;
#1698 = CARTESIAN_POINT ( 'NONE',  ( 18.10386699023166912, 26.17157287525381903, 25.00000000000000000 ) ) ;
#1699 = EDGE_CURVE ( 'NONE', #173, #2012, #521, .T. ) ;
#1700 = CARTESIAN_POINT ( 'NONE',  ( -23.30000000000000426, 22.00000000000000000, -62.71012677391110657 ) ) ;
#1701 = ORIENTED_EDGE ( 'NONE', *, *, #1754, .F. ) ;
#1702 = LINE ( 'NONE', #765, #1960 ) ;
#1703 = FACE_OUTER_BOUND ( 'NONE', #489, .T. ) ;
#1704 = LINE ( 'NONE', #446, #1569 ) ;
#1705 = ORIENTED_EDGE ( 'NONE', *, *, #105, .T. ) ;
#1706 = APPROVAL_DATE_TIME ( #1483, #1622 ) ;
#1707 = LINE ( 'NONE', #624, #695 ) ;
#1708 = ORIENTED_EDGE ( 'NONE', *, *, #295, .T. ) ;
#1709 = DIRECTION ( 'NONE',  ( 0.000000000000000000, 1.000000000000000000, 0.000000000000000000 ) ) ;
#1710 = ORIENTED_EDGE ( 'NONE', *, *, #1699, .T. ) ;
#1711 = CYLINDRICAL_SURFACE ( 'NONE', #1094, 1.999999999999997780 ) ;
#1712 = VECTOR ( 'NONE', #24, 999.9999999999998863 ) ;
#1713 =( BOUNDED_CURVE ( )  B_SPLINE_CURVE ( 3, ( #72, #709, #1780, #829 ),
 .UNSPECIFIED., .F., .F. ) 
 B_SPLINE_CURVE_WITH_KNOTS ( ( 4, 4 ),
 ( 3.141592653589794892, 4.712388980384689674 ),
 .UNSPECIFIED. ) 
 CURVE ( )  GEOMETRIC_REPRESENTATION_ITEM ( )  RATIONAL_B_SPLINE_CURVE ( ( 1.000000000000000000, 0.8047378541243654926, 0.8047378541243654926, 1.000000000000000000 ) ) 
 REPRESENTATION_ITEM ( '' )  );
#1714 = CARTESIAN_POINT ( 'NONE',  ( -28.29999999999999361, -16.13106098038461411, 12.50000000000001066 ) ) ;
#1715 = CARTESIAN_POINT ( 'NONE',  ( 14.45000000000000107, -5.000000000000000888, 25.00000000000000000 ) ) ;
#1716 = EDGE_CURVE ( 'NONE', #66, #1577, #1295, .T. ) ;
#1717 = ORIENTED_EDGE ( 'NONE', *, *, #1688, .F. ) ;
#1718 = CARTESIAN_POINT ( 'NONE',  ( 7.542275982507858133E-16, -3.000000000000000000, 12.50000000000000000 ) ) ;
#1719 = ORIENTED_EDGE ( 'NONE', *, *, #916, .F. ) ;
#1720 = VECTOR ( 'NONE', #1158, 1000.000000000000000 ) ;
#1721 = DIRECTION ( 'NONE',  ( -0.000000000000000000, 1.000000000000000000, -0.000000000000000000 ) ) ;
#1722 = ORIENTED_EDGE ( 'NONE', *, *, #357, .F. ) ;
#1723 = FACE_OUTER_BOUND ( 'NONE', #579, .T. ) ;
#1724 = CARTESIAN_POINT ( 'NONE',  ( 15.52289723337013072, 22.00000000000000711, 25.00000000000000000 ) ) ;
#1725 = EDGE_CURVE ( 'NONE', #339, #463, #244, .T. ) ;
#1726 =( BOUNDED_CURVE ( )  B_SPLINE_CURVE ( 3, ( #196, #1416, #1899, #1888 ),
 .UNSPECIFIED., .F., .F. ) 
 B_SPLINE_CURVE_WITH_KNOTS ( ( 4, 4 ),
 ( 3.141592653589793116, 6.283185307179586232 ),
 .UNSPECIFIED. ) 
 CURVE ( )  GEOMETRIC_REPRESENTATION_ITEM ( )  RATIONAL_B_SPLINE_CURVE ( ( 1.000000000000000000, 0.3333333333333333703, 0.3333333333333333703, 1.000000000000000000 ) ) 
 REPRESENTATION_ITEM ( '' )  );
#1727 = VERTEX_POINT ( 'NONE', #85 ) ;
#1728 = CARTESIAN_POINT ( 'NONE',  ( 25.30000000000001492, -3.000000000000000888, 0.000000000000000000 ) ) ;
#1729 = VECTOR ( 'NONE', #433, 1000.000000000000000 ) ;
#1730 = VECTOR ( 'NONE', #1709, 1000.000000000000000 ) ;
#1731 = DIRECTION ( 'NONE',  ( 0.000000000000000000, -1.000000000000000000, 0.000000000000000000 ) ) ;
#1732 = VERTEX_POINT ( 'NONE', #1167 ) ;
#1733 = FACE_OUTER_BOUND ( 'NONE', #1051, .T. ) ;
#1734 = DIRECTION ( 'NONE',  ( 0.7071067811865459074, 0.000000000000000000, 0.7071067811865491270 ) ) ;
#1735 = ORIENTED_EDGE ( 'NONE', *, *, #1324, .T. ) ;
#1736 = ORIENTED_EDGE ( 'NONE', *, *, #631, .F. ) ;
#1737 = FACE_OUTER_BOUND ( 'NONE', #590, .T. ) ;
#1738 = VERTEX_POINT ( 'NONE', #542 ) ;
#1739 = VECTOR ( 'NONE', #1731, 1000.000000000000000 ) ;
#1740 = EDGE_CURVE ( 'NONE', #147, #263, #552, .T. ) ;
#1741 = CARTESIAN_POINT ( 'NONE',  ( 15.87500000000000533, -2.979274057836315492, 25.00000000000000000 ) ) ;
#1742 = VERTEX_POINT ( 'NONE', #1306 ) ;
#1743 = CARTESIAN_POINT ( 'NONE',  ( -24.30000000000000071, -5.000000000000000888, 23.17157287525382614 ) ) ;
#1744 = APPLICATION_CONTEXT ( 'configuration controlled 3d designs of mechanical parts and assemblies' ) ;
#1745 = CARTESIAN_POINT ( 'NONE',  ( 23.30000000000000071, 22.00000000000000711, 15.46562216384011990 ) ) ;
#1746 = CARTESIAN_POINT ( 'NONE',  ( -23.30000000000000071, -7.141176146688971229E-16, 0.000000000000000000 ) ) ;
#1747 = EDGE_CURVE ( 'NONE', #1811, #840, #256, .T. ) ;
#1748 = VECTOR ( 'NONE', #1202, 1000.000000000000000 ) ;
#1749 = VERTEX_POINT ( 'NONE', #1831 ) ;
#1750 = FACE_OUTER_BOUND ( 'NONE', #1391, .T. ) ;
#1751 = VERTEX_POINT ( 'NONE', #75 ) ;
#1752 = FACE_OUTER_BOUND ( 'NONE', #651, .T. ) ;
#1753 = DIRECTION ( 'NONE',  ( -1.000000000000000000, 0.000000000000000000, 0.000000000000000000 ) ) ;
#1754 = EDGE_CURVE ( 'NONE', #364, #626, #235, .T. ) ;
#1755 = APPROVAL_PERSON_ORGANIZATION ( #918, #529, #1526 ) ;
#1756 = PLANE ( 'NONE',  #1856 ) ;
#1757 = EDGE_LOOP ( 'NONE', ( #1672, #775, #1014, #1259 ) ) ;
#1758 = ORIENTED_EDGE ( 'NONE', *, *, #1277, .T. ) ;
#1759 = CARTESIAN_POINT ( 'NONE',  ( -5.999999999999999112, -1.508455196501571183E-16, 12.50000000000000000 ) ) ;
#1760 = ORIENTED_EDGE ( 'NONE', *, *, #754, .T. ) ;
#1761 = CARTESIAN_POINT ( 'NONE',  ( -24.30000000000000071, -5.000000000000001776, 23.76399862872418822 ) ) ;
#1762 = AXIS2_PLACEMENT_3D ( 'NONE', #602, #1680, #1550 ) ;
#1763 = VERTEX_POINT ( 'NONE', #1177 ) ;
#1764 = DIRECTION ( 'NONE',  ( 1.532441233195061223E-17, 0.5000000000000009992, 0.8660254037844380415 ) ) ;
#1765 = CARTESIAN_POINT ( 'NONE',  ( -23.30000000000000426, 22.00000000000001776, 18.62977488035143381 ) ) ;
#1766 = CARTESIAN_POINT ( 'NONE',  ( 28.30000000000000071, 25.00000000000000000, 3.000000000000003109 ) ) ;
#1767 = ORIENTED_EDGE ( 'NONE', *, *, #1354, .F. ) ;
#1768 = PLANE ( 'NONE',  #513 ) ;
#1769 = DIRECTION ( 'NONE',  ( 1.000000000000000000, 0.000000000000000000, 0.000000000000000000 ) ) ;
#1770 = ORIENTED_EDGE ( 'NONE', *, *, #231, .T. ) ;
#1771 = DIRECTION ( 'NONE',  ( 0.000000000000000000, -0.000000000000000000, 1.000000000000000000 ) ) ;
#1772 = ORIENTED_EDGE ( 'NONE', *, *, #1377, .T. ) ;
#1773 = VECTOR ( 'NONE', #488, 999.9999999999998863 ) ;
#1774 = LINE ( 'NONE', #807, #1730 ) ;
#1775 = ADVANCED_FACE ( 'NONE', ( #1147 ), #691, .T. ) ;
#1776 = DIRECTION ( 'NONE',  ( -1.532441233195061223E-17, 0.5000000000000009992, -0.8660254037844381525 ) ) ;
#1777 = VECTOR ( 'NONE', #1839, 1000.000000000000000 ) ;
#1778 = CARTESIAN_POINT ( 'NONE',  ( 28.30000000000000071, -4.171572875253810153, 22.00000000000001421 ) ) ;
#1779 = ORIENTED_EDGE ( 'NONE', *, *, #251, .T. ) ;
#1780 = CARTESIAN_POINT ( 'NONE',  ( -27.47157287525381264, 27.00000000000000000, 12.20497938729554299 ) ) ;
#1782 = ADVANCED_FACE ( 'NONE', ( #1669 ), #1972, .T. ) ;
#1781 = CARTESIAN_POINT ( 'NONE',  ( 25.30000000000000071, -1.999999999999999112, 25.00000000000000000 ) ) ;
#1783 = ADVANCED_FACE ( 'NONE', ( #382 ), #1817, .T. ) ;
#1784 = CARTESIAN_POINT ( 'NONE',  ( -26.30000000000000426, -8.060640886606007408E-16, 25.00000000000000000 ) ) ;
#1785 = EDGE_CURVE ( 'NONE', #137, #1346, #1657, .T. ) ;
#1786 = LINE ( 'NONE', #735, #1889 ) ;
#1787 = VERTEX_POINT ( 'NONE', #1497 ) ;
#1788 = PLANE ( 'NONE',  #1401 ) ;
#1789 = APPLICATION_PROTOCOL_DEFINITION ( 'international standard', 'config_control_design', 1994, #1861 ) ;
#1790 = CARTESIAN_POINT ( 'NONE',  ( 6.788048384257071925E-16, 1.706577809889445661E-32, 12.50000000000000000 ) ) ;
#1791 = ORIENTED_EDGE ( 'NONE', *, *, #1050, .T. ) ;
#1792 =( BOUNDED_CURVE ( )  B_SPLINE_CURVE ( 3, ( #1994, #577, #266, #600 ),
 .UNSPECIFIED., .F., .F. ) 
 B_SPLINE_CURVE_WITH_KNOTS ( ( 4, 4 ),
 ( 3.141592653589793116, 4.094084126701927673 ),
 .UNSPECIFIED. ) 
 CURVE ( )  GEOMETRIC_REPRESENTATION_ITEM ( )  RATIONAL_B_SPLINE_CURVE ( ( 1.000000000000000000, 0.9258148723465051688, 0.9258148723465051688, 1.000000000000000000 ) ) 
 REPRESENTATION_ITEM ( '' )  );
#1793 = CARTESIAN_POINT ( 'NONE',  ( 26.80000000000000426, -9.899999999999998579, 25.00000000000000000 ) ) ;
#1794 = AXIS2_PLACEMENT_3D ( 'NONE', #1813, #41, #696 ) ;
#1795 = LINE ( 'NONE', #690, #1342 ) ;
#1796 = DIRECTION ( 'NONE',  ( -0.7071067811865462405, 0.000000000000000000, -0.7071067811865487940 ) ) ;
#1797 = DIRECTION ( 'NONE',  ( 0.000000000000000000, 0.000000000000000000, -1.000000000000000000 ) ) ;
#1798 = ORIENTED_EDGE ( 'NONE', *, *, #873, .T. ) ;
#1799 = CARTESIAN_POINT ( 'NONE',  ( 6.000000000000000888, 1.508455196501571676E-16, 12.50000000000000000 ) ) ;
#1800 = DIRECTION ( 'NONE',  ( 0.000000000000000000, 0.000000000000000000, 1.000000000000000000 ) ) ;
#1801 = CARTESIAN_POINT ( 'NONE',  ( 27.47157287525381264, 27.00000000000000355, 12.20497938729553056 ) ) ;
#1802 = AXIS2_PLACEMENT_3D ( 'NONE', #844, #1498, #1954 ) ;
#1803 = VERTEX_POINT ( 'NONE', #1466 ) ;
#1804 = CARTESIAN_POINT ( 'NONE',  ( 26.80000000000000426, -9.899999999999998579, 25.00000000000000000 ) ) ;
#1805 = EDGE_CURVE ( 'NONE', #463, #1727, #492, .T. ) ;
#1806 =( BOUNDED_CURVE ( )  B_SPLINE_CURVE ( 3, ( #409, #732, #1495, #596 ),
 .UNSPECIFIED., .F., .T. ) 
 B_SPLINE_CURVE_WITH_KNOTS ( ( 4, 4 ),
 ( 1.570796326794896558, 3.141592653589793560 ),
 .UNSPECIFIED. ) 
 CURVE ( )  GEOMETRIC_REPRESENTATION_ITEM ( )  RATIONAL_B_SPLINE_CURVE ( ( 1.000000000000000000, 0.8047378541243649375, 0.8047378541243649375, 1.000000000000000000 ) ) 
 REPRESENTATION_ITEM ( '' )  );
#1807 = CARTESIAN_POINT ( 'NONE',  ( 19.37500000000000355, -15.53477309068274259, 3.253237760728148853 ) ) ;
#1808 = FACE_OUTER_BOUND ( 'NONE', #367, .T. ) ;
#1809 = ORIENTED_EDGE ( 'NONE', *, *, #1996, .T. ) ;
#1810 = CARTESIAN_POINT ( 'NONE',  ( 25.30000000000000071, -3.000000000000000888, 25.00000000000000000 ) ) ;
#1811 = VERTEX_POINT ( 'NONE', #1344 ) ;
#1812 = CARTESIAN_POINT ( 'NONE',  ( 18.10386699023166912, 25.00000000000000355, 25.00000000000000000 ) ) ;
#1813 = CARTESIAN_POINT ( 'NONE',  ( -18.10386699023166912, -16.13106098038461411, 25.00000000000000000 ) ) ;
#1814 = ORIENTED_EDGE ( 'NONE', *, *, #1961, .T. ) ;
#1815 = EDGE_CURVE ( 'NONE', #111, #581, #64, .T. ) ;
#1816 = CARTESIAN_POINT ( 'NONE',  ( 0.000000000000000000, 0.000000000000000000, 0.000000000000000000 ) ) ;
#1817 = CYLINDRICAL_SURFACE ( 'NONE', #1384, 1.999999999999999112 ) ;
#1818 = VECTOR ( 'NONE', #1316, 1000.000000000000114 ) ;
#1819 = DIRECTION ( 'NONE',  ( 0.000000000000000000, 0.000000000000000000, -1.000000000000000000 ) ) ;
#1820 = ORIENTED_EDGE ( 'NONE', *, *, #1197, .T. ) ;
#1821 = EDGE_LOOP ( 'NONE', ( #1542, #1359, #726, #1113 ) ) ;
#1822 = PERSON_AND_ORGANIZATION ( #686, #175 ) ;
#1823 = PLANE ( 'NONE',  #1963 ) ;
#1824 = CYLINDRICAL_SURFACE ( 'NONE', #1209, 2.000000000000001776 ) ;
#1825 = EDGE_CURVE ( 'NONE', #1934, #154, #411, .T. ) ;
#1826 = EDGE_CURVE ( 'NONE', #419, #1742, #1531, .T. ) ;
#1827 = EDGE_CURVE ( 'NONE', #1538, #1372, #392, .T. ) ;
#1828 = DIRECTION ( 'NONE',  ( -0.000000000000000000, 0.000000000000000000, -1.000000000000000000 ) ) ;
#1829 = EDGE_CURVE ( 'NONE', #1529, #748, #586, .T. ) ;
#1830 = AXIS2_PLACEMENT_3D ( 'NONE', #1373, #298, #288 ) ;
#1831 = CARTESIAN_POINT ( 'NONE',  ( -19.37500000000000355, -2.979274057836317713, 25.00000000000000000 ) ) ;
#1832 = LINE ( 'NONE', #1510, #750 ) ;
#1833 = VERTEX_POINT ( 'NONE', #758 ) ;
#1834 = ORIENTED_EDGE ( 'NONE', *, *, #1666, .T. ) ;
#1835 = PERSON_AND_ORGANIZATION ( #686, #175 ) ;
#1836 = CARTESIAN_POINT ( 'NONE',  ( -26.80000000000000426, -9.899999999999998579, 25.00000000000000000 ) ) ;
#1837 = CARTESIAN_POINT ( 'NONE',  ( -19.37500000000000355, -2.979274057836317713, 0.000000000000000000 ) ) ;
#1838 = PLANE ( 'NONE',  #553 ) ;
#1839 = DIRECTION ( 'NONE',  ( 0.000000000000000000, 1.000000000000000000, 0.000000000000000000 ) ) ;
#1840 = ORIENTED_EDGE ( 'NONE', *, *, #1040, .T. ) ;
#1841 = FACE_OUTER_BOUND ( 'NONE', #655, .T. ) ;
#1842 = DIRECTION ( 'NONE',  ( 0.4544703416878744240, -0.8907618697082326786, 0.000000000000000000 ) ) ;
#1843 = ORIENTED_EDGE ( 'NONE', *, *, #1961, .F. ) ;
#1844 = CARTESIAN_POINT ( 'NONE',  ( 11.23578643762684770, -1.999999999999999556, 36.23578643762689921 ) ) ;
#1845 = VECTOR ( 'NONE', #1265, 1000.000000000000000 ) ;
#1846 = VERTEX_POINT ( 'NONE', #1206 ) ;
#1847 = APPROVAL_STATUS ( 'not_yet_approved' ) ;
#1848 = EDGE_CURVE ( 'NONE', #1222, #1803, #109, .T. ) ;
#1849 = CARTESIAN_POINT ( 'NONE',  ( -19.37500000000000355, -2.979274057836317713, 25.00000000000000000 ) ) ;
#1850 = VERTEX_POINT ( 'NONE', #745 ) ;
#1851 = CARTESIAN_POINT ( 'NONE',  ( -25.30000000000000071, -0.000000000000000000, 0.000000000000000000 ) ) ;
#1852 = EDGE_CURVE ( 'NONE', #1149, #1803, #884, .T. ) ;
#1853 = DIRECTION ( 'NONE',  ( 0.000000000000000000, 0.000000000000000000, 1.000000000000000000 ) ) ;
#1854 = EDGE_CURVE ( 'NONE', #1855, #1886, #1792, .T. ) ;
#1855 = VERTEX_POINT ( 'NONE', #1198 ) ;
#1856 = AXIS2_PLACEMENT_3D ( 'NONE', #1120, #306, #2038 ) ;
#1857 = CARTESIAN_POINT ( 'NONE',  ( 27.47157287525381264, -1.402173039468757311E-15, 13.51561435589419169 ) ) ;
#1858 = ORIENTED_EDGE ( 'NONE', *, *, #857, .F. ) ;
#1859 = APPROVAL_DATE_TIME ( #2034, #529 ) ;
#1860 = LINE ( 'NONE', #1535, #1748 ) ;
#1861 = APPLICATION_CONTEXT ( 'configuration controlled 3d designs of mechanical parts and assemblies' ) ;
#1862 = LINE ( 'NONE', #1033, #1777 ) ;
#1863 = ORIENTED_EDGE ( 'NONE', *, *, #2046, .F. ) ;
#1864 = FACE_OUTER_BOUND ( 'NONE', #2033, .T. ) ;
#1865 = MANIFOLD_SOLID_BREP ( 'Fillet5', #595 ) ;
#1866 = AXIS2_PLACEMENT_3D ( 'NONE', #1298, #1800, #1005 ) ;
#1867 =( BOUNDED_CURVE ( )  B_SPLINE_CURVE ( 3, ( #728, #1515, #101, #582 ),
 .UNSPECIFIED., .F., .F. ) 
 B_SPLINE_CURVE_WITH_KNOTS ( ( 4, 4 ),
 ( 0.000000000000000000, 1.570796326794895226 ),
 .UNSPECIFIED. ) 
 CURVE ( )  GEOMETRIC_REPRESENTATION_ITEM ( )  RATIONAL_B_SPLINE_CURVE ( ( 1.000000000000000000, 0.8047378541243652705, 0.8047378541243652705, 1.000000000000000000 ) ) 
 REPRESENTATION_ITEM ( '' )  );
#1868 = DIRECTION ( 'NONE',  ( -1.000000000000000000, -3.064882466390116283E-17, 0.000000000000000000 ) ) ;
#1869 = CARTESIAN_POINT ( 'NONE',  ( -19.37500000000000355, -7.020725942163699607, 0.000000000000000000 ) ) ;
#1870 = VERTEX_POINT ( 'NONE', #1364 ) ;
#1871 = VECTOR ( 'NONE', #218, 999.9999999999998863 ) ;
#1872 = DIRECTION ( 'NONE',  ( -2.514091994169285716E-17, 1.000000000000000000, 0.000000000000000000 ) ) ;
#1873 = EDGE_LOOP ( 'NONE', ( #171, #1410 ) ) ;
#1874 = CARTESIAN_POINT ( 'NONE',  ( 15.87500000000000533, -9.900000000000000355, 13.01295104291254390 ) ) ;
#1875 = EDGE_LOOP ( 'NONE', ( #437, #597, #1909, #1548 ) ) ;
#1876 = VECTOR ( 'NONE', #1868, 1000.000000000000000 ) ;
#1877 = LINE ( 'NONE', #662, #242 ) ;
#1878 = ADVANCED_FACE ( 'NONE', ( #1841 ), #421, .F. ) ;
#1879 = VECTOR ( 'NONE', #825, 1000.000000000000000 ) ;
#1880 = CARTESIAN_POINT ( 'NONE',  ( 25.30000000000001492, 25.00000000000000000, 0.000000000000000000 ) ) ;
#1881 = CARTESIAN_POINT ( 'NONE',  ( -15.87500000000000533, -2.979274057836315492, 0.000000000000000000 ) ) ;
#1882 = VERTEX_POINT ( 'NONE', #913 ) ;
#1883 = CALENDAR_DATE ( 2026, 2, 6 ) ;
#1884 = CARTESIAN_POINT ( 'NONE',  ( -23.88578643762690490, -5.000000000000000888, 1.414213562373093591 ) ) ;
#1885 = CYLINDRICAL_SURFACE ( 'NONE', #1576, 6.000000000000001776 ) ;
#1886 = VERTEX_POINT ( 'NONE', #319 ) ;
#1887 = EDGE_CURVE ( 'NONE', #1175, #1432, #1129, .T. ) ;
#1888 = CARTESIAN_POINT ( 'NONE',  ( -19.37500000000000355, -2.979274057836317713, 25.00000000000000000 ) ) ;
#1889 = VECTOR ( 'NONE', #257, 1000.000000000000000 ) ;
#1890 = VECTOR ( 'NONE', #1537, 1000.000000000000114 ) ;
#1891 = DIRECTION ( 'NONE',  ( -1.000000000000000000, -1.489033026589533876E-16, 0.000000000000000000 ) ) ;
#1892 = EDGE_CURVE ( 'NONE', #1366, #1749, #1726, .T. ) ;
#1893 = CARTESIAN_POINT ( 'NONE',  ( -14.45000000000000107, -5.000000000000000888, 0.000000000000000000 ) ) ;
#1894 = ORIENTED_EDGE ( 'NONE', *, *, #1815, .F. ) ;
#1895 = FACE_BOUND ( 'NONE', #1562, .T. ) ;
#1896 = FACE_OUTER_BOUND ( 'NONE', #855, .T. ) ;
#1897 = ADVANCED_FACE ( 'NONE', ( #454 ), #974, .T. ) ;
#1898 = ORIENTED_EDGE ( 'NONE', *, *, #1239, .T. ) ;
#1899 = CARTESIAN_POINT ( 'NONE',  ( -22.87500000000000355, -2.979274057836315492, 25.00000000000000000 ) ) ;
#1900 = EDGE_CURVE ( 'NONE', #1803, #1787, #605, .T. ) ;
#1901 = FACE_OUTER_BOUND ( 'NONE', #1603, .T. ) ;
#1902 = CARTESIAN_POINT ( 'NONE',  ( 19.37500000000000355, -9.900000000000000355, 11.98704895708745610 ) ) ;
#1903 = AXIS2_PLACEMENT_3D ( 'NONE', #892, #1385, #606 ) ;
#1904 = CARTESIAN_POINT ( 'NONE',  ( -15.87500000000000533, -9.900000000000000355, 20.01295104291252969 ) ) ;
#1905 = EDGE_CURVE ( 'NONE', #581, #173, #2007, .T. ) ;
#1906 = ORIENTED_EDGE ( 'NONE', *, *, #714, .F. ) ;
#1907 = CARTESIAN_POINT ( 'NONE',  ( -26.30000000000000426, 27.00000000000000000, 11.78775723562926281 ) ) ;
#1908 = VECTOR ( 'NONE', #97, 1000.000000000000000 ) ;
#1909 = ORIENTED_EDGE ( 'NONE', *, *, #1196, .F. ) ;
#1910 = DIRECTION ( 'NONE',  ( -2.514091994169285716E-17, 1.000000000000000000, 0.000000000000000000 ) ) ;
#1911 = DIRECTION ( 'NONE',  ( 0.000000000000000000, 0.000000000000000000, 1.000000000000000000 ) ) ;
#1912 = EDGE_LOOP ( 'NONE', ( #781, #1630, #546, #1334 ) ) ;
#1913 = CARTESIAN_POINT ( 'NONE',  ( -18.10386699023166912, 0.000000000000000000, 25.00000000000000000 ) ) ;
#1914 = EDGE_LOOP ( 'NONE', ( #1107, #834 ) ) ;
#1915 = FACE_OUTER_BOUND ( 'NONE', #348, .T. ) ;
#1916 = ADVANCED_FACE ( 'NONE', ( #1723 ), #1711, .T. ) ;
#1917 = DIRECTION ( 'NONE',  ( 3.064882466390116283E-17, -1.000000000000000000, 0.000000000000000000 ) ) ;
#1918 = CARTESIAN_POINT ( 'NONE',  ( -26.80000000000000426, -9.899999999999998579, 0.000000000000000000 ) ) ;
#1919 = ORIENTED_EDGE ( 'NONE', *, *, #1415, .T. ) ;
#1920 = EDGE_LOOP ( 'NONE', ( #442, #1719, #1079, #1517 ) ) ;
#1921 = AXIS2_PLACEMENT_3D ( 'NONE', #44, #1326, #1025 ) ;
#1922 = DIRECTION ( 'NONE',  ( 0.000000000000000000, 1.000000000000000000, 0.000000000000000000 ) ) ;
#1923 = ORIENTED_EDGE ( 'NONE', *, *, #1805, .T. ) ;
#1924 = DIRECTION ( 'NONE',  ( -2.514091994169285407E-17, 1.000000000000000000, -0.000000000000000000 ) ) ;
#1925 = ORIENTED_EDGE ( 'NONE', *, *, #1226, .F. ) ;
#1926 = FACE_OUTER_BOUND ( 'NONE', #2016, .T. ) ;
#1927 = CARTESIAN_POINT ( 'NONE',  ( -37.88578643762691911, -3.000000000000000888, 15.41421356237304252 ) ) ;
#1928 = FACE_OUTER_BOUND ( 'NONE', #1875, .T. ) ;
#1929 = EDGE_LOOP ( 'NONE', ( #870, #413, #2047, #868 ) ) ;
#1930 = LINE ( 'NONE', #1144, #1667 ) ;
#1931 = CARTESIAN_POINT ( 'NONE',  ( -28.30000000000000071, -8.673617379884030542E-16, 2.999999999999988898 ) ) ;
#1932 = ORIENTED_EDGE ( 'NONE', *, *, #1134, .F. ) ;
#1933 = DIRECTION ( 'NONE',  ( 0.7071067811865459074, -0.000000000000000000, 0.7071067811865492381 ) ) ;
#1934 = VERTEX_POINT ( 'NONE', #2028 ) ;
#1935 = DIRECTION ( 'NONE',  ( 1.000000000000000000, 3.064882466390116283E-17, 0.000000000000000000 ) ) ;
#1936 = CARTESIAN_POINT ( 'NONE',  ( 15.52289723337013072, 22.00000000000000711, 25.00000000000000000 ) ) ;
#1937 = AXIS2_PLACEMENT_3D ( 'NONE', #862, #528, #509 ) ;
#1938 = CARTESIAN_POINT ( 'NONE',  ( 28.29999999999999361, 25.00000000000000355, 12.50000000000001066 ) ) ;
#1939 = ORIENTED_EDGE ( 'NONE', *, *, #495, .F. ) ;
#1940 = EDGE_CURVE ( 'NONE', #1271, #480, #471, .T. ) ;
#1941 = DIRECTION ( 'NONE',  ( 0.000000000000000000, -0.000000000000000000, 1.000000000000000000 ) ) ;
#1942 = ADVANCED_FACE ( 'NONE', ( #138 ), #776, .T. ) ;
#1943 = LINE ( 'NONE', #1156, #1676 ) ;
#1944 = CARTESIAN_POINT ( 'NONE',  ( 15.87500000000000533, -9.900000000000000355, 11.98704895708745610 ) ) ;
#1945 = ORIENTED_EDGE ( 'NONE', *, *, #1475, .T. ) ;
#1946 = LINE ( 'NONE', #1161, #83 ) ;
#1947 = DIRECTION ( 'NONE',  ( 0.000000000000000000, -0.000000000000000000, 1.000000000000000000 ) ) ;
#1948 = ORIENTED_EDGE ( 'NONE', *, *, #1900, .F. ) ;
#1949 = AXIS2_PLACEMENT_3D ( 'NONE', #1718, #1872, #458 ) ;
#1950 = DIRECTION ( 'NONE',  ( 1.000000000000000000, 0.000000000000000000, -0.000000000000000000 ) ) ;
#1951 =( BOUNDED_CURVE ( )  B_SPLINE_CURVE ( 3, ( #816, #1801, #1958, #1938 ),
 .UNSPECIFIED., .F., .F. ) 
 B_SPLINE_CURVE_WITH_KNOTS ( ( 4, 4 ),
 ( 4.712388980384689674, 6.283185307179586232 ),
 .UNSPECIFIED. ) 
 CURVE ( )  GEOMETRIC_REPRESENTATION_ITEM ( )  RATIONAL_B_SPLINE_CURVE ( ( 1.000000000000000000, 0.8047378541243649375, 0.8047378541243649375, 1.000000000000000000 ) ) 
 REPRESENTATION_ITEM ( '' )  );
#1952 = CARTESIAN_POINT ( 'NONE',  ( 12.58283857465102784, -8.900000000000002132, 25.00000000000000000 ) ) ;
#1953 = CARTESIAN_POINT ( 'NONE',  ( 26.30000000000000426, 25.00000000000000000, 25.00000000000000000 ) ) ;
#1954 = DIRECTION ( 'NONE',  ( 1.000000000000000000, 0.000000000000000000, 0.000000000000000000 ) ) ;
#1955 = ORIENTED_EDGE ( 'NONE', *, *, #923, .F. ) ;
#1956 = FACE_OUTER_BOUND ( 'NONE', #585, .T. ) ;
#1957 = COORDINATED_UNIVERSAL_TIME_OFFSET ( 1, 0, .AHEAD. ) ;
#1958 = CARTESIAN_POINT ( 'NONE',  ( 28.30000000000000782, 26.17157287525380482, 12.50000000000000000 ) ) ;
#1959 = ORIENTED_EDGE ( 'NONE', *, *, #1747, .F. ) ;
#1960 = VECTOR ( 'NONE', #1387, 1000.000000000000000 ) ;
#1961 = EDGE_CURVE ( 'NONE', #1882, #953, #1877, .T. ) ;
#1962 = FACE_BOUND ( 'NONE', #1169, .T. ) ;
#1963 = AXIS2_PLACEMENT_3D ( 'NONE', #604, #1674, #284 ) ;
#1964 = CARTESIAN_POINT ( 'NONE',  ( 22.47157287525383396, 27.00000000000000000, 0.000000000000000000 ) ) ;
#1965 = CARTESIAN_POINT ( 'NONE',  ( -25.16716142534897926, -9.899999999999998579, 25.00000000000000000 ) ) ;
#1966 = EDGE_LOOP ( 'NONE', ( #1959, #1798, #1070, #496 ) ) ;
#1967 = DIRECTION ( 'NONE',  ( 0.000000000000000000, -0.8660254037844382635, 0.5000000000000005551 ) ) ;
#1968 = ADVANCED_FACE ( 'NONE', ( #2051 ), #150, .T. ) ;
#1969 = ORIENTED_EDGE ( 'NONE', *, *, #505, .F. ) ;
#1970 = ORIENTED_EDGE ( 'NONE', *, *, #1449, .T. ) ;
#1971 = CARTESIAN_POINT ( 'NONE',  ( 19.37500000000000355, -9.900000000000000355, 20.01295104291253324 ) ) ;
#1972 = CYLINDRICAL_SURFACE ( 'NONE', #824, 2.000000000000001776 ) ;
#1973 = ORIENTED_EDGE ( 'NONE', *, *, #222, .T. ) ;
#1974 = ADVANCED_FACE ( 'NONE', ( #1864 ), #127, .F. ) ;
#1975 = ADVANCED_FACE ( 'NONE', ( #1733 ), #1285, .T. ) ;
#1976 = ORIENTED_EDGE ( 'NONE', *, *, #1940, .T. ) ;
#1977 = CARTESIAN_POINT ( 'NONE',  ( -11.95000000000000107, -9.900000000000002132, 25.00000000000000000 ) ) ;
#1978 = AXIS2_PLACEMENT_3D ( 'NONE', #1931, #1734, #510 ) ;
#1979 = CYLINDRICAL_SURFACE ( 'NONE', #73, 1.000000000000000888 ) ;
#1980 = EDGE_CURVE ( 'NONE', #482, #49, #1066, .T. ) ;
#1981 = CARTESIAN_POINT ( 'NONE',  ( 13.58283857465102784, -9.900000000000002132, 25.00000000000000000 ) ) ;
#1982 = DIRECTION ( 'NONE',  ( 1.000000000000000000, 1.489033026589533876E-16, 0.000000000000000000 ) ) ;
#1983 = DIRECTION ( 'NONE',  ( 1.577021341797097560E-16, -1.000000000000000000, 0.000000000000000000 ) ) ;
#1984 = VECTOR ( 'NONE', #991, 1000.000000000000000 ) ;
#1985 = CARTESIAN_POINT ( 'NONE',  ( 24.30000000000000071, -5.000000000000000888, 23.17157287525381193 ) ) ;
#1986 = EDGE_LOOP ( 'NONE', ( #784, #1970, #890, #322, #1779 ) ) ;
#1987 = ORIENTED_EDGE ( 'NONE', *, *, #657, .F. ) ;
#1988 = DIRECTION ( 'NONE',  ( -1.000000000000000000, 0.000000000000000000, 0.000000000000000000 ) ) ;
#1989 = ORIENTED_EDGE ( 'NONE', *, *, #1193, .T. ) ;
#1990 = CARTESIAN_POINT ( 'NONE',  ( 25.30000000000000071, -3.000000000000000888, 25.00000000000000000 ) ) ;
#1991 = CARTESIAN_POINT ( 'NONE',  ( -18.10386699023166912, 25.00000000000000355, 25.00000000000000000 ) ) ;
#1992 = ORIENTED_EDGE ( 'NONE', *, *, #1321, .T. ) ;
#1993 = AXIS2_PLACEMENT_3D ( 'NONE', #27, #296, #1547 ) ;
#1994 = CARTESIAN_POINT ( 'NONE',  ( -25.30000000000001492, -3.000000000000000888, 25.00000000000000000 ) ) ;
#1995 = CARTESIAN_POINT ( 'NONE',  ( 24.87193886489766825, -4.247012486798577235, 1.734723475976807094E-15 ) ) ;
#1996 = EDGE_CURVE ( 'NONE', #286, #1191, #1702, .T. ) ;
#1997 = VERTEX_POINT ( 'NONE', #609 ) ;
#1998 = ORIENTED_EDGE ( 'NONE', *, *, #1827, .F. ) ;
#1999 = DIRECTION ( 'NONE',  ( 0.000000000000000000, 1.000000000000000000, 0.000000000000000000 ) ) ;
#2000 = VERTEX_POINT ( 'NONE', #374 ) ;
#2001 = PRODUCT_RELATED_PRODUCT_CATEGORY ( 'detail', '', ( #1287 ) ) ;
#2002 = ADVANCED_FACE ( 'NONE', ( #366 ), #1162, .F. ) ;
#2003 = CARTESIAN_POINT ( 'NONE',  ( -28.30000000000000071, 27.00000000000000000, 25.00000000000000000 ) ) ;
#2004 = ORIENTED_EDGE ( 'NONE', *, *, #1103, .T. ) ;
#2005 = EDGE_CURVE ( 'NONE', #425, #1763, #995, .T. ) ;
#2006 = CARTESIAN_POINT ( 'NONE',  ( 27.47157287525381264, -1.249600568772250145E-15, 21.65685424949237614 ) ) ;
#2007 =( BOUNDED_CURVE ( )  B_SPLINE_CURVE ( 3, ( #1570, #785, #2040, #1549 ),
 .UNSPECIFIED., .F., .T. ) 
 B_SPLINE_CURVE_WITH_KNOTS ( ( 4, 4 ),
 ( 0.000000000000000000, 1.570796326794895004 ),
 .UNSPECIFIED. ) 
 CURVE ( )  GEOMETRIC_REPRESENTATION_ITEM ( )  RATIONAL_B_SPLINE_CURVE ( ( 1.000000000000000000, 0.8047378541243653816, 0.8047378541243653816, 1.000000000000000000 ) ) 
 REPRESENTATION_ITEM ( '' )  );
#2008 = CARTESIAN_POINT ( 'NONE',  ( 16.55406192592746706, 25.00000000000000355, 23.73583851401134481 ) ) ;
#2009 = VERTEX_POINT ( 'NONE', #406 ) ;
#2010 = CARTESIAN_POINT ( 'NONE',  ( -23.30000000000000782, 21.99999999999999645, 17.31913991175279222 ) ) ;
#2011 = VECTOR ( 'NONE', #340, 1000.000000000000000 ) ;
#2012 = VERTEX_POINT ( 'NONE', #987 ) ;
#2013 = PERSON_AND_ORGANIZATION_ROLE ( 'creator' ) ;
#2014 = CARTESIAN_POINT ( 'NONE',  ( 19.37500000000000355, -7.020725942163699607, 0.000000000000000000 ) ) ;
#2015 = FACE_BOUND ( 'NONE', #1447, .T. ) ;
#2016 = EDGE_LOOP ( 'NONE', ( #1710, #1203, #888, #372, #1523, #1227, #1613, #1493, #2004, #313 ) ) ;
#2017 = CARTESIAN_POINT ( 'NONE',  ( -24.12842712474618878, 27.00000000000000000, 0.000000000000000000 ) ) ;
#2018 = DIRECTION ( 'NONE',  ( -0.000000000000000000, -0.000000000000000000, -1.000000000000000000 ) ) ;
#2019 = LINE ( 'NONE', #1220, #1876 ) ;
#2020 = VECTOR ( 'NONE', #327, 1000.000000000000000 ) ;
#2021 = DIRECTION ( 'NONE',  ( -0.7071067811865491270, -0.000000000000000000, 0.7071067811865459074 ) ) ;
#2022 =( BOUNDED_CURVE ( )  B_SPLINE_CURVE ( 3, ( #1477, #1290, #1619, #1610 ),
 .UNSPECIFIED., .F., .F. ) 
 B_SPLINE_CURVE_WITH_KNOTS ( ( 4, 4 ),
 ( 1.570796326794895448, 3.141592653589794004 ),
 .UNSPECIFIED. ) 
 CURVE ( )  GEOMETRIC_REPRESENTATION_ITEM ( )  RATIONAL_B_SPLINE_CURVE ( ( 1.000000000000000000, 0.8047378541243644934, 0.8047378541243644934, 1.000000000000000000 ) ) 
 REPRESENTATION_ITEM ( '' )  );
#2023 = ORIENTED_EDGE ( 'NONE', *, *, #1023, .F. ) ;
#2024 = VERTEX_POINT ( 'NONE', #1812 ) ;
#2025 = ADVANCED_FACE ( 'NONE', ( #1650 ), #1140, .F. ) ;
#2026 = CARTESIAN_POINT ( 'NONE',  ( 19.37500000000000355, -9.900000000000000355, 13.01295104291254567 ) ) ;
#2027 = ORIENTED_EDGE ( 'NONE', *, *, #1429, .F. ) ;
#2028 = CARTESIAN_POINT ( 'NONE',  ( 26.30000000000000782, 2.512018435384022447E-16, 14.95190995214057139 ) ) ;
#2029 = EDGE_CURVE ( 'NONE', #2012, #1738, #672, .T. ) ;
#2030 = VECTOR ( 'NONE', #1606, 1000.000000000000000 ) ;
#2031 = CARTESIAN_POINT ( 'NONE',  ( 19.37500000000000355, -7.020725942163699607, 0.000000000000000000 ) ) ;
#2032 = CARTESIAN_POINT ( 'NONE',  ( 19.37500000000000355, -7.020725942163699607, 25.00000000000000000 ) ) ;
#2033 = EDGE_LOOP ( 'NONE', ( #98, #135, #845, #741, #1945, #107, #376 ) ) ;
#2034 = DATE_AND_TIME ( #114, #1123 ) ;
#2035 = LINE ( 'NONE', #926, #599 ) ;
#2036 = EDGE_CURVE ( 'NONE', #1577, #66, #534, .T. ) ;
#2037 = ORIENTED_EDGE ( 'NONE', *, *, #1826, .F. ) ;
#2038 = DIRECTION ( 'NONE',  ( 1.000000000000000000, 0.000000000000000000, -0.000000000000000000 ) ) ;
#2039 = ORIENTED_EDGE ( 'NONE', *, *, #1405, .F. ) ;
#2040 = CARTESIAN_POINT ( 'NONE',  ( -27.47157287525380909, -2.760089940157079029E-15, 13.51561435589419169 ) ) ;
#2041 = CIRCLE ( 'NONE', #679, 6.000000000000001776 ) ;
#2042 = CYLINDRICAL_SURFACE ( 'NONE', #1378, 6.000000000000001776 ) ;
#2043 = CARTESIAN_POINT ( 'NONE',  ( 23.30000000000000426, 22.00000000000000711, 17.31913991175277800 ) ) ;
#2044 = VERTEX_POINT ( 'NONE', #1936 ) ;
#2045 = DIRECTION ( 'NONE',  ( -0.7071067811865459074, -2.167199175524196734E-17, -0.7071067811865491270 ) ) ;
#2046 = EDGE_CURVE ( 'NONE', #336, #1525, #1460, .T. ) ;
#2047 = ORIENTED_EDGE ( 'NONE', *, *, #949, .T. ) ;
#2048 = CYLINDRICAL_SURFACE ( 'NONE', #491, 1.749999999999999334 ) ;
#2049 = EDGE_CURVE ( 'NONE', #1402, #331, #1450, .T. ) ;
#2050 = ORIENTED_EDGE ( 'NONE', *, *, #362, .F. ) ;
#2051 = FACE_OUTER_BOUND ( 'NONE', #1757, .T. ) ;
#2052 = VECTOR ( 'NONE', #1115, 1000.000000000000000 ) ;
#2053 = VECTOR ( 'NONE', #418, 1000.000000000000000 ) ;
#2054 = CARTESIAN_POINT ( 'NONE',  ( -11.95000000000000107, -9.900000000000002132, 25.00000000000000000 ) ) ;
#2055 = CARTESIAN_POINT ( 'NONE',  ( -25.38578643762690490, -3.000000000000000888, 22.08578643762691840 ) ) ;
ENDSEC;
END-ISO-10303-21;
