ISO-10303-21;
HEADER;
FILE_DESCRIPTION (( 'STEP AP203' ),
    '1' );
FILE_NAME ('worm screw bearing.STEP',
    '2026-06-02T08:26:38',
    ( '' ),
    ( '' ),
    'SwSTEP 2.0',
    'SolidWorks 2024',
    '' );
FILE_SCHEMA (( 'CONFIG_CONTROL_DESIGN' ));
ENDSEC;

DATA;
#1 = EDGE_CURVE ( 'NONE', #726, #2461, #1050, .T. ) ;
#2 = DIRECTION ( 'NONE',  ( -7.422164701214958624E-48, 3.023623362212761042E-32, 1.000000000000000000 ) ) ;
#3 = FACE_OUTER_BOUND ( 'NONE', #2038, .T. ) ;
#4 = DIRECTION ( 'NONE',  ( -3.062570558634826577E-48, 1.412361382570359924E-32, -1.000000000000000000 ) ) ;
#5 = ORIENTED_EDGE ( 'NONE', *, *, #2105, .T. ) ;
#6 = FACE_OUTER_BOUND ( 'NONE', #2443, .T. ) ;
#7 = ORIENTED_EDGE ( 'NONE', *, *, #1756, .T. ) ;
#8 = CARTESIAN_POINT ( 'NONE',  ( -89.86919309466392747, -1.989601298306351129, 3.883314007283944047 ) ) ;
#9 = CARTESIAN_POINT ( 'NONE',  ( -83.95186786579157001, 1.899999999999999023, -0.3000000000000120348 ) ) ;
#10 = CC_DESIGN_PERSON_AND_ORGANIZATION_ASSIGNMENT ( #1456, #1270, ( #1603 ) ) ;
#11 = ORIENTED_EDGE ( 'NONE', *, *, #1893, .F. ) ;
#12 = FACE_BOUND ( 'NONE', #1148, .T. ) ;
#13 = DIRECTION ( 'NONE',  ( -1.000000000000000000, 0.000000000000000000, 0.000000000000000000 ) ) ;
#14 = CIRCLE ( 'NONE', #615, 2.000000000000000000 ) ;
#15 = CARTESIAN_POINT ( 'NONE',  ( -81.73936786579155012, 20.09999999999999787, 24.64999999999999147 ) ) ;
#16 = ORIENTED_EDGE ( 'NONE', *, *, #1193, .F. ) ;
#17 = CARTESIAN_POINT ( 'NONE',  ( -71.21436786579155864, 1.900000000000002354, 24.64999999999999147 ) ) ;
#18 = ORIENTED_EDGE ( 'NONE', *, *, #1101, .T. ) ;
#19 = CARTESIAN_POINT ( 'NONE',  ( -83.51723550109717564, -0.08606691824355328091, 19.59999999999999076 ) ) ;
#20 = DIRECTION ( 'NONE',  ( 0.000000000000000000, 0.000000000000000000, -1.000000000000000000 ) ) ;
#21 = CIRCLE ( 'NONE', #1432, 2.000000000000001776 ) ;
#22 = EDGE_CURVE ( 'NONE', #1522, #604, #1207, .T. ) ;
#23 = EDGE_LOOP ( 'NONE', ( #738, #1541, #887, #922, #145, #646, #1623, #1322, #1957, #2255 ) ) ;
#24 = CYLINDRICAL_SURFACE ( 'NONE', #1840, 2.000000000000001776 ) ;
#25 = CARTESIAN_POINT ( 'NONE',  ( -81.95186786579157001, 9.899999999999998579, -0.3000000000000103140 ) ) ;
#26 = DIRECTION ( 'NONE',  ( 7.422164701214958624E-48, -3.023623362212761042E-32, -1.000000000000000000 ) ) ;
#27 = ORIENTED_EDGE ( 'NONE', *, *, #2337, .F. ) ;
#28 = CARTESIAN_POINT ( 'NONE',  ( -87.87212812774689041, -2.100000000000000977, 29.69999999999998508 ) ) ;
#29 = ORIENTED_EDGE ( 'NONE', *, *, #2402, .T. ) ;
#30 = LINE ( 'NONE', #1416, #525 ) ;
#31 = CIRCLE ( 'NONE', #1334, 1.499999999999997780 ) ;
#32 = CARTESIAN_POINT ( 'NONE',  ( -81.95186786579155580, 19.99999999999998224, 26.13487162744796066 ) ) ;
#33 = VECTOR ( 'NONE', #48, 1000.000000000000000 ) ;
#34 = ORIENTED_EDGE ( 'NONE', *, *, #61, .F. ) ;
#35 = VECTOR ( 'NONE', #1619, 1000.000000000000000 ) ;
#36 = CYLINDRICAL_SURFACE ( 'NONE', #1446, 1.499999999999997780 ) ;
#37 = AXIS2_PLACEMENT_3D ( 'NONE', #1438, #327, #1878 ) ;
#38 = CYLINDRICAL_SURFACE ( 'NONE', #2467, 1.499999999999997780 ) ;
#39 = EDGE_CURVE ( 'NONE', #2242, #1947, #1969, .T. ) ;
#40 = CARTESIAN_POINT ( 'NONE',  ( -67.81754197810840878, -0.09582006146209944009, 25.50367432434400072 ) ) ;
#41 = ORIENTED_EDGE ( 'NONE', *, *, #1054, .T. ) ;
#42 = CARTESIAN_POINT ( 'NONE',  ( -81.73936786579155012, -0.1000000000000011297, 23.14999999999999503 ) ) ;
#43 = VERTEX_POINT ( 'NONE', #466 ) ;
#44 = DIRECTION ( 'NONE',  ( -1.227362639469625993E-16, -3.023623362212761042E-32, -1.000000000000000000 ) ) ;
#45 = CARTESIAN_POINT ( 'NONE',  ( -94.70186786579154159, -1.200000000000020606, 29.69999999999998863 ) ) ;
#46 = EDGE_CURVE ( 'NONE', #230, #1274, #833, .T. ) ;
#47 = EDGE_CURVE ( 'NONE', #1719, #992, #1451, .T. ) ;
#48 = DIRECTION ( 'NONE',  ( -1.227362639469625993E-16, -3.023623362212761042E-32, -1.000000000000000000 ) ) ;
#49 = CARTESIAN_POINT ( 'NONE',  ( -88.62534078166642360, -0.2343450168111539944, 22.95797732426019522 ) ) ;
#50 = CARTESIAN_POINT ( 'NONE',  ( -121.8629349200882928, 30.09999999999999432, 29.69999999999999218 ) ) ;
#51 = CYLINDRICAL_SURFACE ( 'NONE', #2094, 2.000000000000000000 ) ;
#52 = EDGE_LOOP ( 'NONE', ( #990, #2216, #1670, #1474 ) ) ;
#53 = DIRECTION ( 'NONE',  ( -3.285523800833660592E-48, 1.000000000000000000, -3.023623362212761042E-32 ) ) ;
#54 = AXIS2_PLACEMENT_3D ( 'NONE', #557, #780, #1330 ) ;
#55 = ORIENTED_EDGE ( 'NONE', *, *, #516, .F. ) ;
#56 = CARTESIAN_POINT ( 'NONE',  ( -87.00186786579155296, 9.899999999999998579, 19.69999999999999574 ) ) ;
#57 = CARTESIAN_POINT ( 'NONE',  ( -83.55178999950989294, -0.05958776398413182657, 19.32123564934937576 ) ) ;
#58 = AXIS2_PLACEMENT_3D ( 'NONE', #659, #1635, #2420 ) ;
#59 = CARTESIAN_POINT ( 'NONE',  ( -107.8518678657915331, -1.200000000000022160, -0.3000000000000077049 ) ) ;
#60 = CARTESIAN_POINT ( 'NONE',  ( -89.86099662618860862, -1.807861080068624116, 17.09154682105782541 ) ) ;
#61 = EDGE_CURVE ( 'NONE', #385, #1528, #2384, .T. ) ;
#62 = DIRECTION ( 'NONE',  ( -1.227362639469625993E-16, -3.023623362212761042E-32, -1.000000000000000000 ) ) ;
#63 = CARTESIAN_POINT ( 'NONE',  ( -67.87319731075731966, -0.1000000000000011435, 25.71479317174213719 ) ) ;
#64 = ORIENTED_EDGE ( 'NONE', *, *, #1299, .T. ) ;
#65 = DIRECTION ( 'NONE',  ( 0.000000000000000000, 0.000000000000000000, 1.000000000000000000 ) ) ;
#66 = LOCAL_TIME ( 10, 26, 38.00000000000000000, #140 ) ;
#67 = ORIENTED_EDGE ( 'NONE', *, *, #2125, .T. ) ;
#68 = CARTESIAN_POINT ( 'NONE',  ( -88.05413556356253935, -0.1000000000000010603, 23.04335795463279268 ) ) ;
#69 = DIRECTION ( 'NONE',  ( -2.463634625686017518E-16, -6.505213034913027590E-16, -1.000000000000000000 ) ) ;
#70 = EDGE_CURVE ( 'NONE', #753, #986, #254, .T. ) ;
#71 = EDGE_CURVE ( 'NONE', #840, #1237, #291, .T. ) ;
#72 = CIRCLE ( 'NONE', #1367, 1.500000000000001332 ) ;
#73 = CARTESIAN_POINT ( 'NONE',  ( -83.95186786579157001, 30.09999999999999432, 2.983171528661009653 ) ) ;
#74 = CARTESIAN_POINT ( 'NONE',  ( -89.17363760653050520, -0.5663596489023393632, 22.81919010226166122 ) ) ;
#75 = CARTESIAN_POINT ( 'NONE',  ( -81.73936786579155012, 28.10000000000000142, 23.14999999999999503 ) ) ;
#76 = ADVANCED_FACE ( 'NONE', ( #1022 ), #85, .F. ) ;
#77 = AXIS2_PLACEMENT_3D ( 'NONE', #50, #595, #434 ) ;
#78 = CARTESIAN_POINT ( 'NONE',  ( -87.87212812774689041, -0.1000000000000011297, 21.68358403916538180 ) ) ;
#79 = ORIENTED_EDGE ( 'NONE', *, *, #1420, .T. ) ;
#80 = AXIS2_PLACEMENT_3D ( 'NONE', #403, #428, #20 ) ;
#81 = CARTESIAN_POINT ( 'NONE',  ( -65.95186786579155580, 7.999999999999989342, 19.59999999999999076 ) ) ;
#82 = ORIENTED_EDGE ( 'NONE', *, *, #760, .T. ) ;
#83 = CARTESIAN_POINT ( 'NONE',  ( -67.95186786579157001, 30.09999999999999432, 29.69999999999998863 ) ) ;
#84 = CARTESIAN_POINT ( 'NONE',  ( -89.09555739515487005, 0.9929075295245297639, 18.47358407636484756 ) ) ;
#85 = CYLINDRICAL_SURFACE ( 'NONE', #1093, 2.000000000000001776 ) ;
#86 = DATE_TIME_ROLE ( 'creation_date' ) ;
#87 = PLANE ( 'NONE',  #2137 ) ;
#88 = CARTESIAN_POINT ( 'NONE',  ( -89.85200357861451437, -1.377147208631172903, 21.47691001574023417 ) ) ;
#89 = VERTEX_POINT ( 'NONE', #822 ) ;
#90 = DIRECTION ( 'NONE',  ( 0.000000000000000000, 1.000000000000000000, 0.000000000000000000 ) ) ;
#91 = EDGE_LOOP ( 'NONE', ( #1961, #709, #696, #1251 ) ) ;
#92 = CARTESIAN_POINT ( 'NONE',  ( -65.95186786579155580, 1.899999999999999245, 19.59999999999999076 ) ) ;
#93 = CARTESIAN_POINT ( 'NONE',  ( -89.86159585567675379, -0.6032383207263229963, 18.99547785624292828 ) ) ;
#94 = CIRCLE ( 'NONE', #1556, 2.000000000000001776 ) ;
#95 = ADVANCED_FACE ( 'NONE', ( #847 ), #1010, .T. ) ;
#96 = CARTESIAN_POINT ( 'NONE',  ( -87.00186786579155296, -0.1000000000000011297, 4.699999999999990408 ) ) ;
#97 = AXIS2_PLACEMENT_3D ( 'NONE', #1426, #1950, #1238 ) ;
#98 = CARTESIAN_POINT ( 'NONE',  ( -88.34830739003818678, -0.5280629869485108374, 16.00899847053447900 ) ) ;
#99 = DIRECTION ( 'NONE',  ( -1.000000000000000000, 0.000000000000000000, 1.355252715606879310E-16 ) ) ;
#100 = CARTESIAN_POINT ( 'NONE',  ( -88.41446541088598110, -0.1749362942184723713, 16.41598756346543198 ) ) ;
#101 = DIRECTION ( 'NONE',  ( -1.000000000000000000, 0.000000000000000000, 0.000000000000000000 ) ) ;
#102 = CARTESIAN_POINT ( 'NONE',  ( -89.86535819511095724, 0.04431633533120646340, 21.82638080056675989 ) ) ;
#103 = ORIENTED_EDGE ( 'NONE', *, *, #1020, .F. ) ;
#104 = DIRECTION ( 'NONE',  ( 0.000000000000000000, 0.000000000000000000, 1.000000000000000000 ) ) ;
#105 = VERTEX_POINT ( 'NONE', #431 ) ;
#106 = CARTESIAN_POINT ( 'NONE',  ( -81.95186786579158422, 49.02115218479044501, 19.59999999999998721 ) ) ;
#107 = FACE_OUTER_BOUND ( 'NONE', #552, .T. ) ;
#108 = VECTOR ( 'NONE', #2164, 1000.000000000000114 ) ;
#109 = LINE ( 'NONE', #504, #503 ) ;
#110 = CARTESIAN_POINT ( 'NONE',  ( -81.95186786579158422, 30.09999999999998721, 19.59999999999998721 ) ) ;
#111 = ORIENTED_EDGE ( 'NONE', *, *, #2125, .F. ) ;
#112 = DATE_AND_TIME ( #2031, #672 ) ;
#113 = LINE ( 'NONE', #1484, #35 ) ;
#114 = AXIS2_PLACEMENT_3D ( 'NONE', #1540, #1720, #1737 ) ;
#115 = ORIENTED_EDGE ( 'NONE', *, *, #1755, .T. ) ;
#116 = VECTOR ( 'NONE', #445, 1000.000000000000000 ) ;
#117 = CARTESIAN_POINT ( 'NONE',  ( -89.86882883545976597, -0.4174976097881592518, 19.43159532133011780 ) ) ;
#118 = ORIENTED_EDGE ( 'NONE', *, *, #2269, .T. ) ;
#119 = CARTESIAN_POINT ( 'NONE',  ( -71.21436786579155864, 19.99999999999998579, 23.14999999999999503 ) ) ;
#120 = EDGE_CURVE ( 'NONE', #1188, #2181, #1370, .T. ) ;
#121 = VERTEX_POINT ( 'NONE', #1232 ) ;
#122 = CARTESIAN_POINT ( 'NONE',  ( -88.23466091229535380, -0.1242809922827719238, 16.39378852575458723 ) ) ;
#123 = LINE ( 'NONE', #1799, #1967 ) ;
#124 = AXIS2_PLACEMENT_3D ( 'NONE', #1984, #1973, #246 ) ;
#125 = LINE ( 'NONE', #912, #1157 ) ;
#126 = CARTESIAN_POINT ( 'NONE',  ( -81.95186786579157001, 9.899999999999998579, 29.69999999999998863 ) ) ;
#127 = EDGE_CURVE ( 'NONE', #1295, #1703, #1780, .T. ) ;
#128 = ORIENTED_EDGE ( 'NONE', *, *, #652, .F. ) ;
#129 = APPLICATION_PROTOCOL_DEFINITION ( 'international standard', 'config_control_design', 1994, #2250 ) ;
#130 = FACE_OUTER_BOUND ( 'NONE', #767, .T. ) ;
#131 = ORIENTED_EDGE ( 'NONE', *, *, #187, .T. ) ;
#132 = CARTESIAN_POINT ( 'NONE',  ( -89.82007176552596661, -0.9312043422765187151, 23.31463368699144567 ) ) ;
#133 = ORIENTED_EDGE ( 'NONE', *, *, #1219, .T. ) ;
#134 = FACE_OUTER_BOUND ( 'NONE', #1776, .T. ) ;
#135 = ORIENTED_EDGE ( 'NONE', *, *, #739, .F. ) ;
#136 = DIRECTION ( 'NONE',  ( -1.000000000000000000, 0.000000000000000000, 0.000000000000000000 ) ) ;
#137 = CARTESIAN_POINT ( 'NONE',  ( -87.00186786579155296, -9.900000000000005684, 19.69999999999999574 ) ) ;
#138 = CARTESIAN_POINT ( 'NONE',  ( -92.05186786579156433, 9.899999999999998579, 29.69999999999998863 ) ) ;
#139 = AXIS2_PLACEMENT_3D ( 'NONE', #1494, #535, #2265 ) ;
#140 = COORDINATED_UNIVERSAL_TIME_OFFSET ( 1, 0, .AHEAD. ) ;
#141 = DIRECTION ( 'NONE',  ( 0.000000000000000000, -1.000000000000000000, 0.000000000000000000 ) ) ;
#142 = VERTEX_POINT ( 'NONE', #1629 ) ;
#143 = EDGE_CURVE ( 'NONE', #2385, #2268, #1406, .T. ) ;
#144 = CARTESIAN_POINT ( 'NONE',  ( -89.08429894608627819, 0.9842948968779233754, 18.44298858733925428 ) ) ;
#145 = ORIENTED_EDGE ( 'NONE', *, *, #340, .F. ) ;
#146 = LINE ( 'NONE', #716, #1195 ) ;
#147 = ORIENTED_EDGE ( 'NONE', *, *, #1380, .F. ) ;
#148 = PLANE ( 'NONE',  #1895 ) ;
#149 = ORIENTED_EDGE ( 'NONE', *, *, #1675, .F. ) ;
#150 = FACE_BOUND ( 'NONE', #1697, .T. ) ;
#151 = EDGE_CURVE ( 'NONE', #958, #1719, #1801, .T. ) ;
#152 = CARTESIAN_POINT ( 'NONE',  ( -89.85698088137239381, -0.7647771651575916430, 18.73499599425375095 ) ) ;
#153 = EDGE_CURVE ( 'NONE', #992, #1809, #242, .T. ) ;
#154 = EDGE_LOOP ( 'NONE', ( #1533, #559, #622, #507, #2332, #2456, #82, #1228, #5, #2338 ) ) ;
#155 = ORIENTED_EDGE ( 'NONE', *, *, #2475, .T. ) ;
#156 = CARTESIAN_POINT ( 'NONE',  ( -92.05186786579156433, 9.899999999999998579, 29.69999999999998863 ) ) ;
#157 =( BOUNDED_SURFACE ( )  B_SPLINE_SURFACE ( 3, 2, ( 
 ( #1352, #2121, #173 ),
 ( #378, #355, #1146 ),
 ( #1715, #569, #2099 ),
 ( #8, #1156, #2481 ),
 ( #960, #1565, #1166 ),
 ( #2491, #1941, #1131 ),
 ( #795, #163, #199 ),
 ( #949, #1331, #1543 ),
 ( #1723, #2110, #937 ),
 ( #545, #1741, #1892 ),
 ( #2290, #1519, #2324 ),
 ( #758, #1345, #1905 ),
 ( #1705, #1531, #1916 ),
 ( #772, #2313, #1181 ),
 ( #1554, #782, #1926 ),
 ( #1752, #589, #1363 ),
 ( #747, #213, #1320 ),
 ( #982, #2085, #558 ) ),
 .UNSPECIFIED., .F., .F., .T. ) 
 B_SPLINE_SURFACE_WITH_KNOTS ( ( 4, 2, 2, 2, 2, 2, 2, 2, 4 ),
 ( 3, 3 ),
 ( 0.002964999538358309168, 0.003267352938454411680, 0.003569706338550514627, 0.003872059738646617139, 0.004174413138742719652, 0.004476766538838822598, 0.004779119938934924677, 0.005081473339031027624, 0.005383826739127130570 ),
 ( 0.000000000000000000, 1.000000000000000000 ),
 .UNSPECIFIED. ) 
 GEOMETRIC_REPRESENTATION_ITEM ( )  RATIONAL_B_SPLINE_SURFACE ( (
 ( 1.000000000000000000, 0.7228416147400488212, 1.000000000000000000),
 ( 1.000000000000000000, 0.7310936255851487875, 1.000000000000000000),
 ( 1.000000000000000000, 0.7401654284836121089, 1.000000000000000000),
 ( 1.000000000000000000, 0.7597704625416432656, 1.000000000000000000),
 ( 1.000000000000000000, 0.7703635341413016535, 1.000000000000000000),
 ( 1.000000000000000000, 0.7913622966961163518, 1.000000000000000000),
 ( 1.000000000000000000, 0.8017947789837638339, 1.000000000000000000),
 ( 1.000000000000000000, 0.8176500018518269020, 1.000000000000000000),
 ( 1.000000000000000000, 0.8227778190609847941, 1.000000000000000000),
 ( 1.000000000000000000, 0.8231707100671897814, 1.000000000000000000),
 ( 1.000000000000000000, 0.8183703433578877195, 1.000000000000000000),
 ( 1.000000000000000000, 0.8027277123841114470, 1.000000000000000000),
 ( 1.000000000000000000, 0.7922268902204477881, 1.000000000000000000),
 ( 1.000000000000000000, 0.7710098571769440357, 1.000000000000000000),
 ( 1.000000000000000000, 0.7602800721665531336, 1.000000000000000000),
 ( 1.000000000000000000, 0.7404229265655691838, 1.000000000000000000),
 ( 1.000000000000000000, 0.7312200876319374654, 1.000000000000000000),
 ( 1.000000000000000000, 0.7228416147400488212, 1.000000000000000000) ) ) 
 REPRESENTATION_ITEM ( '' )  SURFACE ( )  );
#158 = ORIENTED_EDGE ( 'NONE', *, *, #707, .F. ) ;
#159 = DIRECTION ( 'NONE',  ( -3.285523800833660592E-48, 1.000000000000000000, -3.023623362212761042E-32 ) ) ;
#160 = ORIENTED_EDGE ( 'NONE', *, *, #1706, .F. ) ;
#161 = CARTESIAN_POINT ( 'NONE',  ( -4.336808689942014581E-15, 20.00000000000000000, 5.958941659613965068E-30 ) ) ;
#162 = CONICAL_SURFACE ( 'NONE', #2304, 1.499999999999996891, 0.7853981633974511656 ) ;
#163 = CARTESIAN_POINT ( 'NONE',  ( -89.80617384262011171, -0.4639608080156932823, 4.099870647241885990 ) ) ;
#164 = VECTOR ( 'NONE', #1624, 1000.000000000000000 ) ;
#165 = EDGE_CURVE ( 'NONE', #2036, #2131, #1589, .T. ) ;
#166 = ORIENTED_EDGE ( 'NONE', *, *, #2088, .F. ) ;
#167 = DIRECTION ( 'NONE',  ( 0.000000000000000000, -3.023623362212761042E-32, -1.000000000000000000 ) ) ;
#168 = DIRECTION ( 'NONE',  ( -1.000000000000000000, -3.252606517456513302E-16, 0.000000000000000000 ) ) ;
#169 = ORIENTED_EDGE ( 'NONE', *, *, #1318, .T. ) ;
#170 = CARTESIAN_POINT ( 'NONE',  ( -65.95186786579157001, 49.02115218479044501, 19.59999999999998721 ) ) ;
#171 = ORIENTED_EDGE ( 'NONE', *, *, #1074, .F. ) ;
#172 = CARTESIAN_POINT ( 'NONE',  ( -81.73936786579155012, 19.99999999999998224, 26.14999999999998792 ) ) ;
#173 = CARTESIAN_POINT ( 'NONE',  ( -87.87212812774690462, -0.1000000000000011297, 3.478260634807313068 ) ) ;
#174 = EDGE_CURVE ( 'NONE', #230, #142, #1965, .T. ) ;
#175 = APPROVAL_STATUS ( 'not_yet_approved' ) ;
#176 = AXIS2_PLACEMENT_3D ( 'NONE', #1120, #925, #1281 ) ;
#177 = ORIENTED_EDGE ( 'NONE', *, *, #903, .F. ) ;
#178 = CIRCLE ( 'NONE', #505, 3.499999999999996003 ) ;
#179 = DIRECTION ( 'NONE',  ( 0.000000000000000000, 0.000000000000000000, 1.000000000000000000 ) ) ;
#180 = B_SPLINE_CURVE_WITH_KNOTS ( 'NONE', 3,
 ( #2149, #808, #2325, #1788, #57, #1364 ),
 .UNSPECIFIED., .F., .F.,
 ( 4, 2, 4 ),
 ( 0.000000000000000000, 0.0008391714862489932109, 0.001678342972497986422 ),
 .UNSPECIFIED. ) ;
#181 = CARTESIAN_POINT ( 'NONE',  ( -71.21436786579155864, 30.09999999999999432, 24.64999999999999147 ) ) ;
#182 = EDGE_LOOP ( 'NONE', ( #1309, #1918, #169, #1297, #1124, #2397, #2326, #184 ) ) ;
#183 = CARTESIAN_POINT ( 'NONE',  ( -67.95186786579157001, 30.09999999999999076, 19.59999999999998721 ) ) ;
#184 = ORIENTED_EDGE ( 'NONE', *, *, #417, .F. ) ;
#185 = DIRECTION ( 'NONE',  ( -4.593855837952245032E-48, 1.412361382570360198E-32, -1.000000000000000000 ) ) ;
#186 = CARTESIAN_POINT ( 'NONE',  ( -89.87010210155135326, -2.010000000000003340, 3.478260634807288199 ) ) ;
#187 = EDGE_CURVE ( 'NONE', #541, #1692, #2504, .T. ) ;
#188 = LOCAL_TIME ( 10, 26, 38.00000000000000000, #915 ) ;
#189 = ORIENTED_EDGE ( 'NONE', *, *, #1101, .F. ) ;
#190 = DIRECTION ( 'NONE',  ( -2.454725278939251986E-16, 1.000000000000000000, 1.412361382570360198E-32 ) ) ;
#191 = DIRECTION ( 'NONE',  ( -1.000000000000000000, 0.000000000000000000, 0.000000000000000000 ) ) ;
#192 = CYLINDRICAL_SURFACE ( 'NONE', #1970, 1.499999999999997780 ) ;
#193 = VERTEX_POINT ( 'NONE', #83 ) ;
#194 = EDGE_CURVE ( 'NONE', #2285, #537, #1626, .T. ) ;
#195 = DIRECTION ( 'NONE',  ( 0.000000000000000000, -1.000000000000000000, 0.000000000000000000 ) ) ;
#196 = CIRCLE ( 'NONE', #1725, 1.500000000000001332 ) ;
#197 = ORIENTED_EDGE ( 'NONE', *, *, #2402, .F. ) ;
#198 = AXIS2_PLACEMENT_3D ( 'NONE', #1127, #159, #575 ) ;
#199 = CARTESIAN_POINT ( 'NONE',  ( -88.36117742531030217, -0.1000000165685230313, 4.047087281429520900 ) ) ;
#200 = DIRECTION ( 'NONE',  ( 1.374038396813312390E-15, -0.000000000000000000, 1.000000000000000000 ) ) ;
#201 = AXIS2_PLACEMENT_3D ( 'NONE', #2333, #2000, #1613 ) ;
#202 = AXIS2_PLACEMENT_3D ( 'NONE', #931, #350, #1358 ) ;
#203 = ADVANCED_FACE ( 'NONE', ( #2159 ), #415, .F. ) ;
#204 = VECTOR ( 'NONE', #233, 1000.000000000000000 ) ;
#205 = ORIENTED_EDGE ( 'NONE', *, *, #429, .T. ) ;
#206 = CARTESIAN_POINT ( 'NONE',  ( -92.05186786579156433, 20.09999999999999787, 29.69999999999998863 ) ) ;
#207 = ADVANCED_FACE ( 'NONE', ( #1980 ), #1241, .F. ) ;
#208 = CARTESIAN_POINT ( 'NONE',  ( -81.95186786579155580, 20.09999999999999787, 23.16512837255201873 ) ) ;
#209 = FACE_OUTER_BOUND ( 'NONE', #52, .T. ) ;
#210 = ORIENTED_EDGE ( 'NONE', *, *, #800, .T. ) ;
#211 = DIRECTION ( 'NONE',  ( -3.285523800833660592E-48, 1.000000000000000000, -3.023623362212761042E-32 ) ) ;
#212 = ORIENTED_EDGE ( 'NONE', *, *, #1529, .T. ) ;
#213 = CARTESIAN_POINT ( 'NONE',  ( -89.78613194144796239, -0.1458866911680032630, 5.884646433080220618 ) ) ;
#214 = LINE ( 'NONE', #1006, #1172 ) ;
#215 = ORIENTED_EDGE ( 'NONE', *, *, #1291, .T. ) ;
#216 = LINE ( 'NONE', #1717, #476 ) ;
#217 = AXIS2_PLACEMENT_3D ( 'NONE', #1854, #1881, #2029 ) ;
#218 = FACE_OUTER_BOUND ( 'NONE', #2118, .T. ) ;
#219 = CIRCLE ( 'NONE', #58, 2.000000000000001776 ) ;
#220 = EDGE_CURVE ( 'NONE', #556, #1550, #638, .T. ) ;
#221 = ORIENTED_EDGE ( 'NONE', *, *, #479, .F. ) ;
#222 = CARTESIAN_POINT ( 'NONE',  ( -89.85769012995378091, -1.734457819827125213, 21.90678736568721874 ) ) ;
#223 = ORIENTED_EDGE ( 'NONE', *, *, #2388, .T. ) ;
#224 = DIRECTION ( 'NONE',  ( -1.000000000000000000, 0.000000000000000000, 0.000000000000000000 ) ) ;
#225 = EDGE_LOOP ( 'NONE', ( #1744, #486, #1558, #2421, #2433, #1503, #608, #2124 ) ) ;
#226 = DIRECTION ( 'NONE',  ( 0.000000000000000000, -1.000000000000000000, -1.412361382570360198E-32 ) ) ;
#227 = DIRECTION ( 'NONE',  ( 1.227362639469625993E-16, 3.023623362212761042E-32, 1.000000000000000000 ) ) ;
#228 = EDGE_CURVE ( 'NONE', #1226, #1274, #1765, .T. ) ;
#229 = EDGE_CURVE ( 'NONE', #2385, #566, #967, .T. ) ;
#230 = VERTEX_POINT ( 'NONE', #807 ) ;
#231 = DIRECTION ( 'NONE',  ( 0.000000000000000000, 1.000000000000000000, 0.000000000000000000 ) ) ;
#232 = AXIS2_PLACEMENT_3D ( 'NONE', #206, #964, #167 ) ;
#233 = DIRECTION ( 'NONE',  ( -3.285523800833660592E-48, 1.000000000000000000, -3.023623362212761042E-32 ) ) ;
#234 = DIRECTION ( 'NONE',  ( -3.285523800833660592E-48, 1.000000000000000000, -3.023623362212761042E-32 ) ) ;
#235 = ORIENTED_EDGE ( 'NONE', *, *, #1682, .F. ) ;
#236 = DIRECTION ( 'NONE',  ( -1.227362639469625993E-16, -3.023623362212761042E-32, -1.000000000000000000 ) ) ;
#237 = EDGE_LOOP ( 'NONE', ( #1114, #1343 ) ) ;
#238 = LINE ( 'NONE', #1777, #2377 ) ;
#239 = VECTOR ( 'NONE', #2126, 1000.000000000000000 ) ;
#240 = CARTESIAN_POINT ( 'NONE',  ( -81.73936786579155012, -9.900000000000005684, 24.64999999999999147 ) ) ;
#241 = CIRCLE ( 'NONE', #362, 1.499999999999996891 ) ;
#242 = CIRCLE ( 'NONE', #885, 2.000000000000001776 ) ;
#243 = CARTESIAN_POINT ( 'NONE',  ( -83.80411203336329606, 30.09999999999999076, 6.154335568623536368 ) ) ;
#244 = CIRCLE ( 'NONE', #2179, 1.499999999999996891 ) ;
#245 = DIRECTION ( 'NONE',  ( -1.227362639469625993E-16, -3.023623362212761042E-32, -1.000000000000000000 ) ) ;
#246 = DIRECTION ( 'NONE',  ( 0.000000000000000000, -1.000000000000000000, 0.000000000000000000 ) ) ;
#247 = CARTESIAN_POINT ( 'NONE',  ( -67.95186786579155580, 1.899999999999999023, 29.69999999999998863 ) ) ;
#248 = VERTEX_POINT ( 'NONE', #1203 ) ;
#249 = DIRECTION ( 'NONE',  ( -1.000000000000000000, 0.000000000000000000, 1.927470528863117569E-16 ) ) ;
#250 = ORIENTED_EDGE ( 'NONE', *, *, #655, .F. ) ;
#251 = DIRECTION ( 'NONE',  ( -2.596609123238816689E-48, 1.000000000000000000, -3.023623362212761042E-32 ) ) ;
#252 = CARTESIAN_POINT ( 'NONE',  ( -65.95186786579157001, 28.09999999999999432, 19.59999999999998721 ) ) ;
#253 = EDGE_CURVE ( 'NONE', #550, #449, #727, .T. ) ;
#254 = LINE ( 'NONE', #1222, #364 ) ;
#255 = CARTESIAN_POINT ( 'NONE',  ( -89.85186786579153306, -1.200000000000019940, 21.25433923335130615 ) ) ;
#256 = LINE ( 'NONE', #1025, #1855 ) ;
#257 = EDGE_CURVE ( 'NONE', #981, #1679, #238, .T. ) ;
#258 = LINE ( 'NONE', #1027, #1333 ) ;
#259 = ORIENTED_EDGE ( 'NONE', *, *, #1457, .T. ) ;
#260 = CARTESIAN_POINT ( 'NONE',  ( -71.21436786579155864, 30.09999999999999432, 23.14999999999999503 ) ) ;
#261 = VECTOR ( 'NONE', #1480, 1000.000000000000000 ) ;
#262 = ORIENTED_EDGE ( 'NONE', *, *, #574, .F. ) ;
#263 = DIRECTION ( 'NONE',  ( 0.000000000000000000, 0.000000000000000000, 1.000000000000000000 ) ) ;
#264 = CARTESIAN_POINT ( 'NONE',  ( -88.45960449256976688, 0.02442042947980041165, 16.65242118179822484 ) ) ;
#265 = ADVANCED_FACE ( 'NONE', ( #1018 ), #1217, .F. ) ;
#266 = CARTESIAN_POINT ( 'NONE',  ( -81.95186786579157001, 9.899999999999998579, 29.69999999999998863 ) ) ;
#267 = CARTESIAN_POINT ( 'NONE',  ( -87.00186786579155296, 20.09999999999999787, 4.699999999999990408 ) ) ;
#268 = CARTESIAN_POINT ( 'NONE',  ( -81.73936786579155012, 9.899999999999998579, 24.64999999999999147 ) ) ;
#269 = CARTESIAN_POINT ( 'NONE',  ( -89.87059762772753402, 0.1081437422771462514, 21.68903731478734187 ) ) ;
#270 = ORIENTED_EDGE ( 'NONE', *, *, #1169, .T. ) ;
#271 = DIRECTION ( 'NONE',  ( 0.000000000000000000, 1.000000000000000000, 0.000000000000000000 ) ) ;
#272 = ORIENTED_EDGE ( 'NONE', *, *, #1398, .F. ) ;
#273 = LINE ( 'NONE', #650, #1611 ) ;
#274 = CARTESIAN_POINT ( 'NONE',  ( -87.00186786579155296, -0.1000000000000011297, 19.69999999999999574 ) ) ;
#275 = DIRECTION ( 'NONE',  ( 0.000000000000000000, 0.7071067811865455743, 0.7071067811865495711 ) ) ;
#276 = MECHANICAL_CONTEXT ( 'NONE', #2250, 'mechanical' ) ;
#277 = DIRECTION ( 'NONE',  ( 0.000000000000000000, 0.000000000000000000, -1.000000000000000000 ) ) ;
#278 = AXIS2_PLACEMENT_3D ( 'NONE', #1095, #1433, #1053 ) ;
#279 = EDGE_CURVE ( 'NONE', #2315, #1295, #273, .T. ) ;
#280 = DIRECTION ( 'NONE',  ( -7.422164701214958624E-48, 3.023623362212761042E-32, 1.000000000000000000 ) ) ;
#281 = AXIS2_PLACEMENT_3D ( 'NONE', #662, #2206, #1866 ) ;
#282 = VERTEX_POINT ( 'NONE', #1043 ) ;
#283 = VECTOR ( 'NONE', #873, 1000.000000000000000 ) ;
#284 = DIRECTION ( 'NONE',  ( -2.454725278939251986E-16, 1.000000000000000000, 1.412361382570360198E-32 ) ) ;
#285 = ORIENTED_EDGE ( 'NONE', *, *, #591, .T. ) ;
#286 = DIRECTION ( 'NONE',  ( -3.285523800833660592E-48, 1.000000000000000000, -3.023623362212761042E-32 ) ) ;
#287 = CARTESIAN_POINT ( 'NONE',  ( -88.52189301672181898, 0.2151638628830278011, 22.50594365172016964 ) ) ;
#288 = DIRECTION ( 'NONE',  ( 0.000000000000000000, 0.000000000000000000, -1.000000000000000000 ) ) ;
#289 = EDGE_CURVE ( 'NONE', #1144, #451, #30, .T. ) ;
#290 = CARTESIAN_POINT ( 'NONE',  ( -89.86513308592333260, 0.04146928381091293664, 17.56770560431131400 ) ) ;
#291 = LINE ( 'NONE', #266, #116 ) ;
#292 = APPROVAL_DATE_TIME ( #112, #458 ) ;
#293 = DIRECTION ( 'NONE',  ( -2.454725278939251986E-16, 1.000000000000000000, 1.412361382570360198E-32 ) ) ;
#294 = CARTESIAN_POINT ( 'NONE',  ( -89.82269696008029314, -0.7683410279774535168, 23.11005482774973885 ) ) ;
#295 = ORIENTED_EDGE ( 'NONE', *, *, #1219, .F. ) ;
#296 = CARTESIAN_POINT ( 'NONE',  ( -81.95186786579157001, 20.09999999999999787, 29.69999999999998863 ) ) ;
#297 = ORIENTED_EDGE ( 'NONE', *, *, #1130, .F. ) ;
#298 = DIRECTION ( 'NONE',  ( 0.000000000000000000, -3.023623362212761042E-32, -1.000000000000000000 ) ) ;
#299 = DIRECTION ( 'NONE',  ( -1.000000000000000000, 0.000000000000000000, 0.000000000000000000 ) ) ;
#300 = AXIS2_PLACEMENT_3D ( 'NONE', #137, #1465, #870 ) ;
#301 = CARTESIAN_POINT ( 'NONE',  ( -89.87010210155136747, -2.010000000000005116, 3.681926557868386851 ) ) ;
#302 = AXIS2_PLACEMENT_3D ( 'NONE', #2243, #1461, #1250 ) ;
#303 = DIRECTION ( 'NONE',  ( -0.000000000000000000, -1.000000000000000000, -0.000000000000000000 ) ) ;
#304 = ORIENTED_EDGE ( 'NONE', *, *, #1743, .T. ) ;
#305 = CC_DESIGN_PERSON_AND_ORGANIZATION_ASSIGNMENT ( #1671, #1064, ( #1603 ) ) ;
#306 = DIRECTION ( 'NONE',  ( 0.000000000000000000, 0.000000000000000000, 1.000000000000000000 ) ) ;
#307 = ORIENTED_EDGE ( 'NONE', *, *, #1573, .F. ) ;
#308 = CARTESIAN_POINT ( 'NONE',  ( -89.87016182220631322, -0.3886752797474021248, 19.76389831539673025 ) ) ;
#309 = ORIENTED_EDGE ( 'NONE', *, *, #1398, .T. ) ;
#310 = DIRECTION ( 'NONE',  ( 0.000000000000000000, 0.000000000000000000, -1.000000000000000000 ) ) ;
#311 = VERTEX_POINT ( 'NONE', #1032 ) ;
#312 = CARTESIAN_POINT ( 'NONE',  ( -83.95186786579157001, 30.09999999999999432, 6.416828471338971163 ) ) ;
#313 = CARTESIAN_POINT ( 'NONE',  ( -88.99315017632072511, 0.9160814802032725135, 18.19116594084642813 ) ) ;
#314 = AXIS2_PLACEMENT_3D ( 'NONE', #2349, #69, #1653 ) ;
#315 = LINE ( 'NONE', #1089, #2440 ) ;
#316 = CARTESIAN_POINT ( 'NONE',  ( -89.88623949677837288, 0.2789810846797004529, 18.16178142567637366 ) ) ;
#317 = EDGE_CURVE ( 'NONE', #2371, #1505, #938, .T. ) ;
#318 = VERTEX_POINT ( 'NONE', #611 ) ;
#319 = DATE_AND_TIME ( #902, #797 ) ;
#320 = CARTESIAN_POINT ( 'NONE',  ( -107.8518678657915331, -1.200000000000022160, 29.69999999999998863 ) ) ;
#321 = ORIENTED_EDGE ( 'NONE', *, *, #2220, .F. ) ;
#322 = VECTOR ( 'NONE', #275, 1000.000000000000114 ) ;
#323 = CARTESIAN_POINT ( 'NONE',  ( -89.22888614325299272, 1.083660725963583538, 19.00230165918007330 ) ) ;
#324 = ORIENTED_EDGE ( 'NONE', *, *, #2500, .T. ) ;
#325 = DIRECTION ( 'NONE',  ( 2.168404344971007142E-16, -1.000000000000000000, -2.979470829806982534E-31 ) ) ;
#326 = ORIENTED_EDGE ( 'NONE', *, *, #2383, .T. ) ;
#327 = DIRECTION ( 'NONE',  ( 2.168404344971007142E-16, -1.000000000000000000, -2.979470829806982534E-31 ) ) ;
#328 = AXIS2_PLACEMENT_3D ( 'NONE', #181, #1325, #955 ) ;
#329 = AXIS2_PLACEMENT_3D ( 'NONE', #384, #4, #1549 ) ;
#330 = DIRECTION ( 'NONE',  ( -3.285523800833660592E-48, 1.000000000000000000, -3.023623362212761042E-32 ) ) ;
#331 = CYLINDRICAL_SURFACE ( 'NONE', #139, 1.499999999999997780 ) ;
#332 = EDGE_CURVE ( 'NONE', #1086, #451, #2138, .T. ) ;
#333 = VERTEX_POINT ( 'NONE', #1403 ) ;
#334 = PERSON_AND_ORGANIZATION ( #1934, #2128 ) ;
#335 = CARTESIAN_POINT ( 'NONE',  ( -81.95186786579155580, -9.900000000000005684, 26.13487162744796422 ) ) ;
#336 = ORIENTED_EDGE ( 'NONE', *, *, #187, .F. ) ;
#337 = CARTESIAN_POINT ( 'NONE',  ( -89.86516021219173922, -0.5069267419260645724, 19.18205972633844780 ) ) ;
#338 = ORIENTED_EDGE ( 'NONE', *, *, #1814, .T. ) ;
#339 = CARTESIAN_POINT ( 'NONE',  ( -87.00186786579155296, 9.899999999999998579, 4.699999999999990408 ) ) ;
#340 = EDGE_CURVE ( 'NONE', #351, #604, #2171, .T. ) ;
#341 = ORIENTED_EDGE ( 'NONE', *, *, #1013, .T. ) ;
#342 = FACE_OUTER_BOUND ( 'NONE', #930, .T. ) ;
#343 = EDGE_CURVE ( 'NONE', #1135, #2131, #1735, .T. ) ;
#344 = LINE ( 'NONE', #1824, #1789 ) ;
#345 = CARTESIAN_POINT ( 'NONE',  ( -89.85012841996172028, -0.1606770274439692781, 17.17452679700716445 ) ) ;
#346 = VECTOR ( 'NONE', #402, 1000.000000000000000 ) ;
#347 = EDGE_CURVE ( 'NONE', #564, #576, #643, .T. ) ;
#348 = ORIENTED_EDGE ( 'NONE', *, *, #1548, .T. ) ;
#349 = ORIENTED_EDGE ( 'NONE', *, *, #228, .T. ) ;
#350 = DIRECTION ( 'NONE',  ( -1.227362639469625993E-16, -3.023623362212761042E-32, -1.000000000000000000 ) ) ;
#351 = VERTEX_POINT ( 'NONE', #1836 ) ;
#352 = CARTESIAN_POINT ( 'NONE',  ( -94.70186786579154159, -1.200000000000020606, 29.69999999999998863 ) ) ;
#353 = ORIENTED_EDGE ( 'NONE', *, *, #1557, .T. ) ;
#354 = CARTESIAN_POINT ( 'NONE',  ( -71.21436786579155864, -0.1000000000000011297, 24.64999999999999147 ) ) ;
#355 = CARTESIAN_POINT ( 'NONE',  ( -89.78610098753270563, -0.1451995248762393553, 3.514798088535363796 ) ) ;
#356 = LOCAL_TIME ( 10, 26, 38.00000000000000000, #391 ) ;
#357 = APPROVAL_DATE_TIME ( #928, #874 ) ;
#358 = ORIENTED_EDGE ( 'NONE', *, *, #143, .F. ) ;
#359 = AXIS2_PLACEMENT_3D ( 'NONE', #869, #2387, #1638 ) ;
#360 = CARTESIAN_POINT ( 'NONE',  ( -119.8629349200882928, 30.09999999999999432, 29.69999999999999218 ) ) ;
#361 = ORIENTED_EDGE ( 'NONE', *, *, #756, .T. ) ;
#362 = AXIS2_PLACEMENT_3D ( 'NONE', #957, #2497, #555 ) ;
#363 = CARTESIAN_POINT ( 'NONE',  ( -87.00186786579155296, -0.1000000000000011297, 4.699999999999990408 ) ) ;
#364 = VECTOR ( 'NONE', #2362, 1000.000000000000000 ) ;
#365 = ADVANCED_FACE ( 'NONE', ( #2436, #868 ), #148, .T. ) ;
#366 = VERTEX_POINT ( 'NONE', #1652 ) ;
#367 = DIRECTION ( 'NONE',  ( -3.285523800833660592E-48, 1.000000000000000000, -3.023623362212761042E-32 ) ) ;
#368 = ORIENTED_EDGE ( 'NONE', *, *, #970, .F. ) ;
#369 = CYLINDRICAL_SURFACE ( 'NONE', #1313, 18.00000000000001421 ) ;
#370 = AXIS2_PLACEMENT_3D ( 'NONE', #2239, #1065, #1672 ) ;
#371 = ORIENTED_EDGE ( 'NONE', *, *, #1814, .F. ) ;
#372 = LINE ( 'NONE', #1184, #2044 ) ;
#373 = CARTESIAN_POINT ( 'NONE',  ( -81.95186786579157001, 19.99999999999998224, 19.59999999999998721 ) ) ;
#374 = ORIENTED_EDGE ( 'NONE', *, *, #591, .F. ) ;
#375 = CARTESIAN_POINT ( 'NONE',  ( -67.95186786579155580, -0.1000000000000011297, 23.38268245889195995 ) ) ;
#376 = VERTEX_POINT ( 'NONE', #2039 ) ;
#377 = CARTESIAN_POINT ( 'NONE',  ( -107.8518678657915331, -1.200000000000022160, 29.69999999999998863 ) ) ;
#378 = CARTESIAN_POINT ( 'NONE',  ( -89.87010210119173337, -2.009999992016011205, 3.579507764034612904 ) ) ;
#379 = VECTOR ( 'NONE', #2098, 1000.000000000000000 ) ;
#380 = ORIENTED_EDGE ( 'NONE', *, *, #257, .T. ) ;
#381 = AXIS2_PLACEMENT_3D ( 'NONE', #296, #671, #2215 ) ;
#382 = CARTESIAN_POINT ( 'NONE',  ( -87.00186786579155296, 20.09999999999999787, 6.199999999999988631 ) ) ;
#383 = LINE ( 'NONE', #1524, #2015 ) ;
#384 = CARTESIAN_POINT ( 'NONE',  ( -67.95186786579157001, 21.99999999999998579, 19.59999999999998721 ) ) ;
#385 = VERTEX_POINT ( 'NONE', #312 ) ;
#386 = DIRECTION ( 'NONE',  ( 0.000000000000000000, 0.000000000000000000, -1.000000000000000000 ) ) ;
#387 = EDGE_CURVE ( 'NONE', #1947, #1226, #1696, .T. ) ;
#388 = CARTESIAN_POINT ( 'NONE',  ( -83.53117430729149362, -0.07213387048245364919, 19.59999999999998010 ) ) ;
#389 = CYLINDRICAL_SURFACE ( 'NONE', #533, 1.499999999999997780 ) ;
#390 = EDGE_CURVE ( 'NONE', #311, #2066, #2341, .T. ) ;
#391 = COORDINATED_UNIVERSAL_TIME_OFFSET ( 1, 0, .AHEAD. ) ;
#392 = CC_DESIGN_SECURITY_CLASSIFICATION ( #1246, ( #1603 ) ) ;
#393 = ORIENTED_EDGE ( 'NONE', *, *, #673, .T. ) ;
#394 = APPLICATION_CONTEXT ( 'configuration controlled 3d designs of mechanical parts and assemblies' ) ;
#395 = FACE_OUTER_BOUND ( 'NONE', #23, .T. ) ;
#396 = CARTESIAN_POINT ( 'NONE',  ( -81.73936786579155012, 19.99999999999998224, 24.64999999999999147 ) ) ;
#397 = CYLINDRICAL_SURFACE ( 'NONE', #1569, 1.499999999999996891 ) ;
#398 = EDGE_LOOP ( 'NONE', ( #414, #1912, #407, #133 ) ) ;
#399 = PLANE ( 'NONE',  #1472 ) ;
#400 = CIRCLE ( 'NONE', #848, 1.499999999999997780 ) ;
#401 = ORIENTED_EDGE ( 'NONE', *, *, #2018, .T. ) ;
#402 = DIRECTION ( 'NONE',  ( -2.454725278939251986E-16, 1.000000000000000000, 1.412361382570360198E-32 ) ) ;
#403 = CARTESIAN_POINT ( 'NONE',  ( -81.73936786579155012, -0.1000000000000011297, 24.64999999999999147 ) ) ;
#404 = AXIS2_PLACEMENT_3D ( 'NONE', #1383, #1296, #2226 ) ;
#405 = CIRCLE ( 'NONE', #1180, 2.000000000000001776 ) ;
#406 = EDGE_CURVE ( 'NONE', #604, #1661, #719, .T. ) ;
#407 = ORIENTED_EDGE ( 'NONE', *, *, #2088, .T. ) ;
#408 = DIRECTION ( 'NONE',  ( 0.000000000000000000, 0.000000000000000000, -1.000000000000000000 ) ) ;
#409 = CARTESIAN_POINT ( 'NONE',  ( -87.87212812774689041, -2.100000000000000977, 29.69999999999998508 ) ) ;
#410 = DIRECTION ( 'NONE',  ( -3.285523800833660592E-48, 1.000000000000000000, -3.023623362212761042E-32 ) ) ;
#411 = ORIENTED_EDGE ( 'NONE', *, *, #438, .F. ) ;
#412 = EDGE_CURVE ( 'NONE', #1990, #2240, #2259, .T. ) ;
#413 = DIRECTION ( 'NONE',  ( -1.227362639469625993E-16, 0.000000000000000000, -1.000000000000000000 ) ) ;
#414 = ORIENTED_EDGE ( 'NONE', *, *, #1492, .F. ) ;
#415 = CYLINDRICAL_SURFACE ( 'NONE', #1728, 1.499999999999996891 ) ;
#416 = CARTESIAN_POINT ( 'NONE',  ( -87.00186786579155296, -9.900000000000005684, 3.199999999999993516 ) ) ;
#417 = EDGE_CURVE ( 'NONE', #318, #1522, #1059, .T. ) ;
#418 = ORIENTED_EDGE ( 'NONE', *, *, #815, .T. ) ;
#419 = CARTESIAN_POINT ( 'NONE',  ( -87.00186786579155296, 1.899999999999988587, 19.69999999999999574 ) ) ;
#420 = VECTOR ( 'NONE', #1639, 1000.000000000000000 ) ;
#421 = CARTESIAN_POINT ( 'NONE',  ( -67.95186786579157001, 21.99999999999998579, 29.69999999999998508 ) ) ;
#422 = CIRCLE ( 'NONE', #618, 3.500000000000003109 ) ;
#423 = DIRECTION ( 'NONE',  ( 1.000000000000000000, 2.454725278939251986E-16, -1.374038396813311995E-15 ) ) ;
#424 = ORIENTED_EDGE ( 'NONE', *, *, #2041, .F. ) ;
#425 = CYLINDRICAL_SURFACE ( 'NONE', #2119, 2.000000000000001776 ) ;
#426 = EDGE_LOOP ( 'NONE', ( #324, #2418, #519, #158, #1031, #2446 ) ) ;
#427 = CARTESIAN_POINT ( 'NONE',  ( -83.95186786579157001, -0.1000000000000011297, 29.69999999999998863 ) ) ;
#428 = DIRECTION ( 'NONE',  ( 3.305638233318760129E-48, -1.000000000000000000, 3.023623362212761042E-32 ) ) ;
#429 = EDGE_CURVE ( 'NONE', #1599, #2242, #2458, .T. ) ;
#430 = AXIS2_PLACEMENT_3D ( 'NONE', #2367, #423, #2176 ) ;
#431 = CARTESIAN_POINT ( 'NONE',  ( -81.95186786579157001, 22.09999999999999432, -0.3000000000000103140 ) ) ;
#432 = CYLINDRICAL_SURFACE ( 'NONE', #560, 13.14999999999999503 ) ;
#433 = VECTOR ( 'NONE', #1758, 1000.000000000000000 ) ;
#434 = DIRECTION ( 'NONE',  ( 1.227362639469625993E-16, 0.000000000000000000, 1.000000000000000000 ) ) ;
#435 = DIRECTION ( 'NONE',  ( 3.305638233318760129E-48, -1.000000000000000000, 3.023623362212761042E-32 ) ) ;
#436 = ORIENTED_EDGE ( 'NONE', *, *, #491, .F. ) ;
#437 = DIRECTION ( 'NONE',  ( 1.000000000000000000, 0.000000000000000000, -1.227362639469625993E-16 ) ) ;
#438 = EDGE_CURVE ( 'NONE', #2320, #514, #702, .T. ) ;
#439 = ORIENTED_EDGE ( 'NONE', *, *, #1743, .F. ) ;
#440 = DIRECTION ( 'NONE',  ( -1.227362639469625993E-16, -3.023623362212761042E-32, -1.000000000000000000 ) ) ;
#441 = LINE ( 'NONE', #1742, #2334 ) ;
#442 = B_SPLINE_CURVE_WITH_KNOTS ( 'NONE', 3,
 ( #2058, #301, #2409, #691, #721, #704, #1479, #1119, #2246, #517 ),
 .UNSPECIFIED., .F., .F.,
 ( 4, 2, 2, 2, 4 ),
 ( 0.000000000000000000, 0.0006102981550071645512, 0.001220596310014328886, 0.001830894465021493328, 0.002441192620028657771 ),
 .UNSPECIFIED. ) ;
#443 = VECTOR ( 'NONE', #1421, 1000.000000000000000 ) ;
#444 = ADVANCED_FACE ( 'NONE', ( #1265 ), #1680, .F. ) ;
#445 = DIRECTION ( 'NONE',  ( -1.227362639469625993E-16, -3.023623362212761042E-32, -1.000000000000000000 ) ) ;
#446 = CARTESIAN_POINT ( 'NONE',  ( -89.82091843367423678, -1.605969649242250163, 22.39123491046069958 ) ) ;
#447 = DIRECTION ( 'NONE',  ( -0.000000000000000000, 1.000000000000000000, -0.000000000000000000 ) ) ;
#448 = FACE_OUTER_BOUND ( 'NONE', #1949, .T. ) ;
#449 = VERTEX_POINT ( 'NONE', #1637 ) ;
#450 = CARTESIAN_POINT ( 'NONE',  ( -71.21436786579155864, -0.1000000000000011297, 24.64999999999999147 ) ) ;
#451 = VERTEX_POINT ( 'NONE', #1666 ) ;
#452 = CARTESIAN_POINT ( 'NONE',  ( -89.87010210155135326, -2.010000000000002895, 17.17414396604767646 ) ) ;
#453 = CARTESIAN_POINT ( 'NONE',  ( -88.78602824553443895, 0.6949994438881688108, 17.64921137285671549 ) ) ;
#454 = EDGE_CURVE ( 'NONE', #1562, #1068, #1822, .T. ) ;
#455 = CARTESIAN_POINT ( 'NONE',  ( -83.95186786579157001, 30.09999999999999432, 6.416828471338971163 ) ) ;
#456 = CARTESIAN_POINT ( 'NONE',  ( -89.87010210155135326, -2.010000000000002895, 22.22585603395231502 ) ) ;
#457 = CARTESIAN_POINT ( 'NONE',  ( -125.8518678657915615, -1.200000000000022160, -0.3000000000000054845 ) ) ;
#458 = APPROVAL ( #2225, 'UNSPECIFIED' ) ;
#459 = CARTESIAN_POINT ( 'NONE',  ( -87.00186786579155296, -0.1000000000000011297, 4.699999999999990408 ) ) ;
#460 = ORIENTED_EDGE ( 'NONE', *, *, #2129, .T. ) ;
#461 = DIRECTION ( 'NONE',  ( 0.000000000000000000, 1.000000000000000000, 0.000000000000000000 ) ) ;
#462 = CIRCLE ( 'NONE', #2077, 13.14999999999999503 ) ;
#463 = EDGE_LOOP ( 'NONE', ( #1987, #946, #1077, #326 ) ) ;
#464 = DIRECTION ( 'NONE',  ( -1.000000000000000000, 0.000000000000000000, 0.000000000000000000 ) ) ;
#465 = CARTESIAN_POINT ( 'NONE',  ( -89.85186786579153306, -1.200000000000019940, 21.25433923335130615 ) ) ;
#466 = CARTESIAN_POINT ( 'NONE',  ( -65.95186786579155580, 7.999999999999989342, 29.69999999999998863 ) ) ;
#467 = LINE ( 'NONE', #1197, #2169 ) ;
#468 = FACE_OUTER_BOUND ( 'NONE', #701, .T. ) ;
#469 = LINE ( 'NONE', #78, #2197 ) ;
#470 = ORIENTED_EDGE ( 'NONE', *, *, #228, .F. ) ;
#471 = EDGE_CURVE ( 'NONE', #1365, #512, #2450, .T. ) ;
#472 = DIRECTION ( 'NONE',  ( -0.000000000000000000, 0.000000000000000000, -1.000000000000000000 ) ) ;
#473 = VERTEX_POINT ( 'NONE', #2245 ) ;
#474 = DIRECTION ( 'NONE',  ( -3.285523800833660592E-48, 1.000000000000000000, -3.023623362212761042E-32 ) ) ;
#475 = CARTESIAN_POINT ( 'NONE',  ( -89.85186786579153306, -1.015864205970245404, 21.02114977032561427 ) ) ;
#476 = VECTOR ( 'NONE', #1730, 1000.000000000000000 ) ;
#477 = CARTESIAN_POINT ( 'NONE',  ( -83.70654962901350871, 30.08600742333893052, 3.524844363109381984 ) ) ;
#478 = APPLICATION_PROTOCOL_DEFINITION ( 'international standard', 'config_control_design', 1994, #394 ) ;
#479 = EDGE_CURVE ( 'NONE', #524, #1990, #1141, .T. ) ;
#480 = LINE ( 'NONE', #2048, #1454 ) ;
#481 = CIRCLE ( 'NONE', #2219, 1.500000000000001332 ) ;
#482 = CARTESIAN_POINT ( 'NONE',  ( -89.22771593589894223, 1.080661944975397804, 20.37235894493896637 ) ) ;
#483 = VECTOR ( 'NONE', #515, 1000.000000000000000 ) ;
#484 = ORIENTED_EDGE ( 'NONE', *, *, #1650, .F. ) ;
#485 = FACE_OUTER_BOUND ( 'NONE', #806, .T. ) ;
#486 = ORIENTED_EDGE ( 'NONE', *, *, #2465, .T. ) ;
#487 = DIRECTION ( 'NONE',  ( 0.000000000000000000, 0.000000000000000000, 1.000000000000000000 ) ) ;
#488 = DIRECTION ( 'NONE',  ( 0.000000000000000000, 0.000000000000000000, -1.000000000000000000 ) ) ;
#489 = CARTESIAN_POINT ( 'NONE',  ( -71.21436786579155864, -9.900000000000005684, 26.14999999999998792 ) ) ;
#490 = CARTESIAN_POINT ( 'NONE',  ( -89.82760223347928275, -0.6105885317686551295, 16.49865647475619213 ) ) ;
#491 = EDGE_CURVE ( 'NONE', #571, #193, #1098, .T. ) ;
#492 = EDGE_LOOP ( 'NONE', ( #111, #1795, #2305, #1699, #531 ) ) ;
#493 = PERSON_AND_ORGANIZATION ( #1934, #2128 ) ;
#494 = CARTESIAN_POINT ( 'NONE',  ( -87.00186786579155296, 30.09999999999999432, 4.699999999999990408 ) ) ;
#495 = EDGE_CURVE ( 'NONE', #2385, #1550, #1290, .T. ) ;
#496 = CARTESIAN_POINT ( 'NONE',  ( -89.87118139837718900, -2.033615115351937508, 22.25318377322932051 ) ) ;
#497 = ORIENTED_EDGE ( 'NONE', *, *, #1, .T. ) ;
#498 = DIRECTION ( 'NONE',  ( 0.000000000000000000, 0.000000000000000000, 1.000000000000000000 ) ) ;
#499 = ADVANCED_FACE ( 'NONE', ( #342 ), #1349, .F. ) ;
#500 = ORIENTED_EDGE ( 'NONE', *, *, #151, .F. ) ;
#501 = CARTESIAN_POINT ( 'NONE',  ( -67.95186786579157001, 28.09999999999999432, 19.59999999999998721 ) ) ;
#502 = CARTESIAN_POINT ( 'NONE',  ( -89.23671122760694630, 1.086156038639679133, 20.31914502088584484 ) ) ;
#503 = VECTOR ( 'NONE', #2426, 1000.000000000000114 ) ;
#504 = CARTESIAN_POINT ( 'NONE',  ( -71.21436786579155864, 1.900000000000002354, 26.14999999999998792 ) ) ;
#505 = AXIS2_PLACEMENT_3D ( 'NONE', #1819, #1489, #310 ) ;
#506 = CARTESIAN_POINT ( 'NONE',  ( -88.33016268536810855, -0.7119278113208328262, 15.80852429047798680 ) ) ;
#507 = ORIENTED_EDGE ( 'NONE', *, *, #1938, .T. ) ;
#508 =( LENGTH_UNIT ( ) NAMED_UNIT ( * ) SI_UNIT ( .MILLI., .METRE. ) );
#509 = DIRECTION ( 'NONE',  ( 0.000000000000000000, 0.000000000000000000, 1.000000000000000000 ) ) ;
#510 = VERTEX_POINT ( 'NONE', #731 ) ;
#511 = CARTESIAN_POINT ( 'NONE',  ( -88.37549487783816460, -0.3442729640949704906, 23.18539796073885739 ) ) ;
#512 = VERTEX_POINT ( 'NONE', #542 ) ;
#513 = CARTESIAN_POINT ( 'NONE',  ( -81.73936786579155012, 19.99999999999998224, 24.64999999999999147 ) ) ;
#514 = VERTEX_POINT ( 'NONE', #1702 ) ;
#515 = DIRECTION ( 'NONE',  ( 1.000000000000000000, 2.596609123238816689E-48, -3.062570558634826577E-48 ) ) ;
#516 = EDGE_CURVE ( 'NONE', #2240, #1287, #1419, .T. ) ;
#517 = CARTESIAN_POINT ( 'NONE',  ( -89.87010210155135326, -2.010000000000002895, 5.921739365192680182 ) ) ;
#518 = CARTESIAN_POINT ( 'NONE',  ( -121.0018678657915387, -1.200000000000022160, -0.3000000000000060951 ) ) ;
#519 = ORIENTED_EDGE ( 'NONE', *, *, #2366, .T. ) ;
#520 = CALENDAR_DATE ( 2026, 2, 6 ) ;
#521 = EDGE_CURVE ( 'NONE', #1609, #2507, #1049, .T. ) ;
#522 = VECTOR ( 'NONE', #666, 1000.000000000000000 ) ;
#523 = DIRECTION ( 'NONE',  ( 0.000000000000000000, -3.023623362212761042E-32, -1.000000000000000000 ) ) ;
#524 = VERTEX_POINT ( 'NONE', #183 ) ;
#525 = VECTOR ( 'NONE', #831, 1000.000000000000114 ) ;
#526 = DIRECTION ( 'NONE',  ( -1.227362639469625993E-16, -3.023623362212761042E-32, -1.000000000000000000 ) ) ;
#527 = VERTEX_POINT ( 'NONE', #1922 ) ;
#528 = EDGE_CURVE ( 'NONE', #89, #473, #1375, .T. ) ;
#529 = CARTESIAN_POINT ( 'NONE',  ( -81.73936786579155012, 28.10000000000000142, 24.64999999999999147 ) ) ;
#530 = AXIS2_PLACEMENT_3D ( 'NONE', #1935, #1709, #1732 ) ;
#531 = ORIENTED_EDGE ( 'NONE', *, *, #1299, .F. ) ;
#532 = CARTESIAN_POINT ( 'NONE',  ( -81.95186786579158422, 20.09999999999999787, 19.59999999999998721 ) ) ;
#533 = AXIS2_PLACEMENT_3D ( 'NONE', #240, #1981, #1753 ) ;
#534 = CARTESIAN_POINT ( 'NONE',  ( -81.95186786579157001, 9.899999999999998579, 19.59999999999999076 ) ) ;
#535 = DIRECTION ( 'NONE',  ( -3.285523800833660592E-48, 1.000000000000000000, -3.023623362212761042E-32 ) ) ;
#536 = CARTESIAN_POINT ( 'NONE',  ( -88.62533581487558365, -0.2343436175453290637, 16.44202206252945686 ) ) ;
#537 = VERTEX_POINT ( 'NONE', #2286 ) ;
#538 = PRODUCT_DEFINITION_SHAPE ( 'NONE', 'NONE',  #1332 ) ;
#539 = VERTEX_POINT ( 'NONE', #1315 ) ;
#540 = DIRECTION ( 'NONE',  ( 2.454725278939251986E-16, -1.000000000000000000, -1.412361382570359924E-32 ) ) ;
#541 = VERTEX_POINT ( 'NONE', #1174 ) ;
#542 = CARTESIAN_POINT ( 'NONE',  ( -65.95186786579155580, 1.899999999999999023, 19.59999999999999076 ) ) ;
#543 = ORIENTED_EDGE ( 'NONE', *, *, #70, .F. ) ;
#544 = CARTESIAN_POINT ( 'NONE',  ( -89.87010210155135326, -2.010000000000002895, 5.921739365192680182 ) ) ;
#545 = CARTESIAN_POINT ( 'NONE',  ( -89.86614998860343917, -1.916904802714015865, 4.795578193454120175 ) ) ;
#546 = VECTOR ( 'NONE', #1775, 1000.000000000000000 ) ;
#547 = AXIS2_PLACEMENT_3D ( 'NONE', #513, #1649, #1863 ) ;
#548 = SHAPE_DEFINITION_REPRESENTATION ( #538, #2389 ) ;
#549 = EDGE_CURVE ( 'NONE', #1884, #1324, #241, .T. ) ;
#550 = VERTEX_POINT ( 'NONE', #1936 ) ;
#551 = CARTESIAN_POINT ( 'NONE',  ( -83.95186786579157001, 28.09999999999999432, 29.69999999999998863 ) ) ;
#552 = EDGE_LOOP ( 'NONE', ( #2170, #2498, #380, #1910, #2189, #18, #872 ) ) ;
#553 = DIRECTION ( 'NONE',  ( 2.168404344971007142E-16, -1.000000000000000000, -2.979470829806982534E-31 ) ) ;
#554 = ORIENTED_EDGE ( 'NONE', *, *, #1938, .F. ) ;
#555 = DIRECTION ( 'NONE',  ( 0.000000000000000000, 0.000000000000000000, 1.000000000000000000 ) ) ;
#556 = VERTEX_POINT ( 'NONE', #945 ) ;
#557 = CARTESIAN_POINT ( 'NONE',  ( -81.95186786579155580, -19.02115218479043790, 19.59999999999999076 ) ) ;
#558 = CARTESIAN_POINT ( 'NONE',  ( -87.87212812774690462, -0.1000000000000011297, 5.921739365192669524 ) ) ;
#559 = ORIENTED_EDGE ( 'NONE', *, *, #707, .T. ) ;
#560 = AXIS2_PLACEMENT_3D ( 'NONE', #1011, #245, #1971 ) ;
#561 = ADVANCED_FACE ( 'NONE', ( #1328 ), #192, .F. ) ;
#562 = DIRECTION ( 'NONE',  ( -1.000000000000000000, 0.000000000000000000, 0.000000000000000000 ) ) ;
#563 = CARTESIAN_POINT ( 'NONE',  ( -87.00186786579155296, -9.900000000000005684, 4.699999999999990408 ) ) ;
#564 = VERTEX_POINT ( 'NONE', #1163 ) ;
#565 = CARTESIAN_POINT ( 'NONE',  ( -81.73936786579155012, 28.10000000000000142, 26.14999999999998792 ) ) ;
#566 = VERTEX_POINT ( 'NONE', #921 ) ;
#567 = CARTESIAN_POINT ( 'NONE',  ( -81.73936786579155012, -9.900000000000005684, 26.14999999999998792 ) ) ;
#568 = CIRCLE ( 'NONE', #1657, 1.500000000000001332 ) ;
#569 = CARTESIAN_POINT ( 'NONE',  ( -89.78874169314029530, -0.1931001956631211436, 3.563656881014690470 ) ) ;
#570 = AXIS2_PLACEMENT_3D ( 'NONE', #1449, #688, #487 ) ;
#571 = VERTEX_POINT ( 'NONE', #2462 ) ;
#572 = FACE_OUTER_BOUND ( 'NONE', #2411, .T. ) ;
#573 = CYLINDRICAL_SURFACE ( 'NONE', #1894, 1.499999999999996891 ) ;
#574 = EDGE_CURVE ( 'NONE', #2066, #311, #884, .T. ) ;
#575 = DIRECTION ( 'NONE',  ( 0.000000000000000000, 0.000000000000000000, 1.000000000000000000 ) ) ;
#576 = VERTEX_POINT ( 'NONE', #768 ) ;
#577 = CARTESIAN_POINT ( 'NONE',  ( -81.95186786579158422, 49.02115218479044501, 19.59999999999998721 ) ) ;
#578 = EDGE_CURVE ( 'NONE', #1679, #649, #744, .T. ) ;
#579 = CARTESIAN_POINT ( 'NONE',  ( -83.50329672888439347, -0.1000000000000011297, 19.59999999999999076 ) ) ;
#580 = LINE ( 'NONE', #2160, #2460 ) ;
#581 = VECTOR ( 'NONE', #1155, 1000.000000000000000 ) ;
#582 = ORIENTED_EDGE ( 'NONE', *, *, #630, .T. ) ;
#583 = CARTESIAN_POINT ( 'NONE',  ( -65.95186786579157001, 21.99999999999998579, 19.59999999999998721 ) ) ;
#584 = CYLINDRICAL_SURFACE ( 'NONE', #530, 1.499999999999997780 ) ;
#585 = CARTESIAN_POINT ( 'NONE',  ( -87.00186786579155296, -9.900000000000005684, 3.199999999999993516 ) ) ;
#586 = ORIENTED_EDGE ( 'NONE', *, *, #429, .F. ) ;
#587 = FACE_OUTER_BOUND ( 'NONE', #1004, .T. ) ;
#588 = ORIENTED_EDGE ( 'NONE', *, *, #815, .F. ) ;
#589 = CARTESIAN_POINT ( 'NONE',  ( -89.78881624587317845, -0.1944391399270042620, 5.834948142421095163 ) ) ;
#590 = DIRECTION ( 'NONE',  ( -3.285523800833660592E-48, 1.000000000000000000, -3.023623362212761042E-32 ) ) ;
#591 = EDGE_CURVE ( 'NONE', #510, #1324, #754, .T. ) ;
#592 = ORIENTED_EDGE ( 'NONE', *, *, #647, .F. ) ;
#593 = EDGE_CURVE ( 'NONE', #2066, #944, #1504, .T. ) ;
#594 = FACE_OUTER_BOUND ( 'NONE', #890, .T. ) ;
#595 = DIRECTION ( 'NONE',  ( -1.000000000000000000, 0.000000000000000000, 1.227362639469625993E-16 ) ) ;
#596 = ADVANCED_FACE ( 'NONE', ( #1527 ), #968, .F. ) ;
#597 = CARTESIAN_POINT ( 'NONE',  ( -67.72703497998287503, -0.08732236276592117430, 24.86505447303077432 ) ) ;
#598 = EDGE_LOOP ( 'NONE', ( #1738, #1964 ) ) ;
#599 = DIRECTION ( 'NONE',  ( -1.227362639469625993E-16, -3.023623362212761042E-32, -1.000000000000000000 ) ) ;
#600 = ORIENTED_EDGE ( 'NONE', *, *, #1820, .T. ) ;
#601 = DIRECTION ( 'NONE',  ( 4.593855837952245032E-48, -1.412361382570360198E-32, 1.000000000000000000 ) ) ;
#602 = CARTESIAN_POINT ( 'NONE',  ( -81.95186786579155580, 9.899999999999998579, 23.16512837255201873 ) ) ;
#603 = VECTOR ( 'NONE', #540, 1000.000000000000000 ) ;
#604 = VERTEX_POINT ( 'NONE', #2478 ) ;
#605 = DIRECTION ( 'NONE',  ( 0.000000000000000000, -1.000000000000000000, 0.000000000000000000 ) ) ;
#606 = PLANE ( 'NONE',  #404 ) ;
#607 = LINE ( 'NONE', #1225, #998 ) ;
#608 = ORIENTED_EDGE ( 'NONE', *, *, #521, .T. ) ;
#609 = DIRECTION ( 'NONE',  ( -1.000000000000000000, -0.000000000000000000, 8.587739980083217228E-17 ) ) ;
#610 = ORIENTED_EDGE ( 'NONE', *, *, #1552, .F. ) ;
#611 = CARTESIAN_POINT ( 'NONE',  ( -81.95186786579155580, 19.99999999999998224, 23.16512837255202228 ) ) ;
#612 = CARTESIAN_POINT ( 'NONE',  ( -81.73936786579155012, -9.900000000000005684, 24.64999999999999147 ) ) ;
#613 = CARTESIAN_POINT ( 'NONE',  ( -83.57467407453709995, 30.06523804085771090, 5.292579481007103404 ) ) ;
#614 = CARTESIAN_POINT ( 'NONE',  ( -92.05186786579156433, 20.09999999999999787, 29.69999999999998863 ) ) ;
#615 = AXIS2_PLACEMENT_3D ( 'NONE', #2369, #1577, #1796 ) ;
#616 = ADVANCED_FACE ( 'NONE', ( #2130 ), #397, .F. ) ;
#617 = CARTESIAN_POINT ( 'NONE',  ( -87.00186786579155296, 30.09999999999999432, 8.199999999999993960 ) ) ;
#618 = AXIS2_PLACEMENT_3D ( 'NONE', #1610, #1413, #818 ) ;
#619 = DIRECTION ( 'NONE',  ( 0.000000000000000000, 0.000000000000000000, -1.000000000000000000 ) ) ;
#620 = VERTEX_POINT ( 'NONE', #1901 ) ;
#621 = PLANE ( 'NONE',  #1070 ) ;
#622 = ORIENTED_EDGE ( 'NONE', *, *, #70, .T. ) ;
#623 = DIRECTION ( 'NONE',  ( 0.000000000000000000, 0.000000000000000000, -1.000000000000000000 ) ) ;
#624 = CARTESIAN_POINT ( 'NONE',  ( -71.21436786579155864, 9.999999999999984013, 23.14999999999999503 ) ) ;
#625 = VECTOR ( 'NONE', #234, 1000.000000000000000 ) ;
#626 = CARTESIAN_POINT ( 'NONE',  ( -87.00186786579155296, 28.10000000000000142, 6.199999999999987743 ) ) ;
#627 = CARTESIAN_POINT ( 'NONE',  ( -88.41446541088598110, -0.1749362942184723713, 22.98401243653455950 ) ) ;
#628 = CIRCLE ( 'NONE', #759, 2.000000000000001776 ) ;
#629 = LINE ( 'NONE', #25, #1373 ) ;
#630 = EDGE_CURVE ( 'NONE', #2237, #89, #2298, .T. ) ;
#631 = CARTESIAN_POINT ( 'NONE',  ( -89.87010210155135326, -2.010000000000002895, 22.22585603395231502 ) ) ;
#632 = EDGE_LOOP ( 'NONE', ( #1415, #259 ) ) ;
#633 = CARTESIAN_POINT ( 'NONE',  ( -87.87212812774689041, -0.1000000000000011297, 3.478260634807302409 ) ) ;
#634 = ORIENTED_EDGE ( 'NONE', *, *, #1193, .T. ) ;
#635 = CARTESIAN_POINT ( 'NONE',  ( -123.8629349200882928, 10.78522973425260645, 29.69999999999999218 ) ) ;
#636 = PLANE ( 'NONE',  #359 ) ;
#637 = CIRCLE ( 'NONE', #2053, 18.00000000000001421 ) ;
#638 = CIRCLE ( 'NONE', #766, 1.499999999999997780 ) ;
#639 = APPROVAL ( #1468, 'UNSPECIFIED' ) ;
#640 = DIRECTION ( 'NONE',  ( -1.000000000000000000, 0.000000000000000000, 0.000000000000000000 ) ) ;
#641 = CIRCLE ( 'NONE', #328, 1.499999999999997780 ) ;
#642 = LINE ( 'NONE', #1036, #1326 ) ;
#643 = CIRCLE ( 'NONE', #1009, 2.000000000000001776 ) ;
#644 = DIRECTION ( 'NONE',  ( -1.227362639469625993E-16, -3.023623362212761042E-32, -1.000000000000000000 ) ) ;
#645 = DIRECTION ( 'NONE',  ( 0.000000000000000000, 0.000000000000000000, -1.000000000000000000 ) ) ;
#646 = ORIENTED_EDGE ( 'NONE', *, *, #1956, .T. ) ;
#647 = EDGE_CURVE ( 'NONE', #1086, #2441, #1408, .T. ) ;
#648 = FACE_BOUND ( 'NONE', #1585, .T. ) ;
#649 = VERTEX_POINT ( 'NONE', #2188 ) ;
#650 = CARTESIAN_POINT ( 'NONE',  ( -87.00186786579155296, -9.900000000000005684, 6.199999999999987743 ) ) ;
#651 = FACE_OUTER_BOUND ( 'NONE', #714, .T. ) ;
#652 = EDGE_CURVE ( 'NONE', #2036, #1522, #2336, .T. ) ;
#653 = CARTESIAN_POINT ( 'NONE',  ( -81.95186786579157001, -0.1000000000000011297, -0.3000000000000103140 ) ) ;
#654 = DIRECTION ( 'NONE',  ( 3.285523800833660592E-48, -1.000000000000000000, 3.023623362212761042E-32 ) ) ;
#655 = EDGE_CURVE ( 'NONE', #510, #1462, #2247, .T. ) ;
#656 = CARTESIAN_POINT ( 'NONE',  ( -65.95186786579157001, 21.99999999999998579, 19.59999999999998721 ) ) ;
#657 = CARTESIAN_POINT ( 'NONE',  ( -89.86524703169136785, -0.5047018943503489563, 20.21310183500814972 ) ) ;
#658 = ORIENTED_EDGE ( 'NONE', *, *, #1856, .T. ) ;
#659 = CARTESIAN_POINT ( 'NONE',  ( -83.95186786579157001, 22.09999999999999432, -0.3000000000000120348 ) ) ;
#660 = AXIS2_PLACEMENT_3D ( 'NONE', #1563, #185, #195 ) ;
#661 = ORIENTED_EDGE ( 'NONE', *, *, #390, .T. ) ;
#662 = CARTESIAN_POINT ( 'NONE',  ( -107.8518678657915331, -1.200000000000022160, 29.69999999999998863 ) ) ;
#663 = CARTESIAN_POINT ( 'NONE',  ( -89.87015415580584943, -0.3888452350444525085, 19.84906358357573808 ) ) ;
#664 = EDGE_CURVE ( 'NONE', #449, #550, #1521, .T. ) ;
#665 = CARTESIAN_POINT ( 'NONE',  ( -87.87212812774689041, -0.1000000000000011297, -0.3000000000000120348 ) ) ;
#666 = DIRECTION ( 'NONE',  ( 8.659560562354927928E-17, 0.7071067811865481278, -0.7071067811865470176 ) ) ;
#667 = ADVANCED_FACE ( 'NONE', ( #1424 ), #1584, .F. ) ;
#668 = CIRCLE ( 'NONE', #1567, 1.500000000000001332 ) ;
#669 = CARTESIAN_POINT ( 'NONE',  ( -89.86798166024846068, -0.4382066766966526972, 20.02546148701778961 ) ) ;
#670 = ORIENTED_EDGE ( 'NONE', *, *, #1139, .F. ) ;
#671 = DIRECTION ( 'NONE',  ( 1.000000000000000000, 0.000000000000000000, -1.227362639469625993E-16 ) ) ;
#672 = LOCAL_TIME ( 10, 26, 38.00000000000000000, #682 ) ;
#673 = EDGE_CURVE ( 'NONE', #566, #556, #2344, .T. ) ;
#674 = ORIENTED_EDGE ( 'NONE', *, *, #2075, .T. ) ;
#675 = CARTESIAN_POINT ( 'NONE',  ( -65.95186786579157001, 49.02115218479044501, 19.59999999999998721 ) ) ;
#676 = LINE ( 'NONE', #1253, #2097 ) ;
#677 = LINE ( 'NONE', #2028, #420 ) ;
#678 = AXIS2_PLACEMENT_3D ( 'NONE', #2141, #1161, #1803 ) ;
#679 = CARTESIAN_POINT ( 'NONE',  ( -88.63494081609121622, 0.4505181348342331416, 17.24182375592149086 ) ) ;
#680 = ADVANCED_FACE ( 'NONE', ( #2329 ), #2144, .F. ) ;
#681 = EDGE_LOOP ( 'NONE', ( #791, #543, #2231, #1634, #1736 ) ) ;
#682 = COORDINATED_UNIVERSAL_TIME_OFFSET ( 1, 0, .AHEAD. ) ;
#683 = FACE_OUTER_BOUND ( 'NONE', #1445, .T. ) ;
#684 = CARTESIAN_POINT ( 'NONE',  ( -89.28561954534946210, 1.115022842501213196, 19.34089704273939603 ) ) ;
#685 = ORIENTED_EDGE ( 'NONE', *, *, #1641, .T. ) ;
#686 = DIRECTION ( 'NONE',  ( -2.596609123238816689E-48, 1.000000000000000000, -3.023623362212761042E-32 ) ) ;
#687 = ORIENTED_EDGE ( 'NONE', *, *, #2261, .F. ) ;
#688 = DIRECTION ( 'NONE',  ( -3.285523800833660592E-48, 1.000000000000000000, -3.023623362212761042E-32 ) ) ;
#689 = DIRECTION ( 'NONE',  ( 0.000000000000000000, 0.000000000000000000, -1.000000000000000000 ) ) ;
#690 = ADVANCED_FACE ( 'NONE', ( #209 ), #803, .T. ) ;
#691 = CARTESIAN_POINT ( 'NONE',  ( -89.86718189325009121, -1.942720959863809105, 4.289473497311068861 ) ) ;
#692 = CARTESIAN_POINT ( 'NONE',  ( -89.84136586376310163, -0.3059345861702036928, 16.94306422126447131 ) ) ;
#693 = ORIENTED_EDGE ( 'NONE', *, *, #47, .F. ) ;
#694 = CARTESIAN_POINT ( 'NONE',  ( 0.000000000000000000, 0.000000000000000000, 0.000000000000000000 ) ) ;
#695 = LINE ( 'NONE', #75, #522 ) ;
#696 = ORIENTED_EDGE ( 'NONE', *, *, #1185, .F. ) ;
#697 = ADVANCED_FACE ( 'NONE', ( #1001 ), #1199, .F. ) ;
#698 = CARTESIAN_POINT ( 'NONE',  ( -89.90606526006661170, 0.4607593208309935240, 20.33157348802594555 ) ) ;
#699 = VERTEX_POINT ( 'NONE', #1748 ) ;
#700 = CARTESIAN_POINT ( 'NONE',  ( -87.00186786579155296, -0.1000000000000011297, 6.199999999999988631 ) ) ;
#701 = EDGE_LOOP ( 'NONE', ( #812, #745, #1376, #418 ) ) ;
#702 = LINE ( 'NONE', #897, #2221 ) ;
#703 = CIRCLE ( 'NONE', #1513, 3.500000000000016875 ) ;
#704 = CARTESIAN_POINT ( 'NONE',  ( -89.86614707817645353, -1.916831807747171101, 4.899864502570699720 ) ) ;
#705 =( BOUNDED_SURFACE ( )  B_SPLINE_SURFACE ( 3, 2, ( 
 ( #1097, #132, #496 ),
 ( #1633, #294, #1861 ),
 ( #511, #2432, #1273 ),
 ( #713, #1817, #88 ),
 ( #1620, #1286, #1996 ),
 ( #1473, #102, #2201 ),
 ( #2417, #269, #1083 ),
 ( #2213, #906, #1806 ),
 ( #851, #2394, #1662 ),
 ( #2403, #863, #2035 ),
 ( #1646, #1067, #657 ),
 ( #1248, #698, #669 ),
 ( #482, #2022, #2050 ),
 ( #875, #892, #1832 ),
 ( #1676, #2445, #308 ),
 ( #684, #2228, #1845 ),
 ( #323, #2241, #117 ),
 ( #144, #2067, #337 ),
 ( #1300, #1111, #1874 ),
 ( #1105, #316, #1825 ),
 ( #1307, #1256, #152 ),
 ( #2017, #1642, #1656 ),
 ( #679, #290, #708 ),
 ( #1669, #345, #2427 ),
 ( #1868, #692, #2410 ),
 ( #2454, #490, #2248 ),
 ( #98, #1268, #1466 ),
 ( #506, #1293, #2223 ) ),
 .UNSPECIFIED., .F., .F., .T. ) 
 B_SPLINE_SURFACE_WITH_KNOTS ( ( 4, 2, 2, 2, 2, 2, 2, 2, 2, 2, 2, 2, 2, 4 ),
 ( 3, 3 ),
 ( 0.02210198935728921107, 0.02289233207106691065, 0.02368267478484460675, 0.02407784614173345827, 0.02447301749862230633, 0.02486818885551115438, 0.02506577453395558014, 0.02526336021240000590, 0.02565853156928885742, 0.02605370292617770547, 0.02644887428306655353, 0.02684404563995540505, 0.02763438835373310462, 0.02842473106751080419 ),
 ( 0.000000000000000000, 1.000000000000000000 ),
 .UNSPECIFIED. ) 
 GEOMETRIC_REPRESENTATION_ITEM ( )  RATIONAL_B_SPLINE_SURFACE ( (
 ( 1.000000000000000000, 0.7940136224809575261, 1.000000000000000000),
 ( 1.000000000000000000, 0.7962165650680214091, 1.000000000000000000),
 ( 1.000000000000000000, 0.7993825187246369479, 1.000000000000000000),
 ( 1.000000000000000000, 0.8094240098228132618, 1.000000000000000000),
 ( 1.000000000000000000, 0.8162538135808281581, 1.000000000000000000),
 ( 1.000000000000000000, 0.8316956568709513720, 1.000000000000000000),
 ( 1.000000000000000000, 0.8377407021655192132, 1.000000000000000000),
 ( 1.000000000000000000, 0.8520925061409103662, 1.000000000000000000),
 ( 1.000000000000000000, 0.8604370622796262413, 1.000000000000000000),
 ( 1.000000000000000000, 0.8790790732191420265, 1.000000000000000000),
 ( 1.000000000000000000, 0.8896161984424012514, 1.000000000000000000),
 ( 1.000000000000000000, 0.9034437838640905216, 1.000000000000000000),
 ( 1.000000000000000000, 0.9075474542366963604, 1.000000000000000000),
 ( 1.000000000000000000, 0.9133836009336835371, 1.000000000000000000),
 ( 1.000000000000000000, 0.9150681492049044241, 1.000000000000000000),
 ( 1.000000000000000000, 0.9149212729885695117, 1.000000000000000000),
 ( 1.000000000000000000, 0.9077119350307061296, 1.000000000000000000),
 ( 1.000000000000000000, 0.8891934236929663893, 1.000000000000000000),
 ( 1.000000000000000000, 0.8787049391546695176, 1.000000000000000000),
 ( 1.000000000000000000, 0.8600879662848579521, 1.000000000000000000),
 ( 1.000000000000000000, 0.8517424575402472442, 1.000000000000000000),
 ( 1.000000000000000000, 0.8374432204269580682, 1.000000000000000000),
 ( 1.000000000000000000, 0.8314461318083755659, 1.000000000000000000),
 ( 1.000000000000000000, 0.8161125066387217020, 1.000000000000000000),
 ( 1.000000000000000000, 0.8093381536546698785, 1.000000000000000000),
 ( 1.000000000000000000, 0.7993612862617186510, 1.000000000000000000),
 ( 1.000000000000000000, 0.7962096339564669334, 1.000000000000000000),
 ( 1.000000000000000000, 0.7940147788693350250, 1.000000000000000000) ) ) 
 REPRESENTATION_ITEM ( '' )  SURFACE ( )  );
#706 = CIRCLE ( 'NONE', #1026, 3.499999999999989342 ) ;
#707 = EDGE_CURVE ( 'NONE', #2496, #753, #2002, .T. ) ;
#708 = CARTESIAN_POINT ( 'NONE',  ( -89.85295816029918115, -0.9873258887548536089, 18.42118294355898200 ) ) ;
#709 = ORIENTED_EDGE ( 'NONE', *, *, #387, .F. ) ;
#710 = PERSON_AND_ORGANIZATION_ROLE ( 'classification_officer' ) ;
#711 = CARTESIAN_POINT ( 'NONE',  ( -71.21436786579155864, 9.999999999999984013, 24.64999999999999147 ) ) ;
#712 = ORIENTED_EDGE ( 'NONE', *, *, #1915, .T. ) ;
#713 = CARTESIAN_POINT ( 'NONE',  ( -88.45868099849499799, 0.01738333277757211914, 22.75533322193302510 ) ) ;
#714 = EDGE_LOOP ( 'NONE', ( #358, #197, #348, #2463, #67, #1099, #2431 ) ) ;
#715 = AXIS2_PLACEMENT_3D ( 'NONE', #1236, #2154, #1960 ) ;
#716 = CARTESIAN_POINT ( 'NONE',  ( -122.2618282146586068, 9.586706760827350848, 29.69999999999999218 ) ) ;
#717 = EDGE_CURVE ( 'NONE', #2096, #2320, #989, .T. ) ;
#718 = ORIENTED_EDGE ( 'NONE', *, *, #1185, .T. ) ;
#719 = LINE ( 'NONE', #106, #164 ) ;
#720 =( GEOMETRIC_REPRESENTATION_CONTEXT ( 3 ) GLOBAL_UNCERTAINTY_ASSIGNED_CONTEXT ( ( #1733 ) ) GLOBAL_UNIT_ASSIGNED_CONTEXT ( ( #508, #2455, #1644 ) ) REPRESENTATION_CONTEXT ( 'NONE', 'WORKASPACE' ) );
#721 = CARTESIAN_POINT ( 'NONE',  ( -89.86617106842911085, -1.917433484020351964, 4.491762596354315740 ) ) ;
#722 = DIRECTION ( 'NONE',  ( -1.227362639469625993E-16, -3.023623362212761042E-32, -1.000000000000000000 ) ) ;
#723 = CARTESIAN_POINT ( 'NONE',  ( -88.81892780027801848, -0.3253034631040385705, 16.48038941783514488 ) ) ;
#724 = PRODUCT_RELATED_PRODUCT_CATEGORY ( 'detail', '', ( #1150 ) ) ;
#725 = CIRCLE ( 'NONE', #80, 1.499999999999997780 ) ;
#726 = VERTEX_POINT ( 'NONE', #1760 ) ;
#727 = CIRCLE ( 'NONE', #2464, 1.499999999999997780 ) ;
#728 = ORIENTED_EDGE ( 'NONE', *, *, #2136, .F. ) ;
#729 = CARTESIAN_POINT ( 'NONE',  ( -67.95186786579155580, 1.899999999999999023, 29.69999999999998508 ) ) ;
#730 = ORIENTED_EDGE ( 'NONE', *, *, #1943, .F. ) ;
#731 = CARTESIAN_POINT ( 'NONE',  ( -87.00186786579155296, -0.1000000000000011297, 3.199999999999993072 ) ) ;
#732 = EDGE_LOOP ( 'NONE', ( #135, #1581, #2076, #1849 ) ) ;
#733 = CIRCLE ( 'NONE', #1046, 3.499999999999996003 ) ;
#734 = DIRECTION ( 'NONE',  ( 0.000000000000000000, -1.000000000000000000, 0.000000000000000000 ) ) ;
#735 = CARTESIAN_POINT ( 'NONE',  ( -107.8518678657915331, -1.200000000000022160, -0.3000000000000077049 ) ) ;
#736 = ADVANCED_FACE ( 'NONE', ( #448 ), #51, .T. ) ;
#737 = CALENDAR_DATE ( 2026, 2, 6 ) ;
#738 = ORIENTED_EDGE ( 'NONE', *, *, #412, .T. ) ;
#739 = EDGE_CURVE ( 'NONE', #1028, #376, #607, .T. ) ;
#740 = DIRECTION ( 'NONE',  ( -1.000000000000000000, 0.000000000000000000, 0.000000000000000000 ) ) ;
#741 = ORIENTED_EDGE ( 'NONE', *, *, #332, .T. ) ;
#742 = DIRECTION ( 'NONE',  ( -1.227362639469625993E-16, 0.000000000000000000, -1.000000000000000000 ) ) ;
#743 = ORIENTED_EDGE ( 'NONE', *, *, #1930, .T. ) ;
#744 = LINE ( 'NONE', #2081, #2502 ) ;
#745 = ORIENTED_EDGE ( 'NONE', *, *, #390, .F. ) ;
#746 = DIRECTION ( 'NONE',  ( 1.000000000000000000, 2.168404344971007142E-16, 0.000000000000000000 ) ) ;
#747 = CARTESIAN_POINT ( 'NONE',  ( -89.87010210116338271, -2.009999991386636431, 5.818935417901783147 ) ) ;
#748 = VECTOR ( 'NONE', #770, 1000.000000000000000 ) ;
#749 = VECTOR ( 'NONE', #1069, 1000.000000000000000 ) ;
#750 = ORIENTED_EDGE ( 'NONE', *, *, #2123, .T. ) ;
#751 = CARTESIAN_POINT ( 'NONE',  ( -81.95186786579157001, 9.999999999999980460, 23.16512837255202228 ) ) ;
#752 = DIRECTION ( 'NONE',  ( 1.374038396813312390E-15, -0.000000000000000000, 1.000000000000000000 ) ) ;
#753 = VERTEX_POINT ( 'NONE', #1783 ) ;
#754 = LINE ( 'NONE', #585, #2260 ) ;
#755 = EDGE_LOOP ( 'NONE', ( #2063, #1102, #1621, #1898 ) ) ;
#756 = EDGE_CURVE ( 'NONE', #1068, #1170, #2412, .T. ) ;
#757 = FACE_BOUND ( 'NONE', #864, .T. ) ;
#758 = CARTESIAN_POINT ( 'NONE',  ( -89.86713167044044326, -1.941181931676853489, 5.102899668213256135 ) ) ;
#759 = AXIS2_PLACEMENT_3D ( 'NONE', #9, #783, #1204 ) ;
#760 = EDGE_CURVE ( 'NONE', #1110, #918, #258, .T. ) ;
#761 = ORIENTED_EDGE ( 'NONE', *, *, #664, .F. ) ;
#762 = AXIS2_PLACEMENT_3D ( 'NONE', #1366, #976, #788 ) ;
#763 = FACE_OUTER_BOUND ( 'NONE', #940, .T. ) ;
#764 = EDGE_CURVE ( 'NONE', #1990, #571, #2254, .T. ) ;
#765 = DIRECTION ( 'NONE',  ( 0.000000000000000000, 0.000000000000000000, -1.000000000000000000 ) ) ;
#766 = AXIS2_PLACEMENT_3D ( 'NONE', #56, #251, #263 ) ;
#767 = EDGE_LOOP ( 'NONE', ( #909, #1385, #901, #1833, #2155, #484, #250, #368, #349 ) ) ;
#768 = CARTESIAN_POINT ( 'NONE',  ( -121.8629349200882928, 28.09999999999999432, 29.69999999999999218 ) ) ;
#769 = EDGE_LOOP ( 'NONE', ( #1545, #155 ) ) ;
#770 = DIRECTION ( 'NONE',  ( 2.454725278939251986E-16, -1.000000000000000000, -1.412361382570359924E-32 ) ) ;
#771 = VECTOR ( 'NONE', #1946, 1000.000000000000000 ) ;
#772 = CARTESIAN_POINT ( 'NONE',  ( -89.86867552141407600, -1.977777178268350644, 5.409403062215354829 ) ) ;
#773 = ORIENTED_EDGE ( 'NONE', *, *, #574, .T. ) ;
#774 = CARTESIAN_POINT ( 'NONE',  ( -65.95186786579157001, 9.999999999999989342, 19.59999999999999076 ) ) ;
#775 = DIRECTION ( 'NONE',  ( 0.000000000000000000, 0.000000000000000000, 1.000000000000000000 ) ) ;
#776 = DESIGN_CONTEXT ( 'detailed design', #394, 'design' ) ;
#777 = EDGE_CURVE ( 'NONE', #2461, #2285, #469, .T. ) ;
#778 = DIRECTION ( 'NONE',  ( -1.000000000000000000, 0.000000000000000000, 0.000000000000000000 ) ) ;
#779 = ORIENTED_EDGE ( 'NONE', *, *, #2161, .T. ) ;
#780 = DIRECTION ( 'NONE',  ( 1.000000000000000000, 2.454725278939251986E-16, -0.000000000000000000 ) ) ;
#781 = VERTEX_POINT ( 'NONE', #1261 ) ;
#782 = CARTESIAN_POINT ( 'NONE',  ( -89.79469299271072202, -0.2915408613266930460, 5.701574034190715956 ) ) ;
#783 = DIRECTION ( 'NONE',  ( -1.227362639469625993E-16, -3.023623362212761042E-32, -1.000000000000000000 ) ) ;
#784 = EDGE_CURVE ( 'NONE', #366, #699, #21, .T. ) ;
#785 = CIRCLE ( 'NONE', #660, 2.000000000000000000 ) ;
#786 = ADVANCED_FACE ( 'NONE', ( #1055 ), #705, .F. ) ;
#787 = EDGE_LOOP ( 'NONE', ( #2091, #470, #728, #1262 ) ) ;
#788 = DIRECTION ( 'NONE',  ( 0.000000000000000000, -1.000000000000000000, -1.412361382570359924E-32 ) ) ;
#789 = FACE_OUTER_BOUND ( 'NONE', #2214, .T. ) ;
#790 = CARTESIAN_POINT ( 'NONE',  ( -67.95186786579155580, -0.1000000000000011297, 25.91731754110802299 ) ) ;
#791 = ORIENTED_EDGE ( 'NONE', *, *, #1312, .F. ) ;
#792 = ADVANCED_FACE ( 'NONE', ( #871 ), #1453, .F. ) ;
#793 = CARTESIAN_POINT ( 'NONE',  ( -81.95186786579157001, 30.09999999999999432, 29.69999999999998863 ) ) ;
#794 = ORIENTED_EDGE ( 'NONE', *, *, #1394, .F. ) ;
#795 = CARTESIAN_POINT ( 'NONE',  ( -89.86717736961954017, -1.942291588925626256, 4.287499095171992458 ) ) ;
#796 = CARTESIAN_POINT ( 'NONE',  ( -87.00186786579155296, -9.900000000000005684, 21.19999999999999218 ) ) ;
#797 = LOCAL_TIME ( 10, 26, 38.00000000000000000, #1259 ) ;
#798 = ORIENTED_EDGE ( 'NONE', *, *, #279, .F. ) ;
#799 = DIRECTION ( 'NONE',  ( -1.227362639469625993E-16, -3.023623362212761042E-32, -1.000000000000000000 ) ) ;
#800 = EDGE_CURVE ( 'NONE', #1144, #2380, #1354, .T. ) ;
#801 = CARTESIAN_POINT ( 'NONE',  ( -81.95186786579157001, 49.02115218479044501, 29.69999999999998863 ) ) ;
#802 = AXIS2_PLACEMENT_3D ( 'NONE', #1223, #231, #2391 ) ;
#803 = CYLINDRICAL_SURFACE ( 'NONE', #1034, 2.000000000000001776 ) ;
#804 = ORIENTED_EDGE ( 'NONE', *, *, #1243, .F. ) ;
#805 = DIRECTION ( 'NONE',  ( -1.000000000000000000, 0.000000000000000000, 1.227362639469625993E-16 ) ) ;
#806 = EDGE_LOOP ( 'NONE', ( #1216, #2487, #2345, #1190 ) ) ;
#807 = CARTESIAN_POINT ( 'NONE',  ( -83.95186786579157001, -0.1000000000000011297, -0.3000000000000100919 ) ) ;
#808 = CARTESIAN_POINT ( 'NONE',  ( -83.81249728226630680, -0.1000000000000010186, 18.23076777187840136 ) ) ;
#809 = VECTOR ( 'NONE', #1908, 1000.000000000000000 ) ;
#810 = EDGE_CURVE ( 'NONE', #2474, #1402, #2235, .T. ) ;
#811 = VECTOR ( 'NONE', #2217, 1000.000000000000000 ) ;
#812 = ORIENTED_EDGE ( 'NONE', *, *, #593, .F. ) ;
#813 = CARTESIAN_POINT ( 'NONE',  ( -81.73936786579155012, -9.900000000000005684, 23.14999999999999503 ) ) ;
#814 = CARTESIAN_POINT ( 'NONE',  ( -81.73936786579155012, -9.900000000000005684, 24.64999999999999147 ) ) ;
#815 = EDGE_CURVE ( 'NONE', #876, #944, #462, .T. ) ;
#816 = CARTESIAN_POINT ( 'NONE',  ( -87.00186786579155296, -9.900000000000005684, 18.19999999999999574 ) ) ;
#817 = ORIENTED_EDGE ( 'NONE', *, *, #1586, .T. ) ;
#818 = DIRECTION ( 'NONE',  ( 0.000000000000000000, 0.000000000000000000, 1.000000000000000000 ) ) ;
#819 = ORIENTED_EDGE ( 'NONE', *, *, #1930, .F. ) ;
#820 = CARTESIAN_POINT ( 'NONE',  ( -71.21436786579155864, -0.1000000000000011297, 24.64999999999999147 ) ) ;
#821 = DIRECTION ( 'NONE',  ( -1.227362639469625993E-16, -3.023623362212761042E-32, -1.000000000000000000 ) ) ;
#822 = CARTESIAN_POINT ( 'NONE',  ( -81.73936786579155012, 30.09999999999999432, 28.14999999999998082 ) ) ;
#823 = CARTESIAN_POINT ( 'NONE',  ( -89.32592105963666995, -0.7106794593614342848, 22.75953951047747381 ) ) ;
#824 = VECTOR ( 'NONE', #2263, 1000.000000000000000 ) ;
#825 = LINE ( 'NONE', #801, #1537 ) ;
#826 = AXIS2_PLACEMENT_3D ( 'NONE', #1622, #599, #224 ) ;
#827 = CARTESIAN_POINT ( 'NONE',  ( -71.21436786579155864, 30.09999999999999432, 24.64999999999999147 ) ) ;
#828 = ORIENTED_EDGE ( 'NONE', *, *, #578, .F. ) ;
#829 = LINE ( 'NONE', #1598, #1158 ) ;
#830 = ORIENTED_EDGE ( 'NONE', *, *, #1020, .T. ) ;
#831 = DIRECTION ( 'NONE',  ( 0.000000000000000000, -0.7071067811865445751, -0.7071067811865503483 ) ) ;
#832 = DIRECTION ( 'NONE',  ( 3.062570558634826577E-48, -1.412361382570359924E-32, 1.000000000000000000 ) ) ;
#833 = LINE ( 'NONE', #653, #443 ) ;
#834 = CARTESIAN_POINT ( 'NONE',  ( -89.82090595983078174, -1.605922572330090503, 17.00874577682164812 ) ) ;
#835 = CYLINDRICAL_SURFACE ( 'NONE', #1812, 2.000000000000001776 ) ;
#836 = EDGE_CURVE ( 'NONE', #1274, #1110, #94, .T. ) ;
#837 = DIRECTION ( 'NONE',  ( -1.000000000000000000, 0.000000000000000000, 0.000000000000000000 ) ) ;
#838 = ORIENTED_EDGE ( 'NONE', *, *, #2383, .F. ) ;
#839 = CARTESIAN_POINT ( 'NONE',  ( -67.95186786579157001, 19.99999999999998579, 19.59999999999998721 ) ) ;
#840 = VERTEX_POINT ( 'NONE', #126 ) ;
#841 = CARTESIAN_POINT ( 'NONE',  ( -88.41446541088598110, -0.1749362942184723713, 22.98401243653455950 ) ) ;
#842 = CARTESIAN_POINT ( 'NONE',  ( -89.20754595065598380, 1.068381569616823956, 20.47117956576559905 ) ) ;
#843 = AXIS2_PLACEMENT_3D ( 'NONE', #320, #1831, #101 ) ;
#844 = EDGE_CURVE ( 'NONE', #2096, #981, #1076, .T. ) ;
#845 = AXIS2_PLACEMENT_3D ( 'NONE', #635, #440, #464 ) ;
#846 = AXIS2_PLACEMENT_3D ( 'NONE', #729, #2127, #191 ) ;
#847 = FACE_OUTER_BOUND ( 'NONE', #154, .T. ) ;
#848 = AXIS2_PLACEMENT_3D ( 'NONE', #268, #2442, #509 ) ;
#849 = CARTESIAN_POINT ( 'NONE',  ( -89.58185518002837000, -1.041435471900819643, 22.62319200826448196 ) ) ;
#850 = CARTESIAN_POINT ( 'NONE',  ( -107.8518678657915331, -1.200000000000022160, 29.69999999999998863 ) ) ;
#851 = CARTESIAN_POINT ( 'NONE',  ( -88.86112625414325805, 0.7792741374887073302, 21.55709399774666934 ) ) ;
#852 = ORIENTED_EDGE ( 'NONE', *, *, #229, .T. ) ;
#853 = CARTESIAN_POINT ( 'NONE',  ( -81.95186786579157001, 9.899999999999998579, 29.69999999999998863 ) ) ;
#854 = ORIENTED_EDGE ( 'NONE', *, *, #1074, .T. ) ;
#855 = DIRECTION ( 'NONE',  ( -1.227362639469625993E-16, -3.023623362212761042E-32, -1.000000000000000000 ) ) ;
#856 = CARTESIAN_POINT ( 'NONE',  ( -81.73936786579155012, -0.1000000000000011297, 26.14999999999998792 ) ) ;
#857 = EDGE_CURVE ( 'NONE', #1402, #1774, #2276, .T. ) ;
#858 = DIRECTION ( 'NONE',  ( -1.000000000000000000, 0.000000000000000000, 1.927470528863117569E-16 ) ) ;
#859 = APPROVAL_ROLE ( '' ) ;
#860 = EDGE_CURVE ( 'NONE', #2315, #2025, #1591, .T. ) ;
#861 = CYLINDRICAL_SURFACE ( 'NONE', #843, 13.14999999999999503 ) ;
#862 = AXIS2_PLACEMENT_3D ( 'NONE', #2438, #1062, #1694 ) ;
#863 = CARTESIAN_POINT ( 'NONE',  ( -89.89628689086191571, 0.3758555182211845147, 20.87437191407731163 ) ) ;
#864 = EDGE_LOOP ( 'NONE', ( #661, #773 ) ) ;
#865 = LINE ( 'NONE', #2010, #1830 ) ;
#866 = CIRCLE ( 'NONE', #97, 2.000000000000000000 ) ;
#867 = ORIENTED_EDGE ( 'NONE', *, *, #22, .T. ) ;
#868 = FACE_BOUND ( 'NONE', #2087, .T. ) ;
#869 = CARTESIAN_POINT ( 'NONE',  ( -81.95186786579157001, 9.899999999999998579, 29.69999999999998863 ) ) ;
#870 = DIRECTION ( 'NONE',  ( 0.000000000000000000, 0.000000000000000000, 1.000000000000000000 ) ) ;
#871 = FACE_OUTER_BOUND ( 'NONE', #2457, .T. ) ;
#872 = ORIENTED_EDGE ( 'NONE', *, *, #71, .T. ) ;
#873 = DIRECTION ( 'NONE',  ( -1.227362639469625993E-16, -3.023623362212761042E-32, -1.000000000000000000 ) ) ;
#874 = APPROVAL ( #175, 'UNSPECIFIED' ) ;
#875 = CARTESIAN_POINT ( 'NONE',  ( -89.27351538662956898, 1.108227608852903501, 20.04492811200231372 ) ) ;
#876 = VERTEX_POINT ( 'NONE', #518 ) ;
#877 = LINE ( 'NONE', #2396, #2484 ) ;
#878 = ORIENTED_EDGE ( 'NONE', *, *, #1650, .T. ) ;
#879 = DIRECTION ( 'NONE',  ( 3.305638233318760129E-48, -1.000000000000000000, 3.023623362212761042E-32 ) ) ;
#880 = CARTESIAN_POINT ( 'NONE',  ( -88.41446541088598110, -0.1749362942184723713, 22.98401243653455950 ) ) ;
#881 = DIRECTION ( 'NONE',  ( -3.285523800833660592E-48, 1.000000000000000000, -3.023623362212761042E-32 ) ) ;
#882 = CONICAL_SURFACE ( 'NONE', #2499, 1.499999999999997780, 0.7853981633974506105 ) ;
#883 = DIRECTION ( 'NONE',  ( -1.000000000000000000, -2.463512628606117579E-16, -4.167995434828513017E-49 ) ) ;
#884 = CIRCLE ( 'NONE', #114, 13.14999999999999503 ) ;
#885 = AXIS2_PLACEMENT_3D ( 'NONE', #2196, #1828, #99 ) ;
#886 = EDGE_CURVE ( 'NONE', #524, #282, #1683, .T. ) ;
#887 = ORIENTED_EDGE ( 'NONE', *, *, #1627, .T. ) ;
#888 = SECURITY_CLASSIFICATION_LEVEL ( 'unclassified' ) ;
#889 = FACE_OUTER_BOUND ( 'NONE', #2139, .T. ) ;
#890 = EDGE_LOOP ( 'NONE', ( #16, #674, #1539, #1879, #128, #11, #270, #115 ) ) ;
#891 = CIRCLE ( 'NONE', #1298, 2.000000000000001776 ) ;
#892 = CARTESIAN_POINT ( 'NONE',  ( -89.90938264534106850, 0.4879543973075280427, 19.95942451661991157 ) ) ;
#893 = ORIENTED_EDGE ( 'NONE', *, *, #471, .F. ) ;
#894 = LINE ( 'NONE', #2434, #2032 ) ;
#895 = ADVANCED_FACE ( 'NONE', ( #2060 ), #331, .F. ) ;
#896 = ORIENTED_EDGE ( 'NONE', *, *, #46, .T. ) ;
#897 = CARTESIAN_POINT ( 'NONE',  ( -81.95186786579157001, 9.999999999999984013, 19.59999999999999076 ) ) ;
#898 = CARTESIAN_POINT ( 'NONE',  ( -89.28650332099024922, 1.115529796060919399, 19.85375396518857372 ) ) ;
#899 = CARTESIAN_POINT ( 'NONE',  ( -65.95186786579155580, 19.99999999999998579, 29.69999999999998863 ) ) ;
#900 = CARTESIAN_POINT ( 'NONE',  ( -92.05186786579156433, 9.899999999999998579, 29.69999999999998863 ) ) ;
#901 = ORIENTED_EDGE ( 'NONE', *, *, #2208, .T. ) ;
#902 = CALENDAR_DATE ( 2026, 2, 6 ) ;
#903 = EDGE_CURVE ( 'NONE', #1710, #2406, #1616, .T. ) ;
#904 = CARTESIAN_POINT ( 'NONE',  ( -81.95186786579157001, -0.1000000000000011297, 29.69999999999998863 ) ) ;
#905 = VERTEX_POINT ( 'NONE', #2074 ) ;
#906 = CARTESIAN_POINT ( 'NONE',  ( -89.88115646397740477, 0.2266251121698635573, 21.39081687805825993 ) ) ;
#907 = ORIENTED_EDGE ( 'NONE', *, *, #1133, .F. ) ;
#908 = CARTESIAN_POINT ( 'NONE',  ( -67.95186786579157001, 19.99999999999998579, 29.69999999999998863 ) ) ;
#909 = ORIENTED_EDGE ( 'NONE', *, *, #46, .F. ) ;
#910 = CARTESIAN_POINT ( 'NONE',  ( -87.00186786579155296, -0.1000000000000011297, 4.699999999999990408 ) ) ;
#911 = CIRCLE ( 'NONE', #1951, 1.499999999999997780 ) ;
#912 = CARTESIAN_POINT ( 'NONE',  ( -81.95186786579157001, 1.899999999999999023, 29.69999999999998863 ) ) ;
#913 = DIRECTION ( 'NONE',  ( -1.000000000000000000, 0.000000000000000000, 1.236732516143161336E-16 ) ) ;
#914 = EDGE_CURVE ( 'NONE', #1365, #43, #2302, .T. ) ;
#915 = COORDINATED_UNIVERSAL_TIME_OFFSET ( 1, 0, .AHEAD. ) ;
#916 = LINE ( 'NONE', #335, #965 ) ;
#917 = ORIENTED_EDGE ( 'NONE', *, *, #860, .T. ) ;
#918 = VERTEX_POINT ( 'NONE', #186 ) ;
#919 = CARTESIAN_POINT ( 'NONE',  ( -87.00186786579155296, 9.899999999999998579, 3.199999999999993072 ) ) ;
#920 = ORIENTED_EDGE ( 'NONE', *, *, #2292, .T. ) ;
#921 = CARTESIAN_POINT ( 'NONE',  ( -87.00186786579155296, 1.899999999999988587, 18.19999999999999574 ) ) ;
#922 = ORIENTED_EDGE ( 'NONE', *, *, #406, .F. ) ;
#923 = CC_DESIGN_APPROVAL ( #639, ( #1332 ) ) ;
#924 = CARTESIAN_POINT ( 'NONE',  ( -89.87010210155135326, -2.010000000000002895, 29.69999999999998508 ) ) ;
#925 = DIRECTION ( 'NONE',  ( 0.000000000000000000, -1.000000000000000000, 0.000000000000000000 ) ) ;
#926 = AXIS2_PLACEMENT_3D ( 'NONE', #1897, #1907, #954 ) ;
#927 = ADVANCED_FACE ( 'NONE', ( #2503 ), #157, .F. ) ;
#928 = DATE_AND_TIME ( #737, #356 ) ;
#929 = VERTEX_POINT ( 'NONE', #544 ) ;
#930 = EDGE_LOOP ( 'NONE', ( #817, #338, #1673, #935 ) ) ;
#931 = CARTESIAN_POINT ( 'NONE',  ( -107.8518678657915331, -1.200000000000022160, -0.3000000000000077049 ) ) ;
#932 = VECTOR ( 'NONE', #62, 1000.000000000000000 ) ;
#933 = ORIENTED_EDGE ( 'NONE', *, *, #1386, .T. ) ;
#934 = CARTESIAN_POINT ( 'NONE',  ( -81.73936786579155012, 9.999999999999980460, 24.64999999999999147 ) ) ;
#935 = ORIENTED_EDGE ( 'NONE', *, *, #764, .T. ) ;
#936 = CARTESIAN_POINT ( 'NONE',  ( -121.8629349200882928, 10.78522973425260645, 29.69999999999999218 ) ) ;
#937 = CARTESIAN_POINT ( 'NONE',  ( -88.50050759259718802, -0.1000000014798960168, 4.512061226672893888 ) ) ;
#938 = B_SPLINE_CURVE_WITH_KNOTS ( 'NONE', 3,
 ( #452, #2182, #1810, #1378 ),
 .UNSPECIFIED., .F., .F.,
 ( 4, 4 ),
 ( 0.000000000000000000, 0.001264746577145538361 ),
 .UNSPECIFIED. ) ;
#939 = EDGE_CURVE ( 'NONE', #2380, #620, #1493, .T. ) ;
#940 = EDGE_LOOP ( 'NONE', ( #2483, #743, #1889, #1784 ) ) ;
#941 = CARTESIAN_POINT ( 'NONE',  ( -81.73936786579155012, 28.10000000000000142, 24.64999999999999147 ) ) ;
#942 = EDGE_CURVE ( 'NONE', #333, #105, #1853, .T. ) ;
#943 = DIRECTION ( 'NONE',  ( 1.000000000000000000, -0.000000000000000000, -1.086618076144653883E-16 ) ) ;
#944 = VERTEX_POINT ( 'NONE', #1267 ) ;
#945 = CARTESIAN_POINT ( 'NONE',  ( -87.00186786579155296, 9.899999999999998579, 18.19999999999999574 ) ) ;
#946 = ORIENTED_EDGE ( 'NONE', *, *, #2448, .T. ) ;
#947 = LINE ( 'NONE', #971, #1024 ) ;
#948 = ADVANCED_FACE ( 'NONE', ( #1452 ), #1838, .F. ) ;
#949 = CARTESIAN_POINT ( 'NONE',  ( -89.86640896899926645, -1.923434390864212862, 4.489973133769716185 ) ) ;
#950 = AXIS2_PLACEMENT_3D ( 'NONE', #1292, #330, #1104 ) ;
#951 = CIRCLE ( 'NONE', #1592, 1.499999999999996891 ) ;
#952 = ADVANCED_FACE ( 'NONE', ( #2016 ), #2042, .T. ) ;
#953 = ORIENTED_EDGE ( 'NONE', *, *, #2178, .T. ) ;
#954 = DIRECTION ( 'NONE',  ( 0.000000000000000000, 0.000000000000000000, 1.000000000000000000 ) ) ;
#955 = DIRECTION ( 'NONE',  ( 0.000000000000000000, 0.000000000000000000, 1.000000000000000000 ) ) ;
#956 = ORIENTED_EDGE ( 'NONE', *, *, #647, .T. ) ;
#957 = CARTESIAN_POINT ( 'NONE',  ( -87.00186786579155296, 9.899999999999998579, 4.699999999999990408 ) ) ;
#958 = VERTEX_POINT ( 'NONE', #1075 ) ;
#959 = LINE ( 'NONE', #1542, #546 ) ;
#960 = CARTESIAN_POINT ( 'NONE',  ( -89.86870552701923032, -1.978468150102908885, 3.984475161395924836 ) ) ;
#961 = VECTOR ( 'NONE', #1708, 1000.000000000000000 ) ;
#962 = EDGE_CURVE ( 'NONE', #2380, #1740, #109, .T. ) ;
#963 = VERTEX_POINT ( 'NONE', #1306 ) ;
#964 = DIRECTION ( 'NONE',  ( 2.596609123238816689E-48, -1.000000000000000000, 3.023623362212761042E-32 ) ) ;
#965 = VECTOR ( 'NONE', #1109, 1000.000000000000000 ) ;
#966 = DIRECTION ( 'NONE',  ( -3.252606517456513302E-16, 1.000000000000000000, 0.000000000000000000 ) ) ;
#967 = CIRCLE ( 'NONE', #201, 1.499999999999997780 ) ;
#968 = CYLINDRICAL_SURFACE ( 'NONE', #198, 1.499999999999997780 ) ;
#969 = ORIENTED_EDGE ( 'NONE', *, *, #194, .T. ) ;
#970 = EDGE_CURVE ( 'NONE', #1226, #510, #1628, .T. ) ;
#971 = CARTESIAN_POINT ( 'NONE',  ( -67.95186786579155580, -0.1000000000000011297, 29.69999999999998863 ) ) ;
#972 = ORIENTED_EDGE ( 'NONE', *, *, #939, .F. ) ;
#973 = CARTESIAN_POINT ( 'NONE',  ( -83.54511314871491834, -0.05820085796526256600, 19.59999999999998010 ) ) ;
#974 = CARTESIAN_POINT ( 'NONE',  ( -81.95186786579155580, 19.99999999999998224, 29.69999999999998863 ) ) ;
#975 = ORIENTED_EDGE ( 'NONE', *, *, #1497, .F. ) ;
#976 = DIRECTION ( 'NONE',  ( 3.062570558634826577E-48, -1.412361382570359924E-32, 1.000000000000000000 ) ) ;
#977 = CARTESIAN_POINT ( 'NONE',  ( -92.05186786579156433, 20.09999999999999787, 29.69999999999998863 ) ) ;
#978 = CARTESIAN_POINT ( 'NONE',  ( -81.73936786579155012, -9.900000000000005684, 24.64999999999999147 ) ) ;
#979 = VERTEX_POINT ( 'NONE', #1280 ) ;
#980 = CARTESIAN_POINT ( 'NONE',  ( -89.87010210155135326, -2.010000000000002895, -0.3000000000000099254 ) ) ;
#981 = VERTEX_POINT ( 'NONE', #534 ) ;
#982 = CARTESIAN_POINT ( 'NONE',  ( -89.87010210155136747, -2.009999999999996234, 5.921739365192681070 ) ) ;
#983 = FACE_OUTER_BOUND ( 'NONE', #182, .T. ) ;
#984 = CC_DESIGN_DATE_AND_TIME_ASSIGNMENT ( #1685, #2064, ( #1246 ) ) ;
#985 = VECTOR ( 'NONE', #883, 1000.000000000000000 ) ;
#986 = VERTEX_POINT ( 'NONE', #924 ) ;
#987 = CARTESIAN_POINT ( 'NONE',  ( -87.87212812774689041, -0.1000000000000011297, 29.69999999999998863 ) ) ;
#988 = CARTESIAN_POINT ( 'NONE',  ( -122.2618282146586068, 9.586706760827349072, 29.69999999999999218 ) ) ;
#989 = LINE ( 'NONE', #2166, #1121 ) ;
#990 = ORIENTED_EDGE ( 'NONE', *, *, #347, .F. ) ;
#991 = CARTESIAN_POINT ( 'NONE',  ( -87.00186786579155296, 30.09999999999999432, 1.199999999999987521 ) ) ;
#992 = VERTEX_POINT ( 'NONE', #1061 ) ;
#993 = DIRECTION ( 'NONE',  ( -3.285523800833660592E-48, 1.000000000000000000, -3.023623362212761042E-32 ) ) ;
#994 = CARTESIAN_POINT ( 'NONE',  ( -107.8518678657915331, -1.200000000000022160, 29.69999999999998863 ) ) ;
#995 = AXIS2_PLACEMENT_3D ( 'NONE', #267, #2004, #1958 ) ;
#996 = ORIENTED_EDGE ( 'NONE', *, *, #914, .F. ) ;
#997 = CARTESIAN_POINT ( 'NONE',  ( -87.00186786579155296, 1.899999999999988587, 21.19999999999999218 ) ) ;
#998 = VECTOR ( 'NONE', #1014, 1000.000000000000000 ) ;
#999 = CARTESIAN_POINT ( 'NONE',  ( -87.00186786579155296, 28.10000000000000142, 4.699999999999990408 ) ) ;
#1000 = AXIS2_PLACEMENT_3D ( 'NONE', #551, #1136, #740 ) ;
#1001 = FACE_OUTER_BOUND ( 'NONE', #225, .T. ) ;
#1002 = ORIENTED_EDGE ( 'NONE', *, *, #289, .F. ) ;
#1003 = PLANE ( 'NONE',  #2318 ) ;
#1004 = EDGE_LOOP ( 'NONE', ( #2011, #1477, #103, #424, #1997, #1844, #2270, #610 ) ) ;
#1005 = CARTESIAN_POINT ( 'NONE',  ( -65.95186786579155580, -19.02115218479043079, 19.59999999999999076 ) ) ;
#1006 = CARTESIAN_POINT ( 'NONE',  ( -81.95186786579157001, 28.09999999999999432, 29.69999999999998863 ) ) ;
#1007 = EDGE_CURVE ( 'NONE', #1460, #649, #125, .T. ) ;
#1008 = AXIS2_PLACEMENT_3D ( 'NONE', #1660, #1260, #2199 ) ;
#1009 = AXIS2_PLACEMENT_3D ( 'NONE', #2055, #2012, #136 ) ;
#1010 = CYLINDRICAL_SURFACE ( 'NONE', #1496, 18.00000000000001421 ) ;
#1011 = CARTESIAN_POINT ( 'NONE',  ( -107.8518678657915331, -1.200000000000022160, 29.69999999999998863 ) ) ;
#1012 = CARTESIAN_POINT ( 'NONE',  ( -83.95186786579157001, 22.09999999999999432, 29.69999999999998863 ) ) ;
#1013 = EDGE_CURVE ( 'NONE', #1314, #1170, #315, .T. ) ;
#1014 = DIRECTION ( 'NONE',  ( -3.285523800833660592E-48, 1.000000000000000000, -3.023623362212761042E-32 ) ) ;
#1015 = ORIENTED_EDGE ( 'NONE', *, *, #914, .T. ) ;
#1016 = CARTESIAN_POINT ( 'NONE',  ( -87.87212812774689041, -0.1000000000000011297, -0.3000000000000097033 ) ) ;
#1017 = VERTEX_POINT ( 'NONE', #1655 ) ;
#1018 = FACE_OUTER_BOUND ( 'NONE', #1729, .T. ) ;
#1019 = CARTESIAN_POINT ( 'NONE',  ( -81.95186786579155580, 20.09999999999999787, 26.13487162744796422 ) ) ;
#1020 = EDGE_CURVE ( 'NONE', #781, #905, #1880, .T. ) ;
#1021 = EDGE_CURVE ( 'NONE', #527, #539, #677, .T. ) ;
#1022 = FACE_OUTER_BOUND ( 'NONE', #787, .T. ) ;
#1023 = CARTESIAN_POINT ( 'NONE',  ( -89.87010210155135326, -2.010000000000002895, 17.17414396604767646 ) ) ;
#1024 = VECTOR ( 'NONE', #1129, 1000.000000000000000 ) ;
#1025 = CARTESIAN_POINT ( 'NONE',  ( -83.95186786579157001, 30.09999999999999432, 29.69999999999998863 ) ) ;
#1026 = AXIS2_PLACEMENT_3D ( 'NONE', #1263, #1475, #2069 ) ;
#1027 = CARTESIAN_POINT ( 'NONE',  ( -89.87010210155135326, -2.010000000000002895, 29.69999999999998508 ) ) ;
#1028 = VERTEX_POINT ( 'NONE', #2437 ) ;
#1029 = EDGE_CURVE ( 'NONE', #2406, #1764, #344, .T. ) ;
#1030 = FACE_OUTER_BOUND ( 'NONE', #2054, .T. ) ;
#1031 = ORIENTED_EDGE ( 'NONE', *, *, #2152, .F. ) ;
#1032 = CARTESIAN_POINT ( 'NONE',  ( -121.0018678657915387, -1.200000000000022160, 29.69999999999998863 ) ) ;
#1033 = DIRECTION ( 'NONE',  ( 0.000000000000000000, 0.000000000000000000, -1.000000000000000000 ) ) ;
#1034 = AXIS2_PLACEMENT_3D ( 'NONE', #1371, #1399, #837 ) ;
#1035 = DIRECTION ( 'NONE',  ( -1.227362639469625993E-16, -3.023623362212761042E-32, -1.000000000000000000 ) ) ;
#1036 = CARTESIAN_POINT ( 'NONE',  ( -89.85186786579153306, -1.200000000000020162, 29.69999999999998508 ) ) ;
#1037 = EDGE_CURVE ( 'NONE', #918, #929, #442, .T. ) ;
#1038 = DIRECTION ( 'NONE',  ( 3.305638233318760129E-48, -1.000000000000000000, 3.023623362212761042E-32 ) ) ;
#1039 = CARTESIAN_POINT ( 'NONE',  ( -119.8629349200882928, 28.09999999999999432, -0.3000000000000085931 ) ) ;
#1040 = ORIENTED_EDGE ( 'NONE', *, *, #777, .T. ) ;
#1041 = DIRECTION ( 'NONE',  ( 0.000000000000000000, 0.000000000000000000, 1.000000000000000000 ) ) ;
#1042 = ORIENTED_EDGE ( 'NONE', *, *, #1243, .T. ) ;
#1043 = CARTESIAN_POINT ( 'NONE',  ( -83.95186786579157001, 30.09999999999998721, 19.59999999999998721 ) ) ;
#1044 = CARTESIAN_POINT ( 'NONE',  ( -88.45967610713340434, 0.02473671515156294562, 22.74720370887806808 ) ) ;
#1045 = EDGE_CURVE ( 'NONE', #1588, #1017, #1066, .T. ) ;
#1046 = AXIS2_PLACEMENT_3D ( 'NONE', #1379, #1601, #1778 ) ;
#1047 = ADVANCED_FACE ( 'NONE', ( #1681, #150, #1693, #1506 ), #1165, .T. ) ;
#1048 = CIRCLE ( 'NONE', #278, 18.00000000000001421 ) ;
#1049 = CIRCLE ( 'NONE', #2469, 1.500000000000001332 ) ;
#1050 = LINE ( 'NONE', #2019, #2100 ) ;
#1051 = VECTOR ( 'NONE', #1555, 1000.000000000000000 ) ;
#1052 = APPROVAL_ROLE ( '' ) ;
#1053 = DIRECTION ( 'NONE',  ( -1.000000000000000000, 0.000000000000000000, 1.234785807552934647E-16 ) ) ;
#1054 = EDGE_CURVE ( 'NONE', #2147, #2507, #2120, .T. ) ;
#1055 = FACE_OUTER_BOUND ( 'NONE', #426, .T. ) ;
#1056 = ORIENTED_EDGE ( 'NONE', *, *, #1689, .T. ) ;
#1057 = CARTESIAN_POINT ( 'NONE',  ( -87.00186786579155296, 28.10000000000000142, 4.699999999999990408 ) ) ;
#1058 = ORIENTED_EDGE ( 'NONE', *, *, #1029, .F. ) ;
#1059 = LINE ( 'NONE', #1850, #2062 ) ;
#1060 = CARTESIAN_POINT ( 'NONE',  ( -89.09702745868627005, 0.9939720027025024107, 20.92165213186616057 ) ) ;
#1061 = CARTESIAN_POINT ( 'NONE',  ( -122.2618282146586068, 9.586706760827349072, -0.3000000000000059286 ) ) ;
#1062 = DIRECTION ( 'NONE',  ( 2.596609123238816689E-48, -1.000000000000000000, 3.023623362212761042E-32 ) ) ;
#1063 = CARTESIAN_POINT ( 'NONE',  ( -83.95186786579157001, 28.09999999999999432, -0.3000000000000120348 ) ) ;
#1064 = PERSON_AND_ORGANIZATION_ROLE ( 'creator' ) ;
#1065 = DIRECTION ( 'NONE',  ( -1.000000000000000000, -2.454725278939251986E-16, 0.000000000000000000 ) ) ;
#1066 = CIRCLE ( 'NONE', #950, 1.499999999999997780 ) ;
#1067 = CARTESIAN_POINT ( 'NONE',  ( -89.90087356204556102, 0.4165836866332783828, 20.67710636844393690 ) ) ;
#1068 = VERTEX_POINT ( 'NONE', #1739 ) ;
#1069 = DIRECTION ( 'NONE',  ( 7.313782363789310195E-47, -2.979470829806982534E-31, 1.000000000000000000 ) ) ;
#1070 = AXIS2_PLACEMENT_3D ( 'NONE', #1401, #1977, #805 ) ;
#1071 = ORIENTED_EDGE ( 'NONE', *, *, #491, .T. ) ;
#1072 = CARTESIAN_POINT ( 'NONE',  ( -81.95186786579157001, -0.1000000000000011297, 29.69999999999998863 ) ) ;
#1073 = CARTESIAN_POINT ( 'NONE',  ( -88.68332908482119592, 0.5488825503594358945, 17.38879436546266177 ) ) ;
#1074 = EDGE_CURVE ( 'NONE', #512, #1764, #785, .T. ) ;
#1075 = CARTESIAN_POINT ( 'NONE',  ( -125.8518678657915615, -1.200000000000022160, 29.69999999999999218 ) ) ;
#1076 = LINE ( 'NONE', #1839, #261 ) ;
#1077 = ORIENTED_EDGE ( 'NONE', *, *, #279, .T. ) ;
#1078 = PERSON_AND_ORGANIZATION ( #1934, #2128 ) ;
#1079 = ADVANCED_FACE ( 'NONE', ( #6 ), #1704, .F. ) ;
#1080 = CARTESIAN_POINT ( 'NONE',  ( -87.87212812774689041, -0.1000000000000011297, 5.921739365192678406 ) ) ;
#1081 = ORIENTED_EDGE ( 'NONE', *, *, #1779, .F. ) ;
#1082 = VECTOR ( 'NONE', #2494, 1000.000000000000000 ) ;
#1083 = CARTESIAN_POINT ( 'NONE',  ( -89.85408906501342585, -0.9079205322984339466, 20.87121540650224816 ) ) ;
#1084 = ORIENTED_EDGE ( 'NONE', *, *, #2070, .F. ) ;
#1085 = DIRECTION ( 'NONE',  ( -3.285523800833660592E-48, 1.000000000000000000, -3.023623362212761042E-32 ) ) ;
#1086 = VERTEX_POINT ( 'NONE', #2084 ) ;
#1087 = CARTESIAN_POINT ( 'NONE',  ( -67.95186786579157001, 28.09999999999999432, 29.69999999999998508 ) ) ;
#1088 = CARTESIAN_POINT ( 'NONE',  ( -89.86852701103347840, -0.4238482463335421779, 19.99669773081426527 ) ) ;
#1089 = CARTESIAN_POINT ( 'NONE',  ( -71.21436786579155864, -9.900000000000005684, 23.14999999999999503 ) ) ;
#1090 = CIRCLE ( 'NONE', #995, 1.499999999999996891 ) ;
#1091 = ADVANCED_FACE ( 'NONE', ( #2501 ), #369, .T. ) ;
#1092 = DIRECTION ( 'NONE',  ( -1.000000000000000000, 8.673617379884027583E-16, 1.355252715606879310E-16 ) ) ;
#1093 = AXIS2_PLACEMENT_3D ( 'NONE', #1982, #1604, #640 ) ;
#1094 = ORIENTED_EDGE ( 'NONE', *, *, #717, .T. ) ;
#1095 = CARTESIAN_POINT ( 'NONE',  ( -107.8518678657915331, -1.200000000000022160, -0.3000000000000077049 ) ) ;
#1096 = ORIENTED_EDGE ( 'NONE', *, *, #332, .F. ) ;
#1097 = CARTESIAN_POINT ( 'NONE',  ( -88.33015305030512820, -0.7120254546846074284, 23.59158217291836124 ) ) ;
#1098 = CIRCLE ( 'NONE', #1538, 2.000000000000001776 ) ;
#1099 = ORIENTED_EDGE ( 'NONE', *, *, #903, .T. ) ;
#1100 = DIRECTION ( 'NONE',  ( -1.000000000000000000, 0.000000000000000000, 0.000000000000000000 ) ) ;
#1101 = EDGE_CURVE ( 'NONE', #1402, #840, #2490, .T. ) ;
#1102 = ORIENTED_EDGE ( 'NONE', *, *, #165, .T. ) ;
#1103 = DIRECTION ( 'NONE',  ( 0.000000000000000000, 0.000000000000000000, -1.000000000000000000 ) ) ;
#1104 = DIRECTION ( 'NONE',  ( 0.000000000000000000, 0.000000000000000000, 1.000000000000000000 ) ) ;
#1105 = CARTESIAN_POINT ( 'NONE',  ( -88.85841847978154817, 0.7762414574969477288, 17.83600181290337261 ) ) ;
#1106 = ADVANCED_FACE ( 'NONE', ( #1722 ), #1272, .F. ) ;
#1107 = CARTESIAN_POINT ( 'NONE',  ( -89.17362168359753127, -0.5663468638395212640, 16.58080459496935788 ) ) ;
#1108 = ADVANCED_FACE ( 'NONE', ( #757, #1344 ), #399, .F. ) ;
#1109 = DIRECTION ( 'NONE',  ( 3.285523800833660592E-48, -1.000000000000000000, 3.023623362212761042E-32 ) ) ;
#1110 = VERTEX_POINT ( 'NONE', #980 ) ;
#1111 = CARTESIAN_POINT ( 'NONE',  ( -89.89611131788694820, 0.3742480439133951675, 18.51841395505709542 ) ) ;
#1112 = ORIENTED_EDGE ( 'NONE', *, *, #417, .T. ) ;
#1113 = CARTESIAN_POINT ( 'NONE',  ( -3.252606517456516852E-15, 10.00000000000001066, 0.000000000000000000 ) ) ;
#1114 = ORIENTED_EDGE ( 'NONE', *, *, #1544, .F. ) ;
#1115 = DIRECTION ( 'NONE',  ( 3.305638233318760129E-48, -1.000000000000000000, 3.023623362212761042E-32 ) ) ;
#1116 = EDGE_LOOP ( 'NONE', ( #1056, #1937, #712, #972 ) ) ;
#1117 = ADVANCED_FACE ( 'NONE', ( #587, #2312 ), #1361, .T. ) ;
#1118 = VECTOR ( 'NONE', #1319, 1000.000000000000000 ) ;
#1119 = CARTESIAN_POINT ( 'NONE',  ( -89.86918832866146545, -1.989816241828660015, 5.511985425744406086 ) ) ;
#1120 = CARTESIAN_POINT ( 'NONE',  ( -71.21436786579155864, 1.900000000000002354, 24.64999999999999147 ) ) ;
#1121 = VECTOR ( 'NONE', #1974, 1000.000000000000000 ) ;
#1122 = ORIENTED_EDGE ( 'NONE', *, *, #1481, .T. ) ;
#1123 = EDGE_CURVE ( 'NONE', #1144, #2078, #2132, .T. ) ;
#1124 = ORIENTED_EDGE ( 'NONE', *, *, #343, .T. ) ;
#1125 = DIRECTION ( 'NONE',  ( -1.000000000000000000, 0.000000000000000000, 0.000000000000000000 ) ) ;
#1126 = EDGE_LOOP ( 'NONE', ( #1553, #975 ) ) ;
#1127 = CARTESIAN_POINT ( 'NONE',  ( -71.21436786579155864, -9.900000000000005684, 24.64999999999999147 ) ) ;
#1128 = ORIENTED_EDGE ( 'NONE', *, *, #1963, .T. ) ;
#1129 = DIRECTION ( 'NONE',  ( -7.422164701214958624E-48, 3.023623362212761042E-32, 1.000000000000000000 ) ) ;
#1130 = EDGE_CURVE ( 'NONE', #1809, #541, #2289, .T. ) ;
#1131 = CARTESIAN_POINT ( 'NONE',  ( -88.29312041882215567, -0.09999998988900367369, 3.927934884194934195 ) ) ;
#1132 = CONICAL_SURFACE ( 'NONE', #1410, 1.499999999999997780, 0.7853981633974473908 ) ;
#1133 = EDGE_CURVE ( 'NONE', #1740, #2441, #703, .T. ) ;
#1134 = CLOSED_SHELL ( 'NONE', ( #2314, #1921, #1106, #1414, #1534, #1570, #895, #680, #2083, #444, #697, #561, #2392, #1091, #95, #1917, #792, #1802, #1440, #1231, #2195, #1602, #2227, #1047, #1731, #1206, #365, #1108, #1255, #1886, #667, #499, #2288, #1117, #1079, #207, #1870, #1501, #596, #1727, #1882, #2006, #616, #2439, #203, #948, #1684, #2361, #2200, #2308, #1667, #2204, #736, #2471, #76, #927, #1235, #1762, #786, #952, #2343, #2277, #265, #690 ) ) ;
#1135 = VERTEX_POINT ( 'NONE', #172 ) ;
#1136 = DIRECTION ( 'NONE',  ( -1.227362639469625993E-16, -3.023623362212761042E-32, -1.000000000000000000 ) ) ;
#1137 = ORIENTED_EDGE ( 'NONE', *, *, #2047, .F. ) ;
#1138 = DIRECTION ( 'NONE',  ( 3.305638233318760129E-48, -1.000000000000000000, 3.023623362212761042E-32 ) ) ;
#1139 = EDGE_CURVE ( 'NONE', #1764, #1086, #947, .T. ) ;
#1140 = AXIS2_PLACEMENT_3D ( 'NONE', #396, #553, #1512 ) ;
#1141 = CIRCLE ( 'NONE', #1221, 2.000000000000001776 ) ;
#1142 = EDGE_LOOP ( 'NONE', ( #852, #393, #1154, #1490 ) ) ;
#1143 = DIRECTION ( 'NONE',  ( 0.000000000000000000, 0.000000000000000000, 1.000000000000000000 ) ) ;
#1144 = VERTEX_POINT ( 'NONE', #1714 ) ;
#1145 = DIRECTION ( 'NONE',  ( 0.000000000000000000, -1.000000000000000000, 0.000000000000000000 ) ) ;
#1146 = CARTESIAN_POINT ( 'NONE',  ( -87.91996895081672392, -0.1000000000000012823, 3.512338222875247329 ) ) ;
#1147 = EDGE_CURVE ( 'NONE', #2181, #105, #2301, .T. ) ;
#1148 = EDGE_LOOP ( 'NONE', ( #761, #1786 ) ) ;
#1149 = CYLINDRICAL_SURFACE ( 'NONE', #1000, 2.000000000000001776 ) ;
#1150 = PRODUCT ( 'worm screw bearing', 'worm screw bearing', '', ( #276 ) ) ;
#1151 = DIRECTION ( 'NONE',  ( 0.000000000000000000, -0.7071067811865459074, -0.7071067811865491270 ) ) ;
#1152 = ORIENTED_EDGE ( 'NONE', *, *, #1706, .T. ) ;
#1153 = CARTESIAN_POINT ( 'NONE',  ( -67.87310986845999139, -0.1000000000000011158, 23.58543193403106741 ) ) ;
#1154 = ORIENTED_EDGE ( 'NONE', *, *, #220, .T. ) ;
#1155 = DIRECTION ( 'NONE',  ( -0.000000000000000000, -1.000000000000000000, -0.000000000000000000 ) ) ;
#1156 = CARTESIAN_POINT ( 'NONE',  ( -89.79454252321393426, -0.2891549976565013780, 3.694732805285068533 ) ) ;
#1157 = VECTOR ( 'NONE', #2073, 1000.000000000000000 ) ;
#1158 = VECTOR ( 'NONE', #2180, 1000.000000000000000 ) ;
#1159 = ORIENTED_EDGE ( 'NONE', *, *, #2047, .T. ) ;
#1160 = EDGE_CURVE ( 'NONE', #248, #333, #1924, .T. ) ;
#1161 = DIRECTION ( 'NONE',  ( 1.227362639469625993E-16, 3.023623362212761042E-32, 1.000000000000000000 ) ) ;
#1162 = DIRECTION ( 'NONE',  ( -3.285523800833660592E-48, 1.000000000000000000, -3.023623362212761042E-32 ) ) ;
#1163 = CARTESIAN_POINT ( 'NONE',  ( -119.8629349200882928, 30.09999999999999432, 29.69999999999999218 ) ) ;
#1164 = ORIENTED_EDGE ( 'NONE', *, *, #784, .T. ) ;
#1165 = PLANE ( 'NONE',  #2116 ) ;
#1166 = CARTESIAN_POINT ( 'NONE',  ( -88.15927468158028546, -0.1000000101110003203, 3.738840578852812513 ) ) ;
#1167 = DIRECTION ( 'NONE',  ( 1.227362639469625993E-16, 3.023623362212761042E-32, 1.000000000000000000 ) ) ;
#1168 = APPROVAL_PERSON_ORGANIZATION ( #2429, #458, #859 ) ;
#1169 = EDGE_CURVE ( 'NONE', #979, #2474, #959, .T. ) ;
#1170 = VERTEX_POINT ( 'NONE', #260 ) ;
#1171 = CARTESIAN_POINT ( 'NONE',  ( -87.87212812774689041, -0.1000000000000011297, 16.30991931121669936 ) ) ;
#1172 = VECTOR ( 'NONE', #1192, 1000.000000000000000 ) ;
#1173 = LINE ( 'NONE', #2079, #1418 ) ;
#1174 = CARTESIAN_POINT ( 'NONE',  ( -121.8629349200882928, 10.78522973425260645, 29.69999999999999218 ) ) ;
#1175 = VERTEX_POINT ( 'NONE', #81 ) ;
#1176 = CIRCLE ( 'NONE', #202, 13.14999999999999503 ) ;
#1177 = CC_DESIGN_PERSON_AND_ORGANIZATION_ASSIGNMENT ( #1659, #710, ( #1246 ) ) ;
#1178 = CARTESIAN_POINT ( 'NONE',  ( -107.8518678657915331, -1.200000000000022160, 29.69999999999998863 ) ) ;
#1179 = ORIENTED_EDGE ( 'NONE', *, *, #836, .T. ) ;
#1180 = AXIS2_PLACEMENT_3D ( 'NONE', #2359, #832, #1954 ) ;
#1181 = CARTESIAN_POINT ( 'NONE',  ( -88.16332925205016124, -0.1000000104612619733, 5.656531571531785652 ) ) ;
#1182 = DIRECTION ( 'NONE',  ( 1.000000000000000000, 0.000000000000000000, 0.000000000000000000 ) ) ;
#1183 = VERTEX_POINT ( 'NONE', #2168 ) ;
#1184 = CARTESIAN_POINT ( 'NONE',  ( -65.95186786579155580, -19.02115218479043079, 19.59999999999999076 ) ) ;
#1185 = EDGE_CURVE ( 'NONE', #929, #1947, #14, .T. ) ;
#1186 = LINE ( 'NONE', #1423, #771 ) ;
#1187 = CARTESIAN_POINT ( 'NONE',  ( -89.85186786579153306, -1.200000000000019940, 21.25433923335130615 ) ) ;
#1188 = VERTEX_POINT ( 'NONE', #1374 ) ;
#1189 = DIRECTION ( 'NONE',  ( -1.227362639469625993E-16, -3.023623362212761042E-32, -1.000000000000000000 ) ) ;
#1190 = ORIENTED_EDGE ( 'NONE', *, *, #127, .F. ) ;
#1191 = DIRECTION ( 'NONE',  ( -1.227362639469625993E-16, -3.023623362212761042E-32, -1.000000000000000000 ) ) ;
#1192 = DIRECTION ( 'NONE',  ( 1.227362639469625993E-16, 3.023623362212761042E-32, 1.000000000000000000 ) ) ;
#1193 = EDGE_CURVE ( 'NONE', #121, #1183, #2346, .T. ) ;
#1194 = CIRCLE ( 'NONE', #1476, 1.499999999999997780 ) ;
#1195 = VECTOR ( 'NONE', #2052, 1000.000000000000000 ) ;
#1196 = VERTEX_POINT ( 'NONE', #1808 ) ;
#1197 = CARTESIAN_POINT ( 'NONE',  ( -65.95186786579155580, 7.999999999999989342, 29.69999999999998863 ) ) ;
#1198 = CARTESIAN_POINT ( 'NONE',  ( -81.95186786579157001, 9.899999999999998579, -0.3000000000000103140 ) ) ;
#1199 = CYLINDRICAL_SURFACE ( 'NONE', #2453, 1.499999999999997780 ) ;
#1200 = ORIENTED_EDGE ( 'NONE', *, *, #1283, .F. ) ;
#1201 = CARTESIAN_POINT ( 'NONE',  ( -81.95186786579155580, 9.899999999999998579, 26.13487162744796422 ) ) ;
#1202 = VERTEX_POINT ( 'NONE', #42 ) ;
#1203 = CARTESIAN_POINT ( 'NONE',  ( -81.95186786579158422, 28.09999999999999432, 19.59999999999998721 ) ) ;
#1204 = DIRECTION ( 'NONE',  ( -1.000000000000000000, 0.000000000000000000, 1.355252715606879310E-16 ) ) ;
#1205 = CONICAL_SURFACE ( 'NONE', #1890, 1.499999999999997780, 0.7853981633974522758 ) ;
#1206 = ADVANCED_FACE ( 'NONE', ( #2355 ), #1763, .T. ) ;
#1207 = LINE ( 'NONE', #1258, #1972 ) ;
#1208 = CARTESIAN_POINT ( 'NONE',  ( -67.95186786579155580, -0.1000000000000011297, 25.91731754110802299 ) ) ;
#1209 = VECTOR ( 'NONE', #280, 1000.000000000000000 ) ;
#1210 = DIRECTION ( 'NONE',  ( -1.000000000000000000, 0.000000000000000000, 0.000000000000000000 ) ) ;
#1211 = CIRCLE ( 'NONE', #2414, 18.00000000000001421 ) ;
#1212 = DIRECTION ( 'NONE',  ( 2.596609123238816689E-48, -1.000000000000000000, 3.023623362212761042E-32 ) ) ;
#1213 = ORIENTED_EDGE ( 'NONE', *, *, #593, .T. ) ;
#1215 = VECTOR ( 'NONE', #1579, 1000.000000000000000 ) ;
#1214 = FACE_OUTER_BOUND ( 'NONE', #2106, .T. ) ;
#1216 = ORIENTED_EDGE ( 'NONE', *, *, #1308, .F. ) ;
#1217 = CYLINDRICAL_SURFACE ( 'NONE', #1294, 2.000000000000001776 ) ;
#1218 = DIRECTION ( 'NONE',  ( -1.227362639469625993E-16, -3.023623362212761042E-32, -1.000000000000000000 ) ) ;
#1219 = EDGE_CURVE ( 'NONE', #1017, #1588, #911, .T. ) ;
#1220 = CIRCLE ( 'NONE', #1615, 1.499999999999997780 ) ;
#1221 = AXIS2_PLACEMENT_3D ( 'NONE', #501, #1278, #2407 ) ;
#1222 = CARTESIAN_POINT ( 'NONE',  ( -89.87010210155135326, -2.010000000000002895, 29.69999999999998508 ) ) ;
#1223 = CARTESIAN_POINT ( 'NONE',  ( -87.00186786579155296, 28.10000000000000142, 4.699999999999990408 ) ) ;
#1224 = CARTESIAN_POINT ( 'NONE',  ( -92.05186786579156433, 9.899999999999998579, -0.3000000000000094813 ) ) ;
#1225 = CARTESIAN_POINT ( 'NONE',  ( -81.73936786579155012, -9.900000000000005684, 23.14999999999999503 ) ) ;
#1226 = VERTEX_POINT ( 'NONE', #633 ) ;
#1227 = DIRECTION ( 'NONE',  ( -3.305638233318760129E-48, 1.000000000000000000, -3.023623362212761042E-32 ) ) ;
#1228 = ORIENTED_EDGE ( 'NONE', *, *, #1037, .T. ) ;
#1229 = CARTESIAN_POINT ( 'NONE',  ( -123.8629349200882928, 10.78522973425260645, 29.69999999999999218 ) ) ;
#1230 = FACE_BOUND ( 'NONE', #237, .T. ) ;
#1231 = ADVANCED_FACE ( 'NONE', ( #1030 ), #1003, .T. ) ;
#1232 = CARTESIAN_POINT ( 'NONE',  ( -83.95186786579157001, 20.09999999999999787, -0.3000000000000101474 ) ) ;
#1233 = CARTESIAN_POINT ( 'NONE',  ( -83.50329672888439347, -0.1000000000000011297, 19.59999999999999076 ) ) ;
#1234 = CARTESIAN_POINT ( 'NONE',  ( -83.54511314871491834, -0.05820085796526256600, 19.59999999999998010 ) ) ;
#1235 = ADVANCED_FACE ( 'NONE', ( #1214 ), #425, .F. ) ;
#1236 = CARTESIAN_POINT ( 'NONE',  ( -87.00186786579155296, -9.900000000000005684, 4.699999999999990408 ) ) ;
#1237 = VERTEX_POINT ( 'NONE', #1201 ) ;
#1238 = DIRECTION ( 'NONE',  ( 0.000000000000000000, -1.000000000000000000, 0.000000000000000000 ) ) ;
#1239 = EDGE_CURVE ( 'NONE', #2237, #376, #1194, .T. ) ;
#1240 = VERTEX_POINT ( 'NONE', #991 ) ;
#1241 = PLANE ( 'NONE',  #1852 ) ;
#1242 = CYLINDRICAL_SURFACE ( 'NONE', #2293, 2.000000000000001776 ) ;
#1243 = EDGE_CURVE ( 'NONE', #1240, #1528, #422, .T. ) ;
#1244 = CARTESIAN_POINT ( 'NONE',  ( -83.54396265568676938, 30.05796152715796410, 4.403650202283404980 ) ) ;
#1245 = CARTESIAN_POINT ( 'NONE',  ( -87.00186786579155296, 30.09999999999999432, 4.699999999999990408 ) ) ;
#1246 = SECURITY_CLASSIFICATION ( '', '', #888 ) ;
#1247 = LINE ( 'NONE', #1632, #283 ) ;
#1248 = CARTESIAN_POINT ( 'NONE',  ( -89.19556703727933211, 1.060650613477633009, 20.52506030566334516 ) ) ;
#1249 = EDGE_LOOP ( 'NONE', ( #1435, #304, #2191, #854, #1058, #177, #64, #1677, #2102 ) ) ;
#1250 = DIRECTION ( 'NONE',  ( 0.000000000000000000, 0.000000000000000000, -1.000000000000000000 ) ) ;
#1251 = ORIENTED_EDGE ( 'NONE', *, *, #1037, .F. ) ;
#1252 = CARTESIAN_POINT ( 'NONE',  ( -88.41446541088598110, -0.1749362942184723713, 16.41598756346543198 ) ) ;
#1253 = CARTESIAN_POINT ( 'NONE',  ( -81.95186786579157001, 9.999999999999984013, 19.59999999999999076 ) ) ;
#1254 = AXIS2_PLACEMENT_3D ( 'NONE', #15, #1596, #1608 ) ;
#1255 = ADVANCED_FACE ( 'NONE', ( #648, #1587 ), #621, .T. ) ;
#1256 = CARTESIAN_POINT ( 'NONE',  ( -89.88092282213818862, 0.2241470403669079681, 18.00226243560571149 ) ) ;
#1257 = CIRCLE ( 'NONE', #1140, 1.500000000000001332 ) ;
#1258 = CARTESIAN_POINT ( 'NONE',  ( -81.95186786579157001, 20.09999999999999787, 29.69999999999998863 ) ) ;
#1259 = COORDINATED_UNIVERSAL_TIME_OFFSET ( 1, 0, .AHEAD. ) ;
#1260 = DIRECTION ( 'NONE',  ( -3.285523800833660592E-48, 1.000000000000000000, -3.023623362212761042E-32 ) ) ;
#1261 = CARTESIAN_POINT ( 'NONE',  ( -81.95186786579155580, 19.99999999999998224, 29.69999999999998863 ) ) ;
#1262 = ORIENTED_EDGE ( 'NONE', *, *, #760, .F. ) ;
#1263 = CARTESIAN_POINT ( 'NONE',  ( -81.73936786579155012, 30.09999999999999432, 24.64999999999999147 ) ) ;
#1264 = ORIENTED_EDGE ( 'NONE', *, *, #664, .T. ) ;
#1265 = FACE_OUTER_BOUND ( 'NONE', #2330, .T. ) ;
#1266 = DIRECTION ( 'NONE',  ( -7.422164701214958624E-48, 3.023623362212761042E-32, 1.000000000000000000 ) ) ;
#1267 = CARTESIAN_POINT ( 'NONE',  ( -94.70186786579154159, -1.200000000000020606, -0.3000000000000093703 ) ) ;
#1268 = CARTESIAN_POINT ( 'NONE',  ( -89.82268941242055860, -0.7688612337191398360, 16.28929571923674757 ) ) ;
#1269 = EDGE_LOOP ( 'NONE', ( #1862, #285, #1122, #235, #878, #2051 ) ) ;
#1270 = PERSON_AND_ORGANIZATION_ROLE ( 'design_supplier' ) ;
#1271 = DIRECTION ( 'NONE',  ( -7.313782363789310195E-47, 2.979470829806982534E-31, -1.000000000000000000 ) ) ;
#1272 = CONICAL_SURFACE ( 'NONE', #1674, 1.499999999999997780, 0.7853981633974522758 ) ;
#1273 = CARTESIAN_POINT ( 'NONE',  ( -89.85815088846517540, -1.702637871826067517, 21.86802097220898489 ) ) ;
#1274 = VERTEX_POINT ( 'NONE', #1016 ) ;
#1275 = LINE ( 'NONE', #2037, #1932 ) ;
#1276 = AXIS2_PLACEMENT_3D ( 'NONE', #450, #1227, #2382 ) ;
#1277 = ORIENTED_EDGE ( 'NONE', *, *, #1968, .F. ) ;
#1278 = DIRECTION ( 'NONE',  ( -3.062570558634826577E-48, 1.412361382570359924E-32, -1.000000000000000000 ) ) ;
#1279 = CARTESIAN_POINT ( 'NONE',  ( -89.85186786579153306, -1.200000000011834933, 18.14566076663372129 ) ) ;
#1280 = CARTESIAN_POINT ( 'NONE',  ( -81.95186786579155580, 20.09999999999999787, 29.69999999999998863 ) ) ;
#1281 = DIRECTION ( 'NONE',  ( 0.000000000000000000, 0.000000000000000000, -1.000000000000000000 ) ) ;
#1282 = ORIENTED_EDGE ( 'NONE', *, *, #1321, .F. ) ;
#1283 = EDGE_CURVE ( 'NONE', #1460, #981, #829, .T. ) ;
#1284 = LINE ( 'NONE', #656, #2140 ) ;
#1285 = ORIENTED_EDGE ( 'NONE', *, *, #962, .T. ) ;
#1286 = CARTESIAN_POINT ( 'NONE',  ( -89.85029789253121635, -0.1580270459953706241, 22.22106182469980240 ) ) ;
#1287 = VERTEX_POINT ( 'NONE', #839 ) ;
#1288 = DIRECTION ( 'NONE',  ( 1.000000000000000000, 0.000000000000000000, 0.000000000000000000 ) ) ;
#1289 = ORIENTED_EDGE ( 'NONE', *, *, #2105, .F. ) ;
#1290 = LINE ( 'NONE', #1305, #2506 ) ;
#1291 = EDGE_CURVE ( 'NONE', #451, #1740, #1955, .T. ) ;
#1292 = CARTESIAN_POINT ( 'NONE',  ( -87.00186786579155296, 30.09999999999999432, 19.69999999999999574 ) ) ;
#1293 = CARTESIAN_POINT ( 'NONE',  ( -89.82007315873207176, -0.9311179235884381455, 16.08547486790683223 ) ) ;
#1294 = AXIS2_PLACEMENT_3D ( 'NONE', #1229, #44, #2386 ) ;
#1295 = VERTEX_POINT ( 'NONE', #1989 ) ;
#1296 = DIRECTION ( 'NONE',  ( 1.000000000000000000, 2.454725278939251986E-16, -0.000000000000000000 ) ) ;
#1297 = ORIENTED_EDGE ( 'NONE', *, *, #1826, .F. ) ;
#1298 = AXIS2_PLACEMENT_3D ( 'NONE', #421, #2328, #1210 ) ;
#1299 = EDGE_CURVE ( 'NONE', #1710, #1460, #866, .T. ) ;
#1300 = CARTESIAN_POINT ( 'NONE',  ( -89.00285718355854669, 0.9192268099095073364, 18.22100104621317840 ) ) ;
#1301 = VECTOR ( 'NONE', #286, 1000.000000000000000 ) ;
#1302 = ORIENTED_EDGE ( 'NONE', *, *, #127, .T. ) ;
#1303 = CARTESIAN_POINT ( 'NONE',  ( -71.21436786579155864, 9.999999999999984013, 24.64999999999999147 ) ) ;
#1304 = ORIENTED_EDGE ( 'NONE', *, *, #120, .F. ) ;
#1305 = CARTESIAN_POINT ( 'NONE',  ( -87.00186786579155296, -9.900000000000005684, 21.19999999999999218 ) ) ;
#1306 = CARTESIAN_POINT ( 'NONE',  ( -87.00186786579155296, 28.10000000000000142, 3.199999999999993072 ) ) ;
#1307 = CARTESIAN_POINT ( 'NONE',  ( -88.79366119820727477, 0.6977945003610471764, 17.67269066506232988 ) ) ;
#1308 = EDGE_CURVE ( 'NONE', #963, #1295, #951, .T. ) ;
#1309 = ORIENTED_EDGE ( 'NONE', *, *, #1471, .T. ) ;
#1310 = ORIENTED_EDGE ( 'NONE', *, *, #1689, .F. ) ;
#1311 = PLANE ( 'NONE',  #1576 ) ;
#1312 = EDGE_CURVE ( 'NONE', #986, #2461, #1517, .T. ) ;
#1313 = AXIS2_PLACEMENT_3D ( 'NONE', #1178, #2322, #1914 ) ;
#1314 = VERTEX_POINT ( 'NONE', #119 ) ;
#1315 = CARTESIAN_POINT ( 'NONE',  ( -81.95186786579157001, 9.999999999999984013, 29.69999999999998863 ) ) ;
#1316 = ORIENTED_EDGE ( 'NONE', *, *, #2419, .F. ) ;
#1317 = VECTOR ( 'NONE', #1668, 1000.000000000000000 ) ;
#1318 = EDGE_CURVE ( 'NONE', #376, #2237, #1713, .T. ) ;
#1319 = DIRECTION ( 'NONE',  ( -3.285523800833660592E-48, 1.000000000000000000, -3.023623362212761042E-32 ) ) ;
#1320 = CARTESIAN_POINT ( 'NONE',  ( -87.92070334576941093, -0.1000000000000013517, 5.887138658384266421 ) ) ;
#1321 = EDGE_CURVE ( 'NONE', #527, #1196, #894, .T. ) ;
#1322 = ORIENTED_EDGE ( 'NONE', *, *, #2021, .T. ) ;
#1323 = LINE ( 'NONE', #1546, #961 ) ;
#1324 = VERTEX_POINT ( 'NONE', #919 ) ;
#1325 = DIRECTION ( 'NONE',  ( -3.285523800833660592E-48, 1.000000000000000000, -3.023623362212761042E-32 ) ) ;
#1326 = VECTOR ( 'NONE', #1792, 1000.000000000000000 ) ;
#1327 = ORIENTED_EDGE ( 'NONE', *, *, #942, .F. ) ;
#1328 = FACE_OUTER_BOUND ( 'NONE', #1116, .T. ) ;
#1329 = ORIENTED_EDGE ( 'NONE', *, *, #289, .T. ) ;
#1330 = DIRECTION ( 'NONE',  ( -2.454725278939251986E-16, 1.000000000000000000, 0.000000000000000000 ) ) ;
#1331 = CARTESIAN_POINT ( 'NONE',  ( -89.80997820714497948, -0.5201923964838151004, 4.376265783020476086 ) ) ;
#1332 = PRODUCT_DEFINITION ( 'UNKNOWN', '', #1603, #776 ) ;
#1333 = VECTOR ( 'NONE', #1487, 1000.000000000000000 ) ;
#1334 = AXIS2_PLACEMENT_3D ( 'NONE', #419, #605, #1770 ) ;
#1335 = VECTOR ( 'NONE', #2173, 1000.000000000000000 ) ;
#1336 = ORIENTED_EDGE ( 'NONE', *, *, #1021, .T. ) ;
#1337 = FACE_OUTER_BOUND ( 'NONE', #2272, .T. ) ;
#1338 = CARTESIAN_POINT ( 'NONE',  ( -87.00186786579155296, 30.09999999999999432, 18.19999999999999574 ) ) ;
#1339 = VECTOR ( 'NONE', #447, 1000.000000000000000 ) ;
#1340 = EDGE_CURVE ( 'NONE', #620, #2078, #2162, .T. ) ;
#1341 = ORIENTED_EDGE ( 'NONE', *, *, #1747, .T. ) ;
#1342 = DIRECTION ( 'NONE',  ( -3.252606517456513302E-16, 1.000000000000000000, 0.000000000000000000 ) ) ;
#1343 = ORIENTED_EDGE ( 'NONE', *, *, #220, .F. ) ;
#1344 = FACE_OUTER_BOUND ( 'NONE', #2202, .T. ) ;
#1345 = CARTESIAN_POINT ( 'NONE',  ( -89.80640647097995100, -0.4673966892355250202, 5.288075559111544699 ) ) ;
#1346 = ORIENTED_EDGE ( 'NONE', *, *, #454, .T. ) ;
#1347 = DIRECTION ( 'NONE',  ( 0.000000000000000000, -1.000000000000000000, 0.000000000000000000 ) ) ;
#1348 = FACE_OUTER_BOUND ( 'NONE', #2158, .T. ) ;
#1349 = PLANE ( 'NONE',  #2142 ) ;
#1350 = ORIENTED_EDGE ( 'NONE', *, *, #521, .F. ) ;
#1351 = DIRECTION ( 'NONE',  ( -3.285523800833660592E-48, 1.000000000000000000, -3.023623362212761042E-32 ) ) ;
#1352 = CARTESIAN_POINT ( 'NONE',  ( -89.87010210155136747, -2.009999999999996234, 3.478260634807305518 ) ) ;
#1353 = DIRECTION ( 'NONE',  ( 1.000000000000000000, -0.000000000000000000, -1.086618076144653883E-16 ) ) ;
#1354 = CIRCLE ( 'NONE', #176, 1.499999999999997780 ) ;
#1355 = ORIENTED_EDGE ( 'NONE', *, *, #655, .T. ) ;
#1356 = CYLINDRICAL_SURFACE ( 'NONE', #1525, 2.000000000000001776 ) ;
#1357 = CC_DESIGN_DATE_AND_TIME_ASSIGNMENT ( #319, #86, ( #1332 ) ) ;
#1358 = DIRECTION ( 'NONE',  ( -1.000000000000000000, 0.000000000000000000, 1.236732516143161336E-16 ) ) ;
#1359 = DIRECTION ( 'NONE',  ( -3.285523800833660592E-48, 1.000000000000000000, -3.023623362212761042E-32 ) ) ;
#1360 = ORIENTED_EDGE ( 'NONE', *, *, #1133, .T. ) ;
#1361 = PLANE ( 'NONE',  #1827 ) ;
#1362 = ORIENTED_EDGE ( 'NONE', *, *, #229, .F. ) ;
#1363 = CARTESIAN_POINT ( 'NONE',  ( -87.97527614289194275, -0.1000000030230102227, 5.844316393435612156 ) ) ;
#1364 = CARTESIAN_POINT ( 'NONE',  ( -83.54511314871491834, -0.05820085796526256600, 19.59999999999998010 ) ) ;
#1365 = VERTEX_POINT ( 'NONE', #1447 ) ;
#1366 = CARTESIAN_POINT ( 'NONE',  ( -81.95186786579158422, 49.02115218479044501, 19.59999999999998721 ) ) ;
#1367 = AXIS2_PLACEMENT_3D ( 'NONE', #2135, #1590, #1182 ) ;
#1368 = CARTESIAN_POINT ( 'NONE',  ( -87.00186786579155296, -9.900000000000005684, 6.199999999999987743 ) ) ;
#1369 = EDGE_CURVE ( 'NONE', #1692, #992, #146, .T. ) ;
#1370 = CIRCLE ( 'NONE', #2416, 2.000000000000001776 ) ;
#1371 = CARTESIAN_POINT ( 'NONE',  ( -119.8629349200882928, 28.09999999999999432, 29.69999999999999218 ) ) ;
#1372 = ORIENTED_EDGE ( 'NONE', *, *, #1481, .F. ) ;
#1373 = VECTOR ( 'NONE', #1409, 1000.000000000000000 ) ;
#1374 = CARTESIAN_POINT ( 'NONE',  ( -83.95186786579157001, 30.09999999999999432, -0.3000000000000100919 ) ) ;
#1375 = CIRCLE ( 'NONE', #1929, 3.499999999999989342 ) ;
#1376 = ORIENTED_EDGE ( 'NONE', *, *, #2321, .T. ) ;
#1377 = AXIS2_PLACEMENT_3D ( 'NONE', #612, #590, #1390 ) ;
#1378 = CARTESIAN_POINT ( 'NONE',  ( -89.85186786579153306, -1.200000000011834933, 18.14566076663372129 ) ) ;
#1379 = CARTESIAN_POINT ( 'NONE',  ( -87.00186786579155296, -0.1000000000000011297, 19.69999999999999574 ) ) ;
#1380 = EDGE_CURVE ( 'NONE', #2285, #2268, #2238, .T. ) ;
#1381 = ORIENTED_EDGE ( 'NONE', *, *, #2178, .F. ) ;
#1382 = CARTESIAN_POINT ( 'NONE',  ( -88.81893694041315257, -0.3253077105773635735, 22.91960878942848723 ) ) ;
#1383 = CARTESIAN_POINT ( 'NONE',  ( -81.95186786579155580, -19.02115218479043790, 19.59999999999999076 ) ) ;
#1384 = DIRECTION ( 'NONE',  ( -3.285523800833660592E-48, 1.000000000000000000, -3.023623362212761042E-32 ) ) ;
#1385 = ORIENTED_EDGE ( 'NONE', *, *, #174, .T. ) ;
#1386 = EDGE_CURVE ( 'NONE', #1183, #1774, #865, .T. ) ;
#1387 = DIRECTION ( 'NONE',  ( 0.000000000000000000, 0.000000000000000000, 1.000000000000000000 ) ) ;
#1388 = ORIENTED_EDGE ( 'NONE', *, *, #1029, .T. ) ;
#1389 = CARTESIAN_POINT ( 'NONE',  ( -88.23466091229535380, -0.1242809922827699670, 23.00621147424540069 ) ) ;
#1390 = DIRECTION ( 'NONE',  ( 0.000000000000000000, 0.000000000000000000, 1.000000000000000000 ) ) ;
#1391 = EDGE_CURVE ( 'NONE', #2268, #2406, #178, .T. ) ;
#1392 = CONICAL_SURFACE ( 'NONE', #1913, 1.499999999999996891, 0.7853981633974511656 ) ;
#1393 = CARTESIAN_POINT ( 'NONE',  ( -83.80391733053532732, 30.09999999999999787, 3.246010327099412951 ) ) ;
#1394 = EDGE_CURVE ( 'NONE', #1287, #905, #1834, .T. ) ;
#1395 = CARTESIAN_POINT ( 'NONE',  ( -89.87010210155135326, -2.010000000000002895, 17.17414396604767646 ) ) ;
#1396 = DIRECTION ( 'NONE',  ( 0.000000000000000000, 0.000000000000000000, 1.000000000000000000 ) ) ;
#1397 = B_SPLINE_CURVE_WITH_KNOTS ( 'NONE', 3,
 ( #627, #49, #1382, #74, #823, #849, #1571, #446, #2151, #456 ),
 .UNSPECIFIED., .F., .F.,
 ( 4, 2, 2, 2, 4 ),
 ( 0.000000000000000000, 0.0006519450615200455884, 0.001303890123040091177, 0.001955835184560136657, 0.002607780246080182354 ),
 .UNSPECIFIED. ) ;
#1398 = EDGE_CURVE ( 'NONE', #840, #539, #877, .T. ) ;
#1399 = DIRECTION ( 'NONE',  ( -1.227362639469625993E-16, -3.023623362212761042E-32, -1.000000000000000000 ) ) ;
#1400 = ORIENTED_EDGE ( 'NONE', *, *, #1169, .F. ) ;
#1401 = CARTESIAN_POINT ( 'NONE',  ( -107.8518678657915331, -1.200000000000022160, -0.3000000000000077049 ) ) ;
#1402 = VERTEX_POINT ( 'NONE', #1664 ) ;
#1403 = CARTESIAN_POINT ( 'NONE',  ( -81.95186786579158422, 22.09999999999999432, 19.59999999999998721 ) ) ;
#1404 = LINE ( 'NONE', #974, #1805 ) ;
#1405 = CIRCLE ( 'NONE', #314, 2.000000000000000000 ) ;
#1406 = LINE ( 'NONE', #1993, #1335 ) ;
#1407 = FACE_OUTER_BOUND ( 'NONE', #492, .T. ) ;
#1408 = B_SPLINE_CURVE_WITH_KNOTS ( 'NONE', 3,
 ( #375, #1153, #2379, #2353, #1773, #597, #1794, #40, #63, #790 ),
 .UNSPECIFIED., .F., .F.,
 ( 4, 2, 2, 2, 4 ),
 ( 0.000000000000000000, 0.0006444919579545020389, 0.001288983915909004078, 0.001933475873863506117, 0.002577967831818008156 ),
 .UNSPECIFIED. ) ;
#1409 = DIRECTION ( 'NONE',  ( 1.000000000000000000, -0.000000000000000000, -8.587739980083217228E-17 ) ) ;
#1410 = AXIS2_PLACEMENT_3D ( 'NONE', #941, #2485, #179 ) ;
#1411 = DIRECTION ( 'NONE',  ( 0.000000000000000000, 0.000000000000000000, 1.000000000000000000 ) ) ;
#1412 = EDGE_LOOP ( 'NONE', ( #439, #1282, #1858, #2150 ) ) ;
#1413 = DIRECTION ( 'NONE',  ( 3.285523800833660592E-48, -1.000000000000000000, 3.023623362212761042E-32 ) ) ;
#1414 = ADVANCED_FACE ( 'NONE', ( #485 ), #1392, .F. ) ;
#1415 = ORIENTED_EDGE ( 'NONE', *, *, #528, .T. ) ;
#1416 = CARTESIAN_POINT ( 'NONE',  ( -71.21436786579155864, 1.900000000000002354, 23.14999999999999503 ) ) ;
#1417 = DIRECTION ( 'NONE',  ( 0.000000000000000000, -1.000000000000000000, 0.000000000000000000 ) ) ;
#1418 = VECTOR ( 'NONE', #943, 1000.000000000000000 ) ;
#1419 = CIRCLE ( 'NONE', #329, 2.000000000000001776 ) ;
#1420 = EDGE_CURVE ( 'NONE', #105, #121, #219, .T. ) ;
#1421 = DIRECTION ( 'NONE',  ( -1.000000000000000000, 0.000000000000000000, 1.093270502745293461E-16 ) ) ;
#1422 = CARTESIAN_POINT ( 'NONE',  ( -89.58183639148448663, -1.041406142400812751, 16.77679591796093916 ) ) ;
#1423 = CARTESIAN_POINT ( 'NONE',  ( -121.8629349200882928, 28.09999999999999432, 29.69999999999999218 ) ) ;
#1424 = FACE_OUTER_BOUND ( 'NONE', #755, .T. ) ;
#1425 = ORIENTED_EDGE ( 'NONE', *, *, #1985, .T. ) ;
#1426 = CARTESIAN_POINT ( 'NONE',  ( -83.95186786579157001, 1.899999999999999023, 19.59999999999999076 ) ) ;
#1427 = ORIENTED_EDGE ( 'NONE', *, *, #2070, .T. ) ;
#1428 = CARTESIAN_POINT ( 'NONE',  ( -81.95186786579155580, -9.900000000000005684, 26.13487162744796422 ) ) ;
#1429 = CARTESIAN_POINT ( 'NONE',  ( -88.68486870863951310, 0.5515691140081128152, 22.00687704289779845 ) ) ;
#1430 = CARTESIAN_POINT ( 'NONE',  ( -125.8518678657915615, -1.200000000000022160, 29.69999999999999218 ) ) ;
#1431 = CARTESIAN_POINT ( 'NONE',  ( -87.00186786579155296, 28.10000000000000142, 3.199999999999993516 ) ) ;
#1432 = AXIS2_PLACEMENT_3D ( 'NONE', #1039, #1459, #2008 ) ;
#1433 = DIRECTION ( 'NONE',  ( -1.227362639469625993E-16, -3.023623362212761042E-32, -1.000000000000000000 ) ) ;
#1434 = CARTESIAN_POINT ( 'NONE',  ( -65.95186786579157001, 28.09999999999999432, 29.69999999999998863 ) ) ;
#1435 = ORIENTED_EDGE ( 'NONE', *, *, #2220, .T. ) ;
#1436 = DIRECTION ( 'NONE',  ( 0.000000000000000000, 0.000000000000000000, 1.000000000000000000 ) ) ;
#1437 = EDGE_LOOP ( 'NONE', ( #2249, #1159, #41, #2244 ) ) ;
#1438 = CARTESIAN_POINT ( 'NONE',  ( -81.73936786579155012, 19.99999999999998224, 24.64999999999999147 ) ) ;
#1439 = CARTESIAN_POINT ( 'NONE',  ( -89.86158937086358378, -0.6034498414175925030, 20.40487921696735896 ) ) ;
#1440 = ADVANCED_FACE ( 'NONE', ( #2256 ), #2405, .T. ) ;
#1441 = CARTESIAN_POINT ( 'NONE',  ( -83.57540016685112505, 30.06536983657216666, 4.103365682074860743 ) ) ;
#1442 = CALENDAR_DATE ( 2026, 2, 6 ) ;
#1443 = APPROVAL_PERSON_ORGANIZATION ( #334, #874, #2111 ) ;
#1444 = DIRECTION ( 'NONE',  ( 7.422164701214958624E-48, -3.023623362212761042E-32, -1.000000000000000000 ) ) ;
#1445 = EDGE_LOOP ( 'NONE', ( #1362, #2347, #147, #969, #1701, #205, #2489, #1578 ) ) ;
#1446 = AXIS2_PLACEMENT_3D ( 'NONE', #2198, #1994, #1594 ) ;
#1447 = CARTESIAN_POINT ( 'NONE',  ( -65.95186786579155580, 1.899999999999999023, 29.69999999999998863 ) ) ;
#1448 = ORIENTED_EDGE ( 'NONE', *, *, #1386, .F. ) ;
#1449 = CARTESIAN_POINT ( 'NONE',  ( -71.21436786579155864, -9.900000000000005684, 24.64999999999999147 ) ) ;
#1450 = CARTESIAN_POINT ( 'NONE',  ( -89.28618580239806590, 1.115347664405441419, 19.38518388201685028 ) ) ;
#1451 = CIRCLE ( 'NONE', #2303, 18.00000000000001421 ) ;
#1452 = FACE_OUTER_BOUND ( 'NONE', #398, .T. ) ;
#1453 = PLANE ( 'NONE',  #217 ) ;
#1454 = VECTOR ( 'NONE', #1444, 1000.000000000000000 ) ;
#1455 = ORIENTED_EDGE ( 'NONE', *, *, #257, .F. ) ;
#1456 = PERSON_AND_ORGANIZATION ( #1934, #2128 ) ;
#1457 = EDGE_CURVE ( 'NONE', #473, #89, #706, .T. ) ;
#1458 = DIRECTION ( 'NONE',  ( -1.227362639469625993E-16, -3.023623362212761042E-32, -1.000000000000000000 ) ) ;
#1459 = DIRECTION ( 'NONE',  ( -1.227362639469625993E-16, -3.023623362212761042E-32, -1.000000000000000000 ) ) ;
#1460 = VERTEX_POINT ( 'NONE', #2024 ) ;
#1461 = DIRECTION ( 'NONE',  ( -3.305638233318760129E-48, 1.000000000000000000, -3.023623362212761042E-32 ) ) ;
#1462 = VERTEX_POINT ( 'NONE', #700 ) ;
#1463 = CARTESIAN_POINT ( 'NONE',  ( -87.87212812774689041, -0.1000000000000011297, 16.30991931121669936 ) ) ;
#1464 = CARTESIAN_POINT ( 'NONE',  ( -89.86416382889184717, -0.5325696110974618147, 20.27504888896601187 ) ) ;
#1465 = DIRECTION ( 'NONE',  ( -3.285523800833660592E-48, 1.000000000000000000, -3.023623362212761042E-32 ) ) ;
#1466 = CARTESIAN_POINT ( 'NONE',  ( -89.86350985458534524, -1.868126040711720615, 17.33820007884334302 ) ) ;
#1467 = ORIENTED_EDGE ( 'NONE', *, *, #1139, .T. ) ;
#1468 = APPROVAL_STATUS ( 'not_yet_approved' ) ;
#1469 = DIRECTION ( 'NONE',  ( 3.062570558634826577E-48, -1.412361382570359924E-32, 1.000000000000000000 ) ) ;
#1470 = ORIENTED_EDGE ( 'NONE', *, *, #1790, .T. ) ;
#1471 = EDGE_CURVE ( 'NONE', #318, #1028, #1631, .T. ) ;
#1472 = AXIS2_PLACEMENT_3D ( 'NONE', #377, #1939, #1891 ) ;
#1473 = CARTESIAN_POINT ( 'NONE',  ( -88.63690823596689938, 0.4542431251720741581, 22.15242038428007731 ) ) ;
#1474 = ORIENTED_EDGE ( 'NONE', *, *, #1790, .F. ) ;
#1475 = DIRECTION ( 'NONE',  ( 3.285523800833660592E-48, -1.000000000000000000, 3.023623362212761042E-32 ) ) ;
#1476 = AXIS2_PLACEMENT_3D ( 'NONE', #1962, #461, #65 ) ;
#1477 = ORIENTED_EDGE ( 'NONE', *, *, #1394, .T. ) ;
#1478 = CARTESIAN_POINT ( 'NONE',  ( -71.21436786579155864, -9.900000000000005684, 26.14999999999998792 ) ) ;
#1479 = CARTESIAN_POINT ( 'NONE',  ( -89.86715119968177135, -1.941983470655628929, 5.104534765793885320 ) ) ;
#1480 = DIRECTION ( 'NONE',  ( -1.227362639469625993E-16, -3.023623362212761042E-32, -1.000000000000000000 ) ) ;
#1481 = EDGE_CURVE ( 'NONE', #1324, #1884, #244, .T. ) ;
#1482 = ORIENTED_EDGE ( 'NONE', *, *, #810, .T. ) ;
#1483 = PERSON_AND_ORGANIZATION_ROLE ( 'creator' ) ;
#1484 = CARTESIAN_POINT ( 'NONE',  ( -81.73936786579155012, -9.900000000000005684, 26.14999999999998792 ) ) ;
#1485 = ORIENTED_EDGE ( 'NONE', *, *, #1529, .F. ) ;
#1486 = CC_DESIGN_APPROVAL ( #874, ( #1246 ) ) ;
#1487 = DIRECTION ( 'NONE',  ( 1.227362639469625993E-16, 3.023623362212761042E-32, 1.000000000000000000 ) ) ;
#1488 = EDGE_LOOP ( 'NONE', ( #1686, #1818 ) ) ;
#1489 = DIRECTION ( 'NONE',  ( -3.305638233318760129E-48, 1.000000000000000000, -3.023623362212761042E-32 ) ) ;
#1490 = ORIENTED_EDGE ( 'NONE', *, *, #495, .F. ) ;
#1491 = DIRECTION ( 'NONE',  ( -1.000000000000000000, 0.000000000000000000, 0.000000000000000000 ) ) ;
#1492 = EDGE_CURVE ( 'NONE', #550, #1588, #1275, .T. ) ;
#1493 = LINE ( 'NONE', #489, #1873 ) ;
#1494 = CARTESIAN_POINT ( 'NONE',  ( -87.00186786579155296, -9.900000000000005684, 19.69999999999999574 ) ) ;
#1495 = AXIS2_PLACEMENT_3D ( 'NONE', #494, #2033, #306 ) ;
#1496 = AXIS2_PLACEMENT_3D ( 'NONE', #1617, #1035, #858 ) ;
#1497 = EDGE_CURVE ( 'NONE', #1314, #1562, #481, .T. ) ;
#1498 = ORIENTED_EDGE ( 'NONE', *, *, #2129, .F. ) ;
#1499 = VECTOR ( 'NONE', #2172, 1000.000000000000000 ) ;
#1500 = ORIENTED_EDGE ( 'NONE', *, *, #61, .T. ) ;
#1501 = ADVANCED_FACE ( 'NONE', ( #134, #1678 ), #2447, .T. ) ;
#1502 = CARTESIAN_POINT ( 'NONE',  ( -88.41446541088598110, -0.1749362942184723713, 16.41598756346543198 ) ) ;
#1503 = ORIENTED_EDGE ( 'NONE', *, *, #1963, .F. ) ;
#1504 = LINE ( 'NONE', #352, #2056 ) ;
#1505 = VERTEX_POINT ( 'NONE', #2271 ) ;
#1506 = FACE_OUTER_BOUND ( 'NONE', #1896, .T. ) ;
#1507 = EDGE_CURVE ( 'NONE', #2400, #2320, #568, .T. ) ;
#1508 = CARTESIAN_POINT ( 'NONE',  ( -87.87212812774689041, -2.100000000000000977, -0.3000000000000120348 ) ) ;
#1509 = ORIENTED_EDGE ( 'NONE', *, *, #1507, .F. ) ;
#1510 = CARTESIAN_POINT ( 'NONE',  ( -81.73936786579155012, -0.1000000000000011297, 24.64999999999999147 ) ) ;
#1511 = ORIENTED_EDGE ( 'NONE', *, *, #1492, .T. ) ;
#1512 = DIRECTION ( 'NONE',  ( 1.000000000000000000, 0.000000000000000000, 0.000000000000000000 ) ) ;
#1513 = AXIS2_PLACEMENT_3D ( 'NONE', #354, #1530, #1904 ) ;
#1514 = ORIENTED_EDGE ( 'NONE', *, *, #1123, .F. ) ;
#1515 = CARTESIAN_POINT ( 'NONE',  ( -87.00186786579155296, -9.900000000000005684, 4.699999999999990408 ) ) ;
#1516 = ORIENTED_EDGE ( 'NONE', *, *, #2075, .F. ) ;
#1517 = CIRCLE ( 'NONE', #826, 2.000000000000001776 ) ;
#1518 = CARTESIAN_POINT ( 'NONE',  ( -81.95186786579157001, 9.899999999999998579, 29.69999999999998863 ) ) ;
#1519 = CARTESIAN_POINT ( 'NONE',  ( -89.81014251587561148, -0.5226237860612222841, 5.006519934650784265 ) ) ;
#1520 = EDGE_CURVE ( 'NONE', #1028, #1135, #1257, .T. ) ;
#1521 = CIRCLE ( 'NONE', #2291, 1.499999999999997780 ) ;
#1522 = VERTEX_POINT ( 'NONE', #208 ) ;
#1523 = CARTESIAN_POINT ( 'NONE',  ( -81.73936786579155012, 9.999999999999980460, 24.64999999999999147 ) ) ;
#1524 = CARTESIAN_POINT ( 'NONE',  ( -81.95186786579155580, 19.99999999999998224, 29.69999999999998863 ) ) ;
#1525 = AXIS2_PLACEMENT_3D ( 'NONE', #1698, #2, #2327 ) ;
#1526 = ORIENTED_EDGE ( 'NONE', *, *, #2500, .F. ) ;
#1527 = FACE_OUTER_BOUND ( 'NONE', #2287, .T. ) ;
#1528 = VERTEX_POINT ( 'NONE', #1899 ) ;
#1529 = EDGE_CURVE ( 'NONE', #699, #1188, #1173, .T. ) ;
#1530 = DIRECTION ( 'NONE',  ( -3.305638233318760129E-48, 1.000000000000000000, -3.023623362212761042E-32 ) ) ;
#1531 = CARTESIAN_POINT ( 'NONE',  ( -89.80372167363037761, -0.4278989374679871838, 5.411936049874483956 ) ) ;
#1532 = CIRCLE ( 'NONE', #1768, 3.499999999999996003 ) ;
#1533 = ORIENTED_EDGE ( 'NONE', *, *, #2475, .F. ) ;
#1534 = ADVANCED_FACE ( 'NONE', ( #2486 ), #584, .F. ) ;
#1535 = LINE ( 'NONE', #360, #1082 ) ;
#1536 = DIRECTION ( 'NONE',  ( -3.252606517456513302E-16, 1.000000000000000000, 0.000000000000000000 ) ) ;
#1537 = VECTOR ( 'NONE', #1595, 1000.000000000000000 ) ;
#1538 = AXIS2_PLACEMENT_3D ( 'NONE', #1087, #2026, #1491 ) ;
#1539 = ORIENTED_EDGE ( 'NONE', *, *, #340, .T. ) ;
#1540 = CARTESIAN_POINT ( 'NONE',  ( -107.8518678657915331, -1.200000000000022160, 29.69999999999998863 ) ) ;
#1541 = ORIENTED_EDGE ( 'NONE', *, *, #516, .T. ) ;
#1542 = CARTESIAN_POINT ( 'NONE',  ( -92.05186786579156433, 20.09999999999999787, 29.69999999999998863 ) ) ;
#1543 = CARTESIAN_POINT ( 'NONE',  ( -88.46595311873869605, -0.09999998343147749325, 4.338791555720215243 ) ) ;
#1544 = EDGE_CURVE ( 'NONE', #1550, #556, #1976, .T. ) ;
#1545 = ORIENTED_EDGE ( 'NONE', *, *, #2152, .T. ) ;
#1546 = CARTESIAN_POINT ( 'NONE',  ( -121.8629349200882928, 30.09999999999999432, 29.69999999999999218 ) ) ;
#1547 = LINE ( 'NONE', #2115, #2264 ) ;
#1548 = EDGE_CURVE ( 'NONE', #566, #2167, #1547, .T. ) ;
#1549 = DIRECTION ( 'NONE',  ( 0.000000000000000000, -1.000000000000000000, 0.000000000000000000 ) ) ;
#1550 = VERTEX_POINT ( 'NONE', #1688 ) ;
#1551 = DIRECTION ( 'NONE',  ( 0.000000000000000000, 3.023623362212761042E-32, 1.000000000000000000 ) ) ;
#1552 = EDGE_CURVE ( 'NONE', #1661, #318, #383, .T. ) ;
#1553 = ORIENTED_EDGE ( 'NONE', *, *, #1985, .F. ) ;
#1554 = CARTESIAN_POINT ( 'NONE',  ( -89.86917200724217025, -1.989122609458009450, 5.511615219819521627 ) ) ;
#1555 = DIRECTION ( 'NONE',  ( -3.285523800833660592E-48, 1.000000000000000000, -3.023623362212761042E-32 ) ) ;
#1556 = AXIS2_PLACEMENT_3D ( 'NONE', #1508, #2043, #1092 ) ;
#1557 = EDGE_CURVE ( 'NONE', #944, #876, #1176, .T. ) ;
#1558 = ORIENTED_EDGE ( 'NONE', *, *, #1507, .T. ) ;
#1559 = FACE_OUTER_BOUND ( 'NONE', #1979, .T. ) ;
#1560 = CARTESIAN_POINT ( 'NONE',  ( -67.95186786579155580, -0.1000000000000028644, 19.59999999999999076 ) ) ;
#1561 = CARTESIAN_POINT ( 'NONE',  ( -87.00186786579155296, 20.09999999999999787, 19.69999999999999574 ) ) ;
#1562 = VERTEX_POINT ( 'NONE', #2495 ) ;
#1563 = CARTESIAN_POINT ( 'NONE',  ( -67.95186786579155580, 1.899999999999999023, 19.59999999999999076 ) ) ;
#1564 = VERTEX_POINT ( 'NONE', #2296 ) ;
#1565 = CARTESIAN_POINT ( 'NONE',  ( -89.79768106883935275, -0.3372275994721695702, 3.776111993105655262 ) ) ;
#1566 = CARTESIAN_POINT ( 'NONE',  ( -87.00186786579155296, 20.09999999999999787, 3.199999999999993072 ) ) ;
#1567 = AXIS2_PLACEMENT_3D ( 'NONE', #1523, #1933, #562 ) ;
#1568 = ORIENTED_EDGE ( 'NONE', *, *, #886, .T. ) ;
#1569 = AXIS2_PLACEMENT_3D ( 'NONE', #1515, #367, #1143 ) ;
#1570 = ADVANCED_FACE ( 'NONE', ( #2459 ), #573, .F. ) ;
#1571 = CARTESIAN_POINT ( 'NONE',  ( -89.68054429005508155, -1.221660300425376988, 22.54905642282347955 ) ) ;
#1572 = CARTESIAN_POINT ( 'NONE',  ( -121.8629349200882928, 30.09999999999999432, -0.3000000000000059841 ) ) ;
#1573 = EDGE_CURVE ( 'NONE', #726, #1365, #2505, .T. ) ;
#1574 = DIRECTION ( 'NONE',  ( 0.000000000000000000, 1.000000000000000000, 0.000000000000000000 ) ) ;
#1575 = ORIENTED_EDGE ( 'NONE', *, *, #1291, .F. ) ;
#1576 = AXIS2_PLACEMENT_3D ( 'NONE', #156, #2476, #742 ) ;
#1577 = DIRECTION ( 'NONE',  ( -3.592348286793242160E-16, -4.119968255444916060E-15, -1.000000000000000000 ) ) ;
#1578 = ORIENTED_EDGE ( 'NONE', *, *, #1548, .F. ) ;
#1579 = DIRECTION ( 'NONE',  ( 1.227362639469625993E-16, 3.023623362212761042E-32, 1.000000000000000000 ) ) ;
#1580 = CARTESIAN_POINT ( 'NONE',  ( -83.95186786579157001, 20.09999999999999787, 29.69999999999998863 ) ) ;
#1581 = ORIENTED_EDGE ( 'NONE', *, *, #1520, .T. ) ;
#1582 = DIRECTION ( 'NONE',  ( -1.000000000000000000, 0.000000000000000000, 0.000000000000000000 ) ) ;
#1583 = CYLINDRICAL_SURFACE ( 'NONE', #2381, 2.000000000000001776 ) ;
#1584 = PLANE ( 'NONE',  #430 ) ;
#1585 = EDGE_LOOP ( 'NONE', ( #588, #1925 ) ) ;
#1586 = EDGE_CURVE ( 'NONE', #571, #1564, #2104, .T. ) ;
#1587 = FACE_OUTER_BOUND ( 'NONE', #1900, .T. ) ;
#1588 = VERTEX_POINT ( 'NONE', #1338 ) ;
#1589 = LINE ( 'NONE', #1428, #1654 ) ;
#1590 = DIRECTION ( 'NONE',  ( 2.168404344971007142E-16, -1.000000000000000000, -2.979470829806982534E-31 ) ) ;
#1591 = CIRCLE ( 'NONE', #862, 1.499999999999996891 ) ;
#1592 = AXIS2_PLACEMENT_3D ( 'NONE', #1998, #271, #1041 ) ;
#1593 = ORIENTED_EDGE ( 'NONE', *, *, #1968, .T. ) ;
#1594 = DIRECTION ( 'NONE',  ( 0.000000000000000000, 0.000000000000000000, 1.000000000000000000 ) ) ;
#1595 = DIRECTION ( 'NONE',  ( 2.454725278939251986E-16, -1.000000000000000000, -1.412361382570359924E-32 ) ) ;
#1596 = DIRECTION ( 'NONE',  ( 2.596609123238816689E-48, -1.000000000000000000, 3.023623362212761042E-32 ) ) ;
#1597 = ORIENTED_EDGE ( 'NONE', *, *, #47, .T. ) ;
#1598 = CARTESIAN_POINT ( 'NONE',  ( -81.95186786579155580, -19.02115218479043790, 19.59999999999999076 ) ) ;
#1599 = VERTEX_POINT ( 'NONE', #1502 ) ;
#1600 = CARTESIAN_POINT ( 'NONE',  ( -87.00186786579155296, 20.09999999999999787, 19.69999999999999574 ) ) ;
#1601 = DIRECTION ( 'NONE',  ( -3.305638233318760129E-48, 1.000000000000000000, -3.023623362212761042E-32 ) ) ;
#1602 = ADVANCED_FACE ( 'NONE', ( #3 ), #1311, .T. ) ;
#1603 = PRODUCT_DEFINITION_FORMATION_WITH_SPECIFIED_SOURCE ( 'ANY', '', #1150, .NOT_KNOWN. ) ;
#1604 = DIRECTION ( 'NONE',  ( -1.227362639469625993E-16, -3.023623362212761042E-32, -1.000000000000000000 ) ) ;
#1605 = CARTESIAN_POINT ( 'NONE',  ( -89.68052700668938826, -1.221625912270949632, 16.85092943522634812 ) ) ;
#1606 = FACE_OUTER_BOUND ( 'NONE', #681, .T. ) ;
#1607 = AXIS2_PLACEMENT_3D ( 'NONE', #1804, #2430, #277 ) ;
#1608 = DIRECTION ( 'NONE',  ( 0.000000000000000000, 0.000000000000000000, -1.000000000000000000 ) ) ;
#1609 = VERTEX_POINT ( 'NONE', #2283 ) ;
#1611 = VECTOR ( 'NONE', #1991, 1000.000000000000000 ) ;
#1610 = CARTESIAN_POINT ( 'NONE',  ( -87.00186786579155296, 30.09999999999999432, 4.699999999999990408 ) ) ;
#1612 = ORIENTED_EDGE ( 'NONE', *, *, #153, .F. ) ;
#1613 = DIRECTION ( 'NONE',  ( 0.000000000000000000, 0.000000000000000000, -1.000000000000000000 ) ) ;
#1614 = FACE_BOUND ( 'NONE', #2145, .T. ) ;
#1615 = AXIS2_PLACEMENT_3D ( 'NONE', #2378, #1959, #1746 ) ;
#1616 = B_SPLINE_CURVE_WITH_KNOTS ( 'NONE', 3,
 ( #973, #388, #19, #579 ),
 .UNSPECIFIED., .F., .F.,
 ( 4, 4 ),
 ( 0.000000000000000000, 5.912513206990172092E-05 ),
 .UNSPECIFIED. ) ;
#1617 = CARTESIAN_POINT ( 'NONE',  ( -107.8518678657915331, -1.200000000000022160, 29.69999999999998863 ) ) ;
#1618 = CARTESIAN_POINT ( 'NONE',  ( -71.21436786579155864, 1.900000000000002354, 26.14999999999998792 ) ) ;
#1619 = DIRECTION ( 'NONE',  ( -3.285523800833660592E-48, 1.000000000000000000, -3.023623362212761042E-32 ) ) ;
#1620 = CARTESIAN_POINT ( 'NONE',  ( -88.51447676253700081, 0.1960252199013479413, 22.53168244475519444 ) ) ;
#1621 = ORIENTED_EDGE ( 'NONE', *, *, #2041, .T. ) ;
#1622 = CARTESIAN_POINT ( 'NONE',  ( -87.87212812774689041, -2.100000000000000977, 29.69999999999998508 ) ) ;
#1623 = ORIENTED_EDGE ( 'NONE', *, *, #1160, .F. ) ;
#1624 = DIRECTION ( 'NONE',  ( 2.454725278939251986E-16, -1.000000000000000000, -1.412361382570359924E-32 ) ) ;
#1625 = CARTESIAN_POINT ( 'NONE',  ( -89.87015195617212271, -0.3888939980887043957, 19.55060617254773803 ) ) ;
#1626 = B_SPLINE_CURVE_WITH_KNOTS ( 'NONE', 3,
 ( #2372, #68, #1389, #841 ),
 .UNSPECIFIED., .F., .F.,
 ( 4, 4 ),
 ( 9.486769009248163798E-20, 0.0005576698405050974907 ),
 .UNSPECIFIED. ) ;
#1627 = EDGE_CURVE ( 'NONE', #1287, #1661, #2092, .T. ) ;
#1628 = CIRCLE ( 'NONE', #2236, 1.499999999999996891 ) ;
#1629 = CARTESIAN_POINT ( 'NONE',  ( -83.95186786579157001, -0.1000000000000011297, 17.98317152866103186 ) ) ;
#1630 = DIRECTION ( 'NONE',  ( 1.000000000000000000, 0.000000000000000000, 0.000000000000000000 ) ) ;
#1631 = CIRCLE ( 'NONE', #547, 1.500000000000001332 ) ;
#1632 = CARTESIAN_POINT ( 'NONE',  ( -81.95186786579157001, 20.09999999999999787, 29.69999999999998863 ) ) ;
#1633 = CARTESIAN_POINT ( 'NONE',  ( -88.34836238672879460, -0.5274721051311420661, 23.39035932110452265 ) ) ;
#1634 = ORIENTED_EDGE ( 'NONE', *, *, #194, .F. ) ;
#1635 = DIRECTION ( 'NONE',  ( -1.227362639469625993E-16, -3.023623362212761042E-32, -1.000000000000000000 ) ) ;
#1636 = ORIENTED_EDGE ( 'NONE', *, *, #1, .F. ) ;
#1637 = CARTESIAN_POINT ( 'NONE',  ( -87.00186786579155296, 20.09999999999999787, 21.19999999999999218 ) ) ;
#1638 = DIRECTION ( 'NONE',  ( 0.000000000000000000, 3.023623362212761042E-32, 1.000000000000000000 ) ) ;
#1639 = DIRECTION ( 'NONE',  ( -1.000000000000000000, -3.252606517456513302E-16, -0.000000000000000000 ) ) ;
#1640 = AXIS2_PLACEMENT_3D ( 'NONE', #459, #435, #645 ) ;
#1641 = EDGE_CURVE ( 'NONE', #1170, #1068, #641, .T. ) ;
#1642 = CARTESIAN_POINT ( 'NONE',  ( -89.87035401566039639, 0.1052573170180410994, 17.70442464100629465 ) ) ;
#1643 = DIRECTION ( 'NONE',  ( -1.227362639469625993E-16, -3.023623362212761042E-32, -1.000000000000000000 ) ) ;
#1644 =( NAMED_UNIT ( * ) SI_UNIT ( $, .STERADIAN. ) SOLID_ANGLE_UNIT ( ) );
#1645 = DIRECTION ( 'NONE',  ( -1.000000000000000000, 0.000000000000000000, 0.000000000000000000 ) ) ;
#1646 = CARTESIAN_POINT ( 'NONE',  ( -89.08758970994014703, 0.9867669626710865449, 20.94715601440913133 ) ) ;
#1647 = ORIENTED_EDGE ( 'NONE', *, *, #764, .F. ) ;
#1648 = AXIS2_PLACEMENT_3D ( 'NONE', #1245, #654, #2340 ) ;
#1649 = DIRECTION ( 'NONE',  ( 2.168404344971007142E-16, -1.000000000000000000, -2.979470829806982534E-31 ) ) ;
#1650 = EDGE_CURVE ( 'NONE', #1462, #1947, #2339, .T. ) ;
#1651 = ORIENTED_EDGE ( 'NONE', *, *, #1943, .T. ) ;
#1652 = CARTESIAN_POINT ( 'NONE',  ( -121.8629349200882928, 28.09999999999999432, -0.3000000000000059841 ) ) ;
#1653 = DIRECTION ( 'NONE',  ( 0.000000000000000000, 1.000000000000000000, -6.505213034913026604E-16 ) ) ;
#1654 = VECTOR ( 'NONE', #2192, 1000.000000000000000 ) ;
#1655 = CARTESIAN_POINT ( 'NONE',  ( -87.00186786579155296, 30.09999999999999432, 21.19999999999999218 ) ) ;
#1656 = CARTESIAN_POINT ( 'NONE',  ( -89.85403231112934463, -0.9113967336925072882, 18.52397966785441596 ) ) ;
#1657 = AXIS2_PLACEMENT_3D ( 'NONE', #2317, #1536, #1125 ) ;
#1658 = ORIENTED_EDGE ( 'NONE', *, *, #962, .F. ) ;
#1659 = PERSON_AND_ORGANIZATION ( #1934, #2128 ) ;
#1660 = CARTESIAN_POINT ( 'NONE',  ( -71.21436786579155864, -9.900000000000005684, 24.64999999999999147 ) ) ;
#1661 = VERTEX_POINT ( 'NONE', #2307 ) ;
#1662 = CARTESIAN_POINT ( 'NONE',  ( -89.85893908279092557, -0.6914454590189345051, 20.55274647433627777 ) ) ;
#1663 = EDGE_LOOP ( 'NONE', ( #917, #2274, #2108, #798 ) ) ;
#1664 = CARTESIAN_POINT ( 'NONE',  ( -92.05186786579156433, 9.899999999999998579, 29.69999999999998863 ) ) ;
#1665 = ORIENTED_EDGE ( 'NONE', *, *, #673, .F. ) ;
#1666 = CARTESIAN_POINT ( 'NONE',  ( -71.21436786579155864, -0.1000000000000011297, 21.14999999999997371 ) ) ;
#1667 = ADVANCED_FACE ( 'NONE', ( #1348 ), #1583, .T. ) ;
#1668 = DIRECTION ( 'NONE',  ( 1.000000000000000000, 2.168404344971008868E-16, -0.000000000000000000 ) ) ;
#1669 = CARTESIAN_POINT ( 'NONE',  ( -88.51333379791530831, 0.1927385874781117059, 16.86407788465128732 ) ) ;
#1670 = ORIENTED_EDGE ( 'NONE', *, *, #784, .F. ) ;
#1671 = PERSON_AND_ORGANIZATION ( #1934, #2128 ) ;
#1672 = DIRECTION ( 'NONE',  ( 2.454725278939251986E-16, -1.000000000000000000, 0.000000000000000000 ) ) ;
#1673 = ORIENTED_EDGE ( 'NONE', *, *, #412, .F. ) ;
#1674 = AXIS2_PLACEMENT_3D ( 'NONE', #17, #1145, #386 ) ;
#1675 = EDGE_CURVE ( 'NONE', #905, #1564, #891, .T. ) ;
#1676 = CARTESIAN_POINT ( 'NONE',  ( -89.28677472419516903, 1.115685481225002107, 19.86772740826407357 ) ) ;
#1677 = ORIENTED_EDGE ( 'NONE', *, *, #1283, .T. ) ;
#1678 = FACE_BOUND ( 'NONE', #1488, .T. ) ;
#1679 = VERTEX_POINT ( 'NONE', #1198 ) ;
#1680 = CYLINDRICAL_SURFACE ( 'NONE', #570, 1.499999999999997780 ) ;
#1681 = FACE_BOUND ( 'NONE', #632, .T. ) ;
#1682 = EDGE_CURVE ( 'NONE', #1462, #1884, #2187, .T. ) ;
#1683 = LINE ( 'NONE', #110, #985 ) ;
#1684 = ADVANCED_FACE ( 'NONE', ( #1995 ), #162, .F. ) ;
#1685 = DATE_AND_TIME ( #520, #66 ) ;
#1686 = ORIENTED_EDGE ( 'NONE', *, *, #1340, .F. ) ;
#1687 = EDGE_LOOP ( 'NONE', ( #1388, #1467, #741, #215, #1360, #953, #497, #1040, #1769, #2045 ) ) ;
#1688 = CARTESIAN_POINT ( 'NONE',  ( -87.00186786579155296, 9.899999999999998579, 21.19999999999999218 ) ) ;
#1689 = EDGE_CURVE ( 'NONE', #2380, #1144, #1220, .T. ) ;
#1690 = ORIENTED_EDGE ( 'NONE', *, *, #1312, .T. ) ;
#1691 = DIRECTION ( 'NONE',  ( 0.000000000000000000, 0.000000000000000000, 1.000000000000000000 ) ) ;
#1692 = VERTEX_POINT ( 'NONE', #988 ) ;
#1693 = FACE_BOUND ( 'NONE', #2472, .T. ) ;
#1694 = DIRECTION ( 'NONE',  ( 0.000000000000000000, 0.000000000000000000, -1.000000000000000000 ) ) ;
#1695 = CIRCLE ( 'NONE', #124, 2.000000000000000000 ) ;
#1696 = CIRCLE ( 'NONE', #2425, 1.499999999999996891 ) ;
#1697 = EDGE_LOOP ( 'NONE', ( #295, #2294 ) ) ;
#1698 = CARTESIAN_POINT ( 'NONE',  ( -67.95186786579157001, 28.09999999999999432, 29.69999999999998863 ) ) ;
#1699 = ORIENTED_EDGE ( 'NONE', *, *, #1007, .F. ) ;
#1700 = CARTESIAN_POINT ( 'NONE',  ( -87.00186786579155296, 9.899999999999998579, 19.69999999999999574 ) ) ;
#1701 = ORIENTED_EDGE ( 'NONE', *, *, #2184, .T. ) ;
#1702 = CARTESIAN_POINT ( 'NONE',  ( -81.95186786579157001, 9.999999999999984013, 19.59999999999999076 ) ) ;
#1703 = VERTEX_POINT ( 'NONE', #617 ) ;
#1704 = PLANE ( 'NONE',  #54 ) ;
#1705 = CARTESIAN_POINT ( 'NONE',  ( -89.86765365472591327, -1.953779440166046877, 5.205046713737988107 ) ) ;
#1706 = EDGE_CURVE ( 'NONE', #1809, #366, #1772, .T. ) ;
#1707 = ORIENTED_EDGE ( 'NONE', *, *, #2292, .F. ) ;
#1708 = DIRECTION ( 'NONE',  ( -0.000000000000000000, 1.000000000000000000, -0.000000000000000000 ) ) ;
#1709 = DIRECTION ( 'NONE',  ( -3.285523800833660592E-48, 1.000000000000000000, -3.023623362212761042E-32 ) ) ;
#1710 = VERTEX_POINT ( 'NONE', #1234 ) ;
#1711 = DIRECTION ( 'NONE',  ( -1.000000000000000000, -2.454725278939251986E-16, 0.000000000000000000 ) ) ;
#1712 = ORIENTED_EDGE ( 'NONE', *, *, #2021, .F. ) ;
#1713 = CIRCLE ( 'NONE', #2280, 1.499999999999997780 ) ;
#1714 = CARTESIAN_POINT ( 'NONE',  ( -71.21436786579155864, 1.900000000000002354, 23.14999999999999503 ) ) ;
#1715 = CARTESIAN_POINT ( 'NONE',  ( -89.86989155435554721, -2.005350898299348206, 3.680769757675202758 ) ) ;
#1716 = ORIENTED_EDGE ( 'NONE', *, *, #406, .T. ) ;
#1717 = CARTESIAN_POINT ( 'NONE',  ( -121.0018678657915387, -1.200000000000022160, 29.69999999999998863 ) ) ;
#1718 = DIRECTION ( 'NONE',  ( -2.596609123238816689E-48, 1.000000000000000000, -3.023623362212761042E-32 ) ) ;
#1719 = VERTEX_POINT ( 'NONE', #457 ) ;
#1720 = DIRECTION ( 'NONE',  ( -1.227362639469625993E-16, -3.023623362212761042E-32, -1.000000000000000000 ) ) ;
#1721 = EDGE_LOOP ( 'NONE', ( #500, #460, #2068, #693 ) ) ;
#1722 = FACE_OUTER_BOUND ( 'NONE', #2354, .T. ) ;
#1723 = CARTESIAN_POINT ( 'NONE',  ( -89.86616849777435334, -1.917369010526824402, 4.591502960832360536 ) ) ;
#1724 = AXIS2_PLACEMENT_3D ( 'NONE', #1510, #2295, #408 ) ;
#1725 = AXIS2_PLACEMENT_3D ( 'NONE', #711, #2415, #1645 ) ;
#1726 = VECTOR ( 'NONE', #2107, 1000.000000000000000 ) ;
#1727 = ADVANCED_FACE ( 'NONE', ( #2342 ), #38, .F. ) ;
#1728 = AXIS2_PLACEMENT_3D ( 'NONE', #1787, #993, #1798 ) ;
#1729 = EDGE_LOOP ( 'NONE', ( #336, #297, #1612, #2404 ) ) ;
#1730 = DIRECTION ( 'NONE',  ( -1.227362639469625993E-16, -3.023623362212761042E-32, -1.000000000000000000 ) ) ;
#1731 = ADVANCED_FACE ( 'NONE', ( #789 ), #2165, .T. ) ;
#1732 = DIRECTION ( 'NONE',  ( 0.000000000000000000, 0.000000000000000000, 1.000000000000000000 ) ) ;
#1733 = UNCERTAINTY_MEASURE_WITH_UNIT (LENGTH_MEASURE( 1.000000000000000082E-05 ), #508, 'distance_accuracy_value', 'NONE');
#1734 = AXIS2_PLACEMENT_3D ( 'NONE', #1700, #1718, #1920 ) ;
#1735 = CIRCLE ( 'NONE', #37, 1.500000000000001332 ) ;
#1736 = ORIENTED_EDGE ( 'NONE', *, *, #777, .F. ) ;
#1737 = DIRECTION ( 'NONE',  ( -1.000000000000000000, 0.000000000000000000, 0.000000000000000000 ) ) ;
#1738 = ORIENTED_EDGE ( 'NONE', *, *, #860, .F. ) ;
#1739 = CARTESIAN_POINT ( 'NONE',  ( -71.21436786579155864, 30.09999999999999432, 26.14999999999998792 ) ) ;
#1740 = VERTEX_POINT ( 'NONE', #1782 ) ;
#1741 = CARTESIAN_POINT ( 'NONE',  ( -89.81120066327552820, -0.5383351688520179312, 4.847205374745650275 ) ) ;
#1742 = CARTESIAN_POINT ( 'NONE',  ( -89.87010210155135326, -2.010000000000002895, 29.69999999999998508 ) ) ;
#1743 = EDGE_CURVE ( 'NONE', #1196, #1175, #1695, .T. ) ;
#1744 = ORIENTED_EDGE ( 'NONE', *, *, #2261, .T. ) ;
#1745 = CARTESIAN_POINT ( 'NONE',  ( -71.21436786579155864, 1.900000000000002354, 24.64999999999999147 ) ) ;
#1746 = DIRECTION ( 'NONE',  ( 0.000000000000000000, 0.000000000000000000, -1.000000000000000000 ) ) ;
#1747 = EDGE_CURVE ( 'NONE', #979, #781, #825, .T. ) ;
#1748 = CARTESIAN_POINT ( 'NONE',  ( -119.8629349200882928, 30.09999999999999432, -0.3000000000000062061 ) ) ;
#1749 = ORIENTED_EDGE ( 'NONE', *, *, #549, .F. ) ;
#1750 = DIRECTION ( 'NONE',  ( 2.168404344971007142E-16, -1.000000000000000000, -2.979470829806982534E-31 ) ) ;
#1751 = ORIENTED_EDGE ( 'NONE', *, *, #2284, .T. ) ;
#1752 = CARTESIAN_POINT ( 'NONE',  ( -89.86988520096080890, -2.005210702594890648, 5.716383216243265508 ) ) ;
#1753 = DIRECTION ( 'NONE',  ( 0.000000000000000000, 0.000000000000000000, 1.000000000000000000 ) ) ;
#1754 = AXIS2_PLACEMENT_3D ( 'NONE', #2275, #2234, #734 ) ;
#1755 = EDGE_CURVE ( 'NONE', #2474, #1183, #2365, .T. ) ;
#1756 = EDGE_CURVE ( 'NONE', #1774, #1679, #629, .T. ) ;
#1757 = EDGE_LOOP ( 'NONE', ( #149, #794, #55, #371 ) ) ;
#1758 = DIRECTION ( 'NONE',  ( -3.285523800833660592E-48, 1.000000000000000000, -3.023623362212761042E-32 ) ) ;
#1759 = DIRECTION ( 'NONE',  ( 0.000000000000000000, 1.000000000000000000, 0.000000000000000000 ) ) ;
#1760 = CARTESIAN_POINT ( 'NONE',  ( -67.95186786579155580, -0.1000000000000011297, 29.69999999999998863 ) ) ;
#1761 = ORIENTED_EDGE ( 'NONE', *, *, #844, .F. ) ;
#1762 = ADVANCED_FACE ( 'NONE', ( #1606 ), #835, .F. ) ;
#1763 = CYLINDRICAL_SURFACE ( 'NONE', #2278, 18.00000000000001421 ) ;
#1764 = VERTEX_POINT ( 'NONE', #1560 ) ;
#1765 = LINE ( 'NONE', #2348, #2262 ) ;
#1766 = DIRECTION ( 'NONE',  ( -1.000000000000000000, 0.000000000000000000, 1.927470528863117569E-16 ) ) ;
#1767 = AXIS2_PLACEMENT_3D ( 'NONE', #694, #1842, #1630 ) ;
#1768 = AXIS2_PLACEMENT_3D ( 'NONE', #274, #2218, #488 ) ;
#1769 = ORIENTED_EDGE ( 'NONE', *, *, #1380, .T. ) ;
#1770 = DIRECTION ( 'NONE',  ( 0.000000000000000000, 0.000000000000000000, -1.000000000000000000 ) ) ;
#1771 = CC_DESIGN_PERSON_AND_ORGANIZATION_ASSIGNMENT ( #1869, #1829, ( #1150 ) ) ;
#1772 = LINE ( 'NONE', #1572, #1339 ) ;
#1773 = CARTESIAN_POINT ( 'NONE',  ( -67.72705389462200287, -0.08732450255552452745, 24.43460437893072523 ) ) ;
#1774 = VERTEX_POINT ( 'NONE', #1224 ) ;
#1775 = DIRECTION ( 'NONE',  ( -1.000000000000000000, -0.000000000000000000, 8.587739980083217228E-17 ) ) ;
#1776 = EDGE_LOOP ( 'NONE', ( #1797, #1860, #321, #411, #1509, #27, #1350, #2428 ) ) ;
#1777 = CARTESIAN_POINT ( 'NONE',  ( -81.95186786579157001, 9.899999999999998579, 29.69999999999998863 ) ) ;
#1778 = DIRECTION ( 'NONE',  ( 0.000000000000000000, 0.000000000000000000, -1.000000000000000000 ) ) ;
#1779 = EDGE_CURVE ( 'NONE', #282, #385, #256, .T. ) ;
#1780 = LINE ( 'NONE', #626, #322 ) ;
#1781 = DIRECTION ( 'NONE',  ( 0.000000000000000000, 0.000000000000000000, 1.000000000000000000 ) ) ;
#1782 = CARTESIAN_POINT ( 'NONE',  ( -71.21436786579155864, -0.1000000000000011297, 28.15000000000000924 ) ) ;
#1783 = CARTESIAN_POINT ( 'NONE',  ( -89.87010210155135326, -2.010000000000002895, 22.22585603395231502 ) ) ;
#1784 = ORIENTED_EDGE ( 'NONE', *, *, #630, .F. ) ;
#1785 = DIRECTION ( 'NONE',  ( -1.000000000000000000, 0.000000000000000000, 0.000000000000000000 ) ) ;
#1786 = ORIENTED_EDGE ( 'NONE', *, *, #253, .F. ) ;
#1787 = CARTESIAN_POINT ( 'NONE',  ( -87.00186786579155296, -9.900000000000005684, 4.699999999999990408 ) ) ;
#1788 = CARTESIAN_POINT ( 'NONE',  ( -83.58624335878639044, -0.06742005422361216360, 19.04016004521666616 ) ) ;
#1789 = VECTOR ( 'NONE', #2222, 1000.000000000000000 ) ;
#1790 = EDGE_CURVE ( 'NONE', #576, #366, #1186, .T. ) ;
#1791 = DIRECTION ( 'NONE',  ( -1.000000000000000000, 0.000000000000000000, 1.234785807552934647E-16 ) ) ;
#1792 = DIRECTION ( 'NONE',  ( -1.227362639469625993E-16, -3.023623362212761042E-32, -1.000000000000000000 ) ) ;
#1793 = DIRECTION ( 'NONE',  ( -1.227362639469625993E-16, -3.023623362212761042E-32, -1.000000000000000000 ) ) ;
#1794 = CARTESIAN_POINT ( 'NONE',  ( -67.74456584693172090, -0.08956453396543011258, 25.07890867067862928 ) ) ;
#1795 = ORIENTED_EDGE ( 'NONE', *, *, #174, .F. ) ;
#1796 = DIRECTION ( 'NONE',  ( 0.000000000000000000, 1.000000000000000000, -3.903127820947815962E-15 ) ) ;
#1797 = ORIENTED_EDGE ( 'NONE', *, *, #1021, .F. ) ;
#1798 = DIRECTION ( 'NONE',  ( 0.000000000000000000, 0.000000000000000000, 1.000000000000000000 ) ) ;
#1799 = CARTESIAN_POINT ( 'NONE',  ( -67.95186786579155580, -0.1000000000000011297, 29.69999999999998863 ) ) ;
#1800 = APPROVAL_PERSON_ORGANIZATION ( #493, #639, #1052 ) ;
#1801 = LINE ( 'NONE', #1430, #2057 ) ;
#1802 = ADVANCED_FACE ( 'NONE', ( #218 ), #606, .F. ) ;
#1803 = DIRECTION ( 'NONE',  ( -1.000000000000000000, 0.000000000000000000, 0.000000000000000000 ) ) ;
#1804 = CARTESIAN_POINT ( 'NONE',  ( -87.00186786579155296, 1.899999999999988587, 19.69999999999999574 ) ) ;
#1805 = VECTOR ( 'NONE', #200, 1000.000000000000000 ) ;
#1806 = CARTESIAN_POINT ( 'NONE',  ( -89.85705786425620545, -0.7616335028378012906, 20.66027241007437709 ) ) ;
#1807 = ORIENTED_EDGE ( 'NONE', *, *, #1045, .T. ) ;
#1808 = CARTESIAN_POINT ( 'NONE',  ( -67.95186786579155580, 9.999999999999989342, 19.59999999999999076 ) ) ;
#1809 = VERTEX_POINT ( 'NONE', #2212 ) ;
#1810 = CARTESIAN_POINT ( 'NONE',  ( -89.85186786579170359, -1.461278200687444739, 17.81477820446407989 ) ) ;
#1811 = CARTESIAN_POINT ( 'NONE',  ( -89.86417134420696584, -0.5323785135085074005, 19.12540629359922306 ) ) ;
#1812 = AXIS2_PLACEMENT_3D ( 'NONE', #409, #2175, #13 ) ;
#1813 = AXIS2_PLACEMENT_3D ( 'NONE', #1843, #1469, #141 ) ;
#1814 = EDGE_CURVE ( 'NONE', #1564, #2240, #1284, .T. ) ;
#1815 = CARTESIAN_POINT ( 'NONE',  ( -83.54386954660814979, 30.05794212728693182, 4.995034068476889466 ) ) ;
#1816 = CARTESIAN_POINT ( 'NONE',  ( -81.95186786579155580, -19.02115218479043790, 19.59999999999999076 ) ) ;
#1817 = CARTESIAN_POINT ( 'NONE',  ( -89.84147889064966819, -0.3037830248090418461, 22.45363814161309790 ) ) ;
#1818 = ORIENTED_EDGE ( 'NONE', *, *, #1915, .F. ) ;
#1819 = CARTESIAN_POINT ( 'NONE',  ( -87.00186786579155296, -0.1000000000000011297, 19.69999999999999574 ) ) ;
#1820 = EDGE_CURVE ( 'NONE', #1110, #1719, #1048, .T. ) ;
#1821 = ORIENTED_EDGE ( 'NONE', *, *, #454, .F. ) ;
#1822 = LINE ( 'NONE', #1478, #1301 ) ;
#1823 = CARTESIAN_POINT ( 'NONE',  ( -89.27620063646276094, 1.109735917858277521, 20.01098479932935348 ) ) ;
#1824 = CARTESIAN_POINT ( 'NONE',  ( -65.95186786579155580, -0.1000000000000028644, 19.59999999999999076 ) ) ;
#1825 = CARTESIAN_POINT ( 'NONE',  ( -89.85886130299564911, -0.6941748714616601257, 18.84290181460798408 ) ) ;
#1826 = EDGE_CURVE ( 'NONE', #1135, #2237, #113, .T. ) ;
#1827 = AXIS2_PLACEMENT_3D ( 'NONE', #161, #1750, #746 ) ;
#1828 = DIRECTION ( 'NONE',  ( 1.227362639469625993E-16, 3.023623362212761042E-32, 1.000000000000000000 ) ) ;
#1829 = PERSON_AND_ORGANIZATION_ROLE ( 'design_owner' ) ;
#1830 = VECTOR ( 'NONE', #2230, 1000.000000000000000 ) ;
#1831 = DIRECTION ( 'NONE',  ( -1.227362639469625993E-16, -3.023623362212761042E-32, -1.000000000000000000 ) ) ;
#1832 = CARTESIAN_POINT ( 'NONE',  ( -89.86985594538531075, -0.3953873818776169613, 19.83148613042597574 ) ) ;
#1833 = ORIENTED_EDGE ( 'NONE', *, *, #2059, .T. ) ;
#1834 = LINE ( 'NONE', #908, #749 ) ;
#1835 = ORIENTED_EDGE ( 'NONE', *, *, #1856, .F. ) ;
#1836 = CARTESIAN_POINT ( 'NONE',  ( -83.95186786579157001, 20.09999999999999787, 19.59999999999998721 ) ) ;
#1837 = CARTESIAN_POINT ( 'NONE',  ( -88.99421765024023045, 0.9169386993631695182, 21.20591970437899576 ) ) ;
#1838 = CYLINDRICAL_SURFACE ( 'NONE', #300, 1.499999999999997780 ) ;
#1839 = CARTESIAN_POINT ( 'NONE',  ( -81.95186786579157001, 9.899999999999998579, 29.69999999999998863 ) ) ;
#1840 = AXIS2_PLACEMENT_3D ( 'NONE', #1983, #799, #1582 ) ;
#1841 = ORIENTED_EDGE ( 'NONE', *, *, #1552, .T. ) ;
#1842 = DIRECTION ( 'NONE',  ( 0.000000000000000000, 0.000000000000000000, 1.000000000000000000 ) ) ;
#1843 = CARTESIAN_POINT ( 'NONE',  ( -83.95186786579157001, 22.09999999999999432, 19.59999999999998721 ) ) ;
#1844 = ORIENTED_EDGE ( 'NONE', *, *, #1520, .F. ) ;
#1845 = CARTESIAN_POINT ( 'NONE',  ( -89.87013492161473494, -0.3892716344564696729, 19.56319431936882935 ) ) ;
#1846 = ORIENTED_EDGE ( 'NONE', *, *, #1457, .F. ) ;
#1847 = CIRCLE ( 'NONE', #678, 2.000000000000001776 ) ;
#1848 = CARTESIAN_POINT ( 'NONE',  ( -71.21436786579155864, 19.99999999999998579, 24.64999999999999147 ) ) ;
#1849 = ORIENTED_EDGE ( 'NONE', *, *, #1239, .T. ) ;
#1850 = CARTESIAN_POINT ( 'NONE',  ( -81.95186786579155580, -9.900000000000005684, 23.16512837255201873 ) ) ;
#1851 = CARTESIAN_POINT ( 'NONE',  ( -87.00186786579155296, -0.1000000000000011297, 16.19999999999999929 ) ) ;
#1852 = AXIS2_PLACEMENT_3D ( 'NONE', #1005, #601, #226 ) ;
#1853 = LINE ( 'NONE', #1867, #824 ) ;
#1854 = CARTESIAN_POINT ( 'NONE',  ( -81.95186786579157001, 49.02115218479044501, 29.69999999999998863 ) ) ;
#1855 = VECTOR ( 'NONE', #644, 1000.000000000000000 ) ;
#1856 = EDGE_CURVE ( 'NONE', #193, #524, #480, .T. ) ;
#1857 = AXIS2_PLACEMENT_3D ( 'NONE', #820, #2358, #623 ) ;
#1858 = ORIENTED_EDGE ( 'NONE', *, *, #2363, .F. ) ;
#1859 = CYLINDRICAL_SURFACE ( 'NONE', #1008, 1.499999999999997780 ) ;
#1860 = ORIENTED_EDGE ( 'NONE', *, *, #1321, .T. ) ;
#1861 = CARTESIAN_POINT ( 'NONE',  ( -89.86348445480547298, -1.867595657965000155, 22.06118745825816418 ) ) ;
#1862 = ORIENTED_EDGE ( 'NONE', *, *, #970, .T. ) ;
#1863 = DIRECTION ( 'NONE',  ( 1.000000000000000000, 0.000000000000000000, 0.000000000000000000 ) ) ;
#1864 = EDGE_CURVE ( 'NONE', #981, #514, #2252, .T. ) ;
#1865 = EDGE_LOOP ( 'NONE', ( #262, #1213, #353, #2253 ) ) ;
#1866 = DIRECTION ( 'NONE',  ( -1.000000000000000000, 0.000000000000000000, 0.000000000000000000 ) ) ;
#1867 = CARTESIAN_POINT ( 'NONE',  ( -81.95186786579157001, 22.09999999999999432, 29.69999999999998863 ) ) ;
#1868 = CARTESIAN_POINT ( 'NONE',  ( -88.45797552812682341, 0.01478898967646866125, 16.64148536109153653 ) ) ;
#1869 = PERSON_AND_ORGANIZATION ( #1934, #2128 ) ;
#1870 = ADVANCED_FACE ( 'NONE', ( #2020 ), #2401, .F. ) ;
#1871 = LINE ( 'NONE', #2065, #2257 ) ;
#1872 = ORIENTED_EDGE ( 'NONE', *, *, #39, .F. ) ;
#1873 = VECTOR ( 'NONE', #2466, 1000.000000000000000 ) ;
#1874 = CARTESIAN_POINT ( 'NONE',  ( -89.86293963539330321, -0.5654881001441115496, 19.06645974978387059 ) ) ;
#1875 = EDGE_LOOP ( 'NONE', ( #1665, #29, #2477, #2082 ) ) ;
#1876 = DIRECTION ( 'NONE',  ( 0.000000000000000000, 1.000000000000000000, 0.000000000000000000 ) ) ;
#1877 = ORIENTED_EDGE ( 'NONE', *, *, #1675, .T. ) ;
#1878 = DIRECTION ( 'NONE',  ( 1.000000000000000000, 0.000000000000000000, 0.000000000000000000 ) ) ;
#1879 = ORIENTED_EDGE ( 'NONE', *, *, #22, .F. ) ;
#1880 = LINE ( 'NONE', #899, #1317 ) ;
#1881 = DIRECTION ( 'NONE',  ( 1.000000000000000000, 2.454725278939251986E-16, -1.374038396813311995E-15 ) ) ;
#1882 = ADVANCED_FACE ( 'NONE', ( #889 ), #1859, .F. ) ;
#1883 = ORIENTED_EDGE ( 'NONE', *, *, #153, .T. ) ;
#1884 = VERTEX_POINT ( 'NONE', #2007 ) ;
#1885 = CARTESIAN_POINT ( 'NONE',  ( -65.95186786579157001, 49.02115218479044501, 29.69999999999998863 ) ) ;
#1886 = ADVANCED_FACE ( 'NONE', ( #468 ), #861, .F. ) ;
#1887 = ORIENTED_EDGE ( 'NONE', *, *, #438, .T. ) ;
#1888 = DIRECTION ( 'NONE',  ( -1.227362639469625993E-16, -3.023623362212761042E-32, -1.000000000000000000 ) ) ;
#1889 = ORIENTED_EDGE ( 'NONE', *, *, #528, .F. ) ;
#1890 = AXIS2_PLACEMENT_3D ( 'NONE', #1745, #1347, #2473 ) ;
#1891 = DIRECTION ( 'NONE',  ( -1.000000000000000000, 0.000000000000000000, 1.227362639469625993E-16 ) ) ;
#1892 = CARTESIAN_POINT ( 'NONE',  ( -88.50314466602061714, -0.09999999852010536816, 4.865559523471909564 ) ) ;
#1893 = EDGE_CURVE ( 'NONE', #979, #2036, #1247, .T. ) ;
#1894 = AXIS2_PLACEMENT_3D ( 'NONE', #563, #1162, #775 ) ;
#1895 = AXIS2_PLACEMENT_3D ( 'NONE', #1072, #879, #298 ) ;
#1896 = EDGE_LOOP ( 'NONE', ( #1427, #658, #1568, #2368, #1651, #223, #1042, #1593, #1485, #1751 ) ) ;
#1897 = CARTESIAN_POINT ( 'NONE',  ( -81.73936786579155012, 28.10000000000000142, 24.64999999999999147 ) ) ;
#1898 = ORIENTED_EDGE ( 'NONE', *, *, #1747, .F. ) ;
#1899 = CARTESIAN_POINT ( 'NONE',  ( -83.95186786579157001, 30.09999999999999432, 2.983171528661009653 ) ) ;
#1900 = EDGE_LOOP ( 'NONE', ( #1906, #79, #634, #933, #7, #2023, #750, #896, #1179, #600, #1597, #1883, #1152, #1164, #212, #1940 ) ) ;
#1901 = CARTESIAN_POINT ( 'NONE',  ( -71.21436786579155864, 9.999999999999984013, 26.14999999999998792 ) ) ;
#1902 = ORIENTED_EDGE ( 'NONE', *, *, #1007, .T. ) ;
#1903 = EDGE_CURVE ( 'NONE', #2096, #1237, #400, .T. ) ;
#1904 = DIRECTION ( 'NONE',  ( 0.000000000000000000, 0.000000000000000000, -1.000000000000000000 ) ) ;
#1905 = CARTESIAN_POINT ( 'NONE',  ( -88.36729422510063614, -0.1000000165247886402, 5.340728793696742471 ) ) ;
#1906 = ORIENTED_EDGE ( 'NONE', *, *, #1147, .T. ) ;
#1907 = DIRECTION ( 'NONE',  ( 0.000000000000000000, 1.000000000000000000, 0.000000000000000000 ) ) ;
#1908 = DIRECTION ( 'NONE',  ( -1.000000000000000000, -2.168404344971006896E-16, -0.000000000000000000 ) ) ;
#1909 = VECTOR ( 'NONE', #2468, 1000.000000000000000 ) ;
#1910 = ORIENTED_EDGE ( 'NONE', *, *, #1756, .F. ) ;
#1911 = DIRECTION ( 'NONE',  ( -3.285523800833660592E-48, 1.000000000000000000, -3.023623362212761042E-32 ) ) ;
#1912 = ORIENTED_EDGE ( 'NONE', *, *, #253, .T. ) ;
#1913 = AXIS2_PLACEMENT_3D ( 'NONE', #1057, #90, #1436 ) ;
#1914 = DIRECTION ( 'NONE',  ( -1.000000000000000000, 0.000000000000000000, 1.927470528863117569E-16 ) ) ;
#1915 = EDGE_CURVE ( 'NONE', #2078, #620, #196, .T. ) ;
#1916 = CARTESIAN_POINT ( 'NONE',  ( -88.29870121120620752, -0.09999998953873681651, 5.462999472743789831 ) ) ;
#1917 = ADVANCED_FACE ( 'NONE', ( #130 ), #87, .T. ) ;
#1918 = ORIENTED_EDGE ( 'NONE', *, *, #739, .T. ) ;
#1919 = LINE ( 'NONE', #774, #239 ) ;
#1920 = DIRECTION ( 'NONE',  ( 0.000000000000000000, 0.000000000000000000, 1.000000000000000000 ) ) ;
#1921 = ADVANCED_FACE ( 'NONE', ( #683 ), #1928, .F. ) ;
#1922 = CARTESIAN_POINT ( 'NONE',  ( -67.95186786579155580, 9.999999999999989342, 29.69999999999998863 ) ) ;
#1923 = ORIENTED_EDGE ( 'NONE', *, *, #1641, .F. ) ;
#1924 = LINE ( 'NONE', #577, #748 ) ;
#1925 = ORIENTED_EDGE ( 'NONE', *, *, #1557, .F. ) ;
#1926 = CARTESIAN_POINT ( 'NONE',  ( -88.09636197239088062, -0.09999999697699117618, 5.729109411943769103 ) ) ;
#1927 = CYLINDRICAL_SURFACE ( 'NONE', #1377, 1.499999999999997780 ) ;
#1928 = CONICAL_SURFACE ( 'NONE', #1607, 1.499999999999997780, 0.7853981633974506105 ) ;
#1929 = AXIS2_PLACEMENT_3D ( 'NONE', #2319, #2095, #1691 ) ;
#1930 = EDGE_CURVE ( 'NONE', #376, #473, #695, .T. ) ;
#1931 = ORIENTED_EDGE ( 'NONE', *, *, #857, .T. ) ;
#1932 = VECTOR ( 'NONE', #1085, 1000.000000000000000 ) ;
#1933 = DIRECTION ( 'NONE',  ( -3.252606517456513302E-16, 1.000000000000000000, 0.000000000000000000 ) ) ;
#1934 = PERSON ( 'UNSPECIFIED', 'UNSPECIFIED', 'UNSPECIFIED', ('UNSPECIFIED'), ('UNSPECIFIED'), ('UNSPECIFIED') ) ;
#1935 = CARTESIAN_POINT ( 'NONE',  ( -87.00186786579155296, -9.900000000000005684, 19.69999999999999574 ) ) ;
#1936 = CARTESIAN_POINT ( 'NONE',  ( -87.00186786579155296, 20.09999999999999787, 18.19999999999999574 ) ) ;
#1937 = ORIENTED_EDGE ( 'NONE', *, *, #1123, .T. ) ;
#1938 = EDGE_CURVE ( 'NONE', #986, #958, #637, .T. ) ;
#1939 = DIRECTION ( 'NONE',  ( -1.227362639469625993E-16, -3.023623362212761042E-32, -1.000000000000000000 ) ) ;
#1940 = ORIENTED_EDGE ( 'NONE', *, *, #120, .T. ) ;
#1941 = CARTESIAN_POINT ( 'NONE',  ( -89.80349247416248204, -0.4245037470149535808, 3.978694630035994884 ) ) ;
#1942 = LINE ( 'NONE', #1580, #2470 ) ;
#1943 = EDGE_CURVE ( 'NONE', #385, #1703, #2266, .T. ) ;
#1944 = ORIENTED_EDGE ( 'NONE', *, *, #1013, .F. ) ;
#1945 = CARTESIAN_POINT ( 'NONE',  ( -87.87212812774689041, -0.1000000000000011297, 23.09008068878328856 ) ) ;
#1946 = DIRECTION ( 'NONE',  ( -1.227362639469625993E-16, -3.023623362212761042E-32, -1.000000000000000000 ) ) ;
#1947 = VERTEX_POINT ( 'NONE', #1080 ) ;
#1948 = CARTESIAN_POINT ( 'NONE',  ( -89.85186786579153306, -1.461311302802753120, 21.58526371603642957 ) ) ;
#1949 = EDGE_LOOP ( 'NONE', ( #171, #893, #307, #1381, #592, #670 ) ) ;
#1950 = DIRECTION ( 'NONE',  ( 4.593855837952245032E-48, -1.412361382570360198E-32, 1.000000000000000000 ) ) ;
#1951 = AXIS2_PLACEMENT_3D ( 'NONE', #2146, #53, #1387 ) ;
#1952 = ORIENTED_EDGE ( 'NONE', *, *, #1956, .F. ) ;
#1953 = DIRECTION ( 'NONE',  ( 2.596609123238816689E-48, -1.000000000000000000, 3.023623362212761042E-32 ) ) ;
#1954 = DIRECTION ( 'NONE',  ( 0.000000000000000000, -1.000000000000000000, 0.000000000000000000 ) ) ;
#1955 = CIRCLE ( 'NONE', #1276, 3.500000000000016875 ) ;
#1956 = EDGE_CURVE ( 'NONE', #351, #333, #2374, .T. ) ;
#1957 = ORIENTED_EDGE ( 'NONE', *, *, #886, .F. ) ;
#1958 = DIRECTION ( 'NONE',  ( 0.000000000000000000, 0.000000000000000000, -1.000000000000000000 ) ) ;
#1959 = DIRECTION ( 'NONE',  ( 0.000000000000000000, -1.000000000000000000, 0.000000000000000000 ) ) ;
#1960 = DIRECTION ( 'NONE',  ( 0.000000000000000000, 0.000000000000000000, 1.000000000000000000 ) ) ;
#1961 = ORIENTED_EDGE ( 'NONE', *, *, #2136, .T. ) ;
#1962 = CARTESIAN_POINT ( 'NONE',  ( -81.73936786579155012, 28.10000000000000142, 24.64999999999999147 ) ) ;
#1963 = EDGE_CURVE ( 'NONE', #1609, #1237, #916, .T. ) ;
#1964 = ORIENTED_EDGE ( 'NONE', *, *, #2448, .F. ) ;
#1965 = LINE ( 'NONE', #427, #1215 ) ;
#1966 = FACE_OUTER_BOUND ( 'NONE', #732, .T. ) ;
#1967 = VECTOR ( 'NONE', #1266, 1000.000000000000000 ) ;
#1968 = EDGE_CURVE ( 'NONE', #1528, #1188, #1871, .T. ) ;
#1969 = LINE ( 'NONE', #665, #33 ) ;
#1970 = AXIS2_PLACEMENT_3D ( 'NONE', #2117, #1911, #2488 ) ;
#1971 = DIRECTION ( 'NONE',  ( -1.000000000000000000, 0.000000000000000000, 0.000000000000000000 ) ) ;
#1972 = VECTOR ( 'NONE', #1643, 1000.000000000000000 ) ;
#1973 = DIRECTION ( 'NONE',  ( -4.593855837952245032E-48, 1.412361382570360198E-32, -1.000000000000000000 ) ) ;
#1974 = DIRECTION ( 'NONE',  ( -3.285523800833660592E-48, 1.000000000000000000, -3.023623362212761042E-32 ) ) ;
#1975 = EDGE_LOOP ( 'NONE', ( #1316, #838, #1302, #730, #1500, #804 ) ) ;
#1976 = CIRCLE ( 'NONE', #1734, 1.499999999999997780 ) ;
#1977 = DIRECTION ( 'NONE',  ( -1.227362639469625993E-16, -3.023623362212761042E-32, -1.000000000000000000 ) ) ;
#1978 = VECTOR ( 'NONE', #2232, 1000.000000000000000 ) ;
#1979 = EDGE_LOOP ( 'NONE', ( #819, #2030, #582, #1846 ) ) ;
#1980 = FACE_OUTER_BOUND ( 'NONE', #1249, .T. ) ;
#1981 = DIRECTION ( 'NONE',  ( -3.285523800833660592E-48, 1.000000000000000000, -3.023623362212761042E-32 ) ) ;
#1982 = CARTESIAN_POINT ( 'NONE',  ( -87.87212812774689041, -2.100000000000000977, 29.69999999999998508 ) ) ;
#1983 = CARTESIAN_POINT ( 'NONE',  ( -83.95186786579157001, 1.899999999999999023, 29.69999999999998863 ) ) ;
#1984 = CARTESIAN_POINT ( 'NONE',  ( -67.95186786579155580, 7.999999999999989342, 19.59999999999999076 ) ) ;
#1985 = EDGE_CURVE ( 'NONE', #1562, #1314, #72, .T. ) ;
#1986 = DIRECTION ( 'NONE',  ( 0.000000000000000000, 0.000000000000000000, 1.000000000000000000 ) ) ;
#1987 = ORIENTED_EDGE ( 'NONE', *, *, #2014, .F. ) ;
#1988 = B_SPLINE_CURVE_WITH_KNOTS ( 'NONE', 3,
 ( #880, #1044, #287, #1429, #2233, #1837, #1060, #842, #502, #1823, #898, #1450, #2423, #84, #313, #453, #1073, #2373, #264, #2027 ),
 .UNSPECIFIED., .F., .F.,
 ( 4, 2, 2, 2, 2, 2, 2, 2, 2, 4 ),
 ( -0.0001182096206921481570, 0.0008207639859279866742, 0.001759737592548121614, 0.002698711199168256445, 0.003168198002478323644, 0.003637684805788391276, 0.004576658412408536082, 0.005515632019028680888, 0.006454605625648825694, 0.007393579232268970500 ),
 .UNSPECIFIED. ) ;
#1989 = CARTESIAN_POINT ( 'NONE',  ( -87.00186786579155296, 28.10000000000000142, 6.199999999999987743 ) ) ;
#1990 = VERTEX_POINT ( 'NONE', #252 ) ;
#1991 = DIRECTION ( 'NONE',  ( -3.285523800833660592E-48, 1.000000000000000000, -3.023623362212761042E-32 ) ) ;
#1992 = CARTESIAN_POINT ( 'NONE',  ( -89.85186786579143359, -1.016120801485461467, 18.37852527726178309 ) ) ;
#1993 = CARTESIAN_POINT ( 'NONE',  ( -87.00186786579155296, 1.899999999999988587, 21.19999999999999218 ) ) ;
#1994 = DIRECTION ( 'NONE',  ( -3.285523800833660592E-48, 1.000000000000000000, -3.023623362212761042E-32 ) ) ;
#1995 = FACE_OUTER_BOUND ( 'NONE', #1975, .T. ) ;
#1996 = CARTESIAN_POINT ( 'NONE',  ( -89.85120851690585653, -1.216369500225172429, 21.27912927102278928 ) ) ;
#1997 = ORIENTED_EDGE ( 'NONE', *, *, #343, .F. ) ;
#1998 = CARTESIAN_POINT ( 'NONE',  ( -87.00186786579155296, 28.10000000000000142, 4.699999999999990408 ) ) ;
#1999 = ORIENTED_EDGE ( 'NONE', *, *, #939, .T. ) ;
#2000 = DIRECTION ( 'NONE',  ( 0.000000000000000000, -1.000000000000000000, 0.000000000000000000 ) ) ;
#2001 = CARTESIAN_POINT ( 'NONE',  ( -67.95186786579155580, 7.999999999999989342, 29.69999999999998863 ) ) ;
#2002 = B_SPLINE_CURVE_WITH_KNOTS ( 'NONE', 3,
 ( #1187, #1948, #222, #631 ),
 .UNSPECIFIED., .F., .F.,
 ( 4, 4 ),
 ( 0.004825098513788455244, 0.006088242662244973055 ),
 .UNSPECIFIED. ) ;
#2003 = CARTESIAN_POINT ( 'NONE',  ( -83.70625184269697172, 30.08597796629126719, 5.874687385693139419 ) ) ;
#2004 = DIRECTION ( 'NONE',  ( 2.596609123238816689E-48, -1.000000000000000000, 3.023623362212761042E-32 ) ) ;
#2005 = MANIFOLD_SOLID_BREP ( 'Stock-minilip main body-1', #1134 ) ;
#2006 = ADVANCED_FACE ( 'NONE', ( #1966 ), #389, .F. ) ;
#2007 = CARTESIAN_POINT ( 'NONE',  ( -87.00186786579155296, 9.899999999999998579, 6.199999999999987743 ) ) ;
#2008 = DIRECTION ( 'NONE',  ( -1.000000000000000000, 0.000000000000000000, 1.355252715606879310E-16 ) ) ;
#2009 = ORIENTED_EDGE ( 'NONE', *, *, #1130, .T. ) ;
#2010 = CARTESIAN_POINT ( 'NONE',  ( -92.05186786579156433, 9.899999999999998579, -0.3000000000000094813 ) ) ;
#2011 = ORIENTED_EDGE ( 'NONE', *, *, #1627, .F. ) ;
#2012 = DIRECTION ( 'NONE',  ( 1.227362639469625993E-16, 3.023623362212761042E-32, 1.000000000000000000 ) ) ;
#2013 = CARTESIAN_POINT ( 'NONE',  ( -81.95186786579157001, 28.09999999999999432, -0.3000000000000103140 ) ) ;
#2014 = EDGE_CURVE ( 'NONE', #2025, #963, #2335, .T. ) ;
#2015 = VECTOR ( 'NONE', #752, 1000.000000000000000 ) ;
#2016 = FACE_OUTER_BOUND ( 'NONE', #1757, .T. ) ;
#2017 = CARTESIAN_POINT ( 'NONE',  ( -88.68208283961908478, 0.5348838478850442835, 17.37527203093101136 ) ) ;
#2018 = EDGE_CURVE ( 'NONE', #2181, #248, #214, .T. ) ;
#2019 = CARTESIAN_POINT ( 'NONE',  ( -81.95186786579157001, -0.1000000000000011297, 29.69999999999998863 ) ) ;
#2020 = FACE_OUTER_BOUND ( 'NONE', #2493, .T. ) ;
#2021 = EDGE_CURVE ( 'NONE', #248, #282, #405, .T. ) ;
#2022 = CARTESIAN_POINT ( 'NONE',  ( -89.90746586943058105, 0.4723064560526298861, 20.21105082775611450 ) ) ;
#2023 = ORIENTED_EDGE ( 'NONE', *, *, #578, .T. ) ;
#2024 = CARTESIAN_POINT ( 'NONE',  ( -81.95186786579155580, 1.899999999999999023, 19.59999999999999076 ) ) ;
#2025 = VERTEX_POINT ( 'NONE', #1566 ) ;
#2026 = DIRECTION ( 'NONE',  ( 1.227362639469625993E-16, 3.023623362212761042E-32, 1.000000000000000000 ) ) ;
#2027 = CARTESIAN_POINT ( 'NONE',  ( -88.41446541088598110, -0.1749362942184723713, 16.41598756346543198 ) ) ;
#2028 = CARTESIAN_POINT ( 'NONE',  ( -81.95186786579157001, 9.999999999999984013, 29.69999999999998863 ) ) ;
#2029 = DIRECTION ( 'NONE',  ( -1.374038396813311995E-15, 0.000000000000000000, -1.000000000000000000 ) ) ;
#2030 = ORIENTED_EDGE ( 'NONE', *, *, #1239, .F. ) ;
#2031 = CALENDAR_DATE ( 2026, 2, 6 ) ;
#2032 = VECTOR ( 'NONE', #472, 1000.000000000000000 ) ;
#2033 = DIRECTION ( 'NONE',  ( 3.285523800833660592E-48, -1.000000000000000000, 3.023623362212761042E-32 ) ) ;
#2034 = ORIENTED_EDGE ( 'NONE', *, *, #1682, .T. ) ;
#2035 = CARTESIAN_POINT ( 'NONE',  ( -89.86302023887766666, -0.5632308369907286227, 20.32921356454541240 ) ) ;
#2036 = VERTEX_POINT ( 'NONE', #1019 ) ;
#2037 = CARTESIAN_POINT ( 'NONE',  ( -87.00186786579155296, -9.900000000000005684, 18.19999999999999574 ) ) ;
#2038 = EDGE_LOOP ( 'NONE', ( #1448, #2093, #1482, #1931 ) ) ;
#2039 = CARTESIAN_POINT ( 'NONE',  ( -81.73936786579155012, 28.10000000000000142, 23.14999999999999503 ) ) ;
#2040 = DIRECTION ( 'NONE',  ( -0.000000000000000000, -0.000000000000000000, -1.000000000000000000 ) ) ;
#2041 = EDGE_CURVE ( 'NONE', #2131, #781, #1404, .T. ) ;
#2042 = CYLINDRICAL_SURFACE ( 'NONE', #1754, 2.000000000000001776 ) ;
#2043 = DIRECTION ( 'NONE',  ( 1.227362639469625993E-16, 3.023623362212761042E-32, 1.000000000000000000 ) ) ;
#2044 = VECTOR ( 'NONE', #190, 1000.000000000000000 ) ;
#2045 = ORIENTED_EDGE ( 'NONE', *, *, #1391, .T. ) ;
#2046 = APPROVAL_DATE_TIME ( #2413, #639 ) ;
#2047 = EDGE_CURVE ( 'NONE', #1202, #2147, #725, .T. ) ;
#2048 = CARTESIAN_POINT ( 'NONE',  ( -67.95186786579157001, 30.09999999999999432, 19.59999999999998721 ) ) ;
#2049 = ORIENTED_EDGE ( 'NONE', *, *, #756, .F. ) ;
#2050 = CARTESIAN_POINT ( 'NONE',  ( -89.86876300133258155, -0.4201964319484934318, 19.96180322810952745 ) ) ;
#2051 = ORIENTED_EDGE ( 'NONE', *, *, #387, .T. ) ;
#2052 = DIRECTION ( 'NONE',  ( -1.227362639469625993E-16, -3.023623362212761042E-32, -1.000000000000000000 ) ) ;
#2053 = AXIS2_PLACEMENT_3D ( 'NONE', #850, #1458, #2393 ) ;
#2054 = EDGE_LOOP ( 'NONE', ( #1200, #1902, #828, #1455 ) ) ;
#2055 = CARTESIAN_POINT ( 'NONE',  ( -119.8629349200882928, 28.09999999999999432, 29.69999999999998863 ) ) ;
#2056 = VECTOR ( 'NONE', #1888, 1000.000000000000000 ) ;
#2057 = VECTOR ( 'NONE', #2209, 1000.000000000000000 ) ;
#2058 = CARTESIAN_POINT ( 'NONE',  ( -89.87010210155135326, -2.010000000000003340, 3.478260634807288199 ) ) ;
#2059 = EDGE_CURVE ( 'NONE', #2167, #2242, #733, .T. ) ;
#2060 = FACE_OUTER_BOUND ( 'NONE', #1142, .T. ) ;
#2061 = AXIS2_PLACEMENT_3D ( 'NONE', #363, #1138, #765 ) ;
#2062 = VECTOR ( 'NONE', #474, 1000.000000000000000 ) ;
#2063 = ORIENTED_EDGE ( 'NONE', *, *, #1893, .T. ) ;
#2064 = DATE_TIME_ROLE ( 'classification_date' ) ;
#2065 = CARTESIAN_POINT ( 'NONE',  ( -83.95186786579157001, 30.09999999999999432, 29.69999999999998863 ) ) ;
#2066 = VERTEX_POINT ( 'NONE', #45 ) ;
#2067 = CARTESIAN_POINT ( 'NONE',  ( -89.90069992633128493, 0.4150629751498278730, 18.71443600998347634 ) ) ;
#2068 = ORIENTED_EDGE ( 'NONE', *, *, #1369, .T. ) ;
#2069 = DIRECTION ( 'NONE',  ( 0.000000000000000000, 0.000000000000000000, 1.000000000000000000 ) ) ;
#2070 = EDGE_CURVE ( 'NONE', #564, #193, #580, .T. ) ;
#2071 = ORIENTED_EDGE ( 'NONE', *, *, #810, .F. ) ;
#2072 = DIRECTION ( 'NONE',  ( -3.285523800833660592E-48, 1.000000000000000000, -3.023623362212761042E-32 ) ) ;
#2073 = DIRECTION ( 'NONE',  ( -1.227362639469625993E-16, -3.023623362212761042E-32, -1.000000000000000000 ) ) ;
#2074 = CARTESIAN_POINT ( 'NONE',  ( -67.95186786579157001, 19.99999999999998579, 29.69999999999998863 ) ) ;
#2075 = EDGE_CURVE ( 'NONE', #121, #351, #1942, .T. ) ;
#2076 = ORIENTED_EDGE ( 'NONE', *, *, #1826, .T. ) ;
#2077 = AXIS2_PLACEMENT_3D ( 'NONE', #735, #722, #913 ) ;
#2078 = VERTEX_POINT ( 'NONE', #624 ) ;
#2079 = CARTESIAN_POINT ( 'NONE',  ( -81.95186786579157001, 30.09999999999999432, -0.3000000000000103140 ) ) ;
#2080 = ORIENTED_EDGE ( 'NONE', *, *, #1586, .F. ) ;
#2081 = CARTESIAN_POINT ( 'NONE',  ( -81.95186786579157001, 9.899999999999998579, -0.3000000000000103140 ) ) ;
#2082 = ORIENTED_EDGE ( 'NONE', *, *, #1544, .T. ) ;
#2083 = ADVANCED_FACE ( 'NONE', ( #983 ), #1927, .F. ) ;
#2084 = CARTESIAN_POINT ( 'NONE',  ( -67.95186786579155580, -0.1000000000000011297, 23.38268245889195995 ) ) ;
#2085 = CARTESIAN_POINT ( 'NONE',  ( -89.78406494478468858, -0.1000000000000013378, 5.921739365192671301 ) ) ;
#2086 = CIRCLE ( 'NONE', #1648, 3.500000000000003109 ) ;
#2087 = EDGE_LOOP ( 'NONE', ( #687, #1137 ) ) ;
#2088 = EDGE_CURVE ( 'NONE', #449, #1017, #2122, .T. ) ;
#2089 = CC_DESIGN_APPROVAL ( #458, ( #1603 ) ) ;
#2090 = PLANE ( 'NONE',  #762 ) ;
#2091 = ORIENTED_EDGE ( 'NONE', *, *, #836, .F. ) ;
#2092 = LINE ( 'NONE', #373, #809 ) ;
#2093 = ORIENTED_EDGE ( 'NONE', *, *, #1755, .F. ) ;
#2094 = AXIS2_PLACEMENT_3D ( 'NONE', #247, #26, #1574 ) ;
#2095 = DIRECTION ( 'NONE',  ( 3.285523800833660592E-48, -1.000000000000000000, 3.023623362212761042E-32 ) ) ;
#2096 = VERTEX_POINT ( 'NONE', #602 ) ;
#2097 = VECTOR ( 'NONE', #2040, 1000.000000000000000 ) ;
#2098 = DIRECTION ( 'NONE',  ( 1.227362639469625993E-16, 3.023623362212761042E-32, 1.000000000000000000 ) ) ;
#2099 = CARTESIAN_POINT ( 'NONE',  ( -87.97374393917505131, -0.1000000029561253778, 3.554474705541932789 ) ) ;
#2100 = VECTOR ( 'NONE', #2185, 1000.000000000000000 ) ;
#2101 = AXIS2_PLACEMENT_3D ( 'NONE', #1113, #966, #168 ) ;
#2102 = ORIENTED_EDGE ( 'NONE', *, *, #1864, .T. ) ;
#2103 = FACE_BOUND ( 'NONE', #598, .T. ) ;
#2104 = LINE ( 'NONE', #1885, #603 ) ;
#2105 = EDGE_CURVE ( 'NONE', #929, #2371, #441, .T. ) ;
#2106 = EDGE_LOOP ( 'NONE', ( #1872, #586, #1526, #1289, #718 ) ) ;
#2107 = DIRECTION ( 'NONE',  ( 0.000000000000000000, 0.7071067811865481278, 0.7071067811865470176 ) ) ;
#2108 = ORIENTED_EDGE ( 'NONE', *, *, #1308, .T. ) ;
#2109 = CARTESIAN_POINT ( 'NONE',  ( -81.95186786579157001, 20.09999999999999787, -0.3000000000000103140 ) ) ;
#2110 = CARTESIAN_POINT ( 'NONE',  ( -89.81111331820467569, -0.5370389128297344827, 4.532816686862962463 ) ) ;
#2111 = APPROVAL_ROLE ( '' ) ;
#2112 = B_SPLINE_CURVE_WITH_KNOTS ( 'NONE', 3,
 ( #1279, #1992, #2183, #93, #1811, #2399, #1625, #663, #1088, #1464, #1439, #2207, #475, #465 ),
 .UNSPECIFIED., .F., .F.,
 ( 4, 2, 2, 2, 2, 2, 4 ),
 ( 0.001264746577145538361, 0.002154834561306270130, 0.002599878553386635906, 0.003044922545467001682, 0.003489966537547367458, 0.003935010529627734101, 0.004825098513788455244 ),
 .UNSPECIFIED. ) ;
#2113 = ORIENTED_EDGE ( 'NONE', *, *, #1420, .F. ) ;
#2114 = CARTESIAN_POINT ( 'NONE',  ( -87.00186786579155296, -0.1000000000000011297, 23.19999999999999218 ) ) ;
#2115 = CARTESIAN_POINT ( 'NONE',  ( -87.00186786579155296, 1.899999999999988587, 18.19999999999999574 ) ) ;
#2116 = AXIS2_PLACEMENT_3D ( 'NONE', #793, #1351, #1551 ) ;
#2117 = CARTESIAN_POINT ( 'NONE',  ( -71.21436786579155864, -9.900000000000005684, 24.64999999999999147 ) ) ;
#2118 = EDGE_LOOP ( 'NONE', ( #1761, #1094, #1887, #2282 ) ) ;
#2119 = AXIS2_PLACEMENT_3D ( 'NONE', #28, #1189, #1785 ) ;
#2120 = LINE ( 'NONE', #567, #2482 ) ;
#2121 = CARTESIAN_POINT ( 'NONE',  ( -89.78406494478468858, -0.1000000000000013378, 3.478260634807314400 ) ) ;
#2122 = LINE ( 'NONE', #796, #1499 ) ;
#2123 = EDGE_CURVE ( 'NONE', #649, #230, #628, .T. ) ;
#2124 = ORIENTED_EDGE ( 'NONE', *, *, #1054, .F. ) ;
#2125 = EDGE_CURVE ( 'NONE', #142, #1710, #180, .T. ) ;
#2126 = DIRECTION ( 'NONE',  ( 1.000000000000000000, 3.252606517456513302E-16, -0.000000000000000000 ) ) ;
#2127 = DIRECTION ( 'NONE',  ( 1.227362639469625993E-16, 3.023623362212761042E-32, 1.000000000000000000 ) ) ;
#2128 = ORGANIZATION ( 'UNSPECIFIED', 'UNSPECIFIED', '' ) ;
#2129 = EDGE_CURVE ( 'NONE', #958, #1692, #1211, .T. ) ;
#2130 = FACE_OUTER_BOUND ( 'NONE', #2395, .T. ) ;
#2131 = VERTEX_POINT ( 'NONE', #32 ) ;
#2132 = LINE ( 'NONE', #2331, #1118 ) ;
#2133 = EDGE_LOOP ( 'NONE', ( #1658, #2357, #1329, #1096, #956, #907 ) ) ;
#2134 = CARTESIAN_POINT ( 'NONE',  ( -65.95186786579155580, -19.02115218479043079, 29.69999999999998863 ) ) ;
#2135 = CARTESIAN_POINT ( 'NONE',  ( -71.21436786579155864, 19.99999999999998579, 24.64999999999999147 ) ) ;
#2136 = EDGE_CURVE ( 'NONE', #918, #1226, #1405, .T. ) ;
#2137 = AXIS2_PLACEMENT_3D ( 'NONE', #904, #1038, #523 ) ;
#2138 = CIRCLE ( 'NONE', #1857, 3.500000000000016875 ) ;
#2139 = EDGE_LOOP ( 'NONE', ( #1944, #2229, #1346, #361 ) ) ;
#2140 = VECTOR ( 'NONE', #1271, 1000.000000000000000 ) ;
#2141 = CARTESIAN_POINT ( 'NONE',  ( -67.95186786579155580, 7.999999999999989342, 29.69999999999998508 ) ) ;
#2142 = AXIS2_PLACEMENT_3D ( 'NONE', #170, #1711, #2273 ) ;
#2143 = DIRECTION ( 'NONE',  ( -1.000000000000000000, 0.000000000000000000, 0.000000000000000000 ) ) ;
#2144 = CYLINDRICAL_SURFACE ( 'NONE', #715, 1.499999999999996891 ) ;
#2145 = EDGE_LOOP ( 'NONE', ( #1749, #1372 ) ) ;
#2146 = CARTESIAN_POINT ( 'NONE',  ( -87.00186786579155296, 30.09999999999999432, 19.69999999999999574 ) ) ;
#2147 = VERTEX_POINT ( 'NONE', #856 ) ;
#2148 = DIRECTION ( 'NONE',  ( 0.000000000000000000, 0.000000000000000000, -1.000000000000000000 ) ) ;
#2149 = CARTESIAN_POINT ( 'NONE',  ( -83.95186786579157001, -0.1000000000000011297, 17.98317152866103186 ) ) ;
#2150 = ORIENTED_EDGE ( 'NONE', *, *, #2444, .F. ) ;
#2151 = CARTESIAN_POINT ( 'NONE',  ( -89.86104817239910858, -1.809005391033215560, 22.30798559544928139 ) ) ;
#2152 = EDGE_CURVE ( 'NONE', #1505, #2496, #2112, .T. ) ;
#2153 = DIRECTION ( 'NONE',  ( 0.000000000000000000, 0.000000000000000000, 1.000000000000000000 ) ) ;
#2154 = DIRECTION ( 'NONE',  ( -3.285523800833660592E-48, 1.000000000000000000, -3.023623362212761042E-32 ) ) ;
#2155 = ORIENTED_EDGE ( 'NONE', *, *, #39, .T. ) ;
#2156 = CARTESIAN_POINT ( 'NONE',  ( -107.8518678657915331, -1.200000000000022160, 29.69999999999998863 ) ) ;
#2157 = VECTOR ( 'NONE', #609, 1000.000000000000000 ) ;
#2158 = EDGE_LOOP ( 'NONE', ( #1952, #1516, #2113, #1327 ) ) ;
#2159 = FACE_OUTER_BOUND ( 'NONE', #463, .T. ) ;
#2160 = CARTESIAN_POINT ( 'NONE',  ( -81.95186786579157001, 30.09999999999999432, 29.69999999999998863 ) ) ;
#2161 = EDGE_CURVE ( 'NONE', #539, #1609, #676, .T. ) ;
#2162 = CIRCLE ( 'NONE', #2360, 1.500000000000001332 ) ;
#2163 = DIRECTION ( 'NONE',  ( -1.227362639469625993E-16, -3.023623362212761042E-32, -1.000000000000000000 ) ) ;
#2164 = DIRECTION ( 'NONE',  ( 8.659560562354957510E-17, 0.7071067811865455743, -0.7071067811865495711 ) ) ;
#2165 = PLANE ( 'NONE',  #77 ) ;
#2166 = CARTESIAN_POINT ( 'NONE',  ( -81.95186786579155580, -9.900000000000005684, 23.16512837255201873 ) ) ;
#2167 = VERTEX_POINT ( 'NONE', #1851 ) ;
#2168 = CARTESIAN_POINT ( 'NONE',  ( -92.05186786579156433, 20.09999999999999787, -0.3000000000000094813 ) ) ;
#2169 = VECTOR ( 'NONE', #1781, 1000.000000000000000 ) ;
#2170 = ORIENTED_EDGE ( 'NONE', *, *, #1903, .F. ) ;
#2171 = LINE ( 'NONE', #532, #483 ) ;
#2172 = DIRECTION ( 'NONE',  ( -3.285523800833660592E-48, 1.000000000000000000, -3.023623362212761042E-32 ) ) ;
#2173 = DIRECTION ( 'NONE',  ( 8.659560562354952580E-17, -0.7071067811865459074, 0.7071067811865491270 ) ) ;
#2174 = FACE_OUTER_BOUND ( 'NONE', #1875, .T. ) ;
#2175 = DIRECTION ( 'NONE',  ( -1.227362639469625993E-16, -3.023623362212761042E-32, -1.000000000000000000 ) ) ;
#2176 = DIRECTION ( 'NONE',  ( -1.374038396813311995E-15, 0.000000000000000000, -1.000000000000000000 ) ) ;
#2177 = EDGE_LOOP ( 'NONE', ( #1264, #1511, #1807, #166 ) ) ;
#2178 = EDGE_CURVE ( 'NONE', #2441, #726, #123, .T. ) ;
#2179 = AXIS2_PLACEMENT_3D ( 'NONE', #339, #686, #498 ) ;
#2180 = DIRECTION ( 'NONE',  ( -2.454725278939251986E-16, 1.000000000000000000, 1.412361382570360198E-32 ) ) ;
#2181 = VERTEX_POINT ( 'NONE', #2013 ) ;
#2182 = CARTESIAN_POINT ( 'NONE',  ( -89.85768388280821739, -1.734319135002378331, 17.49337322672121076 ) ) ;
#2183 = CARTESIAN_POINT ( 'NONE',  ( -89.85488581570591293, -0.8357431017264774775, 18.61635156704685556 ) ) ;
#2184 = EDGE_CURVE ( 'NONE', #537, #1599, #1988, .T. ) ;
#2185 = DIRECTION ( 'NONE',  ( -1.000000000000000000, 0.000000000000000000, 1.093270502745293461E-16 ) ) ;
#2186 = CARTESIAN_POINT ( 'NONE',  ( -81.73936786579155012, 9.999999999999980460, 23.14999999999999503 ) ) ;
#2187 = LINE ( 'NONE', #1368, #204 ) ;
#2188 = CARTESIAN_POINT ( 'NONE',  ( -81.95186786579157001, 1.899999999999999023, -0.3000000000000103140 ) ) ;
#2189 = ORIENTED_EDGE ( 'NONE', *, *, #857, .F. ) ;
#2190 = CARTESIAN_POINT ( 'NONE',  ( -92.05186786579156433, 20.09999999999999787, -0.3000000000000094813 ) ) ;
#2191 = ORIENTED_EDGE ( 'NONE', *, *, #2269, .F. ) ;
#2192 = DIRECTION ( 'NONE',  ( 3.285523800833660592E-48, -1.000000000000000000, 3.023623362212761042E-32 ) ) ;
#2193 = CARTESIAN_POINT ( 'NONE',  ( -87.00186786579155296, 1.899999999999988587, 19.69999999999999574 ) ) ;
#2194 = VECTOR ( 'NONE', #2480, 1000.000000000000000 ) ;
#2195 = ADVANCED_FACE ( 'NONE', ( #107, #1230, #1614 ), #636, .T. ) ;
#2196 = CARTESIAN_POINT ( 'NONE',  ( -123.8629349200882928, 10.78522973425260645, -0.3000000000000051514 ) ) ;
#2197 = VECTOR ( 'NONE', #526, 1000.000000000000000 ) ;
#2198 = CARTESIAN_POINT ( 'NONE',  ( -87.00186786579155296, -9.900000000000005684, 19.69999999999999574 ) ) ;
#2199 = DIRECTION ( 'NONE',  ( 0.000000000000000000, 0.000000000000000000, 1.000000000000000000 ) ) ;
#2200 = ADVANCED_FACE ( 'NONE', ( #651 ), #882, .F. ) ;
#2201 = CARTESIAN_POINT ( 'NONE',  ( -89.85299751941144564, -0.9839733974806262884, 20.97432505344958287 ) ) ;
#2202 = EDGE_LOOP ( 'NONE', ( #1015, #2449, #1336, #272, #189, #2071, #1400, #1341, #830, #1877, #2080, #1071, #1084, #2299, #1707, #131, #1498, #554, #1690, #1636, #2297 ) ) ;
#2203 = DIRECTION ( 'NONE',  ( -3.252606517456513302E-16, 1.000000000000000000, 0.000000000000000000 ) ) ;
#2204 = ADVANCED_FACE ( 'NONE', ( #2408 ), #1242, .T. ) ;
#2205 = ORIENTED_EDGE ( 'NONE', *, *, #71, .F. ) ;
#2206 = DIRECTION ( 'NONE',  ( -1.227362639469625993E-16, -3.023623362212761042E-32, -1.000000000000000000 ) ) ;
#2207 = CARTESIAN_POINT ( 'NONE',  ( -89.85489113039132292, -0.8355853288461955186, 20.78336681704017508 ) ) ;
#2208 = EDGE_CURVE ( 'NONE', #142, #2167, #1532, .T. ) ;
#2209 = DIRECTION ( 'NONE',  ( -1.227362639469625993E-16, -3.023623362212761042E-32, -1.000000000000000000 ) ) ;
#2210 = AXIS2_PLACEMENT_3D ( 'NONE', #827, #1384, #1986 ) ;
#2211 = CARTESIAN_POINT ( 'NONE',  ( -89.32590367944115428, -0.7106620469679241214, 16.64045329489086100 ) ) ;
#2212 = CARTESIAN_POINT ( 'NONE',  ( -121.8629349200882928, 10.78522973425260645, -0.3000000000000059841 ) ) ;
#2213 = CARTESIAN_POINT ( 'NONE',  ( -88.79638263605127690, 0.7012874582512923505, 21.72027265646088523 ) ) ;
#2214 = EDGE_LOOP ( 'NONE', ( #160, #2009, #920, #1470 ) ) ;
#2215 = DIRECTION ( 'NONE',  ( -1.227362639469625993E-16, 0.000000000000000000, -1.000000000000000000 ) ) ;
#2216 = ORIENTED_EDGE ( 'NONE', *, *, #2284, .F. ) ;
#2217 = DIRECTION ( 'NONE',  ( 2.454725278939251986E-16, -1.000000000000000000, -1.412361382570359924E-32 ) ) ;
#2218 = DIRECTION ( 'NONE',  ( -3.305638233318760129E-48, 1.000000000000000000, -3.023623362212761042E-32 ) ) ;
#2219 = AXIS2_PLACEMENT_3D ( 'NONE', #1848, #325, #1288 ) ;
#2220 = EDGE_CURVE ( 'NONE', #514, #1196, #1919, .T. ) ;
#2221 = VECTOR ( 'NONE', #2398, 1000.000000000000000 ) ;
#2222 = DIRECTION ( 'NONE',  ( 1.000000000000000000, 3.305638233318760129E-48, -4.593855837952245032E-48 ) ) ;
#2223 = CARTESIAN_POINT ( 'NONE',  ( -89.87117732437167206, -2.033527236324540244, 17.14691785636203392 ) ) ;
#2224 = ORIENTED_EDGE ( 'NONE', *, *, #2444, .T. ) ;
#2225 = APPROVAL_STATUS ( 'not_yet_approved' ) ;
#2226 = DIRECTION ( 'NONE',  ( -2.454725278939251986E-16, 1.000000000000000000, 0.000000000000000000 ) ) ;
#2227 = ADVANCED_FACE ( 'NONE', ( #594, #12, #2103 ), #2306, .T. ) ;
#2228 = CARTESIAN_POINT ( 'NONE',  ( -89.90985604370337114, 0.4917319390773136623, 19.43041262962120186 ) ) ;
#2229 = ORIENTED_EDGE ( 'NONE', *, *, #1497, .T. ) ;
#2230 = DIRECTION ( 'NONE',  ( -0.000000000000000000, -1.000000000000000000, -0.000000000000000000 ) ) ;
#2231 = ORIENTED_EDGE ( 'NONE', *, *, #2366, .F. ) ;
#2232 = DIRECTION ( 'NONE',  ( 7.422164701214958624E-48, -3.023623362212761042E-32, -1.000000000000000000 ) ) ;
#2233 = CARTESIAN_POINT ( 'NONE',  ( -88.78767624279277015, 0.6970370313363272174, 21.74659611245323276 ) ) ;
#2234 = DIRECTION ( 'NONE',  ( 7.313782363789310195E-47, -2.979470829806982534E-31, 1.000000000000000000 ) ) ;
#2235 = LINE ( 'NONE', #138, #2356 ) ;
#2236 = AXIS2_PLACEMENT_3D ( 'NONE', #96, #2452, #288 ) ;
#2237 = VERTEX_POINT ( 'NONE', #2281 ) ;
#2238 = CIRCLE ( 'NONE', #302, 3.499999999999996003 ) ;
#2239 = CARTESIAN_POINT ( 'NONE',  ( -65.95186786579155580, -19.02115218479043079, 29.69999999999998863 ) ) ;
#2240 = VERTEX_POINT ( 'NONE', #583 ) ;
#2241 = CARTESIAN_POINT ( 'NONE',  ( -89.90764744710217826, 0.4742626617588143745, 19.17081654671088842 ) ) ;
#2242 = VERTEX_POINT ( 'NONE', #1171 ) ;
#2243 = CARTESIAN_POINT ( 'NONE',  ( -87.00186786579155296, -0.1000000000000011297, 19.69999999999999574 ) ) ;
#2244 = ORIENTED_EDGE ( 'NONE', *, *, #2337, .T. ) ;
#2245 = CARTESIAN_POINT ( 'NONE',  ( -81.73936786579155012, 30.09999999999999432, 21.15000000000000213 ) ) ;
#2246 = CARTESIAN_POINT ( 'NONE',  ( -89.87010210155136747, -2.010000000000004228, 5.716021533429341162 ) ) ;
#2247 = CIRCLE ( 'NONE', #1640, 1.499999999999996891 ) ;
#2248 = CARTESIAN_POINT ( 'NONE',  ( -89.85818818964105503, -1.703779026777296313, 17.53064544991000417 ) ) ;
#2249 = ORIENTED_EDGE ( 'NONE', *, *, #2465, .F. ) ;
#2250 = APPLICATION_CONTEXT ( 'configuration controlled 3d designs of mechanical parts and assemblies' ) ;
#2251 = CC_DESIGN_PERSON_AND_ORGANIZATION_ASSIGNMENT ( #1078, #1483, ( #1332 ) ) ;
#2252 = LINE ( 'NONE', #1816, #2424 ) ;
#2253 = ORIENTED_EDGE ( 'NONE', *, *, #2321, .F. ) ;
#2254 = LINE ( 'NONE', #1434, #1209 ) ;
#2255 = ORIENTED_EDGE ( 'NONE', *, *, #479, .T. ) ;
#2256 = FACE_OUTER_BOUND ( 'NONE', #2279, .T. ) ;
#2257 = VECTOR ( 'NONE', #1218, 1000.000000000000000 ) ;
#2258 = ORIENTED_EDGE ( 'NONE', *, *, #471, .T. ) ;
#2259 = LINE ( 'NONE', #675, #811 ) ;
#2260 = VECTOR ( 'NONE', #1359, 1000.000000000000000 ) ;
#2261 = EDGE_CURVE ( 'NONE', #2147, #1202, #2492, .T. ) ;
#2262 = VECTOR ( 'NONE', #1191, 1000.000000000000000 ) ;
#2263 = DIRECTION ( 'NONE',  ( -1.227362639469625993E-16, -3.023623362212761042E-32, -1.000000000000000000 ) ) ;
#2264 = VECTOR ( 'NONE', #1151, 1000.000000000000000 ) ;
#2265 = DIRECTION ( 'NONE',  ( 0.000000000000000000, 0.000000000000000000, 1.000000000000000000 ) ) ;
#2266 = CIRCLE ( 'NONE', #1495, 3.500000000000003109 ) ;
#2267 = CARTESIAN_POINT ( 'NONE',  ( -81.73936786579155012, 9.999999999999980460, 26.14999999999998792 ) ) ;
#2268 = VERTEX_POINT ( 'NONE', #2114 ) ;
#2269 = EDGE_CURVE ( 'NONE', #512, #1175, #372, .T. ) ;
#2270 = ORIENTED_EDGE ( 'NONE', *, *, #1471, .F. ) ;
#2271 = CARTESIAN_POINT ( 'NONE',  ( -89.85186786579153306, -1.200000000011834933, 18.14566076663372129 ) ) ;
#2272 = EDGE_LOOP ( 'NONE', ( #436, #1647, #221, #1835 ) ) ;
#2273 = DIRECTION ( 'NONE',  ( 2.454725278939251986E-16, -1.000000000000000000, 0.000000000000000000 ) ) ;
#2274 = ORIENTED_EDGE ( 'NONE', *, *, #2014, .T. ) ;
#2275 = CARTESIAN_POINT ( 'NONE',  ( -67.95186786579157001, 21.99999999999998579, 19.59999999999998721 ) ) ;
#2276 = LINE ( 'NONE', #900, #1909 ) ;
#2277 = ADVANCED_FACE ( 'NONE', ( #572 ), #1149, .T. ) ;
#2278 = AXIS2_PLACEMENT_3D ( 'NONE', #2156, #236, #249 ) ;
#2279 = EDGE_LOOP ( 'NONE', ( #2350, #2435, #2323, #401 ) ) ;
#2280 = AXIS2_PLACEMENT_3D ( 'NONE', #529, #1876, #104 ) ;
#2281 = CARTESIAN_POINT ( 'NONE',  ( -81.73936786579155012, 28.10000000000000142, 26.14999999999998792 ) ) ;
#2282 = ORIENTED_EDGE ( 'NONE', *, *, #1864, .F. ) ;
#2283 = CARTESIAN_POINT ( 'NONE',  ( -81.95186786579157001, 9.999999999999980460, 26.13487162744796066 ) ) ;
#2284 = EDGE_CURVE ( 'NONE', #699, #564, #1535, .T. ) ;
#2285 = VERTEX_POINT ( 'NONE', #1945 ) ;
#2286 = CARTESIAN_POINT ( 'NONE',  ( -88.41446541088598110, -0.1749362942184723713, 22.98401243653455950 ) ) ;
#2287 = EDGE_LOOP ( 'NONE', ( #1514, #210, #1999, #2311 ) ) ;
#2288 = ADVANCED_FACE ( 'NONE', ( #395 ), #2090, .F. ) ;
#2289 = LINE ( 'NONE', #936, #379 ) ;
#2290 = CARTESIAN_POINT ( 'NONE',  ( -89.86637459836863684, -1.922577746475472971, 4.898262500736760394 ) ) ;
#2291 = AXIS2_PLACEMENT_3D ( 'NONE', #1561, #1212, #619 ) ;
#2292 = EDGE_CURVE ( 'NONE', #541, #576, #1323, .T. ) ;
#2293 = AXIS2_PLACEMENT_3D ( 'NONE', #2001, #689, #299 ) ;
#2294 = ORIENTED_EDGE ( 'NONE', *, *, #1045, .F. ) ;
#2295 = DIRECTION ( 'NONE',  ( 3.305638233318760129E-48, -1.000000000000000000, 3.023623362212761042E-32 ) ) ;
#2296 = CARTESIAN_POINT ( 'NONE',  ( -65.95186786579157001, 21.99999999999998579, 29.69999999999998863 ) ) ;
#2297 = ORIENTED_EDGE ( 'NONE', *, *, #1573, .T. ) ;
#2298 = LINE ( 'NONE', #565, #1726 ) ;
#2299 = ORIENTED_EDGE ( 'NONE', *, *, #347, .T. ) ;
#2300 = CIRCLE ( 'NONE', #802, 1.499999999999996891 ) ;
#2301 = LINE ( 'NONE', #2109, #581 ) ;
#2302 = LINE ( 'NONE', #2134, #346 ) ;
#2303 = AXIS2_PLACEMENT_3D ( 'NONE', #59, #2375, #1791 ) ;
#2304 = AXIS2_PLACEMENT_3D ( 'NONE', #999, #1759, #2153 ) ;
#2305 = ORIENTED_EDGE ( 'NONE', *, *, #2123, .F. ) ;
#2306 = PLANE ( 'NONE',  #232 ) ;
#2307 = CARTESIAN_POINT ( 'NONE',  ( -81.95186786579157001, 19.99999999999998224, 19.59999999999998721 ) ) ;
#2308 = ADVANCED_FACE ( 'NONE', ( #1559 ), #2370, .F. ) ;
#2309 = ORIENTED_EDGE ( 'NONE', *, *, #549, .T. ) ;
#2310 = DIRECTION ( 'NONE',  ( 0.000000000000000000, -1.000000000000000000, 0.000000000000000000 ) ) ;
#2311 = ORIENTED_EDGE ( 'NONE', *, *, #1340, .T. ) ;
#2312 = FACE_BOUND ( 'NONE', #1126, .T. ) ;
#2313 = CARTESIAN_POINT ( 'NONE',  ( -89.79786798539049641, -0.3400796215648912435, 5.618692587012726669 ) ) ;
#2314 = ADVANCED_FACE ( 'NONE', ( #763 ), #1132, .F. ) ;
#2315 = VERTEX_POINT ( 'NONE', #382 ) ;
#2316 = FACE_OUTER_BOUND ( 'NONE', #2133, .T. ) ;
#2317 = CARTESIAN_POINT ( 'NONE',  ( -81.73936786579155012, 9.999999999999980460, 24.64999999999999147 ) ) ;
#2318 = AXIS2_PLACEMENT_3D ( 'NONE', #853, #437, #413 ) ;
#2319 = CARTESIAN_POINT ( 'NONE',  ( -81.73936786579155012, 30.09999999999999432, 24.64999999999999147 ) ) ;
#2320 = VERTEX_POINT ( 'NONE', #751 ) ;
#2321 = EDGE_CURVE ( 'NONE', #311, #876, #216, .T. ) ;
#2322 = DIRECTION ( 'NONE',  ( -1.227362639469625993E-16, -3.023623362212761042E-32, -1.000000000000000000 ) ) ;
#2323 = ORIENTED_EDGE ( 'NONE', *, *, #1147, .F. ) ;
#2324 = CARTESIAN_POINT ( 'NONE',  ( -88.47076700521317605, -0.09999998347521449338, 5.042428857570286027 ) ) ;
#2325 = CARTESIAN_POINT ( 'NONE',  ( -83.71775030238956106, -0.08736305600932604831, 18.49370375921836640 ) ) ;
#2326 = ORIENTED_EDGE ( 'NONE', *, *, #652, .T. ) ;
#2327 = DIRECTION ( 'NONE',  ( 0.000000000000000000, -1.000000000000000000, 0.000000000000000000 ) ) ;
#2328 = DIRECTION ( 'NONE',  ( 1.227362639469625993E-16, 3.023623362212761042E-32, 1.000000000000000000 ) ) ;
#2329 = FACE_OUTER_BOUND ( 'NONE', #1269, .T. ) ;
#2330 = EDGE_LOOP ( 'NONE', ( #1425, #341, #685, #1821 ) ) ;
#2331 = CARTESIAN_POINT ( 'NONE',  ( -71.21436786579155864, -9.900000000000005684, 23.14999999999999503 ) ) ;
#2332 = ORIENTED_EDGE ( 'NONE', *, *, #151, .T. ) ;
#2333 = CARTESIAN_POINT ( 'NONE',  ( -87.00186786579155296, 1.899999999999988587, 19.69999999999999574 ) ) ;
#2334 = VECTOR ( 'NONE', #1167, 1000.000000000000000 ) ;
#2335 = LINE ( 'NONE', #416, #1051 ) ;
#2336 = CIRCLE ( 'NONE', #1254, 1.499999999999997780 ) ;
#2337 = EDGE_CURVE ( 'NONE', #2507, #2400, #668, .T. ) ;
#2338 = ORIENTED_EDGE ( 'NONE', *, *, #317, .T. ) ;
#2339 = CIRCLE ( 'NONE', #2061, 1.499999999999996891 ) ;
#2340 = DIRECTION ( 'NONE',  ( 0.000000000000000000, 0.000000000000000000, 1.000000000000000000 ) ) ;
#2341 = CIRCLE ( 'NONE', #281, 13.14999999999999503 ) ;
#2342 = FACE_OUTER_BOUND ( 'NONE', #1437, .T. ) ;
#2343 = ADVANCED_FACE ( 'NONE', ( #1337 ), #1356, .T. ) ;
#2344 = LINE ( 'NONE', #816, #625 ) ;
#2345 = ORIENTED_EDGE ( 'NONE', *, *, #2388, .F. ) ;
#2346 = LINE ( 'NONE', #2190, #2157 ) ;
#2347 = ORIENTED_EDGE ( 'NONE', *, *, #143, .T. ) ;
#2348 = CARTESIAN_POINT ( 'NONE',  ( -87.87212812774689041, -0.1000000000000011297, -0.3000000000000120348 ) ) ;
#2349 = CARTESIAN_POINT ( 'NONE',  ( -87.87212812774689041, -2.100000000000000533, 3.478260634807303742 ) ) ;
#2350 = ORIENTED_EDGE ( 'NONE', *, *, #1160, .T. ) ;
#2351 = FACE_OUTER_BOUND ( 'NONE', #1865, .T. ) ;
#2352 = DIRECTION ( 'NONE',  ( -3.285523800833660592E-48, 1.000000000000000000, -3.023623362212761042E-32 ) ) ;
#2353 = CARTESIAN_POINT ( 'NONE',  ( -67.74504487627918081, -0.08961671834333727327, 24.21705640334223375 ) ) ;
#2354 = EDGE_LOOP ( 'NONE', ( #1310, #1285, #1575, #1002 ) ) ;
#2355 = FACE_OUTER_BOUND ( 'NONE', #1721, .T. ) ;
#2356 = VECTOR ( 'NONE', #303, 1000.000000000000000 ) ;
#2357 = ORIENTED_EDGE ( 'NONE', *, *, #800, .F. ) ;
#2358 = DIRECTION ( 'NONE',  ( -3.305638233318760129E-48, 1.000000000000000000, -3.023623362212761042E-32 ) ) ;
#2359 = CARTESIAN_POINT ( 'NONE',  ( -83.95186786579157001, 28.09999999999999432, 19.59999999999998721 ) ) ;
#2360 = AXIS2_PLACEMENT_3D ( 'NONE', #1303, #2203, #1100 ) ;
#2361 = ADVANCED_FACE ( 'NONE', ( #2316 ), #1205, .F. ) ;
#2362 = DIRECTION ( 'NONE',  ( 1.227362639469625993E-16, 3.023623362212761042E-32, 1.000000000000000000 ) ) ;
#2363 = EDGE_CURVE ( 'NONE', #43, #527, #1847, .T. ) ;
#2364 = LINE ( 'NONE', #813, #433 ) ;
#2365 = LINE ( 'NONE', #977, #932 ) ;
#2366 = EDGE_CURVE ( 'NONE', #537, #753, #1397, .T. ) ;
#2367 = CARTESIAN_POINT ( 'NONE',  ( -81.95186786579157001, 49.02115218479044501, 29.69999999999998863 ) ) ;
#2368 = ORIENTED_EDGE ( 'NONE', *, *, #1779, .T. ) ;
#2369 = CARTESIAN_POINT ( 'NONE',  ( -87.87212812774690462, -2.100000000000000977, 5.921739365192680182 ) ) ;
#2370 = CONICAL_SURFACE ( 'NONE', #926, 1.499999999999997780, 0.7853981633974473908 ) ;
#2371 = VERTEX_POINT ( 'NONE', #1395 ) ;
#2372 = CARTESIAN_POINT ( 'NONE',  ( -87.87212812774689041, -0.1000000000000011297, 23.09008068878328856 ) ) ;
#2373 = CARTESIAN_POINT ( 'NONE',  ( -88.52141955857818800, 0.2136889929627652784, 16.89221562596254955 ) ) ;
#2374 = CIRCLE ( 'NONE', #1813, 2.000000000000001776 ) ;
#2375 = DIRECTION ( 'NONE',  ( -1.227362639469625993E-16, -3.023623362212761042E-32, -1.000000000000000000 ) ) ;
#2376 = LINE ( 'NONE', #1431, #108 ) ;
#2377 = VECTOR ( 'NONE', #855, 1000.000000000000000 ) ;
#2378 = CARTESIAN_POINT ( 'NONE',  ( -71.21436786579155864, 1.900000000000002354, 24.64999999999999147 ) ) ;
#2379 = CARTESIAN_POINT ( 'NONE',  ( -67.81827476401448962, -0.09587156852832645626, 23.79332795644337750 ) ) ;
#2380 = VERTEX_POINT ( 'NONE', #1618 ) ;
#2381 = AXIS2_PLACEMENT_3D ( 'NONE', #1012, #1793, #2143 ) ;
#2382 = DIRECTION ( 'NONE',  ( 0.000000000000000000, 0.000000000000000000, -1.000000000000000000 ) ) ;
#2383 = EDGE_CURVE ( 'NONE', #1295, #963, #2300, .T. ) ;
#2384 = B_SPLINE_CURVE_WITH_KNOTS ( 'NONE', 3,
 ( #455, #243, #2003, #613, #1815, #1244, #1441, #477, #1393, #73 ),
 .UNSPECIFIED., .F., .F.,
 ( 4, 2, 2, 2, 4 ),
 ( 8.673617379884035472E-19, 0.0008896603455656631240, 0.001779320691131325381, 0.002668981036696987420, 0.003558641382262649894 ),
 .UNSPECIFIED. ) ;
#2385 = VERTEX_POINT ( 'NONE', #997 ) ;
#2386 = DIRECTION ( 'NONE',  ( -1.000000000000000000, 0.000000000000000000, 0.000000000000000000 ) ) ;
#2387 = DIRECTION ( 'NONE',  ( -2.596609123238816689E-48, 1.000000000000000000, -3.023623362212761042E-32 ) ) ;
#2388 = EDGE_CURVE ( 'NONE', #1703, #1240, #2086, .T. ) ;
#2389 = ADVANCED_BREP_SHAPE_REPRESENTATION ( 'worm screw bearing', ( #2005, #1767 ), #720 ) ;
#2390 = DIRECTION ( 'NONE',  ( -1.000000000000000000, 0.000000000000000000, 1.355252715606879310E-16 ) ) ;
#2391 = DIRECTION ( 'NONE',  ( 0.000000000000000000, 0.000000000000000000, 1.000000000000000000 ) ) ;
#2392 = ADVANCED_FACE ( 'NONE', ( #2351 ), #432, .F. ) ;
#2393 = DIRECTION ( 'NONE',  ( -1.000000000000000000, 0.000000000000000000, 1.927470528863117569E-16 ) ) ;
#2394 = CARTESIAN_POINT ( 'NONE',  ( -89.88644674772700682, 0.2810665078673277306, 21.23158772054783228 ) ) ;
#2395 = EDGE_LOOP ( 'NONE', ( #374, #1355, #2034, #2309 ) ) ;
#2396 = CARTESIAN_POINT ( 'NONE',  ( -81.95186786579155580, -19.02115218479043790, 29.69999999999998863 ) ) ;
#2397 = ORIENTED_EDGE ( 'NONE', *, *, #165, .F. ) ;
#2398 = DIRECTION ( 'NONE',  ( -0.000000000000000000, -0.000000000000000000, -1.000000000000000000 ) ) ;
#2399 = CARTESIAN_POINT ( 'NONE',  ( -89.86852358525987938, -0.4239374447120252132, 19.40310800355354104 ) ) ;
#2400 = VERTEX_POINT ( 'NONE', #2186 ) ;
#2401 = PLANE ( 'NONE',  #370 ) ;
#2402 = EDGE_CURVE ( 'NONE', #566, #2385, #31, .T. ) ;
#2403 = CARTESIAN_POINT ( 'NONE',  ( -89.00576057137428165, 0.9217348805800905653, 21.17093434637071070 ) ) ;
#2404 = ORIENTED_EDGE ( 'NONE', *, *, #1369, .F. ) ;
#2405 = PLANE ( 'NONE',  #381 ) ;
#2406 = VERTEX_POINT ( 'NONE', #1233 ) ;
#2407 = DIRECTION ( 'NONE',  ( 0.000000000000000000, -1.000000000000000000, 0.000000000000000000 ) ) ;
#2408 = FACE_OUTER_BOUND ( 'NONE', #1412, .T. ) ;
#2409 = CARTESIAN_POINT ( 'NONE',  ( -89.86920426967715514, -1.990173363340693058, 3.884675494582132682 ) ) ;
#2410 = CARTESIAN_POINT ( 'NONE',  ( -89.85203209528341972, -1.379482117405040897, 17.92024711082545352 ) ) ;
#2411 = EDGE_LOOP ( 'NONE', ( #1712, #2479, #1304, #1277, #34, #1081 ) ) ;
#2412 = CIRCLE ( 'NONE', #2210, 1.499999999999997780 ) ;
#2413 = DATE_AND_TIME ( #1442, #188 ) ;
#2414 = AXIS2_PLACEMENT_3D ( 'NONE', #994, #821, #1766 ) ;
#2415 = DIRECTION ( 'NONE',  ( -3.252606517456513302E-16, 1.000000000000000000, 0.000000000000000000 ) ) ;
#2416 = AXIS2_PLACEMENT_3D ( 'NONE', #1063, #2163, #2390 ) ;
#2417 = CARTESIAN_POINT ( 'NONE',  ( -88.68441370061013629, 0.5387462941213142509, 22.01830709080383031 ) ) ;
#2418 = ORIENTED_EDGE ( 'NONE', *, *, #2184, .F. ) ;
#2419 = EDGE_CURVE ( 'NONE', #963, #1240, #2376, .T. ) ;
#2420 = DIRECTION ( 'NONE',  ( -1.000000000000000000, 0.000000000000000000, 1.355252715606879310E-16 ) ) ;
#2421 = ORIENTED_EDGE ( 'NONE', *, *, #717, .F. ) ;
#2422 = CARTESIAN_POINT ( 'NONE',  ( -88.05413556356253935, -0.1000000000000011713, 16.35664204536719524 ) ) ;
#2423 = CARTESIAN_POINT ( 'NONE',  ( -89.24380146559303739, 1.092865262039978136, 19.07538641155142400 ) ) ;
#2424 = VECTOR ( 'NONE', #293, 1000.000000000000000 ) ;
#2425 = AXIS2_PLACEMENT_3D ( 'NONE', #910, #1115, #1103 ) ;
#2426 = DIRECTION ( 'NONE',  ( 8.659560562354966138E-17, -0.7071067811865445751, 0.7071067811865503483 ) ) ;
#2427 = CARTESIAN_POINT ( 'NONE',  ( -89.85121371364564880, -1.219327469465744551, 18.11718714756808524 ) ) ;
#2428 = ORIENTED_EDGE ( 'NONE', *, *, #2161, .F. ) ;
#2429 = PERSON_AND_ORGANIZATION ( #1934, #2128 ) ;
#2430 = DIRECTION ( 'NONE',  ( 0.000000000000000000, -1.000000000000000000, 0.000000000000000000 ) ) ;
#2431 = ORIENTED_EDGE ( 'NONE', *, *, #1391, .F. ) ;
#2432 = CARTESIAN_POINT ( 'NONE',  ( -89.82763584072620233, -0.6094937571381351393, 22.89990592397852254 ) ) ;
#2433 = ORIENTED_EDGE ( 'NONE', *, *, #1903, .T. ) ;
#2434 = CARTESIAN_POINT ( 'NONE',  ( -67.95186786579155580, 9.999999999999987566, 19.59999999999999076 ) ) ;
#2435 = ORIENTED_EDGE ( 'NONE', *, *, #942, .T. ) ;
#2436 = FACE_OUTER_BOUND ( 'NONE', #1687, .T. ) ;
#2437 = CARTESIAN_POINT ( 'NONE',  ( -81.73936786579155012, 19.99999999999998224, 23.14999999999999503 ) ) ;
#2438 = CARTESIAN_POINT ( 'NONE',  ( -87.00186786579155296, 20.09999999999999787, 4.699999999999990408 ) ) ;
#2439 = ADVANCED_FACE ( 'NONE', ( #2174 ), #36, .F. ) ;
#2440 = VECTOR ( 'NONE', #881, 1000.000000000000000 ) ;
#2441 = VERTEX_POINT ( 'NONE', #1208 ) ;
#2442 = DIRECTION ( 'NONE',  ( -2.596609123238816689E-48, 1.000000000000000000, -3.023623362212761042E-32 ) ) ;
#2443 = EDGE_LOOP ( 'NONE', ( #779, #1128, #2205, #309 ) ) ;
#2444 = EDGE_CURVE ( 'NONE', #1175, #43, #467, .T. ) ;
#2445 = CARTESIAN_POINT ( 'NONE',  ( -89.90990197242821580, 0.4921011541271426148, 19.82589686973031817 ) ) ;
#2446 = ORIENTED_EDGE ( 'NONE', *, *, #317, .F. ) ;
#2447 = PLANE ( 'NONE',  #2101 ) ;
#2448 = EDGE_CURVE ( 'NONE', #2025, #2315, #1090, .T. ) ;
#2449 = ORIENTED_EDGE ( 'NONE', *, *, #2363, .T. ) ;
#2450 = LINE ( 'NONE', #92, #1978 ) ;
#2451 = B_SPLINE_CURVE_WITH_KNOTS ( 'NONE', 3,
 ( #1023, #60, #834, #1605, #1422, #2211, #1107, #723, #536, #100 ),
 .UNSPECIFIED., .F., .F.,
 ( 4, 2, 2, 2, 4 ),
 ( -1.080522685124443296E-05, 0.0006448515157428424179, 0.001300508258336929238, 0.001956165000931015842, 0.002611821743525102879 ),
 .UNSPECIFIED. ) ;
#2452 = DIRECTION ( 'NONE',  ( 3.305638233318760129E-48, -1.000000000000000000, 3.023623362212761042E-32 ) ) ;
#2453 = AXIS2_PLACEMENT_3D ( 'NONE', #978, #410, #1411 ) ;
#2454 = CARTESIAN_POINT ( 'NONE',  ( -88.37531313789838805, -0.3455409140217532427, 16.21319163711977396 ) ) ;
#2455 =( NAMED_UNIT ( * ) PLANE_ANGLE_UNIT ( ) SI_UNIT ( $, .RADIAN. ) );
#2456 = ORIENTED_EDGE ( 'NONE', *, *, #1820, .F. ) ;
#2457 = EDGE_LOOP ( 'NONE', ( #1841, #1112, #867, #1716 ) ) ;
#2458 = B_SPLINE_CURVE_WITH_KNOTS ( 'NONE', 3,
 ( #1252, #122, #2422, #1463 ),
 .UNSPECIFIED., .F., .F.,
 ( 4, 4 ),
 ( 0.000000000000000000, 0.0005576698405050984665 ),
 .UNSPECIFIED. ) ;
#2459 = FACE_OUTER_BOUND ( 'NONE', #1663, .T. ) ;
#2460 = VECTOR ( 'NONE', #1353, 1000.000000000000000 ) ;
#2461 = VERTEX_POINT ( 'NONE', #987 ) ;
#2462 = CARTESIAN_POINT ( 'NONE',  ( -65.95186786579157001, 28.09999999999999432, 29.69999999999998863 ) ) ;
#2463 = ORIENTED_EDGE ( 'NONE', *, *, #2208, .F. ) ;
#2464 = AXIS2_PLACEMENT_3D ( 'NONE', #1600, #1953, #2148 ) ;
#2465 = EDGE_CURVE ( 'NONE', #1202, #2400, #2364, .T. ) ;
#2466 = DIRECTION ( 'NONE',  ( -3.285523800833660592E-48, 1.000000000000000000, -3.023623362212761042E-32 ) ) ;
#2467 = AXIS2_PLACEMENT_3D ( 'NONE', #814, #2352, #1396 ) ;
#2468 = DIRECTION ( 'NONE',  ( -1.227362639469625993E-16, -3.023623362212761042E-32, -1.000000000000000000 ) ) ;
#2469 = AXIS2_PLACEMENT_3D ( 'NONE', #934, #1342, #778 ) ;
#2470 = VECTOR ( 'NONE', #227, 1000.000000000000000 ) ;
#2471 = ADVANCED_FACE ( 'NONE', ( #1407 ), #24, .T. ) ;
#2472 = EDGE_LOOP ( 'NONE', ( #2049, #1923 ) ) ;
#2473 = DIRECTION ( 'NONE',  ( 0.000000000000000000, 0.000000000000000000, -1.000000000000000000 ) ) ;
#2474 = VERTEX_POINT ( 'NONE', #614 ) ;
#2475 = EDGE_CURVE ( 'NONE', #2496, #1505, #642, .T. ) ;
#2476 = DIRECTION ( 'NONE',  ( 1.000000000000000000, 0.000000000000000000, -1.227362639469625993E-16 ) ) ;
#2477 = ORIENTED_EDGE ( 'NONE', *, *, #495, .T. ) ;
#2478 = CARTESIAN_POINT ( 'NONE',  ( -81.95186786579157001, 20.09999999999999787, 19.59999999999998721 ) ) ;
#2479 = ORIENTED_EDGE ( 'NONE', *, *, #2018, .F. ) ;
#2480 = DIRECTION ( 'NONE',  ( 1.000000000000000000, -0.000000000000000000, -8.587739980083217228E-17 ) ) ;
#2481 = CARTESIAN_POINT ( 'NONE',  ( -88.09321792790959194, -0.09999999704387688149, 3.667659845495832904 ) ) ;
#2482 = VECTOR ( 'NONE', #211, 1000.000000000000000 ) ;
#2483 = ORIENTED_EDGE ( 'NONE', *, *, #1318, .F. ) ;
#2484 = VECTOR ( 'NONE', #284, 1000.000000000000000 ) ;
#2485 = DIRECTION ( 'NONE',  ( 0.000000000000000000, 1.000000000000000000, 0.000000000000000000 ) ) ;
#2486 = FACE_OUTER_BOUND ( 'NONE', #2177, .T. ) ;
#2487 = ORIENTED_EDGE ( 'NONE', *, *, #2419, .T. ) ;
#2488 = DIRECTION ( 'NONE',  ( 0.000000000000000000, 0.000000000000000000, 1.000000000000000000 ) ) ;
#2489 = ORIENTED_EDGE ( 'NONE', *, *, #2059, .F. ) ;
#2490 = LINE ( 'NONE', #1518, #2194 ) ;
#2491 = CARTESIAN_POINT ( 'NONE',  ( -89.86769634158228826, -1.954794641730499549, 4.186529755628605187 ) ) ;
#2492 = CIRCLE ( 'NONE', #1724, 1.499999999999997780 ) ;
#2493 = EDGE_LOOP ( 'NONE', ( #118, #2224, #996, #2258 ) ) ;
#2494 = DIRECTION ( 'NONE',  ( 1.227362639469625993E-16, 3.023623362212761042E-32, 1.000000000000000000 ) ) ;
#2495 = CARTESIAN_POINT ( 'NONE',  ( -71.21436786579155864, 19.99999999999998579, 26.14999999999998792 ) ) ;
#2496 = VERTEX_POINT ( 'NONE', #255 ) ;
#2497 = DIRECTION ( 'NONE',  ( -2.596609123238816689E-48, 1.000000000000000000, -3.023623362212761042E-32 ) ) ;
#2498 = ORIENTED_EDGE ( 'NONE', *, *, #844, .T. ) ;
#2499 = AXIS2_PLACEMENT_3D ( 'NONE', #2193, #1417, #1033 ) ;
#2500 = EDGE_CURVE ( 'NONE', #2371, #1599, #2451, .T. ) ;
#2501 = FACE_OUTER_BOUND ( 'NONE', #769, .T. ) ;
#2502 = VECTOR ( 'NONE', #2310, 1000.000000000000000 ) ;
#2503 = FACE_OUTER_BOUND ( 'NONE', #91, .T. ) ;
#2504 = CIRCLE ( 'NONE', #845, 2.000000000000001776 ) ;
#2505 = CIRCLE ( 'NONE', #846, 2.000000000000001776 ) ;
#2506 = VECTOR ( 'NONE', #2072, 1000.000000000000000 ) ;
#2507 = VERTEX_POINT ( 'NONE', #2267 ) ;
ENDSEC;
END-ISO-10303-21;
